timestamp,operator,region,city,site_id,cell_id,domain,accessibility_pct,baseline_accessibility_pct,accessibility_delta_pct,retainability_pct,drop_call_rate_pct,handover_success_pct,dl_throughput_mbps,baseline_dl_throughput_mbps,throughput_drop_pct,ul_throughput_mbps,latency_ms,rsrp_dbm,rsrq_db,sinr_db,prb_utilization_pct,connected_users,rrc_connection_failures,erab_setup_failures,data_session_drops,packet_loss_pct,transport_discard_packets,active_alarm_count,active_major_critical_alarms,complaints_last_60min,config_changes_last_90min,source_label,source_incident_id
2026-09-14T00:00,Telkom,Western Cape,Cape Town,CPT-BEL-007,CPT-BEL-007-A,RAN,99.2,99.2,0.0,98.11,0.7,98.08,44.63,44.63,0.0,14.96,46.2,-88.8,-9.9,17.7,35.93,28,1,4,1,0.94,29,0,0,0,0,normal,
2026-09-14T00:00,Telkom,Western Cape,Cape Town,CPT-BEL-007,CPT-BEL-007-B,RAN,98.95,98.95,0.0,99.17,0.69,98.48,49.89,49.89,0.0,14.74,44.4,-88.0,-8.9,16.9,33.8,28,2,0,0,0.5,31,0,0,0,0,normal,
2026-09-14T00:00,Telkom,Western Cape,Cape Town,CPT-BEL-007,CPT-BEL-007-C,RAN,98.77,98.77,0.0,99.37,0.48,97.68,46.76,46.76,0.0,9.73,54.9,-82.9,-9.1,16.2,49.49,25,0,0,0,0.86,116,0,0,0,0,normal,
2026-09-14T00:00,Telkom,Gauteng,Johannesburg,JHB-CBD-003,JHB-CBD-003-A,RAN,99.17,99.17,0.0,98.89,0.83,98.47,44.33,44.33,0.0,15.14,43.3,-84.5,-9.6,17.5,42.4,33,3,3,2,1.06,0,0,0,0,0,normal,
2026-09-14T00:00,Telkom,Gauteng,Johannesburg,JHB-CBD-003,JHB-CBD-003-B,RAN,99.02,99.02,0.0,99.1,0.45,98.72,35.26,35.26,0.0,13.09,47.3,-87.9,-9.7,18.9,46.76,33,2,0,2,0.94,52,0,0,0,0,normal,
2026-09-14T00:00,Telkom,Gauteng,Johannesburg,JHB-CBD-003,JHB-CBD-003-C,RAN,98.82,98.82,0.0,99.33,0.51,98.2,50.77,50.77,0.0,15.63,51.8,-86.5,-11.2,11.5,41.48,20,1,0,2,0.59,255,0,0,0,0,normal,
2026-09-14T00:00,Telkom,Gauteng,Soweto,JHB-SOW-018,JHB-SOW-018-A,RAN,99.06,99.06,0.0,98.24,0.24,97.97,39.39,39.39,0.0,13.69,43.4,-93.8,-8.5,19.1,45.43,27,0,5,1,1.08,0,0,0,0,0,normal,
2026-09-14T00:00,Telkom,Gauteng,Soweto,JHB-SOW-018,JHB-SOW-018-B,RAN,98.96,98.96,0.0,98.55,0.78,98.61,36.92,36.92,0.0,11.89,40.6,-84.6,-8.9,15.8,51.19,39,0,5,2,0.44,0,0,0,0,0,normal,
2026-09-14T00:00,Telkom,Gauteng,Soweto,JHB-SOW-018,JHB-SOW-018-C,RAN,98.97,98.97,0.0,98.49,0.35,98.6,40.39,40.39,0.0,13.92,44.0,-80.7,-12.9,16.9,46.64,32,2,2,2,1.04,101,0,0,0,0,normal,
2026-09-14T00:00,Telkom,Gauteng,Pretoria,PTA-HAT-011,PTA-HAT-011-A,RAN,98.4,98.4,0.0,98.99,0.46,98.88,48.07,48.07,0.0,14.01,39.1,-87.5,-10.2,17.0,36.87,29,0,5,0,0.56,0,0,0,0,0,normal,
2026-09-14T00:00,Telkom,Gauteng,Pretoria,PTA-HAT-011,PTA-HAT-011-B,RAN,99.41,99.41,0.0,99.14,0.61,97.85,43.24,43.24,0.0,11.47,60.3,-90.7,-12.9,14.9,50.52,35,2,2,1,0.48,80,0,0,0,0,normal,
2026-09-14T00:00,Telkom,Gauteng,Pretoria,PTA-HAT-011,PTA-HAT-011-C,RAN,99.34,99.34,0.0,99.23,0.51,98.01,40.59,40.59,0.0,13.18,43.2,-87.0,-10.4,17.1,46.38,35,1,0,0,0.1,0,0,0,0,0,normal,
2026-09-14T00:15,Telkom,Western Cape,Cape Town,CPT-BEL-007,CPT-BEL-007-A,RAN,98.86,99.2,-0.34,99.45,0.53,98.21,42.64,44.63,4.46,13.85,50.0,-88.5,-8.6,17.8,49.77,34,2,0,2,1.29,26,0,0,0,0,normal,
2026-09-14T00:15,Telkom,Western Cape,Cape Town,CPT-BEL-007,CPT-BEL-007-B,RAN,98.94,98.95,-0.01,99.0,0.18,98.18,40.02,49.89,19.78,11.25,52.9,-88.7,-9.1,17.0,50.16,28,5,3,1,0.63,0,0,0,0,0,normal,
2026-09-14T00:15,Telkom,Western Cape,Cape Town,CPT-BEL-007,CPT-BEL-007-C,RAN,98.38,98.77,-0.39,98.83,0.82,98.7,45.78,46.76,2.1,14.88,47.1,-84.5,-12.2,18.5,41.2,32,7,5,2,0.11,0,0,0,0,0,normal,
2026-09-14T00:15,Telkom,Gauteng,Johannesburg,JHB-CBD-003,JHB-CBD-003-A,RAN,99.13,99.17,-0.04,98.25,0.61,98.74,52.32,44.33,-18.02,15.57,47.0,-84.0,-8.1,16.9,35.41,24,2,3,0,0.42,72,0,0,0,0,normal,
2026-09-14T00:15,Telkom,Gauteng,Johannesburg,JHB-CBD-003,JHB-CBD-003-B,RAN,98.74,99.02,-0.28,99.33,0.48,98.3,39.49,35.26,-12.0,14.92,45.8,-88.4,-10.9,16.3,46.49,32,4,0,2,0.88,5,0,0,0,0,normal,
2026-09-14T00:15,Telkom,Gauteng,Johannesburg,JHB-CBD-003,JHB-CBD-003-C,RAN,99.21,98.82,0.39,99.02,0.57,98.38,44.89,50.77,11.58,13.04,42.6,-87.9,-11.2,18.1,40.1,29,0,0,0,0.67,0,0,0,0,0,normal,
2026-09-14T00:15,Telkom,Gauteng,Soweto,JHB-SOW-018,JHB-SOW-018-A,RAN,98.98,99.06,-0.08,98.17,0.87,97.98,44.6,39.39,-13.23,12.09,44.3,-83.7,-8.6,20.4,41.41,27,2,3,1,1.04,54,0,0,0,0,normal,
2026-09-14T00:15,Telkom,Gauteng,Soweto,JHB-SOW-018,JHB-SOW-018-B,RAN,98.61,98.96,-0.35,99.11,0.22,99.05,43.89,36.92,-18.88,12.55,54.1,-90.6,-11.3,17.4,41.24,25,3,2,0,0.76,0,0,0,0,0,normal,
2026-09-14T00:15,Telkom,Gauteng,Soweto,JHB-SOW-018,JHB-SOW-018-C,RAN,99.1,98.97,0.13,98.96,0.61,98.81,43.02,40.39,-6.51,13.3,48.0,-82.9,-9.6,18.2,41.09,27,5,4,2,1.3,95,0,0,0,0,normal,
2026-09-14T00:15,Telkom,Gauteng,Pretoria,PTA-HAT-011,PTA-HAT-011-A,RAN,98.96,98.4,0.56,98.57,0.39,99.34,30.48,48.07,36.59,9.09,49.7,-89.1,-9.1,18.1,54.57,47,5,4,1,1.08,11,0,0,0,0,normal,
2026-09-14T00:15,Telkom,Gauteng,Pretoria,PTA-HAT-011,PTA-HAT-011-B,RAN,98.5,99.41,-0.91,98.79,0.13,99.13,39.39,43.24,8.9,11.35,48.1,-83.3,-10.4,16.3,50.78,40,3,2,0,0.33,0,0,0,0,0,normal,
2026-09-14T00:15,Telkom,Gauteng,Pretoria,PTA-HAT-011,PTA-HAT-011-C,RAN,99.08,99.34,-0.26,99.08,0.5,99.03,39.61,40.59,2.41,11.03,39.7,-81.5,-10.5,13.3,48.66,36,2,0,0,0.49,46,0,0,0,0,normal,
2026-09-14T00:30,Telkom,Western Cape,Cape Town,CPT-BEL-007,CPT-BEL-007-A,RAN,98.54,99.03,-0.49,98.96,0.23,98.28,43.17,43.64,1.07,11.64,50.6,-85.2,-9.1,14.8,40.69,25,5,0,1,0.73,106,0,0,0,0,normal,
2026-09-14T00:30,Telkom,Western Cape,Cape Town,CPT-BEL-007,CPT-BEL-007-B,RAN,98.93,98.94,-0.01,98.84,0.45,97.72,44.19,44.95,1.7,12.77,45.1,-90.3,-8.4,16.8,43.25,39,7,2,0,0.4,111,0,0,0,0,normal,
2026-09-14T00:30,Telkom,Western Cape,Cape Town,CPT-BEL-007,CPT-BEL-007-C,RAN,99.22,98.57,0.65,98.82,0.65,99.03,34.58,46.27,25.26,17.3,61.6,-85.2,-9.9,16.9,47.36,31,5,0,4,0.46,23,0,0,0,0,normal,
2026-09-14T00:30,Telkom,Gauteng,Johannesburg,JHB-CBD-003,JHB-CBD-003-A,RAN,99.62,99.15,0.47,98.56,0.27,98.74,45.27,48.33,6.32,11.34,50.2,-83.1,-8.9,20.4,47.97,33,0,5,1,0.27,0,0,0,0,0,normal,
2026-09-14T00:30,Telkom,Gauteng,Johannesburg,JHB-CBD-003,JHB-CBD-003-B,RAN,98.91,98.88,0.03,99.32,0.63,98.77,43.14,37.38,-15.42,12.13,51.4,-88.3,-10.9,16.3,49.9,34,2,0,0,1.0,0,0,0,0,0,normal,
2026-09-14T00:30,Telkom,Gauteng,Johannesburg,JHB-CBD-003,JHB-CBD-003-C,RAN,99.01,99.01,-0.0,98.25,0.81,99.31,46.14,47.83,3.53,12.79,49.5,-85.9,-10.2,16.3,44.66,33,4,2,3,0.8,14,0,0,0,0,normal,
2026-09-14T00:30,Telkom,Gauteng,Soweto,JHB-SOW-018,JHB-SOW-018-A,RAN,99.58,99.02,0.56,98.98,0.21,98.43,48.37,42.0,-15.18,9.57,43.8,-84.6,-10.2,17.2,44.89,28,0,1,0,0.54,105,0,0,0,0,normal,
2026-09-14T00:30,Telkom,Gauteng,Soweto,JHB-SOW-018,JHB-SOW-018-B,RAN,99.23,98.78,0.45,97.84,0.82,99.24,43.74,40.41,-8.25,12.18,53.5,-90.5,-10.7,9.8,50.37,32,1,3,2,1.27,15,0,0,0,0,normal,
2026-09-14T00:30,Telkom,Gauteng,Soweto,JHB-SOW-018,JHB-SOW-018-C,RAN,98.81,99.03,-0.22,98.81,0.68,98.98,48.1,41.7,-15.33,12.53,55.4,-86.4,-10.2,19.5,41.33,31,1,0,1,1.28,66,0,0,0,0,normal,
2026-09-14T00:30,Telkom,Gauteng,Pretoria,PTA-HAT-011,PTA-HAT-011-A,RAN,98.62,98.68,-0.06,98.73,0.05,97.93,40.21,39.27,-2.38,13.5,57.9,-87.0,-10.8,15.8,40.63,36,0,2,0,0.58,27,0,0,0,0,normal,
2026-09-14T00:30,Telkom,Gauteng,Pretoria,PTA-HAT-011,PTA-HAT-011-B,RAN,99.3,98.95,0.34,98.53,0.19,98.25,41.14,41.31,0.42,10.46,46.0,-85.4,-10.8,16.6,46.28,35,0,0,0,0.24,67,0,0,0,0,normal,
2026-09-14T00:30,Telkom,Gauteng,Pretoria,PTA-HAT-011,PTA-HAT-011-C,RAN,99.9,99.21,0.69,99.03,0.48,97.28,42.18,40.1,-5.19,12.0,54.2,-81.8,-8.6,12.7,62.08,37,0,0,1,0.72,0,0,0,0,0,normal,
2026-09-14T00:45,Telkom,Western Cape,Cape Town,CPT-BEL-007,CPT-BEL-007-A,RAN,98.16,98.87,-0.71,98.64,0.78,98.15,41.91,43.48,3.61,10.95,50.4,-85.0,-9.2,15.5,46.98,29,5,3,5,0.76,127,0,0,0,0,normal,
2026-09-14T00:45,Telkom,Western Cape,Cape Town,CPT-BEL-007,CPT-BEL-007-B,RAN,98.44,98.94,-0.5,99.29,0.61,98.41,44.04,44.7,1.48,14.47,48.0,-88.0,-7.9,20.7,37.4,40,6,1,2,0.19,113,0,0,0,0,normal,
2026-09-14T00:45,Telkom,Western Cape,Cape Town,CPT-BEL-007,CPT-BEL-007-C,RAN,98.8,98.79,0.01,98.54,0.51,98.24,42.05,42.37,0.76,16.41,55.7,-82.4,-11.2,13.7,46.24,35,1,4,2,0.85,0,0,0,0,0,normal,
2026-09-14T00:45,Telkom,Gauteng,Johannesburg,JHB-CBD-003,JHB-CBD-003-A,RAN,99.36,99.31,0.05,98.98,0.72,98.83,46.08,47.31,2.59,13.65,42.7,-87.8,-9.8,17.0,41.83,30,2,4,2,0.68,20,0,0,0,0,normal,
2026-09-14T00:45,Telkom,Gauteng,Johannesburg,JHB-CBD-003,JHB-CBD-003-B,RAN,98.72,98.89,-0.17,98.91,0.12,98.73,30.76,39.3,21.72,13.0,64.1,-87.0,-9.6,17.0,56.83,39,6,3,0,0.41,0,0,0,0,0,normal,
2026-09-14T00:45,Telkom,Gauteng,Johannesburg,JHB-CBD-003,JHB-CBD-003-C,RAN,99.03,99.01,0.02,98.58,0.48,98.31,36.97,47.27,21.78,14.4,51.0,-81.9,-11.8,17.6,50.4,33,3,3,3,0.29,0,0,0,0,0,normal,
2026-09-14T00:45,Telkom,Gauteng,Soweto,JHB-SOW-018,JHB-SOW-018-A,RAN,98.88,99.21,-0.33,98.48,0.47,98.11,40.91,44.12,7.28,11.88,48.1,-83.2,-9.8,13.4,51.97,32,6,2,0,0.1,57,0,0,0,0,normal,
2026-09-14T00:45,Telkom,Gauteng,Soweto,JHB-SOW-018,JHB-SOW-018-B,RAN,98.52,98.93,-0.41,99.09,0.6,98.88,35.9,41.52,13.53,13.34,51.2,-88.0,-8.3,15.9,54.05,39,6,3,2,0.8,62,0,0,0,0,normal,
2026-09-14T00:45,Telkom,Gauteng,Soweto,JHB-SOW-018,JHB-SOW-018-C,RAN,98.57,98.96,-0.39,98.31,0.6,99.08,51.2,43.84,-16.8,13.58,45.8,-87.2,-10.9,17.0,34.07,27,4,4,0,0.59,0,0,0,0,0,normal,
2026-09-14T00:45,Telkom,Gauteng,Pretoria,PTA-HAT-011,PTA-HAT-011-A,RAN,99.42,98.66,0.76,98.78,0.41,97.82,40.9,39.59,-3.32,12.23,65.5,-86.7,-8.5,17.5,56.93,34,0,2,1,0.43,54,0,0,0,0,normal,
2026-09-14T00:45,Telkom,Gauteng,Pretoria,PTA-HAT-011,PTA-HAT-011-B,RAN,98.92,99.07,-0.15,98.61,0.6,97.24,48.72,41.26,-18.09,15.69,46.4,-85.9,-9.0,18.9,37.52,37,2,1,3,0.94,36,0,0,0,0,normal,
2026-09-14T00:45,Telkom,Gauteng,Pretoria,PTA-HAT-011,PTA-HAT-011-C,RAN,98.74,99.44,-0.7,98.54,0.63,98.26,44.3,40.79,-8.6,11.25,53.1,-89.7,-8.2,12.8,41.37,26,3,0,2,0.79,140,0,0,0,0,normal,
2026-09-14T01:00,Telkom,Western Cape,Cape Town,CPT-BEL-007,CPT-BEL-007-A,RAN,99.01,98.69,0.32,99.17,0.08,98.94,44.67,43.09,-3.67,14.48,54.8,-86.7,-9.2,15.8,39.93,28,0,1,0,1.28,128,0,0,0,0,normal,
2026-09-14T01:00,Telkom,Western Cape,Cape Town,CPT-BEL-007,CPT-BEL-007-B,RAN,98.92,98.81,0.11,98.24,0.72,98.78,41.59,44.53,6.61,11.04,49.5,-86.2,-8.7,17.3,43.57,32,2,4,2,0.97,35,0,0,0,0,normal,
2026-09-14T01:00,Telkom,Western Cape,Cape Town,CPT-BEL-007,CPT-BEL-007-C,RAN,99.3,98.79,0.51,99.05,0.32,99.07,49.39,42.29,-16.78,11.78,41.7,-87.4,-10.3,17.6,42.26,32,2,3,1,0.75,0,0,0,0,0,normal,
2026-09-14T01:00,Telkom,Gauteng,Johannesburg,JHB-CBD-003,JHB-CBD-003-A,RAN,99.63,99.32,0.31,98.49,0.47,98.27,46.92,47.0,0.17,16.82,51.9,-86.2,-9.2,16.5,42.39,28,3,5,0,0.88,85,0,0,0,0,normal,
2026-09-14T01:00,Telkom,Gauteng,Johannesburg,JHB-CBD-003,JHB-CBD-003-B,RAN,98.48,98.85,-0.37,98.37,0.47,98.78,40.34,37.16,-8.55,12.71,60.3,-89.0,-9.1,12.0,43.71,37,3,5,0,0.26,56,0,0,0,0,normal,
2026-09-14T01:00,Telkom,Gauteng,Johannesburg,JHB-CBD-003,JHB-CBD-003-C,RAN,98.8,99.02,-0.22,98.9,0.65,98.88,50.56,44.69,-13.13,12.42,55.4,-83.8,-9.1,18.5,43.98,31,1,3,1,0.52,16,0,0,0,0,normal,
2026-09-14T01:00,Telkom,Gauteng,Soweto,JHB-SOW-018,JHB-SOW-018-A,RAN,98.8,99.12,-0.33,99.14,0.45,98.94,45.51,43.32,-5.06,15.5,35.8,-84.0,-10.5,17.5,38.48,26,4,0,0,0.47,40,0,0,0,0,normal,
2026-09-14T01:00,Telkom,Gauteng,Soweto,JHB-SOW-018,JHB-SOW-018-B,RAN,99.83,98.83,1.0,98.31,0.63,99.17,43.84,40.11,-9.29,13.49,46.1,-89.8,-13.2,15.0,45.76,28,3,4,1,0.73,0,0,0,1,0,normal,
2026-09-14T01:00,Telkom,Gauteng,Soweto,JHB-SOW-018,JHB-SOW-018-C,RAN,98.49,98.86,-0.37,98.63,0.42,98.98,44.66,45.68,2.23,13.26,53.0,-82.7,-9.0,19.9,45.29,31,7,2,1,0.67,0,0,0,0,0,normal,
2026-09-14T01:00,Telkom,Gauteng,Pretoria,PTA-HAT-011,PTA-HAT-011-A,RAN,99.51,98.85,0.66,98.78,0.4,98.24,39.25,39.91,1.67,14.71,54.1,-87.4,-10.8,15.2,45.54,36,0,4,1,0.67,16,0,0,0,0,normal,
2026-09-14T01:00,Telkom,Gauteng,Pretoria,PTA-HAT-011,PTA-HAT-011-B,RAN,99.29,99.03,0.26,99.77,0.48,98.18,45.93,43.12,-6.51,13.47,40.9,-84.4,-9.7,15.1,45.92,33,3,1,1,0.87,73,0,0,0,0,normal,
2026-09-14T01:00,Telkom,Gauteng,Pretoria,PTA-HAT-011,PTA-HAT-011-C,RAN,99.24,99.27,-0.03,99.04,0.6,98.25,37.18,41.67,10.78,11.82,60.5,-78.0,-12.1,17.4,51.41,34,2,0,1,1.15,0,0,0,0,0,normal,
2026-09-14T01:15,Telkom,Western Cape,Cape Town,CPT-BEL-007,CPT-BEL-007-A,RAN,98.81,98.75,0.06,98.63,0.05,99.11,45.63,43.4,-5.13,11.8,41.8,-89.1,-10.0,15.1,37.55,22,2,2,0,0.78,101,0,0,0,0,normal,
2026-09-14T01:15,Telkom,Western Cape,Cape Town,CPT-BEL-007,CPT-BEL-007-B,RAN,98.86,98.84,0.02,99.34,0.65,97.9,43.17,43.95,1.77,13.48,51.3,-80.1,-10.3,16.5,47.02,37,2,2,2,0.71,55,0,0,0,0,normal,
2026-09-14T01:15,Telkom,Western Cape,Cape Town,CPT-BEL-007,CPT-BEL-007-C,RAN,98.95,98.89,0.06,99.01,0.59,98.92,42.45,43.71,2.89,14.61,51.9,-85.0,-10.7,14.6,48.71,26,1,0,1,0.64,20,0,0,0,0,normal,
2026-09-14T01:15,Telkom,Gauteng,Johannesburg,JHB-CBD-003,JHB-CBD-003-A,RAN,98.92,99.38,-0.46,98.5,0.47,98.55,50.07,46.98,-6.57,11.74,51.3,-84.9,-11.9,17.6,46.35,32,0,5,2,0.82,56,0,0,0,0,normal,
2026-09-14T01:15,Telkom,Gauteng,Johannesburg,JHB-CBD-003,JHB-CBD-003-B,RAN,98.88,98.77,0.11,99.19,0.54,98.08,38.17,37.8,-0.98,13.98,44.1,-86.4,-9.9,18.0,38.3,34,0,0,1,0.49,63,0,0,0,0,normal,
2026-09-14T01:15,Telkom,Gauteng,Johannesburg,JHB-CBD-003,JHB-CBD-003-C,RAN,99.55,98.97,0.58,98.86,0.19,98.59,37.97,45.87,17.22,14.84,38.9,-85.8,-11.2,18.9,41.61,38,3,2,0,0.57,92,0,0,0,0,normal,
2026-09-14T01:15,Telkom,Gauteng,Soweto,JHB-SOW-018,JHB-SOW-018-A,RAN,98.83,99.06,-0.23,98.1,0.28,98.46,47.39,43.76,-8.31,10.49,54.4,-86.2,-11.4,15.3,49.21,37,1,4,1,0.72,43,0,0,0,0,normal,
2026-09-14T01:15,Telkom,Gauteng,Soweto,JHB-SOW-018,JHB-SOW-018-B,RAN,99.0,99.03,-0.03,98.56,0.13,98.87,44.7,40.86,-9.4,14.15,43.5,-87.2,-10.4,16.8,41.82,32,1,2,0,0.25,80,0,0,1,0,normal,
2026-09-14T01:15,Telkom,Gauteng,Soweto,JHB-SOW-018,JHB-SOW-018-C,RAN,99.66,98.79,0.87,98.73,0.58,99.27,47.47,45.47,-4.39,12.95,40.3,-83.6,-9.4,15.6,42.63,27,0,4,0,0.1,0,0,0,0,0,normal,
2026-09-14T01:15,Telkom,Gauteng,Pretoria,PTA-HAT-011,PTA-HAT-011-A,RAN,99.49,98.98,0.51,99.17,0.99,98.89,42.6,39.78,-7.08,11.31,65.7,-87.9,-8.7,16.9,53.83,38,2,2,3,0.38,23,0,0,0,0,normal,
2026-09-14T01:15,Telkom,Gauteng,Pretoria,PTA-HAT-011,PTA-HAT-011-B,RAN,98.54,99.08,-0.54,98.96,0.35,98.11,41.7,43.68,4.54,12.6,47.9,-82.4,-11.7,13.4,47.41,41,7,5,1,0.94,176,0,0,0,0,normal,
2026-09-14T01:15,Telkom,Gauteng,Pretoria,PTA-HAT-011,PTA-HAT-011-C,RAN,98.71,99.26,-0.55,98.6,0.65,99.1,39.33,40.77,3.54,13.07,46.6,-82.8,-10.0,16.4,44.82,34,5,2,4,0.52,64,0,0,0,0,normal,
2026-09-14T01:30,Telkom,Western Cape,Cape Town,CPT-BEL-007,CPT-BEL-007-A,RAN,99.01,98.76,0.25,98.87,0.48,97.75,35.41,43.77,19.11,14.53,46.5,-84.9,-9.9,17.8,53.48,40,5,5,1,1.28,81,0,0,0,0,normal,
2026-09-14T01:30,Telkom,Western Cape,Cape Town,CPT-BEL-007,CPT-BEL-007-B,RAN,99.24,98.84,0.4,98.69,0.76,99.14,44.86,43.82,-2.38,12.3,57.6,-86.7,-11.1,16.2,45.45,21,0,0,1,0.62,0,0,0,0,0,normal,
2026-09-14T01:30,Telkom,Western Cape,Cape Town,CPT-BEL-007,CPT-BEL-007-C,RAN,98.42,98.9,-0.48,98.84,0.05,98.42,40.86,43.5,6.07,12.07,58.1,-85.1,-11.9,20.6,52.13,32,6,5,0,0.62,0,0,0,0,0,normal,
2026-09-14T01:30,Telkom,Gauteng,Johannesburg,JHB-CBD-003,JHB-CBD-003-A,RAN,99.73,99.31,0.42,99.57,0.21,98.51,51.76,47.5,-8.97,11.85,51.5,-83.5,-9.8,15.2,44.72,33,0,1,1,0.58,114,0,0,0,0,normal,
2026-09-14T01:30,Telkom,Gauteng,Johannesburg,JHB-CBD-003,JHB-CBD-003-B,RAN,99.43,98.79,0.64,99.23,0.38,98.72,47.02,37.86,-24.19,13.96,43.1,-84.2,-11.1,14.2,34.29,32,0,3,1,0.7,0,0,0,0,0,normal,
2026-09-14T01:30,Telkom,Gauteng,Johannesburg,JHB-CBD-003,JHB-CBD-003-C,RAN,98.59,99.07,-0.48,98.45,0.7,98.62,48.76,44.55,-9.45,12.11,53.2,-86.8,-8.4,15.0,45.61,33,8,5,2,0.34,0,0,0,0,0,normal,
2026-09-14T01:30,Telkom,Gauteng,Soweto,JHB-SOW-018,JHB-SOW-018-A,RAN,99.9,99.02,0.88,98.61,0.41,98.79,39.3,44.36,11.41,13.55,45.0,-88.3,-9.8,12.1,40.2,30,0,4,0,0.81,35,0,0,0,0,normal,
2026-09-14T01:30,Telkom,Gauteng,Soweto,JHB-SOW-018,JHB-SOW-018-B,RAN,99.31,99.02,0.29,98.53,0.58,99.0,43.58,41.5,-5.02,8.35,53.1,-85.9,-8.5,17.9,52.27,33,3,0,1,0.44,24,0,0,1,0,normal,
2026-09-14T01:30,Telkom,Gauteng,Soweto,JHB-SOW-018,JHB-SOW-018-C,RAN,99.05,98.93,0.12,98.96,0.94,98.58,47.89,45.81,-4.55,12.89,50.5,-81.0,-8.7,15.6,48.52,32,4,0,3,0.89,85,0,0,0,0,normal,
2026-09-14T01:30,Telkom,Gauteng,Pretoria,PTA-HAT-011,PTA-HAT-011-A,RAN,98.64,99.07,-0.43,98.67,0.61,98.06,43.54,40.25,-8.17,10.58,48.1,-89.8,-11.6,19.2,48.29,41,8,4,0,0.79,0,0,0,0,0,normal,
2026-09-14T01:30,Telkom,Gauteng,Pretoria,PTA-HAT-011,PTA-HAT-011-B,RAN,98.57,98.99,-0.42,98.27,0.84,98.86,34.09,43.35,21.37,12.03,60.4,-91.0,-8.3,17.7,45.6,36,4,2,1,0.34,0,0,0,0,0,normal,
2026-09-14T01:30,Telkom,Gauteng,Pretoria,PTA-HAT-011,PTA-HAT-011-C,RAN,99.01,99.17,-0.16,98.85,0.37,98.58,43.46,40.53,-7.22,15.76,60.4,-84.2,-11.5,17.2,41.3,36,1,3,1,0.91,2,0,0,0,0,normal,
2026-09-14T01:45,Telkom,Western Cape,Cape Town,CPT-BEL-007,CPT-BEL-007-A,RAN,99.18,98.8,0.38,98.98,0.79,97.93,33.2,42.58,22.03,12.0,49.3,-81.3,-8.7,16.3,51.63,36,2,3,0,1.11,4,0,0,0,0,normal,
2026-09-14T01:45,Telkom,Western Cape,Cape Town,CPT-BEL-007,CPT-BEL-007-B,RAN,99.72,98.9,0.82,99.2,0.27,99.19,44.44,43.97,-1.08,14.56,55.5,-92.2,-9.7,15.3,44.14,28,0,0,0,0.89,51,0,0,0,0,normal,
2026-09-14T01:45,Telkom,Western Cape,Cape Town,CPT-BEL-007,CPT-BEL-007-C,RAN,98.68,98.83,-0.15,98.44,0.76,98.48,51.74,43.12,-19.98,12.66,37.2,-84.5,-8.7,19.6,48.27,34,3,3,2,0.52,0,0,0,0,0,normal,
2026-09-14T01:45,Telkom,Gauteng,Johannesburg,JHB-CBD-003,JHB-CBD-003-A,RAN,98.6,99.37,-0.77,99.14,0.7,97.75,42.07,48.11,12.55,8.8,38.2,-89.3,-9.5,20.5,48.77,38,6,2,2,0.39,0,0,0,0,0,normal,
2026-09-14T01:45,Telkom,Gauteng,Johannesburg,JHB-CBD-003,JHB-CBD-003-B,RAN,98.86,98.88,-0.02,99.11,0.16,98.21,40.24,39.17,-2.74,11.36,47.9,-80.8,-10.9,12.5,51.84,27,4,1,0,0.46,15,0,0,0,0,normal,
2026-09-14T01:45,Telkom,Gauteng,Johannesburg,JHB-CBD-003,JHB-CBD-003-C,RAN,99.04,99.0,0.04,98.82,0.52,97.78,44.1,45.15,2.33,14.48,57.7,-88.0,-11.7,17.6,54.53,38,3,4,2,1.08,19,0,0,0,0,normal,
2026-09-14T01:45,Telkom,Gauteng,Soweto,JHB-SOW-018,JHB-SOW-018-A,RAN,98.78,99.15,-0.37,98.4,0.82,98.24,38.92,43.64,10.81,12.08,50.7,-86.3,-8.5,16.7,45.53,22,3,3,1,0.88,0,1,0,0,0,normal,
2026-09-14T01:45,Telkom,Gauteng,Soweto,JHB-SOW-018,JHB-SOW-018-B,RAN,99.15,99.07,0.08,99.09,0.77,98.11,42.32,41.8,-1.25,12.98,55.4,-83.0,-9.7,14.5,46.3,29,2,0,2,0.99,84,1,0,1,0,normal,
2026-09-14T01:45,Telkom,Gauteng,Soweto,JHB-SOW-018,JHB-SOW-018-C,RAN,99.03,98.95,0.08,98.98,0.32,99.36,32.96,46.1,28.51,9.01,50.1,-90.3,-10.9,19.1,55.3,43,2,2,0,0.88,0,1,0,0,0,normal,
2026-09-14T01:45,Telkom,Gauteng,Pretoria,PTA-HAT-011,PTA-HAT-011-A,RAN,99.28,99.01,0.27,98.88,0.36,98.61,42.68,40.72,-4.81,11.34,62.8,-85.6,-8.5,16.9,43.94,24,0,1,0,0.47,121,0,0,0,0,normal,
2026-09-14T01:45,Telkom,Gauteng,Pretoria,PTA-HAT-011,PTA-HAT-011-B,RAN,99.1,98.93,0.17,98.5,0.26,97.78,39.92,42.03,5.02,12.57,50.6,-84.7,-9.1,13.0,45.55,30,1,2,0,0.85,0,0,0,0,0,normal,
2026-09-14T01:45,Telkom,Gauteng,Pretoria,PTA-HAT-011,PTA-HAT-011-C,RAN,99.53,99.15,0.38,98.76,0.46,97.95,32.35,40.95,21.0,16.5,59.7,-89.5,-11.7,14.3,49.91,33,0,3,0,0.26,39,0,0,0,0,normal,
2026-09-14T02:00,Telkom,Western Cape,Cape Town,CPT-BEL-007,CPT-BEL-007-A,RAN,99.26,98.85,0.41,99.04,0.44,98.15,39.7,41.41,4.12,14.99,52.4,-82.6,-11.2,16.2,37.5,30,3,2,1,1.12,0,0,0,0,0,normal,
2026-09-14T02:00,Telkom,Western Cape,Cape Town,CPT-BEL-007,CPT-BEL-007-B,RAN,99.68,99.0,0.68,99.07,0.07,98.48,45.35,44.02,-3.01,11.88,52.9,-87.5,-10.1,17.8,48.84,35,2,2,0,0.12,140,0,0,0,0,normal,
2026-09-14T02:00,Telkom,Western Cape,Cape Town,CPT-BEL-007,CPT-BEL-007-C,RAN,99.04,98.81,0.23,98.39,0.57,98.14,40.85,44.2,7.58,14.2,55.0,-82.9,-8.7,17.0,58.11,46,3,3,2,0.98,65,0,0,0,0,normal,
2026-09-14T02:00,Telkom,Gauteng,Johannesburg,JHB-CBD-003,JHB-CBD-003-A,RAN,99.16,99.27,-0.11,98.63,0.46,98.37,43.33,47.35,8.49,13.94,57.7,-83.4,-10.2,14.9,39.6,38,0,2,1,0.3,0,0,0,0,0,normal,
2026-09-14T02:00,Telkom,Gauteng,Johannesburg,JHB-CBD-003,JHB-CBD-003-B,RAN,99.34,98.88,0.46,98.67,0.57,97.95,32.88,39.3,16.34,11.31,55.9,-83.6,-9.0,18.5,57.04,37,4,2,0,0.88,79,0,0,0,0,normal,
2026-09-14T02:00,Telkom,Gauteng,Johannesburg,JHB-CBD-003,JHB-CBD-003-C,RAN,98.52,99.01,-0.49,98.53,0.36,99.64,38.64,45.02,14.17,15.13,48.4,-86.9,-12.1,13.6,48.38,44,9,4,2,0.4,123,0,0,0,0,normal,
2026-09-14T02:00,Telkom,Gauteng,Soweto,JHB-SOW-018,JHB-SOW-018-A,RAN,98.73,99.1,-0.37,98.44,0.41,98.61,39.55,43.05,8.13,13.27,54.2,-83.8,-11.2,17.1,53.52,31,3,2,1,0.31,120,1,0,0,0,normal,
2026-09-14T02:00,Telkom,Gauteng,Soweto,JHB-SOW-018,JHB-SOW-018-B,RAN,99.66,99.08,0.58,98.93,0.79,98.73,44.46,41.86,-6.21,13.31,55.5,-83.3,-11.1,12.8,41.72,35,0,3,4,1.2,40,1,0,0,0,normal,
2026-09-14T02:00,Telkom,Gauteng,Soweto,JHB-SOW-018,JHB-SOW-018-C,RAN,99.18,98.96,0.22,99.02,0.55,98.26,45.83,44.46,-3.08,11.82,64.1,-87.5,-10.1,16.8,41.58,30,3,0,2,0.41,134,1,0,0,0,normal,
2026-09-14T02:00,Telkom,Gauteng,Pretoria,PTA-HAT-011,PTA-HAT-011-A,RAN,99.21,99.04,0.17,99.1,0.35,98.63,41.8,40.97,-2.04,14.7,54.0,-85.1,-9.6,18.1,44.34,42,5,0,2,1.34,0,0,0,0,0,normal,
2026-09-14T02:00,Telkom,Gauteng,Pretoria,PTA-HAT-011,PTA-HAT-011-B,RAN,99.72,98.95,0.77,99.08,0.7,98.17,39.49,41.77,5.45,12.91,41.3,-84.4,-8.5,16.9,48.37,40,4,2,2,0.8,127,0,0,0,0,normal,
2026-09-14T02:00,Telkom,Gauteng,Pretoria,PTA-HAT-011,PTA-HAT-011-C,RAN,99.04,99.19,-0.15,98.64,0.56,98.07,43.8,39.88,-9.84,13.38,57.4,-85.1,-7.3,18.3,36.08,37,4,2,3,0.65,80,0,0,0,0,normal,
2026-09-14T02:15,Telkom,Western Cape,Cape Town,CPT-BEL-007,CPT-BEL-007-A,RAN,99.42,98.89,0.53,98.99,0.29,98.81,42.69,41.22,-3.57,16.23,53.2,-90.2,-11.1,20.4,49.11,37,0,3,1,0.45,0,0,0,0,0,normal,
2026-09-14T02:15,Telkom,Western Cape,Cape Town,CPT-BEL-007,CPT-BEL-007-B,RAN,99.43,99.08,0.35,99.05,0.56,98.49,33.39,44.17,24.41,10.7,48.6,-90.3,-10.1,14.2,47.52,36,2,2,2,0.37,28,0,0,0,0,normal,
2026-09-14T02:15,Telkom,Western Cape,Cape Town,CPT-BEL-007,CPT-BEL-007-C,RAN,99.39,98.84,0.55,98.79,0.05,98.54,43.18,43.83,1.48,14.78,46.6,-85.9,-8.0,19.6,45.75,25,2,4,0,0.8,48,0,0,0,0,normal,
2026-09-14T02:15,Telkom,Gauteng,Johannesburg,JHB-CBD-003,JHB-CBD-003-A,RAN,99.29,99.26,0.03,99.07,0.8,98.39,43.0,46.91,8.33,10.96,61.1,-89.1,-10.0,18.8,44.92,30,2,1,3,0.24,0,0,0,0,0,normal,
2026-09-14T02:15,Telkom,Gauteng,Johannesburg,JHB-CBD-003,JHB-CBD-003-B,RAN,98.43,98.93,-0.5,98.32,0.24,98.3,43.11,38.59,-11.72,10.69,42.7,-81.6,-9.5,19.6,51.21,37,8,4,0,0.42,13,0,0,0,0,normal,
2026-09-14T02:15,Telkom,Gauteng,Johannesburg,JHB-CBD-003,JHB-CBD-003-C,RAN,98.85,98.95,-0.1,98.73,0.77,98.76,43.25,44.31,2.39,12.71,66.9,-90.5,-11.1,17.7,52.24,37,1,7,2,1.06,0,0,0,0,0,normal,
2026-09-14T02:15,Telkom,Gauteng,Soweto,JHB-SOW-018,JHB-SOW-018-A,RAN,98.79,99.06,-0.27,98.61,0.19,97.39,46.57,42.66,-9.17,12.3,52.6,-82.7,-10.3,16.1,42.23,25,2,2,0,0.91,128,1,0,0,0,normal,
2026-09-14T02:15,Telkom,Gauteng,Soweto,JHB-SOW-018,JHB-SOW-018-B,RAN,99.61,99.14,0.47,99.18,0.32,97.47,46.76,42.15,-10.94,12.28,50.1,-87.0,-9.4,16.3,50.21,31,0,1,0,0.45,59,1,0,0,0,normal,
2026-09-14T02:15,Telkom,Gauteng,Soweto,JHB-SOW-018,JHB-SOW-018-C,RAN,99.84,98.98,0.86,98.45,0.81,98.66,45.79,44.61,-2.64,11.53,49.4,-90.3,-11.0,14.2,46.92,35,2,4,3,0.66,0,1,0,0,0,normal,
2026-09-14T02:15,Telkom,Gauteng,Pretoria,PTA-HAT-011,PTA-HAT-011-A,RAN,98.65,99.06,-0.41,98.92,0.09,97.78,41.61,41.06,-1.34,11.54,52.6,-81.3,-8.8,18.8,44.29,36,2,4,1,0.52,0,0,0,0,0,normal,
2026-09-14T02:15,Telkom,Gauteng,Pretoria,PTA-HAT-011,PTA-HAT-011-B,RAN,99.44,99.04,0.4,98.96,0.44,98.45,47.3,41.51,-13.94,15.82,54.6,-88.0,-9.3,16.7,43.49,37,0,4,2,0.86,118,0,0,0,0,normal,
2026-09-14T02:15,Telkom,Gauteng,Pretoria,PTA-HAT-011,PTA-HAT-011-C,RAN,98.99,99.18,-0.19,99.33,0.52,98.49,44.27,40.31,-9.82,11.34,48.8,-84.5,-11.0,17.4,44.88,34,3,2,2,0.98,1,0,0,0,0,normal,
2026-09-14T02:30,Telkom,Western Cape,Cape Town,CPT-BEL-007,CPT-BEL-007-A,RAN,99.01,98.95,0.06,98.75,0.54,98.29,38.46,41.36,7.02,14.32,50.2,-80.5,-11.5,16.5,43.43,26,0,0,1,0.47,126,0,0,0,0,normal,
2026-09-14T02:30,Telkom,Western Cape,Cape Town,CPT-BEL-007,CPT-BEL-007-B,RAN,99.32,99.11,0.21,98.88,0.59,97.97,49.87,43.09,-15.72,14.39,36.4,-89.5,-9.3,13.3,34.25,22,0,0,1,1.04,41,0,0,0,0,normal,
2026-09-14T02:30,Telkom,Western Cape,Cape Town,CPT-BEL-007,CPT-BEL-007-C,RAN,99.25,98.9,0.35,98.97,0.21,98.18,44.45,43.76,-1.57,10.69,36.8,-87.1,-9.4,16.7,44.01,33,4,1,0,0.63,78,0,0,0,0,normal,
2026-09-14T02:30,Telkom,Gauteng,Johannesburg,JHB-CBD-003,JHB-CBD-003-A,RAN,99.42,99.26,0.16,98.28,0.51,98.32,38.17,46.52,17.94,15.42,47.0,-83.6,-8.4,20.5,44.13,36,0,4,2,0.7,22,0,0,0,0,normal,
2026-09-14T02:30,Telkom,Gauteng,Johannesburg,JHB-CBD-003,JHB-CBD-003-B,RAN,99.14,98.88,0.26,98.93,0.34,98.32,45.42,39.04,-16.34,12.36,57.2,-85.3,-8.7,17.7,49.08,37,3,9,0,1.11,89,0,0,0,0,normal,
2026-09-14T02:30,Telkom,Gauteng,Johannesburg,JHB-CBD-003,JHB-CBD-003-C,RAN,99.8,98.94,0.86,98.91,0.12,98.28,36.36,44.2,17.75,12.95,40.5,-88.8,-9.0,17.3,51.31,44,0,5,0,0.72,107,0,0,0,0,normal,
2026-09-14T02:30,Telkom,Gauteng,Soweto,JHB-SOW-018,JHB-SOW-018-A,RAN,99.49,99.03,0.46,98.48,0.34,98.88,40.26,43.05,6.48,14.85,46.5,-86.5,-10.1,17.4,48.01,30,0,3,0,0.88,0,1,0,0,0,normal,
2026-09-14T02:30,Telkom,Gauteng,Soweto,JHB-SOW-018,JHB-SOW-018-B,RAN,99.44,99.19,0.25,98.3,0.55,98.5,41.35,42.61,2.96,12.26,63.6,-83.2,-9.7,12.5,46.08,33,3,7,0,1.03,0,1,0,0,0,normal,
2026-09-14T02:30,Telkom,Gauteng,Soweto,JHB-SOW-018,JHB-SOW-018-C,RAN,99.27,99.07,0.2,98.63,0.35,98.73,45.02,44.73,-0.65,15.61,52.4,-85.1,-10.5,18.5,35.7,29,3,3,0,0.55,122,1,0,0,0,normal,
2026-09-14T02:30,Telkom,Gauteng,Pretoria,PTA-HAT-011,PTA-HAT-011-A,RAN,98.86,99.02,-0.16,98.65,0.45,98.54,38.65,41.11,5.99,12.91,49.4,-83.2,-10.9,21.2,48.56,32,0,0,2,0.7,143,0,0,0,0,normal,
2026-09-14T02:30,Telkom,Gauteng,Pretoria,PTA-HAT-011,PTA-HAT-011-B,RAN,99.49,99.08,0.41,98.96,0.28,97.31,38.5,42.09,8.53,12.54,54.4,-87.3,-9.2,16.8,42.94,36,0,1,0,1.08,19,0,0,0,0,normal,
2026-09-14T02:30,Telkom,Gauteng,Pretoria,PTA-HAT-011,PTA-HAT-011-C,RAN,99.0,99.16,-0.16,98.63,0.41,98.62,43.17,40.71,-6.05,9.99,55.6,-89.6,-10.3,16.3,44.06,32,5,4,0,0.65,118,0,0,0,0,normal,
2026-09-14T02:45,Telkom,Western Cape,Cape Town,CPT-BEL-007,CPT-BEL-007-A,RAN,98.63,98.95,-0.32,98.82,0.4,98.78,35.31,41.1,14.09,15.01,51.8,-88.8,-10.5,15.5,51.4,30,6,3,1,0.71,71,1,0,0,0,normal,
2026-09-14T02:45,Telkom,Western Cape,Cape Town,CPT-BEL-007,CPT-BEL-007-B,RAN,99.3,99.13,0.17,98.51,0.51,98.27,42.36,43.71,3.09,11.08,53.7,-85.5,-9.6,16.2,49.38,27,2,5,2,0.95,0,1,0,0,0,normal,
2026-09-14T02:45,Telkom,Western Cape,Cape Town,CPT-BEL-007,CPT-BEL-007-C,RAN,98.51,98.93,-0.42,98.71,1.0,97.96,39.04,43.83,10.92,14.24,52.9,-87.2,-8.6,19.0,43.49,35,4,2,2,0.38,37,1,0,0,0,normal,
2026-09-14T02:45,Telkom,Gauteng,Johannesburg,JHB-CBD-003,JHB-CBD-003-A,RAN,98.87,99.28,-0.41,99.06,0.6,98.41,39.59,45.76,13.48,12.9,50.2,-85.6,-9.2,15.8,48.23,35,3,2,2,0.66,113,1,0,0,0,normal,
2026-09-14T02:45,Telkom,Gauteng,Johannesburg,JHB-CBD-003,JHB-CBD-003-B,RAN,98.81,98.9,-0.09,98.77,0.41,98.86,44.34,39.62,-11.91,14.58,38.8,-89.2,-9.8,16.9,44.65,41,1,0,1,0.3,0,1,0,0,0,normal,
2026-09-14T02:45,Telkom,Gauteng,Johannesburg,JHB-CBD-003,JHB-CBD-003-C,RAN,99.41,99.02,0.39,98.43,0.31,99.32,38.28,43.49,11.98,12.54,51.0,-85.5,-9.7,14.5,46.76,35,0,5,1,0.39,0,1,0,0,0,normal,
2026-09-14T02:45,Telkom,Gauteng,Soweto,JHB-SOW-018,JHB-SOW-018-A,RAN,98.31,99.07,-0.76,99.07,0.58,99.15,42.72,42.8,0.18,12.7,55.0,-82.7,-10.3,17.1,48.25,37,2,4,0,0.56,38,2,0,0,0,normal,
2026-09-14T02:45,Telkom,Gauteng,Soweto,JHB-SOW-018,JHB-SOW-018-B,RAN,99.44,99.21,0.23,98.95,0.46,98.89,43.11,42.5,-1.44,11.38,49.2,-89.6,-10.9,20.6,41.63,28,2,2,1,1.08,48,2,0,0,0,normal,
2026-09-14T02:45,Telkom,Gauteng,Soweto,JHB-SOW-018,JHB-SOW-018-C,RAN,99.22,99.09,0.13,99.03,0.12,98.73,39.96,44.76,10.72,14.0,49.7,-85.0,-8.0,19.3,49.85,36,5,0,1,1.27,0,2,0,0,0,normal,
2026-09-14T02:45,Telkom,Gauteng,Pretoria,PTA-HAT-011,PTA-HAT-011-A,RAN,99.26,99.0,0.26,98.88,0.2,97.71,51.25,40.89,-25.34,15.01,55.8,-83.8,-9.2,13.9,42.11,34,3,1,0,0.81,23,1,0,1,0,normal,
2026-09-14T02:45,Telkom,Gauteng,Pretoria,PTA-HAT-011,PTA-HAT-011-B,RAN,98.77,99.12,-0.35,99.08,0.77,98.24,35.85,41.77,14.16,15.16,44.8,-88.2,-9.1,21.7,46.22,28,7,5,1,0.1,48,1,0,0,0,normal,
2026-09-14T02:45,Telkom,Gauteng,Pretoria,PTA-HAT-011,PTA-HAT-011-C,RAN,98.84,99.14,-0.3,98.47,0.56,98.61,32.14,40.93,21.48,10.61,42.6,-83.5,-10.9,18.6,49.93,34,5,3,1,0.53,63,1,0,0,0,normal,
2026-09-14T03:00,Telkom,Western Cape,Cape Town,CPT-BEL-007,CPT-BEL-007-A,RAN,99.26,98.92,0.34,98.76,0.66,98.55,34.69,40.62,14.6,11.66,60.8,-83.7,-9.5,14.9,54.42,37,1,0,2,0.34,37,1,0,0,0,normal,
2026-09-14T03:00,Telkom,Western Cape,Cape Town,CPT-BEL-007,CPT-BEL-007-B,RAN,99.07,99.14,-0.07,98.27,0.56,98.05,47.27,43.6,-8.42,12.86,55.0,-84.9,-11.7,19.8,38.7,29,3,1,2,0.1,97,1,0,0,0,normal,
2026-09-14T03:00,Telkom,Western Cape,Cape Town,CPT-BEL-007,CPT-BEL-007-C,RAN,99.9,98.89,1.01,98.92,0.49,99.31,37.88,43.43,12.77,12.47,50.0,-81.4,-8.3,19.5,50.39,33,1,5,1,0.28,0,1,0,0,0,normal,
2026-09-14T03:00,Telkom,Gauteng,Johannesburg,JHB-CBD-003,JHB-CBD-003-A,RAN,99.85,99.24,0.61,98.68,0.44,98.14,43.59,45.24,3.65,13.77,49.2,-86.2,-12.1,14.2,45.69,32,0,2,2,1.04,95,1,0,0,0,normal,
2026-09-14T03:00,Telkom,Gauteng,Johannesburg,JHB-CBD-003,JHB-CBD-003-B,RAN,99.27,98.9,0.37,98.55,0.44,97.79,41.73,40.01,-4.29,11.42,51.6,-87.6,-9.9,19.6,51.45,33,1,3,0,0.43,27,1,0,0,0,normal,
2026-09-14T03:00,Telkom,Gauteng,Johannesburg,JHB-CBD-003,JHB-CBD-003-C,RAN,98.97,99.05,-0.08,99.09,0.53,99.09,36.09,43.06,16.18,10.58,59.6,-88.8,-8.7,17.0,53.59,37,3,0,1,0.47,47,1,0,0,0,normal,
2026-09-14T03:00,Telkom,Gauteng,Soweto,JHB-SOW-018,JHB-SOW-018-A,RAN,98.43,99.01,-0.58,98.94,0.36,98.04,46.45,42.79,-8.55,13.06,46.0,-84.9,-8.0,13.1,44.89,31,2,4,0,1.11,0,2,0,0,0,normal,
2026-09-14T03:00,Telkom,Gauteng,Soweto,JHB-SOW-018,JHB-SOW-018-B,RAN,99.02,99.23,-0.21,99.32,0.16,98.4,42.11,42.55,1.03,16.58,44.8,-89.2,-10.3,19.4,33.35,25,5,0,0,0.86,0,2,0,0,0,normal,
2026-09-14T03:00,Telkom,Gauteng,Soweto,JHB-SOW-018,JHB-SOW-018-C,RAN,98.29,99.1,-0.81,98.6,0.45,98.47,39.27,44.36,11.47,8.96,58.6,-85.4,-9.9,14.9,53.29,32,4,0,0,0.75,36,2,0,0,0,normal,
2026-09-14T03:00,Telkom,Gauteng,Pretoria,PTA-HAT-011,PTA-HAT-011-A,RAN,99.52,99.02,0.5,99.38,1.01,98.3,53.1,41.75,-27.18,10.47,62.1,-82.4,-11.7,17.8,47.54,24,2,0,2,0.95,116,1,0,1,0,normal,
2026-09-14T03:00,Telkom,Gauteng,Pretoria,PTA-HAT-011,PTA-HAT-011-B,RAN,99.64,99.09,0.55,99.12,0.09,98.13,40.12,41.27,2.79,13.91,40.2,-84.5,-11.0,18.9,40.63,30,3,1,0,0.51,69,1,0,0,0,normal,
2026-09-14T03:00,Telkom,Gauteng,Pretoria,PTA-HAT-011,PTA-HAT-011-C,RAN,98.74,99.12,-0.38,98.82,0.3,98.98,41.97,40.2,-4.41,12.9,44.9,-87.5,-10.3,13.4,48.34,36,3,2,0,0.79,0,1,0,0,0,normal,
2026-09-14T03:15,Telkom,Western Cape,Cape Town,CPT-BEL-007,CPT-BEL-007-A,RAN,99.08,98.95,0.13,98.77,0.48,98.58,48.66,40.16,-21.16,12.87,43.9,-87.6,-10.7,15.9,41.01,21,0,1,0,0.38,0,0,0,0,0,normal,
2026-09-14T03:15,Telkom,Western Cape,Cape Town,CPT-BEL-007,CPT-BEL-007-B,RAN,99.48,99.14,0.34,98.74,0.44,99.06,47.49,43.88,-8.23,12.88,54.1,-91.4,-7.5,15.2,47.06,38,0,1,0,0.8,115,0,0,0,0,normal,
2026-09-14T03:15,Telkom,Western Cape,Cape Town,CPT-BEL-007,CPT-BEL-007-C,RAN,98.96,98.97,-0.01,98.6,0.48,98.12,47.38,43.0,-10.18,16.85,47.1,-85.7,-11.5,16.4,39.65,34,7,5,3,0.8,103,0,0,0,0,normal,
2026-09-14T03:15,Telkom,Gauteng,Johannesburg,JHB-CBD-003,JHB-CBD-003-A,RAN,99.4,99.29,0.11,98.32,0.87,99.08,51.15,45.12,-13.38,11.16,49.3,-86.7,-10.0,14.9,44.21,35,1,4,4,0.21,22,0,0,0,0,normal,
2026-09-14T03:15,Telkom,Gauteng,Johannesburg,JHB-CBD-003,JHB-CBD-003-B,RAN,98.71,98.93,-0.22,99.13,0.89,98.51,47.56,40.15,-18.47,13.45,65.2,-86.3,-6.9,16.1,48.39,25,2,2,3,0.54,4,0,0,0,0,normal,
2026-09-14T03:15,Telkom,Gauteng,Johannesburg,JHB-CBD-003,JHB-CBD-003-C,RAN,98.12,99.05,-0.93,99.05,0.71,98.58,39.69,42.52,6.66,15.58,53.4,-86.2,-8.6,16.4,43.2,38,4,3,1,0.76,65,0,0,0,0,normal,
2026-09-14T03:15,Telkom,Gauteng,Soweto,JHB-SOW-018,JHB-SOW-018-A,RAN,98.77,98.97,-0.2,98.55,0.87,98.66,39.53,43.07,8.22,13.3,39.1,-88.5,-8.9,18.9,43.51,26,3,1,2,1.03,26,1,0,0,0,normal,
2026-09-14T03:15,Telkom,Gauteng,Soweto,JHB-SOW-018,JHB-SOW-018-B,RAN,98.6,99.21,-0.61,98.94,0.77,98.2,45.68,42.51,-7.45,11.38,50.0,-88.0,-11.3,14.2,48.54,37,5,6,2,0.38,151,1,0,0,0,normal,
2026-09-14T03:15,Telkom,Gauteng,Soweto,JHB-SOW-018,JHB-SOW-018-C,RAN,99.27,99.04,0.23,98.93,0.42,98.66,40.24,43.97,8.48,14.2,43.0,-83.3,-9.1,18.2,46.09,30,1,2,0,0.19,0,1,0,0,0,normal,
2026-09-14T03:15,Telkom,Gauteng,Pretoria,PTA-HAT-011,PTA-HAT-011-A,RAN,98.05,99.06,-1.01,99.11,0.52,98.58,39.19,42.63,8.06,12.45,54.1,-81.6,-12.1,15.5,49.35,41,10,3,4,0.13,90,0,0,1,0,normal,
2026-09-14T03:15,Telkom,Gauteng,Pretoria,PTA-HAT-011,PTA-HAT-011-B,RAN,98.43,99.13,-0.7,98.74,0.91,99.08,43.39,41.18,-5.36,14.77,52.9,-82.2,-9.4,17.9,45.19,40,10,5,5,1.1,47,0,0,0,0,normal,
2026-09-14T03:15,Telkom,Gauteng,Pretoria,PTA-HAT-011,PTA-HAT-011-C,RAN,99.29,99.09,0.2,98.95,0.34,98.69,45.41,40.33,-12.58,13.49,54.8,-84.0,-11.1,18.6,51.86,43,6,1,0,0.6,8,0,0,0,0,normal,
2026-09-14T03:30,Telkom,Western Cape,Cape Town,CPT-BEL-007,CPT-BEL-007-A,RAN,99.35,98.96,0.39,98.51,0.13,98.32,36.3,40.77,10.96,11.95,51.3,-84.6,-10.1,19.6,51.23,30,3,0,2,0.99,117,0,0,0,0,normal,
2026-09-14T03:30,Telkom,Western Cape,Cape Town,CPT-BEL-007,CPT-BEL-007-B,RAN,98.96,99.16,-0.2,98.59,0.6,98.6,41.16,44.14,6.75,9.32,54.0,-85.9,-9.2,19.4,55.13,41,6,5,1,0.59,20,0,0,0,0,normal,
2026-09-14T03:30,Telkom,Western Cape,Cape Town,CPT-BEL-007,CPT-BEL-007-C,RAN,99.31,98.97,0.34,98.85,0.21,98.25,40.33,43.31,6.89,10.86,53.5,-83.3,-9.8,15.6,48.87,35,3,2,0,0.69,0,0,0,0,0,normal,
2026-09-14T03:30,Telkom,Gauteng,Johannesburg,JHB-CBD-003,JHB-CBD-003-A,RAN,99.87,99.3,0.57,99.1,0.46,98.88,48.9,45.55,-7.36,12.35,53.7,-87.3,-9.0,18.2,36.45,36,0,0,2,0.82,0,0,0,0,0,normal,
2026-09-14T03:30,Telkom,Gauteng,Johannesburg,JHB-CBD-003,JHB-CBD-003-B,RAN,98.76,98.91,-0.15,98.81,1.05,98.18,38.41,40.68,5.57,10.37,44.4,-86.5,-8.9,14.9,49.96,34,1,1,2,0.45,62,0,0,0,0,normal,
2026-09-14T03:30,Telkom,Gauteng,Johannesburg,JHB-CBD-003,JHB-CBD-003-C,RAN,99.47,98.98,0.49,98.52,0.32,98.87,37.96,42.32,10.3,11.38,54.6,-83.6,-7.6,17.1,48.24,36,1,1,1,0.84,22,0,0,0,0,normal,
2026-09-14T03:30,Telkom,Gauteng,Soweto,JHB-SOW-018,JHB-SOW-018-A,RAN,99.2,98.95,0.25,98.43,0.26,98.11,39.17,42.82,8.52,13.11,58.7,-86.5,-9.5,17.4,48.29,36,1,4,0,0.92,151,1,0,0,0,normal,
2026-09-14T03:30,Telkom,Gauteng,Soweto,JHB-SOW-018,JHB-SOW-018-B,RAN,98.55,99.17,-0.62,98.51,0.51,98.84,50.89,42.74,-19.07,16.71,45.2,-87.1,-11.3,16.2,33.79,31,1,8,3,0.43,0,1,0,0,0,normal,
2026-09-14T03:30,Telkom,Gauteng,Soweto,JHB-SOW-018,JHB-SOW-018-C,RAN,99.13,99.05,0.08,99.11,0.9,99.13,37.39,43.7,14.44,12.17,45.0,-87.1,-7.4,18.1,43.84,29,0,0,1,0.98,87,1,0,0,0,normal,
2026-09-14T03:30,Telkom,Gauteng,Pretoria,PTA-HAT-011,PTA-HAT-011-A,RAN,99.67,98.99,0.68,98.5,0.42,98.05,43.62,42.38,-2.92,10.77,49.9,-86.0,-8.4,22.1,48.85,35,0,3,1,0.23,133,0,0,1,0,normal,
2026-09-14T03:30,Telkom,Gauteng,Pretoria,PTA-HAT-011,PTA-HAT-011-B,RAN,99.47,99.08,0.39,99.04,0.06,98.63,33.22,41.34,19.64,13.81,58.3,-86.7,-10.3,16.0,56.32,36,1,1,0,0.1,68,0,0,0,0,normal,
2026-09-14T03:30,Telkom,Gauteng,Pretoria,PTA-HAT-011,PTA-HAT-011-C,RAN,98.73,99.1,-0.37,98.56,1.27,99.18,46.06,40.7,-13.18,14.36,38.9,-82.1,-10.6,17.1,46.96,33,4,7,3,1.34,49,0,0,0,0,normal,
2026-09-14T03:45,Telkom,Western Cape,Cape Town,CPT-BEL-007,CPT-BEL-007-A,RAN,99.31,98.99,0.32,98.36,0.74,97.99,44.06,40.47,-8.87,13.43,59.1,-83.9,-8.6,14.6,47.65,39,6,1,3,0.45,0,0,0,0,0,normal,
2026-09-14T03:45,Telkom,Western Cape,Cape Town,CPT-BEL-007,CPT-BEL-007-B,RAN,98.67,99.15,-0.48,98.63,0.7,98.37,46.0,43.94,-4.69,12.82,55.6,-82.5,-8.8,15.2,38.5,31,5,2,3,0.35,0,0,0,0,0,normal,
2026-09-14T03:45,Telkom,Western Cape,Cape Town,CPT-BEL-007,CPT-BEL-007-C,RAN,99.11,98.99,0.12,98.61,0.15,97.94,34.73,43.11,19.45,14.64,49.3,-82.6,-10.0,14.7,44.27,27,0,0,0,0.55,112,0,0,0,0,normal,
2026-09-14T03:45,Telkom,Gauteng,Johannesburg,JHB-CBD-003,JHB-CBD-003-A,RAN,98.45,99.33,-0.88,98.72,0.32,98.63,42.35,45.77,7.47,11.61,55.5,-89.2,-10.3,17.7,49.1,33,4,6,2,1.47,87,0,0,0,0,normal,
2026-09-14T03:45,Telkom,Gauteng,Johannesburg,JHB-CBD-003,JHB-CBD-003-B,RAN,98.75,98.9,-0.15,98.3,0.6,98.97,38.52,40.52,4.95,13.74,55.1,-83.5,-11.3,17.3,46.65,36,4,4,1,1.41,0,0,0,0,0,normal,
2026-09-14T03:45,Telkom,Gauteng,Johannesburg,JHB-CBD-003,JHB-CBD-003-C,RAN,99.36,99.01,0.35,98.6,0.21,97.64,46.22,42.03,-9.97,13.83,44.5,-81.2,-9.1,17.2,46.36,34,1,0,1,0.1,22,0,0,0,0,normal,
2026-09-14T03:45,Telkom,Gauteng,Soweto,JHB-SOW-018,JHB-SOW-018-A,RAN,98.83,98.97,-0.14,99.05,0.23,98.69,43.37,42.58,-1.86,13.64,46.8,-88.3,-9.7,18.7,44.96,28,0,0,0,0.33,52,0,0,0,0,normal,
2026-09-14T03:45,Telkom,Gauteng,Soweto,JHB-SOW-018,JHB-SOW-018-B,RAN,98.97,99.13,-0.16,98.68,0.11,97.4,38.19,43.28,11.77,12.14,46.9,-87.1,-9.1,17.6,49.79,37,1,0,0,0.49,137,0,0,0,0,normal,
2026-09-14T03:45,Telkom,Gauteng,Soweto,JHB-SOW-018,JHB-SOW-018-C,RAN,99.14,99.06,0.08,98.76,0.62,98.32,37.15,43.28,14.16,14.69,53.3,-89.1,-8.6,16.5,47.05,32,5,2,2,0.38,63,0,0,0,0,normal,
2026-09-14T03:45,Telkom,Gauteng,Pretoria,PTA-HAT-011,PTA-HAT-011-A,RAN,98.72,99.04,-0.32,99.02,0.63,98.11,44.92,42.46,-5.79,12.62,45.2,-83.8,-10.4,17.2,41.07,29,0,1,0,0.54,42,0,0,0,0,normal,
2026-09-14T03:45,Telkom,Gauteng,Pretoria,PTA-HAT-011,PTA-HAT-011-B,RAN,99.55,99.11,0.44,98.44,0.69,99.4,41.74,40.8,-2.3,12.63,52.6,-86.6,-10.0,14.6,41.93,36,0,6,4,0.77,67,0,0,0,0,normal,
2026-09-14T03:45,Telkom,Gauteng,Pretoria,PTA-HAT-011,PTA-HAT-011-C,RAN,98.56,99.08,-0.52,98.7,0.42,98.14,44.52,41.05,-8.44,9.76,56.8,-85.5,-11.4,17.5,46.89,36,4,1,3,1.34,0,0,0,0,0,normal,
2026-09-14T04:00,Telkom,Western Cape,Cape Town,CPT-BEL-007,CPT-BEL-007-A,RAN,99.19,99.01,0.18,99.28,0.19,98.3,48.93,40.7,-20.23,15.01,47.3,-84.0,-7.0,18.2,38.7,31,0,2,0,0.47,0,0,0,0,0,normal,
2026-09-14T04:00,Telkom,Western Cape,Cape Town,CPT-BEL-007,CPT-BEL-007-B,RAN,99.58,99.12,0.46,98.71,0.51,98.08,39.22,44.07,11.0,13.48,51.8,-85.4,-10.9,15.8,49.77,36,2,2,2,0.44,14,0,0,0,0,normal,
2026-09-14T04:00,Telkom,Western Cape,Cape Town,CPT-BEL-007,CPT-BEL-007-C,RAN,99.02,99.0,0.02,98.62,0.27,99.14,48.39,42.59,-13.62,11.78,52.7,-88.4,-9.6,17.3,53.3,37,4,0,0,0.27,80,0,0,0,0,normal,
2026-09-14T04:00,Telkom,Gauteng,Johannesburg,JHB-CBD-003,JHB-CBD-003-A,RAN,99.45,99.28,0.17,98.77,0.67,98.69,47.26,45.56,-3.74,15.46,58.2,-83.4,-10.3,14.5,35.47,23,1,3,1,0.97,66,0,0,0,0,normal,
2026-09-14T04:00,Telkom,Gauteng,Johannesburg,JHB-CBD-003,JHB-CBD-003-B,RAN,99.02,98.89,0.13,98.94,0.72,98.46,45.9,40.4,-13.62,11.63,53.4,-85.2,-9.4,13.1,47.78,36,3,0,1,0.53,0,0,0,0,0,normal,
2026-09-14T04:00,Telkom,Gauteng,Johannesburg,JHB-CBD-003,JHB-CBD-003-C,RAN,99.35,99.03,0.32,98.82,0.72,98.65,35.92,42.29,15.06,11.18,64.6,-87.2,-10.5,20.4,57.29,38,1,0,1,0.87,6,0,0,0,0,normal,
2026-09-14T04:00,Telkom,Gauteng,Soweto,JHB-SOW-018,JHB-SOW-018-A,RAN,99.46,98.96,0.5,98.75,0.63,98.71,35.76,42.63,16.11,10.9,46.2,-83.3,-8.5,19.4,55.88,34,4,2,1,0.28,26,0,0,0,0,normal,
2026-09-14T04:00,Telkom,Gauteng,Soweto,JHB-SOW-018,JHB-SOW-018-B,RAN,99.15,99.12,0.03,98.79,0.21,98.17,44.28,42.97,-3.06,14.47,46.1,-87.4,-10.4,17.0,44.88,30,2,4,0,1.04,132,0,0,0,0,normal,
2026-09-14T04:00,Telkom,Gauteng,Soweto,JHB-SOW-018,JHB-SOW-018-C,RAN,98.67,99.06,-0.39,98.86,0.43,98.81,41.64,42.9,2.93,12.94,36.9,-85.8,-8.5,13.1,39.02,34,6,4,1,0.88,105,0,0,0,0,normal,
2026-09-14T04:00,Telkom,Gauteng,Pretoria,PTA-HAT-011,PTA-HAT-011-A,RAN,98.87,99.02,-0.15,99.25,0.39,98.96,49.39,42.62,-15.89,13.05,52.2,-82.9,-9.8,13.9,34.1,33,4,0,2,0.71,5,0,0,0,0,normal,
2026-09-14T04:00,Telkom,Gauteng,Pretoria,PTA-HAT-011,PTA-HAT-011-B,RAN,99.2,99.13,0.07,98.69,0.32,98.52,40.34,40.86,1.27,8.79,43.9,-85.3,-8.5,20.2,49.7,33,2,3,2,0.43,112,0,0,0,0,normal,
2026-09-14T04:00,Telkom,Gauteng,Pretoria,PTA-HAT-011,PTA-HAT-011-C,RAN,98.73,99.05,-0.32,99.19,0.84,99.59,37.31,41.27,9.6,11.11,58.9,-84.3,-9.8,17.7,51.51,41,5,2,2,1.05,22,0,0,0,0,normal,
2026-09-14T04:15,Telkom,Western Cape,Cape Town,CPT-BEL-007,CPT-BEL-007-A,RAN,99.18,99.0,0.18,98.47,0.4,98.29,42.0,40.96,-2.53,13.81,45.1,-85.5,-11.2,16.1,43.57,32,3,0,0,0.7,122,0,0,0,0,normal,
2026-09-14T04:15,Telkom,Western Cape,Cape Town,CPT-BEL-007,CPT-BEL-007-B,RAN,99.27,99.16,0.11,99.2,0.39,98.33,40.56,43.4,6.55,12.59,53.6,-85.4,-8.8,17.5,40.33,39,1,3,0,0.74,109,0,0,0,0,normal,
2026-09-14T04:15,Telkom,Western Cape,Cape Town,CPT-BEL-007,CPT-BEL-007-C,RAN,98.37,99.02,-0.64,98.53,0.09,98.15,42.09,42.69,1.41,12.33,45.6,-87.9,-10.8,17.6,51.79,34,3,0,0,0.56,67,0,0,0,0,normal,
2026-09-14T04:15,Telkom,Gauteng,Johannesburg,JHB-CBD-003,JHB-CBD-003-A,RAN,99.62,99.3,0.32,99.45,0.36,97.72,30.27,45.74,33.82,10.93,59.6,-84.6,-11.3,15.4,58.33,42,0,2,2,0.77,150,0,0,0,0,normal,
2026-09-14T04:15,Telkom,Gauteng,Johannesburg,JHB-CBD-003,JHB-CBD-003-B,RAN,98.61,98.89,-0.28,98.12,0.48,98.0,44.93,41.06,-9.41,12.99,57.1,-90.2,-9.4,18.8,48.62,36,5,0,2,1.0,153,0,0,0,0,normal,
2026-09-14T04:15,Telkom,Gauteng,Johannesburg,JHB-CBD-003,JHB-CBD-003-C,RAN,99.06,99.07,-0.01,98.44,0.46,99.2,31.26,41.36,24.42,11.91,52.3,-89.8,-10.9,17.6,54.86,43,4,4,1,1.23,0,0,0,0,0,normal,
2026-09-14T04:15,Telkom,Gauteng,Soweto,JHB-SOW-018,JHB-SOW-018-A,RAN,99.42,98.98,0.44,98.56,1.03,99.16,37.26,42.4,12.12,14.01,55.3,-84.4,-9.6,15.7,41.33,30,3,1,2,0.44,0,0,0,0,0,normal,
2026-09-14T04:15,Telkom,Gauteng,Soweto,JHB-SOW-018,JHB-SOW-018-B,RAN,99.15,99.13,0.02,98.93,1.33,98.72,39.35,43.42,9.38,11.94,53.0,-90.1,-11.5,17.8,53.72,37,1,1,2,0.96,115,0,0,0,0,normal,
2026-09-14T04:15,Telkom,Gauteng,Soweto,JHB-SOW-018,JHB-SOW-018-C,RAN,99.07,99.05,0.02,98.65,0.21,99.02,44.6,42.97,-3.78,12.25,53.4,-87.8,-10.5,20.0,50.67,31,1,0,1,1.39,86,0,0,0,0,normal,
2026-09-14T04:15,Telkom,Gauteng,Pretoria,PTA-HAT-011,PTA-HAT-011-A,RAN,98.85,99.05,-0.2,99.17,0.84,99.08,40.43,42.7,5.31,14.5,48.2,-83.2,-10.4,15.3,49.46,39,5,4,2,0.63,40,0,0,0,0,normal,
2026-09-14T04:15,Telkom,Gauteng,Pretoria,PTA-HAT-011,PTA-HAT-011-B,RAN,99.21,99.12,0.09,98.59,0.39,98.94,35.16,40.68,13.56,10.17,55.0,-83.5,-8.9,16.9,59.5,47,2,6,0,0.45,12,0,0,0,0,normal,
2026-09-14T04:15,Telkom,Gauteng,Pretoria,PTA-HAT-011,PTA-HAT-011-C,RAN,99.84,99.01,0.83,98.98,0.58,97.94,38.77,41.07,5.59,11.87,44.5,-87.5,-10.2,11.1,45.25,36,0,4,3,1.36,117,0,0,0,0,normal,
2026-09-14T04:30,Telkom,Western Cape,Cape Town,CPT-BEL-007,CPT-BEL-007-A,RAN,99.15,99.03,0.12,98.9,0.6,98.52,34.96,40.92,14.57,10.98,55.9,-85.2,-9.2,13.7,52.23,32,0,4,1,0.83,5,0,0,0,0,normal,
2026-09-14T04:30,Telkom,Western Cape,Cape Town,CPT-BEL-007,CPT-BEL-007-B,RAN,98.94,99.18,-0.24,98.55,0.4,97.41,43.09,43.44,0.79,13.33,52.2,-84.1,-10.4,14.4,43.23,29,4,2,1,1.65,0,0,0,0,0,normal,
2026-09-14T04:30,Telkom,Western Cape,Cape Town,CPT-BEL-007,CPT-BEL-007-C,RAN,99.08,99.01,0.07,99.16,0.62,98.2,38.34,42.46,9.71,13.44,48.9,-84.3,-13.0,19.5,40.75,27,3,1,2,0.13,0,0,0,0,0,normal,
2026-09-14T04:30,Telkom,Gauteng,Johannesburg,JHB-CBD-003,JHB-CBD-003-A,RAN,99.33,99.33,0.0,99.02,0.75,97.63,38.04,44.36,14.25,12.04,58.1,-83.7,-9.4,16.6,46.39,31,3,6,5,0.22,24,0,0,0,0,normal,
2026-09-14T04:30,Telkom,Gauteng,Johannesburg,JHB-CBD-003,JHB-CBD-003-B,RAN,99.42,98.88,0.54,99.42,0.22,98.36,42.7,41.4,-3.13,15.09,53.3,-86.0,-8.9,20.9,50.92,46,5,1,0,1.27,0,0,0,0,0,normal,
2026-09-14T04:30,Telkom,Gauteng,Johannesburg,JHB-CBD-003,JHB-CBD-003-C,RAN,99.9,99.06,0.84,99.07,0.37,98.63,44.31,40.51,-9.38,13.42,47.3,-86.4,-10.1,15.1,41.89,28,0,5,1,0.62,52,0,0,0,0,normal,
2026-09-14T04:30,Telkom,Gauteng,Soweto,JHB-SOW-018,JHB-SOW-018-A,RAN,99.27,99.01,0.26,98.89,0.58,98.42,51.59,41.94,-23.01,11.2,41.9,-90.3,-8.4,16.9,47.0,29,2,1,0,0.24,76,0,0,0,0,normal,
2026-09-14T04:30,Telkom,Gauteng,Soweto,JHB-SOW-018,JHB-SOW-018-B,RAN,98.4,99.16,-0.76,99.3,0.32,98.96,42.31,43.14,1.93,12.77,48.4,-84.9,-10.4,17.6,49.91,38,3,0,0,1.46,44,0,0,0,0,normal,
2026-09-14T04:30,Telkom,Gauteng,Soweto,JHB-SOW-018,JHB-SOW-018-C,RAN,98.56,99.04,-0.48,98.95,0.15,98.29,37.39,43.07,13.19,11.7,56.3,-85.3,-8.4,15.7,55.94,36,5,3,0,0.14,78,0,0,0,0,normal,
2026-09-14T04:30,Telkom,Gauteng,Pretoria,PTA-HAT-011,PTA-HAT-011-A,RAN,99.23,99.04,0.19,99.04,0.33,98.02,40.12,43.32,7.39,12.9,58.5,-84.4,-9.7,19.0,48.98,39,1,1,0,1.0,23,0,0,0,0,normal,
2026-09-14T04:30,Telkom,Gauteng,Pretoria,PTA-HAT-011,PTA-HAT-011-B,RAN,99.75,99.16,0.59,99.38,0.74,97.46,35.38,40.41,12.45,14.57,44.7,-88.7,-10.6,17.0,45.57,31,0,0,2,0.35,0,0,0,0,0,normal,
2026-09-14T04:30,Telkom,Gauteng,Pretoria,PTA-HAT-011,PTA-HAT-011-C,RAN,98.96,99.06,-0.1,99.47,0.38,99.12,44.16,41.01,-7.67,14.15,58.5,-86.1,-10.5,21.8,51.37,38,4,4,2,0.71,0,0,0,0,0,normal,
2026-09-14T04:45,Telkom,Western Cape,Cape Town,CPT-BEL-007,CPT-BEL-007-A,RAN,98.23,99.06,-0.83,98.6,0.42,98.31,35.41,40.41,12.38,11.92,53.5,-88.3,-10.6,16.3,53.14,35,3,1,1,0.18,81,0,0,0,0,normal,
2026-09-14T04:45,Telkom,Western Cape,Cape Town,CPT-BEL-007,CPT-BEL-007-B,RAN,99.25,99.18,0.07,98.44,0.27,98.16,48.32,43.37,-11.42,13.18,53.0,-84.7,-10.1,18.4,45.91,42,2,2,1,0.42,238,0,0,0,0,normal,
2026-09-14T04:45,Telkom,Western Cape,Cape Town,CPT-BEL-007,CPT-BEL-007-C,RAN,99.22,99.01,0.21,98.84,0.65,99.31,40.24,42.7,5.75,12.0,41.4,-86.7,-10.9,17.3,37.9,32,1,0,3,0.8,3,0,0,0,0,normal,
2026-09-14T04:45,Telkom,Gauteng,Johannesburg,JHB-CBD-003,JHB-CBD-003-A,RAN,98.85,99.31,-0.46,98.72,0.44,97.94,47.3,43.91,-7.72,13.12,59.2,-84.5,-8.1,12.9,42.22,43,5,3,2,1.03,74,0,0,0,0,normal,
2026-09-14T04:45,Telkom,Gauteng,Johannesburg,JHB-CBD-003,JHB-CBD-003-B,RAN,98.62,98.91,-0.29,98.51,0.54,98.42,39.56,41.38,4.39,10.74,55.9,-89.1,-9.6,12.2,60.07,43,2,3,0,0.88,14,0,0,0,0,normal,
2026-09-14T04:45,Telkom,Gauteng,Johannesburg,JHB-CBD-003,JHB-CBD-003-C,RAN,98.5,99.11,-0.61,98.98,0.74,97.14,42.45,40.4,-5.08,15.82,57.0,-83.9,-11.4,20.5,44.96,37,4,1,2,0.78,0,0,0,0,0,normal,
2026-09-14T04:45,Telkom,Gauteng,Soweto,JHB-SOW-018,JHB-SOW-018-A,RAN,98.98,98.99,-0.01,99.2,0.33,97.56,40.19,42.14,4.63,11.01,60.2,-91.1,-9.3,13.3,48.48,34,1,2,0,0.88,0,0,0,0,0,normal,
2026-09-14T04:45,Telkom,Gauteng,Soweto,JHB-SOW-018,JHB-SOW-018-B,RAN,99.42,99.11,0.31,99.31,0.86,98.67,36.37,43.05,15.52,9.6,52.2,-86.6,-8.2,17.4,52.42,35,0,1,3,0.28,80,0,0,0,0,normal,
2026-09-14T04:45,Telkom,Gauteng,Soweto,JHB-SOW-018,JHB-SOW-018-C,RAN,99.38,99.03,0.35,99.16,0.43,98.98,39.5,42.4,6.85,11.84,47.9,-84.8,-10.7,18.3,48.76,43,0,1,1,1.01,0,0,0,0,0,normal,
2026-09-14T04:45,Telkom,Gauteng,Pretoria,PTA-HAT-011,PTA-HAT-011-A,RAN,98.69,99.08,-0.39,98.72,0.55,98.23,48.65,43.32,-12.32,16.32,44.5,-88.2,-9.9,13.5,41.08,32,3,3,0,0.72,110,0,0,0,0,normal,
2026-09-14T04:45,Telkom,Gauteng,Pretoria,PTA-HAT-011,PTA-HAT-011-B,RAN,98.78,99.19,-0.41,98.67,0.31,98.12,32.93,40.05,17.78,13.31,46.9,-85.9,-9.5,18.3,59.04,38,6,3,1,1.07,127,0,0,0,0,normal,
2026-09-14T04:45,Telkom,Gauteng,Pretoria,PTA-HAT-011,PTA-HAT-011-C,RAN,99.38,99.0,0.38,98.5,0.5,98.05,38.16,41.14,7.24,14.82,55.5,-81.5,-8.2,14.9,51.3,38,3,5,1,0.84,2,0,0,0,0,normal,
2026-09-14T05:00,Telkom,Western Cape,Cape Town,CPT-BEL-007,CPT-BEL-007-A,RAN,99.68,99.07,0.61,98.87,0.31,99.42,40.81,40.01,-2.01,14.76,49.6,-87.4,-9.0,21.3,48.08,28,0,3,0,0.96,2,0,0,0,0,normal,
2026-09-14T05:00,Telkom,Western Cape,Cape Town,CPT-BEL-007,CPT-BEL-007-B,RAN,98.74,99.23,-0.49,98.76,0.81,98.6,42.95,43.63,1.57,13.56,47.6,-88.5,-12.2,16.1,51.65,39,3,2,5,0.46,0,0,0,0,0,normal,
2026-09-14T05:00,Telkom,Western Cape,Cape Town,CPT-BEL-007,CPT-BEL-007-C,RAN,99.21,99.03,0.18,98.98,0.93,98.96,38.18,42.58,10.34,13.32,53.7,-81.8,-10.8,15.4,53.1,37,3,7,2,0.99,102,0,0,0,0,normal,
2026-09-14T05:00,Telkom,Gauteng,Johannesburg,JHB-CBD-003,JHB-CBD-003-A,RAN,99.69,99.28,0.41,99.16,0.76,98.88,42.22,43.99,4.01,10.96,48.8,-89.3,-9.4,14.9,43.02,29,2,4,2,0.99,0,0,0,0,0,normal,
2026-09-14T05:00,Telkom,Gauteng,Johannesburg,JHB-CBD-003,JHB-CBD-003-B,RAN,98.78,98.91,-0.13,99.32,0.18,97.7,38.11,41.93,9.1,13.82,44.5,-86.6,-10.7,16.4,52.15,35,3,3,0,0.75,0,0,0,0,0,normal,
2026-09-14T05:00,Telkom,Gauteng,Johannesburg,JHB-CBD-003,JHB-CBD-003-C,RAN,99.17,99.08,0.09,98.23,0.49,97.87,42.2,40.74,-3.59,10.34,59.5,-85.7,-11.3,13.3,59.98,41,1,3,3,0.54,52,0,0,0,0,normal,
2026-09-14T05:00,Telkom,Gauteng,Soweto,JHB-SOW-018,JHB-SOW-018-A,RAN,99.86,99.0,0.86,98.52,0.57,98.44,47.92,42.1,-13.83,12.3,55.8,-87.5,-11.4,15.1,43.22,29,0,3,0,1.02,114,0,0,0,0,normal,
2026-09-14T05:00,Telkom,Gauteng,Soweto,JHB-SOW-018,JHB-SOW-018-B,RAN,99.73,99.17,0.56,98.72,0.36,98.4,42.94,43.08,0.33,11.26,53.0,-85.5,-11.7,16.2,41.48,28,2,2,0,0.3,0,0,0,0,0,normal,
2026-09-14T05:00,Telkom,Gauteng,Soweto,JHB-SOW-018,JHB-SOW-018-C,RAN,99.38,99.08,0.3,98.41,0.61,98.12,40.43,41.67,2.98,9.91,50.3,-85.1,-10.6,12.9,54.42,38,0,6,0,0.51,0,0,0,0,0,normal,
2026-09-14T05:00,Telkom,Gauteng,Pretoria,PTA-HAT-011,PTA-HAT-011-A,RAN,99.41,99.03,0.38,98.61,0.38,98.69,41.43,43.8,5.41,12.76,52.4,-86.6,-10.2,16.7,52.92,44,0,3,2,1.45,0,0,0,0,0,normal,
2026-09-14T05:00,Telkom,Gauteng,Pretoria,PTA-HAT-011,PTA-HAT-011-B,RAN,99.29,99.18,0.11,97.87,0.39,98.49,40.25,39.07,-3.03,10.23,51.1,-83.6,-9.4,12.9,62.41,55,4,4,2,0.89,0,0,0,0,0,normal,
2026-09-14T05:00,Telkom,Gauteng,Pretoria,PTA-HAT-011,PTA-HAT-011-C,RAN,99.24,99.04,0.2,98.92,0.65,98.27,48.44,40.75,-18.86,13.02,53.3,-87.4,-8.8,16.9,46.18,34,3,3,1,0.67,49,0,0,0,0,normal,
2026-09-14T05:15,Telkom,Western Cape,Cape Town,CPT-BEL-007,CPT-BEL-007-A,RAN,98.51,99.11,-0.6,98.87,0.51,98.48,32.37,39.76,18.59,8.23,63.5,-87.1,-11.9,20.1,58.53,48,9,6,3,1.08,57,1,0,0,0,normal,
2026-09-14T05:15,Telkom,Western Cape,Cape Town,CPT-BEL-007,CPT-BEL-007-B,RAN,99.32,99.22,0.1,98.73,0.44,99.58,37.9,43.72,13.31,12.91,49.3,-88.2,-9.2,14.3,51.63,37,1,6,2,0.91,71,1,0,0,0,normal,
2026-09-14T05:15,Telkom,Western Cape,Cape Town,CPT-BEL-007,CPT-BEL-007-C,RAN,99.52,99.03,0.49,98.52,0.18,98.83,34.96,41.88,16.53,12.1,41.9,-80.0,-10.7,16.4,53.19,29,1,2,0,0.32,28,1,0,0,0,normal,
2026-09-14T05:15,Telkom,Gauteng,Johannesburg,JHB-CBD-003,JHB-CBD-003-A,RAN,98.89,99.28,-0.39,98.62,0.52,98.83,41.85,43.69,4.22,15.59,66.9,-82.4,-10.9,16.4,48.74,35,4,0,0,0.86,0,1,0,0,0,normal,
2026-09-14T05:15,Telkom,Gauteng,Johannesburg,JHB-CBD-003,JHB-CBD-003-B,RAN,99.42,98.93,0.49,98.41,0.81,98.92,37.83,41.79,9.47,11.31,50.9,-89.2,-8.3,19.8,56.06,39,1,2,2,0.55,13,1,0,0,0,normal,
2026-09-14T05:15,Telkom,Gauteng,Johannesburg,JHB-CBD-003,JHB-CBD-003-C,RAN,98.9,99.1,-0.2,98.88,0.73,98.05,46.72,40.22,-16.17,11.06,54.6,-87.3,-10.3,19.3,52.7,41,4,0,3,0.88,0,1,0,0,0,normal,
2026-09-14T05:15,Telkom,Gauteng,Soweto,JHB-SOW-018,JHB-SOW-018-A,RAN,98.83,99.07,-0.24,99.41,0.97,98.65,33.02,42.25,21.84,11.77,59.3,-83.9,-11.6,17.4,53.36,27,0,0,0,0.81,48,1,0,0,0,normal,
2026-09-14T05:15,Telkom,Gauteng,Soweto,JHB-SOW-018,JHB-SOW-018-B,RAN,99.4,99.16,0.24,98.93,0.45,97.58,47.61,43.02,-10.66,14.8,40.4,-80.0,-9.1,15.4,34.67,29,3,0,0,0.66,111,1,0,0,0,normal,
2026-09-14T05:15,Telkom,Gauteng,Soweto,JHB-SOW-018,JHB-SOW-018-C,RAN,99.22,99.13,0.09,98.52,0.35,97.25,41.71,41.41,-0.73,11.41,56.1,-84.7,-10.2,17.6,47.92,36,7,0,0,0.89,86,1,0,0,0,normal,
2026-09-14T05:15,Telkom,Gauteng,Pretoria,PTA-HAT-011,PTA-HAT-011-A,RAN,98.85,99.03,-0.18,98.49,0.62,98.25,32.26,43.94,26.58,9.97,58.1,-85.9,-10.3,16.4,57.09,45,5,4,0,0.47,255,1,0,0,0,normal,
2026-09-14T05:15,Telkom,Gauteng,Pretoria,PTA-HAT-011,PTA-HAT-011-B,RAN,99.43,99.18,0.25,99.36,0.43,99.01,46.52,38.71,-20.17,13.13,44.3,-86.8,-8.6,15.4,46.91,37,2,0,2,0.98,57,1,0,0,0,normal,
2026-09-14T05:15,Telkom,Gauteng,Pretoria,PTA-HAT-011,PTA-HAT-011-C,RAN,99.11,99.04,0.07,98.62,0.05,98.68,40.22,41.46,2.98,13.84,42.8,-88.8,-10.4,14.6,47.19,34,7,2,0,0.51,0,1,0,0,0,normal,
2026-09-14T05:30,Telkom,Western Cape,Cape Town,CPT-BEL-007,CPT-BEL-007-A,RAN,99.31,99.09,0.22,98.61,0.58,99.25,52.05,38.94,-33.68,14.36,48.1,-83.8,-10.3,17.6,35.6,29,1,0,1,0.43,44,0,0,0,0,normal,
2026-09-14T05:30,Telkom,Western Cape,Cape Town,CPT-BEL-007,CPT-BEL-007-B,RAN,98.87,99.25,-0.38,99.14,0.77,97.74,45.81,43.39,-5.58,13.1,54.7,-83.5,-8.1,14.9,43.45,35,5,0,5,0.88,0,0,0,0,0,normal,
2026-09-14T05:30,Telkom,Western Cape,Cape Town,CPT-BEL-007,CPT-BEL-007-C,RAN,99.26,99.06,0.2,98.65,0.05,98.15,45.28,41.41,-9.33,13.88,47.0,-87.8,-11.8,18.5,39.69,40,0,6,0,0.96,99,0,0,0,0,normal,
2026-09-14T05:30,Telkom,Gauteng,Johannesburg,JHB-CBD-003,JHB-CBD-003-A,RAN,98.73,99.28,-0.55,98.4,0.45,98.95,38.75,43.18,10.26,11.42,53.9,-87.6,-10.7,18.4,42.75,36,3,5,3,0.47,173,0,0,0,0,normal,
2026-09-14T05:30,Telkom,Gauteng,Johannesburg,JHB-CBD-003,JHB-CBD-003-B,RAN,99.33,98.96,0.37,98.56,0.39,99.67,41.72,41.77,0.11,13.67,48.7,-84.7,-11.1,16.5,47.42,45,5,4,0,1.06,0,0,0,0,0,normal,
2026-09-14T05:30,Telkom,Gauteng,Johannesburg,JHB-CBD-003,JHB-CBD-003-C,RAN,99.0,99.06,-0.06,98.66,0.39,97.58,44.55,40.76,-9.29,15.53,45.5,-87.4,-9.9,20.0,38.63,29,0,1,0,0.72,0,0,0,0,0,normal,
2026-09-14T05:30,Telkom,Gauteng,Soweto,JHB-SOW-018,JHB-SOW-018-A,RAN,99.4,99.07,0.33,98.47,0.62,98.54,41.14,41.35,0.5,12.15,47.9,-83.6,-11.2,14.7,54.74,48,2,3,1,0.88,43,0,0,0,0,normal,
2026-09-14T05:30,Telkom,Gauteng,Soweto,JHB-SOW-018,JHB-SOW-018-B,RAN,99.44,99.19,0.25,98.71,0.42,99.37,46.7,43.21,-8.08,14.62,45.6,-86.6,-12.0,17.9,43.1,39,4,4,3,1.01,0,0,0,0,0,normal,
2026-09-14T05:30,Telkom,Gauteng,Soweto,JHB-SOW-018,JHB-SOW-018-C,RAN,99.65,99.11,0.54,98.92,0.36,98.17,32.45,41.05,20.95,13.13,38.6,-88.9,-8.4,20.3,43.46,37,2,0,0,0.61,0,0,0,0,0,normal,
2026-09-14T05:30,Telkom,Gauteng,Pretoria,PTA-HAT-011,PTA-HAT-011-A,RAN,99.18,98.98,0.2,99.01,0.18,97.81,42.27,43.29,2.36,12.21,48.0,-82.9,-10.4,17.9,49.21,52,7,5,2,1.4,47,0,0,0,0,normal,
2026-09-14T05:30,Telkom,Gauteng,Pretoria,PTA-HAT-011,PTA-HAT-011-B,RAN,98.95,99.24,-0.29,98.3,0.6,98.38,35.13,39.01,9.95,10.46,45.7,-83.2,-11.5,16.8,50.61,37,3,5,1,0.37,0,0,0,0,0,normal,
2026-09-14T05:30,Telkom,Gauteng,Pretoria,PTA-HAT-011,PTA-HAT-011-C,RAN,99.33,99.06,0.27,99.12,0.93,97.61,47.64,41.51,-14.76,16.48,46.3,-82.5,-10.7,14.0,42.22,40,1,0,3,0.22,23,0,0,0,0,normal,
2026-09-14T05:45,Telkom,Western Cape,Cape Town,CPT-BEL-007,CPT-BEL-007-A,RAN,98.95,99.11,-0.16,98.57,0.43,98.55,37.0,39.98,7.44,14.38,56.9,-84.8,-10.6,17.7,49.4,40,2,5,0,1.18,59,0,0,0,0,normal,
2026-09-14T05:45,Telkom,Western Cape,Cape Town,CPT-BEL-007,CPT-BEL-007-B,RAN,99.18,99.22,-0.04,98.54,0.62,98.16,43.01,43.45,1.01,9.46,42.8,-84.6,-11.4,17.0,50.77,37,3,4,2,0.91,60,0,0,0,0,normal,
2026-09-14T05:45,Telkom,Western Cape,Cape Town,CPT-BEL-007,CPT-BEL-007-C,RAN,98.84,99.11,-0.27,98.7,0.38,98.87,44.54,41.69,-6.83,13.43,68.3,-84.9,-11.9,17.4,62.68,43,4,5,2,0.82,109,0,0,0,0,normal,
2026-09-14T05:45,Telkom,Gauteng,Johannesburg,JHB-CBD-003,JHB-CBD-003-A,RAN,99.03,99.22,-0.19,99.14,0.88,97.47,40.31,42.37,4.85,11.61,46.9,-88.2,-10.9,19.9,54.27,39,6,4,3,0.88,0,0,0,0,0,normal,
2026-09-14T05:45,Telkom,Gauteng,Johannesburg,JHB-CBD-003,JHB-CBD-003-B,RAN,99.09,98.95,0.14,98.78,0.54,97.81,45.42,41.44,-9.62,13.82,51.0,-84.0,-9.7,16.8,43.77,44,0,7,2,0.1,177,0,0,0,0,normal,
2026-09-14T05:45,Telkom,Gauteng,Johannesburg,JHB-CBD-003,JHB-CBD-003-C,RAN,99.37,99.09,0.28,98.58,0.61,98.29,38.32,40.5,5.38,10.57,51.5,-84.9,-8.2,18.5,50.78,39,6,4,2,0.57,0,0,0,0,0,normal,
2026-09-14T05:45,Telkom,Gauteng,Soweto,JHB-SOW-018,JHB-SOW-018-A,RAN,99.03,99.03,-0.0,99.66,0.38,98.67,44.93,41.46,-8.36,12.68,52.2,-84.7,-10.3,18.2,49.4,34,1,3,1,0.13,155,0,0,0,0,normal,
2026-09-14T05:45,Telkom,Gauteng,Soweto,JHB-SOW-018,JHB-SOW-018-B,RAN,99.13,99.2,-0.07,98.92,0.53,98.32,49.67,43.4,-14.44,12.74,49.4,-79.5,-9.2,15.4,45.57,37,4,0,1,0.21,43,0,0,0,0,normal,
2026-09-14T05:45,Telkom,Gauteng,Soweto,JHB-SOW-018,JHB-SOW-018-C,RAN,99.22,99.14,0.08,98.58,0.56,99.08,40.71,40.08,-1.56,12.98,43.5,-86.8,-12.0,15.7,43.32,27,2,4,1,0.72,184,0,0,0,0,normal,
2026-09-14T05:45,Telkom,Gauteng,Pretoria,PTA-HAT-011,PTA-HAT-011-A,RAN,98.96,99.02,-0.06,99.45,0.53,98.74,42.96,43.21,0.58,10.78,38.0,-83.2,-8.5,17.7,50.72,41,3,0,2,0.59,47,0,0,0,0,normal,
2026-09-14T05:45,Telkom,Gauteng,Pretoria,PTA-HAT-011,PTA-HAT-011-B,RAN,98.7,99.26,-0.56,98.76,0.62,97.45,45.58,39.08,-16.64,10.62,46.9,-87.9,-10.3,17.3,46.89,31,3,2,1,0.79,0,0,0,0,0,normal,
2026-09-14T05:45,Telkom,Gauteng,Pretoria,PTA-HAT-011,PTA-HAT-011-C,RAN,99.76,99.08,0.68,98.8,1.15,98.65,43.14,41.77,-3.27,12.63,56.7,-77.5,-11.0,14.2,54.73,44,2,5,6,0.8,0,0,0,0,0,normal,
2026-09-14T06:00,Telkom,Western Cape,Cape Town,CPT-BEL-007,CPT-BEL-007-A,RAN,99.45,99.09,0.36,99.2,0.56,98.81,31.92,40.21,20.62,11.35,64.8,-84.0,-10.2,14.8,61.08,43,2,2,1,1.23,0,0,0,0,0,normal,
2026-09-14T06:00,Telkom,Western Cape,Cape Town,CPT-BEL-007,CPT-BEL-007-B,RAN,99.01,99.19,-0.18,98.7,0.4,98.92,37.59,43.36,13.31,12.01,68.1,-82.1,-8.7,17.9,48.6,35,5,3,2,1.1,110,0,0,0,0,normal,
2026-09-14T06:00,Telkom,Western Cape,Cape Town,CPT-BEL-007,CPT-BEL-007-C,RAN,99.43,99.12,0.31,98.1,0.63,98.36,42.6,41.24,-3.29,10.28,44.9,-88.8,-10.2,18.6,44.23,29,2,1,1,0.9,69,0,0,0,0,normal,
2026-09-14T06:00,Telkom,Gauteng,Johannesburg,JHB-CBD-003,JHB-CBD-003-A,RAN,99.1,99.24,-0.14,98.35,0.53,99.25,45.15,42.26,-6.85,12.47,48.9,-83.0,-10.2,15.7,46.3,31,1,6,1,0.51,57,0,0,0,0,normal,
2026-09-14T06:00,Telkom,Gauteng,Johannesburg,JHB-CBD-003,JHB-CBD-003-B,RAN,99.19,98.97,0.22,98.69,0.85,97.92,38.39,41.76,8.07,14.8,44.6,-88.0,-9.4,20.8,46.76,33,3,2,0,1.21,0,0,0,0,0,normal,
2026-09-14T06:00,Telkom,Gauteng,Johannesburg,JHB-CBD-003,JHB-CBD-003-C,RAN,99.89,99.11,0.78,98.15,0.3,98.37,49.8,40.14,-24.07,14.84,54.3,-85.9,-10.8,14.5,50.3,46,0,9,1,0.69,94,0,0,0,0,normal,
2026-09-14T06:00,Telkom,Gauteng,Soweto,JHB-SOW-018,JHB-SOW-018-A,RAN,99.17,99.05,0.12,98.73,0.59,99.25,37.92,41.84,9.37,10.72,62.0,-87.9,-9.8,14.6,53.3,34,2,2,3,0.79,0,0,0,0,0,normal,
2026-09-14T06:00,Telkom,Gauteng,Soweto,JHB-SOW-018,JHB-SOW-018-B,RAN,99.06,99.19,-0.13,99.06,0.45,97.72,34.49,43.86,21.37,14.73,41.9,-82.6,-9.3,16.2,45.16,40,2,0,0,0.1,0,0,0,0,0,normal,
2026-09-14T06:00,Telkom,Gauteng,Soweto,JHB-SOW-018,JHB-SOW-018-C,RAN,99.04,99.16,-0.12,99.2,0.47,98.77,35.92,40.57,11.46,10.76,58.9,-90.6,-8.5,14.9,49.57,45,3,2,1,1.04,64,0,0,0,0,normal,
2026-09-14T06:00,Telkom,Gauteng,Pretoria,PTA-HAT-011,PTA-HAT-011-A,RAN,99.03,99.0,0.03,99.03,0.71,98.51,42.71,43.23,1.2,12.5,47.1,-87.8,-9.8,18.3,53.67,40,3,3,2,0.26,177,0,0,0,0,normal,
2026-09-14T06:00,Telkom,Gauteng,Pretoria,PTA-HAT-011,PTA-HAT-011-B,RAN,98.57,99.24,-0.67,98.46,0.28,98.34,40.01,39.43,-1.47,9.74,55.1,-85.7,-9.3,16.7,57.28,49,2,5,1,0.56,59,0,0,0,0,normal,
2026-09-14T06:00,Telkom,Gauteng,Pretoria,PTA-HAT-011,PTA-HAT-011-C,RAN,98.9,99.1,-0.2,98.2,0.57,99.16,40.84,42.45,3.79,11.46,60.7,-86.5,-10.6,21.8,57.45,44,6,11,3,0.46,0,0,0,0,0,normal,
2026-09-14T06:15,Telkom,Western Cape,Cape Town,CPT-BEL-007,CPT-BEL-007-A,RAN,98.96,99.11,-0.15,98.23,0.66,98.51,36.75,39.73,7.49,10.01,54.3,-85.5,-9.7,17.6,63.61,51,5,8,3,0.36,76,0,0,0,0,normal,
2026-09-14T06:15,Telkom,Western Cape,Cape Town,CPT-BEL-007,CPT-BEL-007-B,RAN,98.86,99.15,-0.29,99.3,0.5,99.61,48.31,42.87,-12.68,12.26,41.4,-83.5,-9.5,19.8,43.44,37,4,2,3,0.85,38,0,0,0,0,normal,
2026-09-14T06:15,Telkom,Western Cape,Cape Town,CPT-BEL-007,CPT-BEL-007-C,RAN,98.89,99.15,-0.26,98.0,0.67,98.59,50.47,41.35,-22.05,11.74,46.8,-88.3,-9.3,18.4,51.83,38,6,5,3,0.69,0,0,0,0,0,normal,
2026-09-14T06:15,Telkom,Gauteng,Johannesburg,JHB-CBD-003,JHB-CBD-003-A,RAN,99.05,99.24,-0.19,98.33,0.74,99.1,29.78,42.37,29.71,10.29,56.7,-85.4,-11.0,20.2,49.71,40,1,1,1,0.33,82,0,0,0,0,normal,
2026-09-14T06:15,Telkom,Gauteng,Johannesburg,JHB-CBD-003,JHB-CBD-003-B,RAN,99.31,98.96,0.35,98.52,0.51,98.01,35.34,42.1,16.06,12.43,54.2,-85.2,-6.1,16.6,51.67,41,2,3,1,0.52,12,0,0,1,0,normal,
2026-09-14T06:15,Telkom,Gauteng,Johannesburg,JHB-CBD-003,JHB-CBD-003-C,RAN,99.28,99.19,0.09,99.1,0.46,98.3,36.05,40.84,11.72,11.52,50.8,-84.8,-10.3,15.0,51.54,49,6,3,1,0.16,11,0,0,0,0,normal,
2026-09-14T06:15,Telkom,Gauteng,Soweto,JHB-SOW-018,JHB-SOW-018-A,RAN,99.48,99.08,0.4,99.18,0.88,98.93,42.72,41.74,-2.35,13.01,51.0,-85.6,-9.2,15.9,49.06,30,2,5,4,0.72,0,1,0,0,0,normal,
2026-09-14T06:15,Telkom,Gauteng,Soweto,JHB-SOW-018,JHB-SOW-018-B,RAN,99.18,99.16,0.02,98.43,0.35,98.17,41.23,43.24,4.64,15.42,48.7,-84.8,-10.3,19.9,44.56,39,0,4,1,0.97,0,1,0,0,0,normal,
2026-09-14T06:15,Telkom,Gauteng,Soweto,JHB-SOW-018,JHB-SOW-018-C,RAN,98.93,99.15,-0.22,98.92,0.24,99.41,41.22,39.95,-3.18,12.76,60.5,-83.6,-10.8,15.8,50.78,40,4,1,0,0.85,58,1,0,0,0,normal,
2026-09-14T06:15,Telkom,Gauteng,Pretoria,PTA-HAT-011,PTA-HAT-011-A,RAN,98.78,98.99,-0.21,98.01,0.76,98.91,31.88,43.28,26.35,12.28,52.9,-85.4,-8.8,12.8,57.69,48,6,7,4,0.66,67,0,0,0,0,normal,
2026-09-14T06:15,Telkom,Gauteng,Pretoria,PTA-HAT-011,PTA-HAT-011-B,RAN,98.53,99.17,-0.64,98.54,0.29,98.17,40.75,39.46,-3.26,8.52,46.8,-87.7,-9.7,13.6,49.75,40,4,2,2,0.94,29,0,0,0,0,normal,
2026-09-14T06:15,Telkom,Gauteng,Pretoria,PTA-HAT-011,PTA-HAT-011-C,RAN,98.82,99.09,-0.27,98.63,0.33,98.33,36.79,42.26,12.95,10.54,46.8,-87.1,-9.7,20.3,52.23,48,2,1,1,0.26,55,0,0,0,0,normal,
2026-09-14T06:30,Telkom,Western Cape,Cape Town,CPT-BEL-007,CPT-BEL-007-A,RAN,99.06,99.08,-0.02,98.57,0.22,98.04,37.12,39.35,5.68,13.97,50.5,-81.1,-10.0,19.3,58.26,43,2,2,0,1.54,0,0,0,0,0,normal,
2026-09-14T06:30,Telkom,Western Cape,Cape Town,CPT-BEL-007,CPT-BEL-007-B,RAN,99.01,99.11,-0.1,99.67,0.47,97.92,40.61,43.81,7.3,12.86,48.0,-87.9,-10.1,14.9,45.76,32,4,0,2,0.73,13,0,0,0,0,normal,
2026-09-14T06:30,Telkom,Western Cape,Cape Town,CPT-BEL-007,CPT-BEL-007-C,RAN,99.47,99.12,0.35,98.64,0.6,98.44,47.1,41.81,-12.66,11.29,55.1,-83.5,-11.7,18.1,39.98,43,1,10,0,0.87,115,0,0,0,0,normal,
2026-09-14T06:30,Telkom,Gauteng,Johannesburg,JHB-CBD-003,JHB-CBD-003-A,RAN,99.32,99.22,0.09,98.69,0.38,99.72,40.23,41.54,3.16,13.33,60.7,-89.1,-9.6,13.8,50.5,41,2,5,0,0.72,78,0,0,0,0,normal,
2026-09-14T06:30,Telkom,Gauteng,Johannesburg,JHB-CBD-003,JHB-CBD-003-B,RAN,99.69,99.01,0.68,98.36,0.31,99.66,37.23,41.62,10.54,13.73,44.1,-85.6,-10.1,18.6,47.95,40,3,8,0,1.02,100,0,0,1,0,normal,
2026-09-14T06:30,Telkom,Gauteng,Johannesburg,JHB-CBD-003,JHB-CBD-003-C,RAN,98.56,99.22,-0.66,98.87,0.84,98.48,45.17,40.39,-11.84,10.67,54.5,-84.7,-11.6,15.7,51.89,46,11,4,3,0.93,45,0,0,0,0,normal,
2026-09-14T06:30,Telkom,Gauteng,Soweto,JHB-SOW-018,JHB-SOW-018-A,RAN,99.09,99.12,-0.03,99.02,0.05,97.45,34.41,41.5,17.08,14.08,60.9,-87.8,-11.0,16.5,60.36,46,4,0,0,0.41,49,1,0,0,0,normal,
2026-09-14T06:30,Telkom,Gauteng,Soweto,JHB-SOW-018,JHB-SOW-018-B,RAN,98.75,99.13,-0.38,98.53,0.88,97.65,35.47,42.89,17.3,12.06,41.7,-88.0,-9.7,15.2,53.08,36,1,4,2,0.61,165,1,0,0,0,normal,
2026-09-14T06:30,Telkom,Gauteng,Soweto,JHB-SOW-018,JHB-SOW-018-C,RAN,98.73,99.09,-0.36,98.58,0.29,98.96,39.79,39.66,-0.32,14.89,51.3,-88.3,-10.1,17.1,48.07,32,2,4,0,0.62,10,1,0,0,0,normal,
2026-09-14T06:30,Telkom,Gauteng,Pretoria,PTA-HAT-011,PTA-HAT-011-A,RAN,98.79,99.0,-0.21,98.36,0.05,98.53,45.67,42.68,-7.01,12.33,43.2,-81.5,-9.0,18.1,44.55,47,7,3,0,0.55,54,0,0,0,0,normal,
2026-09-14T06:30,Telkom,Gauteng,Pretoria,PTA-HAT-011,PTA-HAT-011-B,RAN,98.32,99.11,-0.79,98.54,0.59,98.53,48.81,39.05,-24.98,11.01,46.9,-87.8,-8.0,14.2,47.2,48,10,6,1,0.33,103,0,0,0,0,normal,
2026-09-14T06:30,Telkom,Gauteng,Pretoria,PTA-HAT-011,PTA-HAT-011-C,RAN,98.77,99.08,-0.31,98.74,0.78,99.01,34.02,41.8,18.61,10.26,56.8,-85.4,-10.3,17.2,64.88,39,5,5,2,0.79,0,0,0,0,0,normal,
2026-09-14T06:45,Telkom,Western Cape,Cape Town,CPT-BEL-007,CPT-BEL-007-A,RAN,99.14,99.08,0.06,99.3,0.77,98.34,38.7,39.27,1.45,12.78,53.8,-88.2,-11.2,14.2,53.79,36,4,2,3,0.59,144,0,0,0,0,normal,
2026-09-14T06:45,Telkom,Western Cape,Cape Town,CPT-BEL-007,CPT-BEL-007-B,RAN,99.53,99.09,0.44,98.48,0.84,98.87,46.88,43.23,-8.45,12.74,44.4,-89.7,-10.4,14.7,49.66,44,0,4,3,0.56,72,0,0,0,0,normal,
2026-09-14T06:45,Telkom,Western Cape,Cape Town,CPT-BEL-007,CPT-BEL-007-C,RAN,99.55,99.13,0.42,98.44,0.46,98.46,40.82,41.97,2.74,13.63,54.4,-83.9,-9.0,18.2,51.56,42,0,3,1,0.98,203,0,0,0,0,normal,
2026-09-14T06:45,Telkom,Gauteng,Johannesburg,JHB-CBD-003,JHB-CBD-003-A,RAN,98.76,99.22,-0.46,99.26,0.92,99.26,45.18,41.67,-8.42,11.84,48.3,-88.6,-8.1,17.8,47.9,33,3,3,4,1.14,104,0,0,0,0,normal,
2026-09-14T06:45,Telkom,Gauteng,Johannesburg,JHB-CBD-003,JHB-CBD-003-B,RAN,99.33,99.05,0.28,98.94,0.33,98.68,33.68,41.11,18.06,14.13,46.4,-88.3,-10.0,14.2,54.63,43,0,4,0,1.36,253,0,0,1,0,normal,
2026-09-14T06:45,Telkom,Gauteng,Johannesburg,JHB-CBD-003,JHB-CBD-003-C,RAN,98.79,99.14,-0.35,98.96,0.63,98.35,38.25,40.94,6.56,12.78,60.1,-84.8,-9.1,18.1,50.67,44,5,6,3,0.83,0,0,0,0,0,normal,
2026-09-14T06:45,Telkom,Gauteng,Soweto,JHB-SOW-018,JHB-SOW-018-A,RAN,99.21,99.1,0.11,98.58,0.58,98.88,36.03,41.13,12.4,15.75,50.6,-85.6,-8.1,16.5,47.05,40,4,1,2,0.89,0,1,0,0,0,normal,
2026-09-14T06:45,Telkom,Gauteng,Soweto,JHB-SOW-018,JHB-SOW-018-B,RAN,98.56,99.09,-0.53,98.52,0.07,98.13,36.0,42.52,15.34,13.56,44.8,-90.5,-9.4,14.2,54.94,48,5,7,0,0.14,168,1,0,0,0,normal,
2026-09-14T06:45,Telkom,Gauteng,Soweto,JHB-SOW-018,JHB-SOW-018-C,RAN,98.58,99.06,-0.48,98.99,0.53,98.15,37.52,39.34,4.62,16.44,50.7,-87.9,-9.9,17.7,37.33,37,6,2,0,1.2,103,1,0,0,0,normal,
2026-09-14T06:45,Telkom,Gauteng,Pretoria,PTA-HAT-011,PTA-HAT-011-A,RAN,99.07,98.99,0.08,98.15,0.25,97.83,33.96,43.12,21.24,13.53,54.4,-79.0,-10.9,18.5,57.05,42,1,6,0,1.11,17,0,0,0,0,normal,
2026-09-14T06:45,Telkom,Gauteng,Pretoria,PTA-HAT-011,PTA-HAT-011-B,RAN,98.68,99.04,-0.36,98.95,0.21,97.87,45.95,39.7,-15.75,13.4,52.0,-82.4,-10.9,17.5,46.78,42,4,4,0,1.23,0,0,0,0,0,normal,
2026-09-14T06:45,Telkom,Gauteng,Pretoria,PTA-HAT-011,PTA-HAT-011-C,RAN,99.71,99.06,0.65,98.41,0.46,98.46,33.93,41.22,17.69,11.55,53.0,-82.7,-8.6,18.3,58.07,50,0,4,1,0.61,36,0,0,0,0,normal,
2026-09-14T07:00,Telkom,Western Cape,Cape Town,CPT-BEL-007,CPT-BEL-007-A,RAN,98.67,99.11,-0.44,98.77,0.95,98.69,41.09,39.48,-4.07,11.72,51.2,-87.3,-8.2,15.1,52.99,51,9,7,4,1.04,0,0,0,0,0,normal,
2026-09-14T07:00,Telkom,Western Cape,Cape Town,CPT-BEL-007,CPT-BEL-007-B,RAN,99.16,99.11,0.05,98.69,0.35,99.59,31.65,43.51,27.26,11.47,53.3,-89.4,-12.8,16.3,51.01,38,3,5,0,1.0,74,0,0,0,0,normal,
2026-09-14T07:00,Telkom,Western Cape,Cape Town,CPT-BEL-007,CPT-BEL-007-C,RAN,98.98,99.2,-0.22,98.13,0.67,98.02,40.78,42.08,3.1,12.68,69.5,-82.8,-10.2,18.2,51.66,39,1,3,3,1.07,0,0,0,0,0,normal,
2026-09-14T07:00,Telkom,Gauteng,Johannesburg,JHB-CBD-003,JHB-CBD-003-A,RAN,99.79,99.21,0.58,98.65,0.45,98.09,33.39,42.02,20.54,11.0,50.9,-86.6,-9.6,18.3,55.09,41,1,1,0,0.11,80,0,0,0,0,normal,
2026-09-14T07:00,Telkom,Gauteng,Johannesburg,JHB-CBD-003,JHB-CBD-003-B,RAN,99.19,99.08,0.11,98.41,0.25,98.73,29.52,40.44,27.0,8.84,55.4,-84.1,-9.6,16.9,62.97,50,1,3,0,0.59,89,0,0,1,0,normal,
2026-09-14T07:00,Telkom,Gauteng,Johannesburg,JHB-CBD-003,JHB-CBD-003-C,RAN,98.71,99.11,-0.4,98.72,0.77,99.35,37.23,40.94,9.05,13.47,54.1,-91.0,-11.7,19.5,57.79,43,7,6,3,0.76,147,0,0,0,0,normal,
2026-09-14T07:00,Telkom,Gauteng,Soweto,JHB-SOW-018,JHB-SOW-018-A,RAN,98.67,99.15,-0.48,98.32,0.53,97.97,36.61,40.71,10.08,11.99,42.6,-85.1,-10.8,16.0,48.57,43,6,5,1,0.75,23,0,0,0,0,normal,
2026-09-14T07:00,Telkom,Gauteng,Soweto,JHB-SOW-018,JHB-SOW-018-B,RAN,99.22,99.03,0.19,98.76,0.44,97.91,43.13,42.08,-2.49,13.19,65.7,-86.0,-10.2,18.5,48.6,34,1,1,0,0.74,47,0,0,0,0,normal,
2026-09-14T07:00,Telkom,Gauteng,Soweto,JHB-SOW-018,JHB-SOW-018-C,RAN,98.56,99.02,-0.46,98.46,0.25,97.88,40.0,39.18,-2.08,10.32,55.3,-89.9,-10.3,18.6,50.78,39,6,4,1,0.82,70,0,0,0,0,normal,
2026-09-14T07:00,Telkom,Gauteng,Pretoria,PTA-HAT-011,PTA-HAT-011-A,RAN,99.84,98.98,0.86,99.32,0.56,99.03,36.28,42.03,13.69,12.96,56.4,-86.6,-9.3,17.6,59.12,53,1,6,2,0.1,6,0,0,0,0,normal,
2026-09-14T07:00,Telkom,Gauteng,Pretoria,PTA-HAT-011,PTA-HAT-011-B,RAN,99.27,99.03,0.24,98.73,0.63,98.36,49.54,40.33,-22.84,11.39,50.4,-87.5,-11.2,16.6,41.01,37,2,4,2,1.06,59,0,0,0,0,normal,
2026-09-14T07:00,Telkom,Gauteng,Pretoria,PTA-HAT-011,PTA-HAT-011-C,RAN,99.05,99.12,-0.07,98.62,0.41,98.37,35.21,41.34,14.82,11.72,51.7,-87.1,-9.3,13.8,56.98,49,2,1,0,0.32,113,0,0,0,0,normal,
2026-09-14T07:15,Telkom,Western Cape,Cape Town,CPT-BEL-007,CPT-BEL-007-A,RAN,99.15,99.08,0.07,98.93,0.56,98.52,40.0,39.88,-0.29,12.15,42.3,-85.2,-11.0,21.3,50.61,42,5,2,1,0.53,20,1,0,0,0,normal,
2026-09-14T07:15,Telkom,Western Cape,Cape Town,CPT-BEL-007,CPT-BEL-007-B,RAN,99.26,99.11,0.15,98.96,0.59,98.12,41.06,42.53,3.47,12.38,55.4,-85.0,-8.9,15.8,46.06,38,1,5,1,0.28,0,1,0,0,0,normal,
2026-09-14T07:15,Telkom,Western Cape,Cape Town,CPT-BEL-007,CPT-BEL-007-C,RAN,98.92,99.14,-0.22,99.07,0.39,98.54,30.7,42.26,27.36,12.56,48.3,-86.2,-9.3,18.2,51.28,42,5,1,0,0.1,51,1,0,0,0,normal,
2026-09-14T07:15,Telkom,Gauteng,Johannesburg,JHB-CBD-003,JHB-CBD-003-A,RAN,99.43,99.21,0.22,98.84,0.27,98.98,37.76,41.38,8.76,10.89,56.5,-80.3,-11.2,14.8,50.31,39,2,0,0,0.43,6,1,0,0,0,normal,
2026-09-14T07:15,Telkom,Gauteng,Johannesburg,JHB-CBD-003,JHB-CBD-003-B,RAN,99.68,99.08,0.6,98.85,0.31,98.41,46.88,39.68,-18.16,14.31,48.5,-93.6,-9.9,13.3,49.58,47,1,2,1,0.21,48,1,0,0,0,normal,
2026-09-14T07:15,Telkom,Gauteng,Johannesburg,JHB-CBD-003,JHB-CBD-003-C,RAN,99.2,99.09,0.11,98.24,0.76,98.27,34.64,41.01,15.53,11.78,55.8,-80.2,-10.6,14.8,50.94,38,1,4,4,0.75,49,1,0,0,0,normal,
2026-09-14T07:15,Telkom,Gauteng,Soweto,JHB-SOW-018,JHB-SOW-018-A,RAN,98.69,99.17,-0.48,98.65,0.46,97.84,40.74,40.1,-1.6,12.14,53.9,-81.7,-9.2,20.8,55.69,49,6,6,1,0.13,44,1,0,0,0,normal,
2026-09-14T07:15,Telkom,Gauteng,Soweto,JHB-SOW-018,JHB-SOW-018-B,RAN,99.39,99.04,0.35,99.07,0.66,99.39,39.19,42.14,7.01,11.44,49.0,-87.0,-11.5,14.3,45.95,40,1,4,3,0.84,85,1,0,0,0,normal,
2026-09-14T07:15,Telkom,Gauteng,Soweto,JHB-SOW-018,JHB-SOW-018-C,RAN,99.13,99.03,0.1,99.07,0.39,98.39,36.91,39.23,5.91,13.03,62.4,-89.8,-10.5,12.3,56.88,46,2,3,3,0.44,52,1,0,0,0,normal,
2026-09-14T07:15,Telkom,Gauteng,Pretoria,PTA-HAT-011,PTA-HAT-011-A,RAN,99.35,99.0,0.35,98.59,0.65,98.86,33.49,40.98,18.28,11.71,66.5,-82.8,-8.8,13.9,63.25,52,5,1,2,0.83,83,1,0,0,0,normal,
2026-09-14T07:15,Telkom,Gauteng,Pretoria,PTA-HAT-011,PTA-HAT-011-B,RAN,98.58,99.01,-0.43,98.74,0.19,98.78,32.12,40.92,21.5,12.03,65.6,-82.1,-10.0,18.8,65.76,51,11,7,0,0.53,181,1,0,0,0,normal,
2026-09-14T07:15,Telkom,Gauteng,Pretoria,PTA-HAT-011,PTA-HAT-011-C,RAN,99.25,99.14,0.11,98.97,0.31,99.1,38.67,40.91,5.48,12.59,56.1,-86.5,-8.9,16.5,58.68,56,5,0,2,0.38,48,1,0,0,0,normal,
2026-09-14T07:30,Telkom,Western Cape,Cape Town,CPT-BEL-007,CPT-BEL-007-A,RAN,99.07,99.08,-0.01,98.95,0.55,99.41,33.12,39.34,15.81,13.18,61.6,-90.9,-9.8,17.2,53.42,45,1,4,2,0.36,210,1,0,0,0,normal,
2026-09-14T07:30,Telkom,Western Cape,Cape Town,CPT-BEL-007,CPT-BEL-007-B,RAN,99.06,99.1,-0.04,99.15,0.37,98.77,33.13,42.13,21.37,9.7,54.2,-86.0,-10.6,17.4,53.86,48,1,0,2,0.52,0,1,0,0,0,normal,
2026-09-14T07:30,Telkom,Western Cape,Cape Town,CPT-BEL-007,CPT-BEL-007-C,RAN,99.05,99.14,-0.09,98.9,0.57,98.44,41.18,41.22,0.1,12.4,54.5,-87.4,-8.9,18.4,50.37,50,6,1,3,0.65,54,1,0,0,0,normal,
2026-09-14T07:30,Telkom,Gauteng,Johannesburg,JHB-CBD-003,JHB-CBD-003-A,RAN,99.64,99.21,0.43,98.79,0.68,98.47,39.25,40.55,3.2,10.43,56.1,-84.4,-10.3,13.6,59.26,57,2,3,4,0.49,83,1,0,0,0,normal,
2026-09-14T07:30,Telkom,Gauteng,Johannesburg,JHB-CBD-003,JHB-CBD-003-B,RAN,99.4,99.14,0.26,98.76,0.26,97.54,38.71,39.63,2.33,12.91,56.4,-90.3,-11.2,13.7,48.82,45,4,2,1,0.46,0,1,0,0,0,normal,
2026-09-14T07:30,Telkom,Gauteng,Johannesburg,JHB-CBD-003,JHB-CBD-003-C,RAN,98.8,99.16,-0.36,99.07,0.9,98.72,40.42,40.69,0.67,15.94,53.4,-87.7,-10.0,14.2,50.84,46,6,2,5,0.39,124,1,0,0,0,normal,
2026-09-14T07:30,Telkom,Gauteng,Soweto,JHB-SOW-018,JHB-SOW-018-A,RAN,98.42,99.16,-0.74,99.45,0.59,99.0,39.6,40.17,1.43,13.33,57.8,-82.2,-10.1,19.3,46.46,44,2,0,1,0.92,0,1,0,0,0,normal,
2026-09-14T07:30,Telkom,Gauteng,Soweto,JHB-SOW-018,JHB-SOW-018-B,RAN,99.15,99.09,0.06,99.3,0.22,98.9,47.85,41.74,-14.64,15.09,48.4,-89.6,-9.9,18.3,44.76,41,0,4,1,1.37,15,1,0,0,0,normal,
2026-09-14T07:30,Telkom,Gauteng,Soweto,JHB-SOW-018,JHB-SOW-018-C,RAN,98.92,99.02,-0.1,98.65,0.34,97.89,35.87,39.02,8.07,13.62,57.5,-85.7,-7.9,18.2,53.54,43,7,4,1,0.51,82,1,0,0,0,normal,
2026-09-14T07:30,Telkom,Gauteng,Pretoria,PTA-HAT-011,PTA-HAT-011-A,RAN,99.32,99.08,0.24,98.99,0.59,98.63,34.62,40.63,14.79,14.53,57.9,-84.6,-9.8,16.7,52.35,47,2,3,0,0.41,135,1,0,0,0,normal,
2026-09-14T07:30,Telkom,Gauteng,Pretoria,PTA-HAT-011,PTA-HAT-011-B,RAN,98.84,99.02,-0.18,99.63,0.69,97.56,38.92,40.21,3.22,14.28,50.4,-88.3,-11.3,15.3,54.32,55,7,0,3,0.73,132,1,0,0,0,normal,
2026-09-14T07:30,Telkom,Gauteng,Pretoria,PTA-HAT-011,PTA-HAT-011-C,RAN,98.97,99.13,-0.16,98.49,0.45,98.03,40.41,40.49,0.2,11.88,48.6,-83.9,-7.5,13.9,54.83,45,0,4,2,1.27,0,1,0,0,0,normal,
2026-09-14T07:45,Telkom,Western Cape,Cape Town,CPT-BEL-007,CPT-BEL-007-A,RAN,99.1,99.06,0.04,99.3,0.58,98.88,38.82,39.14,0.83,13.98,57.1,-88.1,-10.8,19.3,51.92,46,2,4,2,0.89,11,1,0,0,0,normal,
2026-09-14T07:45,Telkom,Western Cape,Cape Town,CPT-BEL-007,CPT-BEL-007-B,RAN,99.08,99.11,-0.03,98.19,0.76,98.73,41.04,41.63,1.42,12.77,51.3,-85.2,-10.5,19.6,49.27,44,4,12,5,0.88,16,1,0,0,0,normal,
2026-09-14T07:45,Telkom,Western Cape,Cape Town,CPT-BEL-007,CPT-BEL-007-C,RAN,98.68,99.12,-0.44,98.94,0.78,98.06,31.4,41.27,23.92,10.49,47.5,-84.9,-11.8,12.2,64.25,53,9,6,5,0.1,70,1,0,0,0,normal,
2026-09-14T07:45,Telkom,Gauteng,Johannesburg,JHB-CBD-003,JHB-CBD-003-A,RAN,98.91,99.2,-0.29,98.82,0.2,98.58,30.55,39.94,23.52,9.19,55.1,-87.8,-8.5,20.9,60.42,62,6,2,1,0.35,8,1,0,0,0,normal,
2026-09-14T07:45,Telkom,Gauteng,Johannesburg,JHB-CBD-003,JHB-CBD-003-B,RAN,98.95,99.18,-0.23,99.09,0.54,98.7,34.48,39.65,13.04,12.45,48.4,-83.3,-10.8,19.1,55.35,59,3,4,2,0.67,0,1,0,0,0,normal,
2026-09-14T07:45,Telkom,Gauteng,Johannesburg,JHB-CBD-003,JHB-CBD-003-C,RAN,98.56,99.11,-0.55,98.5,0.13,98.97,43.28,40.84,-5.96,10.88,60.8,-88.2,-9.1,19.8,55.22,55,4,4,0,1.1,0,1,0,0,0,normal,
2026-09-14T07:45,Telkom,Gauteng,Soweto,JHB-SOW-018,JHB-SOW-018-A,RAN,99.43,99.11,0.32,98.41,0.73,98.96,48.48,40.2,-20.6,13.04,51.3,-86.1,-9.3,17.0,50.94,44,2,10,4,0.68,23,1,0,0,0,normal,
2026-09-14T07:45,Telkom,Gauteng,Soweto,JHB-SOW-018,JHB-SOW-018-B,RAN,99.65,99.13,0.52,99.0,0.74,97.96,41.47,41.55,0.19,12.97,51.5,-85.1,-8.6,17.1,44.83,36,0,2,0,0.1,0,1,0,0,0,normal,
2026-09-14T07:45,Telkom,Gauteng,Soweto,JHB-SOW-018,JHB-SOW-018-C,RAN,99.76,99.01,0.75,98.67,0.57,98.61,39.56,38.93,-1.63,13.54,48.6,-85.2,-10.0,13.4,55.25,42,1,1,0,0.79,0,1,0,0,0,normal,
2026-09-14T07:45,Telkom,Gauteng,Pretoria,PTA-HAT-011,PTA-HAT-011-A,RAN,98.5,99.06,-0.56,98.55,0.36,98.0,38.02,40.06,5.1,10.06,46.2,-89.8,-9.6,17.4,58.14,59,16,6,3,0.79,0,1,0,0,0,normal,
2026-09-14T07:45,Telkom,Gauteng,Pretoria,PTA-HAT-011,PTA-HAT-011-B,RAN,99.64,98.98,0.66,98.47,0.63,98.82,31.6,40.57,22.11,10.97,61.9,-87.8,-8.7,14.0,62.46,55,0,6,2,0.83,181,1,0,0,0,normal,
2026-09-14T07:45,Telkom,Gauteng,Pretoria,PTA-HAT-011,PTA-HAT-011-C,RAN,98.95,99.15,-0.2,99.03,0.7,98.5,33.65,40.14,16.17,13.55,52.9,-83.8,-10.0,11.4,60.16,54,3,3,3,0.61,0,1,0,0,0,normal,
2026-09-14T08:00,Telkom,Western Cape,Cape Town,CPT-BEL-007,CPT-BEL-007-A,RAN,99.5,99.05,0.45,98.53,0.97,98.8,39.48,38.82,-1.71,13.02,52.0,-93.7,-10.1,15.3,46.91,46,3,2,4,1.46,38,1,0,0,0,normal,
2026-09-14T08:00,Telkom,Western Cape,Cape Town,CPT-BEL-007,CPT-BEL-007-B,RAN,99.02,99.13,-0.11,98.75,0.67,98.29,40.71,41.32,1.48,13.47,69.2,-87.2,-10.1,18.3,54.85,48,3,1,1,1.32,30,1,0,0,0,normal,
2026-09-14T08:00,Telkom,Western Cape,Cape Town,CPT-BEL-007,CPT-BEL-007-C,RAN,99.38,99.09,0.29,98.75,0.64,97.85,34.03,41.07,17.14,10.86,61.2,-80.3,-10.1,18.5,58.48,56,3,6,4,0.53,45,1,0,0,0,normal,
2026-09-14T08:00,Telkom,Gauteng,Johannesburg,JHB-CBD-003,JHB-CBD-003-A,RAN,99.54,99.22,0.32,98.48,0.9,98.93,45.58,39.21,-16.26,11.98,55.6,-87.7,-10.3,16.5,48.66,50,2,8,4,0.25,99,1,0,0,0,normal,
2026-09-14T08:00,Telkom,Gauteng,Johannesburg,JHB-CBD-003,JHB-CBD-003-B,RAN,98.86,99.19,-0.33,98.69,0.63,97.99,39.93,39.4,-1.35,10.9,58.1,-84.9,-8.5,16.8,54.39,49,4,5,1,0.75,0,1,0,0,0,normal,
2026-09-14T08:00,Telkom,Gauteng,Johannesburg,JHB-CBD-003,JHB-CBD-003-C,RAN,99.18,99.06,0.12,98.64,0.73,99.2,45.62,40.66,-12.2,12.8,59.0,-81.7,-11.4,16.4,52.76,46,3,2,3,0.46,86,1,0,0,0,normal,
2026-09-14T08:00,Telkom,Gauteng,Soweto,JHB-SOW-018,JHB-SOW-018-A,RAN,99.2,99.15,0.05,99.24,0.32,98.65,36.54,40.52,9.82,10.63,75.7,-89.4,-9.8,17.1,60.76,52,4,3,0,0.38,27,1,0,0,0,normal,
2026-09-14T08:00,Telkom,Gauteng,Soweto,JHB-SOW-018,JHB-SOW-018-B,RAN,98.96,99.17,-0.21,98.39,0.7,98.18,49.37,41.75,-18.24,13.47,52.1,-88.2,-11.7,17.8,49.08,48,4,5,2,1.2,170,1,0,0,0,normal,
2026-09-14T08:00,Telkom,Gauteng,Soweto,JHB-SOW-018,JHB-SOW-018-C,RAN,99.09,99.05,0.04,98.63,0.31,98.76,33.94,39.08,13.14,8.55,64.2,-83.8,-9.4,19.7,65.56,51,6,5,0,1.25,38,1,0,0,0,normal,
2026-09-14T08:00,Telkom,Gauteng,Pretoria,PTA-HAT-011,PTA-HAT-011-A,RAN,99.02,99.05,-0.03,99.22,0.57,98.15,38.97,39.63,1.67,9.2,64.2,-89.3,-10.4,18.7,63.46,58,3,3,2,0.22,105,1,0,0,0,normal,
2026-09-14T08:00,Telkom,Gauteng,Pretoria,PTA-HAT-011,PTA-HAT-011-B,RAN,99.42,98.98,0.44,98.6,0.7,98.84,43.38,39.94,-8.62,10.56,53.8,-86.9,-10.3,14.8,56.21,57,6,8,5,0.48,49,1,0,0,0,normal,
2026-09-14T08:00,Telkom,Gauteng,Pretoria,PTA-HAT-011,PTA-HAT-011-C,RAN,99.13,99.17,-0.04,98.87,0.7,98.14,41.46,39.46,-5.07,13.11,42.8,-87.8,-8.7,17.9,59.82,53,6,0,3,0.72,124,1,0,0,0,normal,
2026-09-14T08:15,Telkom,Western Cape,Cape Town,CPT-BEL-007,CPT-BEL-007-A,RAN,99.53,99.07,0.46,98.34,0.07,99.27,41.89,38.23,-9.59,9.25,44.3,-82.0,-11.1,18.8,45.63,40,3,10,0,0.75,149,0,0,0,0,normal,
2026-09-14T08:15,Telkom,Western Cape,Cape Town,CPT-BEL-007,CPT-BEL-007-B,RAN,99.01,99.1,-0.09,99.39,0.45,99.76,44.53,41.41,-7.52,12.14,45.4,-85.4,-10.0,13.7,51.81,47,6,1,1,0.49,0,0,0,0,0,normal,
2026-09-14T08:15,Telkom,Western Cape,Cape Town,CPT-BEL-007,CPT-BEL-007-C,RAN,99.13,99.12,0.01,98.4,0.75,98.0,46.95,40.17,-16.88,13.82,50.8,-81.3,-9.5,15.4,44.42,40,4,6,4,0.75,94,0,0,0,0,normal,
2026-09-14T08:15,Telkom,Gauteng,Johannesburg,JHB-CBD-003,JHB-CBD-003-A,RAN,99.04,99.23,-0.19,98.89,0.44,97.82,40.08,39.1,-2.5,9.45,58.5,-80.1,-9.3,16.3,59.83,57,3,5,3,0.92,116,0,0,0,0,normal,
2026-09-14T08:15,Telkom,Gauteng,Johannesburg,JHB-CBD-003,JHB-CBD-003-B,RAN,99.58,99.18,0.4,99.14,0.29,99.49,34.69,39.03,11.11,12.85,57.4,-84.9,-10.8,17.0,52.78,50,0,4,1,0.27,30,0,0,0,0,normal,
2026-09-14T08:15,Telkom,Gauteng,Johannesburg,JHB-CBD-003,JHB-CBD-003-C,RAN,99.47,99.05,0.42,98.95,0.28,98.19,41.16,41.27,0.26,13.49,61.5,-89.4,-7.5,19.6,55.82,49,2,1,1,0.71,72,0,0,0,0,normal,
2026-09-14T08:15,Telkom,Gauteng,Soweto,JHB-SOW-018,JHB-SOW-018-A,RAN,99.06,99.13,-0.07,98.65,0.48,98.05,45.55,40.57,-12.28,12.74,42.4,-87.4,-12.5,18.2,46.83,50,3,4,3,0.63,141,0,0,0,0,normal,
2026-09-14T08:15,Telkom,Gauteng,Soweto,JHB-SOW-018,JHB-SOW-018-B,RAN,99.1,99.16,-0.06,98.76,0.38,98.54,34.82,42.07,17.24,8.62,59.0,-87.2,-10.5,16.4,70.26,56,2,4,2,0.87,91,0,0,0,0,normal,
2026-09-14T08:15,Telkom,Gauteng,Soweto,JHB-SOW-018,JHB-SOW-018-C,RAN,99.18,99.08,0.1,98.9,0.05,98.14,43.72,38.59,-13.28,11.57,45.9,-85.0,-10.3,20.9,51.58,50,6,5,1,0.35,98,0,0,0,0,normal,
2026-09-14T08:15,Telkom,Gauteng,Pretoria,PTA-HAT-011,PTA-HAT-011-A,RAN,98.93,99.05,-0.12,99.34,0.06,98.22,40.02,38.98,-2.66,11.22,50.7,-85.4,-10.8,20.7,63.93,55,11,2,1,1.05,33,0,0,0,0,normal,
2026-09-14T08:15,Telkom,Gauteng,Pretoria,PTA-HAT-011,PTA-HAT-011-B,RAN,99.07,99.0,0.07,98.79,0.71,99.06,33.74,40.13,15.92,9.35,58.7,-86.0,-11.3,15.2,62.52,53,1,5,2,1.31,160,0,0,0,0,normal,
2026-09-14T08:15,Telkom,Gauteng,Pretoria,PTA-HAT-011,PTA-HAT-011-C,RAN,99.9,99.2,0.7,98.75,0.59,98.64,27.39,39.72,31.04,10.89,53.9,-87.2,-8.2,16.8,65.15,56,0,3,3,0.29,0,0,0,0,0,normal,
2026-09-14T08:30,Telkom,Western Cape,Cape Town,CPT-BEL-007,CPT-BEL-007-A,RAN,99.15,99.09,0.06,98.72,0.89,97.87,36.74,38.22,3.87,9.08,57.9,-86.1,-11.0,17.1,57.1,56,5,6,4,0.46,17,1,0,0,0,normal,
2026-09-14T08:30,Telkom,Western Cape,Cape Town,CPT-BEL-007,CPT-BEL-007-B,RAN,99.2,99.08,0.12,98.74,0.46,98.53,37.06,41.66,11.05,9.65,67.0,-84.5,-8.3,15.0,64.42,47,4,2,3,0.38,0,1,0,0,0,normal,
2026-09-14T08:30,Telkom,Western Cape,Cape Town,CPT-BEL-007,CPT-BEL-007-C,RAN,98.94,99.16,-0.22,98.94,0.45,99.36,36.65,40.47,9.45,11.09,61.7,-81.5,-12.2,15.1,49.98,48,6,3,2,0.27,125,1,0,0,0,normal,
2026-09-14T08:30,Telkom,Gauteng,Johannesburg,JHB-CBD-003,JHB-CBD-003-A,RAN,99.6,99.19,0.41,99.37,0.9,98.38,34.23,39.71,13.81,10.39,58.0,-88.2,-8.8,16.0,66.09,54,2,0,3,0.89,0,1,0,0,0,normal,
2026-09-14T08:30,Telkom,Gauteng,Johannesburg,JHB-CBD-003,JHB-CBD-003-B,RAN,98.4,99.24,-0.84,98.84,0.7,98.01,38.39,38.39,-0.01,12.28,49.7,-89.2,-10.4,17.5,52.04,45,10,3,4,0.82,0,1,0,0,0,normal,
2026-09-14T08:30,Telkom,Gauteng,Johannesburg,JHB-CBD-003,JHB-CBD-003-C,RAN,99.39,99.08,0.31,99.31,0.24,98.53,40.08,41.89,4.31,10.59,56.1,-86.2,-10.1,19.2,57.55,47,0,2,0,0.75,123,1,0,0,0,normal,
2026-09-14T08:30,Telkom,Gauteng,Soweto,JHB-SOW-018,JHB-SOW-018-A,RAN,98.98,99.11,-0.13,98.97,0.05,98.14,44.99,41.09,-9.5,14.13,44.7,-86.6,-9.4,17.5,49.95,48,0,3,0,0.28,0,1,0,0,0,normal,
2026-09-14T08:30,Telkom,Gauteng,Soweto,JHB-SOW-018,JHB-SOW-018-B,RAN,98.8,99.16,-0.36,99.48,0.46,98.75,44.27,41.79,-5.94,12.95,47.0,-81.5,-9.5,13.2,50.95,48,6,3,3,1.28,161,1,0,0,0,normal,
2026-09-14T08:30,Telkom,Gauteng,Soweto,JHB-SOW-018,JHB-SOW-018-C,RAN,99.11,99.08,0.03,99.76,0.63,97.86,40.65,38.54,-5.47,12.68,47.0,-88.2,-10.0,15.7,55.73,49,8,0,2,0.14,11,1,0,0,0,normal,
2026-09-14T08:30,Telkom,Gauteng,Pretoria,PTA-HAT-011,PTA-HAT-011-A,RAN,98.94,99.06,-0.12,99.58,0.66,98.66,33.8,38.96,13.24,10.57,62.1,-87.4,-10.9,15.7,62.08,60,8,0,5,0.52,86,1,0,0,0,normal,
2026-09-14T08:30,Telkom,Gauteng,Pretoria,PTA-HAT-011,PTA-HAT-011-B,RAN,99.35,98.99,0.36,99.25,0.57,98.33,36.77,40.04,8.16,10.9,66.0,-83.4,-9.9,16.7,62.11,53,2,3,2,1.04,29,1,0,0,0,normal,
2026-09-14T08:30,Telkom,Gauteng,Pretoria,PTA-HAT-011,PTA-HAT-011-C,RAN,99.2,99.2,-0.0,98.83,0.11,98.99,39.72,39.01,-1.82,8.21,45.5,-84.7,-7.9,17.8,60.04,60,2,4,0,0.77,0,1,0,0,0,normal,
2026-09-14T08:45,Telkom,Western Cape,Cape Town,CPT-BEL-007,CPT-BEL-007-A,RAN,98.64,99.09,-0.45,98.47,0.95,99.49,32.23,38.33,15.91,13.66,52.5,-88.2,-10.4,14.1,61.1,56,3,1,5,0.44,65,1,0,0,0,normal,
2026-09-14T08:45,Telkom,Western Cape,Cape Town,CPT-BEL-007,CPT-BEL-007-B,RAN,99.41,99.1,0.31,98.95,0.51,97.91,37.93,41.29,8.13,12.31,54.1,-87.4,-9.1,19.2,53.08,45,3,3,2,1.38,55,1,0,0,0,normal,
2026-09-14T08:45,Telkom,Western Cape,Cape Town,CPT-BEL-007,CPT-BEL-007-C,RAN,98.75,99.15,-0.4,98.95,0.17,98.62,33.68,40.37,16.57,11.09,71.9,-84.7,-8.9,20.8,59.4,50,5,0,2,0.94,138,1,0,0,0,normal,
2026-09-14T08:45,Telkom,Gauteng,Johannesburg,JHB-CBD-003,JHB-CBD-003-A,RAN,99.09,99.21,-0.12,98.9,0.21,98.89,37.74,39.48,4.4,10.78,50.6,-82.6,-8.7,13.7,55.57,59,1,5,2,1.17,17,1,0,0,0,normal,
2026-09-14T08:45,Telkom,Gauteng,Johannesburg,JHB-CBD-003,JHB-CBD-003-B,RAN,99.4,99.18,0.22,99.08,0.48,97.21,34.16,38.12,10.38,12.47,63.4,-86.6,-10.7,20.0,59.51,59,5,4,4,0.57,52,1,0,0,0,normal,
2026-09-14T08:45,Telkom,Gauteng,Johannesburg,JHB-CBD-003,JHB-CBD-003-C,RAN,99.07,99.05,0.02,99.06,0.72,98.54,39.86,41.62,4.23,8.65,53.5,-87.5,-9.5,16.3,60.57,52,3,4,4,0.78,0,1,0,0,0,normal,
2026-09-14T08:45,Telkom,Gauteng,Soweto,JHB-SOW-018,JHB-SOW-018-A,RAN,98.82,99.09,-0.27,99.07,0.93,98.57,37.76,40.67,7.17,10.77,58.4,-83.2,-9.2,16.2,64.62,56,7,2,2,1.12,78,1,0,0,0,normal,
2026-09-14T08:45,Telkom,Gauteng,Soweto,JHB-SOW-018,JHB-SOW-018-B,RAN,99.37,99.18,0.19,99.07,0.05,99.15,43.3,41.91,-3.31,15.31,41.6,-82.2,-10.9,14.6,50.19,42,1,5,0,0.24,0,1,0,0,0,normal,
2026-09-14T08:45,Telkom,Gauteng,Soweto,JHB-SOW-018,JHB-SOW-018-C,RAN,98.87,99.12,-0.25,99.21,0.62,98.23,42.7,38.74,-10.21,13.57,50.4,-81.6,-11.0,15.4,49.25,47,6,2,3,1.03,40,1,0,0,0,normal,
2026-09-14T08:45,Telkom,Gauteng,Pretoria,PTA-HAT-011,PTA-HAT-011-A,RAN,98.63,99.04,-0.41,99.5,0.31,98.25,31.76,38.56,17.64,11.39,62.3,-82.2,-8.8,16.9,74.48,68,5,2,1,0.83,38,1,0,0,0,normal,
2026-09-14T08:45,Telkom,Gauteng,Pretoria,PTA-HAT-011,PTA-HAT-011-B,RAN,99.15,98.96,0.19,98.87,0.34,98.3,36.24,40.12,9.68,11.84,64.4,-84.5,-9.3,18.7,57.43,59,5,10,2,0.45,111,1,0,0,0,normal,
2026-09-14T08:45,Telkom,Gauteng,Pretoria,PTA-HAT-011,PTA-HAT-011-C,RAN,99.29,99.22,0.07,98.3,0.45,98.24,29.48,38.73,23.88,12.62,65.5,-88.0,-9.6,15.9,69.39,63,6,13,2,0.69,273,1,0,0,0,normal,
2026-09-14T09:00,Telkom,Western Cape,Cape Town,CPT-BEL-007,CPT-BEL-007-A,RAN,98.43,99.12,-0.69,98.52,0.38,98.14,40.29,38.13,-5.66,10.57,50.8,-88.3,-7.6,13.9,59.3,55,5,4,0,0.34,0,1,0,0,0,normal,
2026-09-14T09:00,Telkom,Western Cape,Cape Town,CPT-BEL-007,CPT-BEL-007-B,RAN,99.6,99.11,0.49,97.75,0.21,98.56,38.27,40.64,5.82,13.64,49.5,-85.9,-8.0,15.7,55.61,55,3,6,1,0.6,63,1,0,0,0,normal,
2026-09-14T09:00,Telkom,Western Cape,Cape Town,CPT-BEL-007,CPT-BEL-007-C,RAN,98.7,99.12,-0.42,99.25,0.49,98.23,21.36,39.96,46.54,9.22,56.3,-85.2,-11.0,16.1,59.14,57,4,5,3,0.96,143,1,0,0,0,normal,
2026-09-14T09:00,Telkom,Gauteng,Johannesburg,JHB-CBD-003,JHB-CBD-003-A,RAN,98.93,99.23,-0.3,98.87,0.88,97.39,36.33,38.88,6.55,11.1,52.1,-86.9,-12.1,19.0,54.01,55,7,2,4,1.26,8,1,0,0,0,normal,
2026-09-14T09:00,Telkom,Gauteng,Johannesburg,JHB-CBD-003,JHB-CBD-003-B,RAN,99.25,99.22,0.03,98.11,0.83,98.77,30.83,37.78,18.4,10.42,56.6,-83.8,-10.9,16.7,60.2,44,0,4,2,1.06,58,1,0,0,0,normal,
2026-09-14T09:00,Telkom,Gauteng,Johannesburg,JHB-CBD-003,JHB-CBD-003-C,RAN,99.02,99.08,-0.06,99.06,0.4,98.68,42.89,41.46,-3.45,10.49,51.0,-81.3,-11.7,19.3,44.8,50,2,3,1,0.65,29,1,0,0,0,normal,
2026-09-14T09:00,Telkom,Gauteng,Soweto,JHB-SOW-018,JHB-SOW-018-A,RAN,99.03,99.08,-0.05,98.79,0.48,97.87,32.37,40.52,20.12,14.02,42.4,-86.6,-8.5,15.1,43.53,52,4,4,1,0.64,13,1,0,0,0,normal,
2026-09-14T09:00,Telkom,Gauteng,Soweto,JHB-SOW-018,JHB-SOW-018-B,RAN,98.86,99.18,-0.32,98.91,0.36,98.94,45.84,42.34,-8.26,8.98,59.3,-85.8,-8.9,13.8,49.64,51,8,3,1,1.22,51,1,0,0,0,normal,
2026-09-14T09:00,Telkom,Gauteng,Soweto,JHB-SOW-018,JHB-SOW-018-C,RAN,99.02,99.09,-0.07,99.06,0.43,97.85,33.24,38.94,14.65,12.33,50.5,-87.9,-11.8,17.3,57.9,45,5,6,1,0.1,96,1,0,0,0,normal,
2026-09-14T09:00,Telkom,Gauteng,Pretoria,PTA-HAT-011,PTA-HAT-011-A,RAN,98.93,99.04,-0.11,98.62,0.25,98.04,35.75,37.51,4.68,12.88,61.1,-83.4,-10.8,18.5,65.31,62,6,4,0,0.92,186,1,0,0,0,normal,
2026-09-14T09:00,Telkom,Gauteng,Pretoria,PTA-HAT-011,PTA-HAT-011-B,RAN,99.0,98.99,0.01,98.79,0.52,98.24,41.85,40.33,-3.76,10.72,48.7,-86.4,-11.5,16.0,52.13,58,7,5,2,0.8,118,1,0,0,0,normal,
2026-09-14T09:00,Telkom,Gauteng,Pretoria,PTA-HAT-011,PTA-HAT-011-C,RAN,99.22,99.21,0.01,98.76,0.83,98.02,24.59,38.19,35.61,12.58,65.5,-87.2,-10.3,13.1,64.18,65,7,9,6,0.44,220,1,0,0,0,normal,
2026-09-14T09:15,Telkom,Western Cape,Cape Town,CPT-BEL-007,CPT-BEL-007-A,RAN,98.92,99.04,-0.12,99.17,0.3,98.4,40.05,38.1,-5.12,13.14,54.9,-86.9,-10.5,18.8,56.01,59,2,0,0,0.62,77,1,0,0,0,normal,
2026-09-14T09:15,Telkom,Western Cape,Cape Town,CPT-BEL-007,CPT-BEL-007-B,RAN,99.9,99.16,0.74,98.67,0.53,98.4,39.41,40.34,2.31,14.6,50.7,-85.4,-9.6,16.3,54.84,57,0,6,3,0.67,0,1,0,0,0,normal,
2026-09-14T09:15,Telkom,Western Cape,Cape Town,CPT-BEL-007,CPT-BEL-007-C,RAN,99.36,99.09,0.27,98.95,0.33,98.38,40.57,38.91,-4.28,10.64,44.9,-82.7,-9.5,16.4,56.7,56,3,5,1,0.1,117,1,0,0,0,normal,
2026-09-14T09:15,Telkom,Gauteng,Johannesburg,JHB-CBD-003,JHB-CBD-003-A,RAN,99.58,99.18,0.4,98.37,0.68,97.96,36.74,38.51,4.6,11.65,47.0,-84.4,-7.0,19.1,59.74,60,0,6,3,0.47,163,1,0,0,0,normal,
2026-09-14T09:15,Telkom,Gauteng,Johannesburg,JHB-CBD-003,JHB-CBD-003-B,RAN,99.37,99.25,0.12,99.07,0.38,98.92,41.28,37.33,-10.6,13.31,47.8,-87.1,-9.2,19.2,56.59,48,3,2,3,1.3,0,1,0,0,0,normal,
2026-09-14T09:15,Telkom,Gauteng,Johannesburg,JHB-CBD-003,JHB-CBD-003-C,RAN,98.78,99.07,-0.29,99.25,0.18,99.11,42.09,41.5,-1.42,15.02,57.3,-89.0,-7.3,22.9,56.92,59,3,4,0,0.86,57,1,0,0,0,normal,
2026-09-14T09:15,Telkom,Gauteng,Soweto,JHB-SOW-018,JHB-SOW-018-A,RAN,99.1,99.03,0.07,98.56,0.23,98.39,31.17,39.55,21.19,14.11,50.9,-82.2,-8.5,21.0,52.12,51,4,6,2,1.02,136,1,0,0,0,normal,
2026-09-14T09:15,Telkom,Gauteng,Soweto,JHB-SOW-018,JHB-SOW-018-B,RAN,99.61,99.13,0.48,98.56,0.56,97.37,42.87,42.53,-0.81,13.16,56.4,-82.5,-9.5,17.0,57.32,48,1,8,3,0.43,0,1,0,0,0,normal,
2026-09-14T09:15,Telkom,Gauteng,Soweto,JHB-SOW-018,JHB-SOW-018-C,RAN,98.94,99.06,-0.12,99.32,0.68,98.29,30.13,38.49,21.73,13.69,57.9,-84.5,-8.1,18.5,62.02,55,3,1,5,1.06,0,1,0,0,0,normal,
2026-09-14T09:15,Telkom,Gauteng,Pretoria,PTA-HAT-011,PTA-HAT-011-A,RAN,98.92,99.01,-0.09,98.5,0.34,98.87,40.2,37.15,-8.21,10.26,56.6,-90.9,-9.9,15.1,62.28,66,8,8,3,0.59,148,1,0,0,0,normal,
2026-09-14T09:15,Telkom,Gauteng,Pretoria,PTA-HAT-011,PTA-HAT-011-B,RAN,99.29,98.97,0.32,98.8,0.13,97.96,31.67,40.43,21.67,10.53,47.6,-83.3,-10.2,17.6,60.45,53,1,3,0,0.83,0,1,0,0,0,normal,
2026-09-14T09:15,Telkom,Gauteng,Pretoria,PTA-HAT-011,PTA-HAT-011-C,RAN,99.11,99.21,-0.1,98.87,0.22,99.13,35.21,36.7,4.05,11.02,68.8,-88.9,-9.4,16.5,69.48,67,4,6,3,0.81,171,1,0,0,0,normal,
2026-09-14T09:30,Telkom,Western Cape,Cape Town,CPT-BEL-007,CPT-BEL-007-A,RAN,99.16,99.06,0.1,98.78,0.44,98.2,30.3,38.58,21.46,9.59,59.4,-83.7,-7.5,17.9,68.32,61,1,1,1,0.4,3,0,0,0,0,normal,
2026-09-14T09:30,Telkom,Western Cape,Cape Town,CPT-BEL-007,CPT-BEL-007-B,RAN,99.28,99.2,0.08,99.61,1.16,99.5,28.72,40.44,28.98,9.52,56.3,-82.3,-10.3,12.5,66.55,64,6,3,7,0.81,80,0,0,0,0,normal,
2026-09-14T09:30,Telkom,Western Cape,Cape Town,CPT-BEL-007,CPT-BEL-007-C,RAN,99.11,99.08,0.03,99.33,0.27,98.16,33.35,39.26,15.05,11.64,50.9,-82.5,-9.4,16.6,65.76,62,6,0,0,1.04,0,0,0,0,0,normal,
2026-09-14T09:30,Telkom,Gauteng,Johannesburg,JHB-CBD-003,JHB-CBD-003-A,RAN,99.41,99.22,0.19,98.86,0.6,98.53,35.03,38.19,8.28,13.22,51.8,-86.0,-9.8,17.1,50.44,49,2,2,2,0.83,0,0,0,0,0,normal,
2026-09-14T09:30,Telkom,Gauteng,Johannesburg,JHB-CBD-003,JHB-CBD-003-B,RAN,99.34,99.25,0.09,98.63,0.84,98.34,37.27,37.54,0.72,12.68,59.7,-84.0,-11.8,15.9,62.09,57,3,9,5,0.91,8,0,0,0,0,normal,
2026-09-14T09:30,Telkom,Gauteng,Johannesburg,JHB-CBD-003,JHB-CBD-003-C,RAN,98.6,99.07,-0.47,98.59,0.51,98.44,35.64,41.21,13.52,13.44,51.8,-81.5,-10.0,19.3,59.14,54,8,4,3,0.22,0,0,0,0,0,normal,
2026-09-14T09:30,Telkom,Gauteng,Soweto,JHB-SOW-018,JHB-SOW-018-A,RAN,98.87,99.05,-0.18,99.16,0.31,99.09,34.79,39.44,11.78,10.13,58.9,-86.8,-9.6,17.2,64.95,58,5,4,2,1.1,0,0,0,0,0,normal,
2026-09-14T09:30,Telkom,Gauteng,Soweto,JHB-SOW-018,JHB-SOW-018-B,RAN,99.53,99.14,0.39,99.08,0.1,97.94,38.2,42.23,9.54,14.15,52.9,-87.7,-9.5,16.8,54.36,59,1,4,0,1.11,0,0,0,0,0,normal,
2026-09-14T09:30,Telkom,Gauteng,Soweto,JHB-SOW-018,JHB-SOW-018-C,RAN,99.12,99.05,0.07,98.79,0.17,98.93,37.83,37.77,-0.16,9.92,46.0,-86.7,-10.9,20.1,46.16,48,5,3,3,1.12,0,0,0,0,0,normal,
2026-09-14T09:30,Telkom,Gauteng,Pretoria,PTA-HAT-011,PTA-HAT-011-A,RAN,99.1,99.01,0.09,98.9,0.46,98.28,37.64,37.65,0.02,12.25,56.5,-87.6,-12.6,18.8,59.83,62,4,3,1,0.8,85,0,0,0,0,normal,
2026-09-14T09:30,Telkom,Gauteng,Pretoria,PTA-HAT-011,PTA-HAT-011-B,RAN,99.02,98.96,0.06,98.72,0.54,99.55,35.53,39.5,10.06,12.94,64.0,-88.9,-9.4,13.5,58.51,66,4,8,1,0.48,9,0,0,0,0,normal,
2026-09-14T09:30,Telkom,Gauteng,Pretoria,PTA-HAT-011,PTA-HAT-011-C,RAN,99.4,99.21,0.19,99.2,0.7,98.9,31.21,36.38,14.22,9.54,52.6,-85.8,-9.9,14.7,64.56,66,4,2,5,0.98,0,0,0,0,0,normal,
2026-09-14T09:45,Telkom,Western Cape,Cape Town,CPT-BEL-007,CPT-BEL-007-A,RAN,99.59,99.06,0.53,99.1,0.48,98.8,37.78,37.22,-1.51,12.09,58.6,-85.2,-9.6,15.4,59.4,54,2,2,3,1.07,0,0,0,0,0,normal,
2026-09-14T09:45,Telkom,Western Cape,Cape Town,CPT-BEL-007,CPT-BEL-007-B,RAN,99.48,99.22,0.26,98.75,0.83,98.05,35.82,39.37,9.02,10.8,56.9,-90.2,-11.0,18.7,50.08,52,1,7,4,0.89,68,0,0,0,0,normal,
2026-09-14T09:45,Telkom,Western Cape,Cape Town,CPT-BEL-007,CPT-BEL-007-C,RAN,98.46,99.07,-0.61,98.7,0.62,98.01,40.43,38.51,-4.98,10.24,58.1,-84.2,-9.2,17.2,51.18,50,6,4,0,0.1,31,0,0,0,0,normal,
2026-09-14T09:45,Telkom,Gauteng,Johannesburg,JHB-CBD-003,JHB-CBD-003-A,RAN,98.68,99.26,-0.58,98.01,0.57,98.33,38.23,37.96,-0.72,9.98,59.8,-88.1,-10.8,16.1,65.99,69,8,8,2,0.25,125,0,0,0,0,normal,
2026-09-14T09:45,Telkom,Gauteng,Johannesburg,JHB-CBD-003,JHB-CBD-003-B,RAN,98.63,99.25,-0.62,99.33,0.17,98.55,42.43,37.26,-13.87,10.03,53.9,-87.3,-9.1,19.5,53.89,56,8,1,0,0.94,73,0,0,0,0,normal,
2026-09-14T09:45,Telkom,Gauteng,Johannesburg,JHB-CBD-003,JHB-CBD-003-C,RAN,98.7,99.04,-0.34,98.67,0.58,97.51,40.11,40.66,1.34,11.59,55.5,-87.8,-10.7,20.6,54.57,56,7,4,2,0.17,164,0,0,0,0,normal,
2026-09-14T09:45,Telkom,Gauteng,Soweto,JHB-SOW-018,JHB-SOW-018-A,RAN,98.94,99.02,-0.08,98.62,0.31,98.0,34.29,39.04,12.16,11.49,55.4,-87.0,-10.3,15.0,62.46,56,5,5,3,0.54,50,0,0,0,0,normal,
2026-09-14T09:45,Telkom,Gauteng,Soweto,JHB-SOW-018,JHB-SOW-018-B,RAN,99.13,99.14,-0.02,98.35,0.79,99.67,35.65,41.7,14.5,11.4,59.5,-87.8,-10.1,16.1,58.15,56,4,2,2,0.66,90,0,0,0,0,normal,
2026-09-14T09:45,Telkom,Gauteng,Soweto,JHB-SOW-018,JHB-SOW-018-C,RAN,99.9,99.01,0.89,99.01,0.22,99.03,35.07,38.11,7.97,7.6,65.1,-84.8,-11.8,17.6,64.04,55,0,0,0,0.25,0,0,0,0,0,normal,
2026-09-14T09:45,Telkom,Gauteng,Pretoria,PTA-HAT-011,PTA-HAT-011-A,RAN,99.36,99.01,0.35,98.85,0.43,98.64,34.53,37.36,7.57,11.54,62.7,-87.9,-10.7,18.6,57.52,59,3,4,3,0.98,0,0,0,0,0,normal,
2026-09-14T09:45,Telkom,Gauteng,Pretoria,PTA-HAT-011,PTA-HAT-011-B,RAN,99.61,98.96,0.65,99.02,0.71,99.11,31.76,39.53,19.65,11.48,61.4,-83.1,-9.9,16.4,60.17,58,3,5,5,1.33,91,0,0,0,0,normal,
2026-09-14T09:45,Telkom,Gauteng,Pretoria,PTA-HAT-011,PTA-HAT-011-C,RAN,98.93,99.21,-0.28,98.45,0.56,98.84,29.22,35.36,17.36,10.0,59.7,-84.8,-8.2,15.3,66.3,62,9,10,3,0.37,64,0,0,0,0,normal,
2026-09-14T10:00,Telkom,Western Cape,Cape Town,CPT-BEL-007,CPT-BEL-007-A,RAN,99.1,99.09,0.0,98.65,0.58,98.77,32.96,37.27,11.56,11.55,57.2,-85.1,-10.9,19.6,53.68,53,2,2,2,0.4,70,1,0,0,0,normal,
2026-09-14T10:00,Telkom,Western Cape,Cape Town,CPT-BEL-007,CPT-BEL-007-B,RAN,98.58,99.24,-0.66,99.2,0.67,97.77,44.23,38.92,-13.64,10.15,48.5,-84.8,-9.4,16.9,59.49,53,11,4,5,0.1,111,1,0,0,0,normal,
2026-09-14T10:00,Telkom,Western Cape,Cape Town,CPT-BEL-007,CPT-BEL-007-C,RAN,99.81,99.05,0.76,98.41,0.74,98.38,33.0,38.25,13.74,12.05,52.5,-85.6,-10.4,17.2,53.14,57,0,7,4,0.86,45,1,0,0,0,normal,
2026-09-14T10:00,Telkom,Gauteng,Johannesburg,JHB-CBD-003,JHB-CBD-003-A,RAN,98.76,99.24,-0.48,99.01,0.67,98.43,40.4,37.83,-6.8,9.71,48.3,-86.9,-9.8,20.1,71.49,62,10,7,3,1.61,28,1,0,0,0,normal,
2026-09-14T10:00,Telkom,Gauteng,Johannesburg,JHB-CBD-003,JHB-CBD-003-B,RAN,98.96,99.22,-0.26,99.34,0.3,98.61,32.01,37.08,13.66,8.61,56.3,-91.0,-8.4,14.9,66.62,55,3,1,1,0.72,61,1,0,0,0,normal,
2026-09-14T10:00,Telkom,Gauteng,Johannesburg,JHB-CBD-003,JHB-CBD-003-C,RAN,98.92,99.0,-0.08,98.89,0.43,97.96,37.74,40.77,7.43,11.1,52.3,-86.9,-10.7,15.4,56.49,54,4,0,3,1.05,16,1,0,0,0,normal,
2026-09-14T10:00,Telkom,Gauteng,Soweto,JHB-SOW-018,JHB-SOW-018-A,RAN,99.02,99.01,0.01,98.34,0.57,98.03,37.48,38.37,2.33,7.92,49.3,-86.1,-10.1,14.4,70.4,64,6,5,3,0.54,133,1,0,0,0,normal,
2026-09-14T10:00,Telkom,Gauteng,Soweto,JHB-SOW-018,JHB-SOW-018-B,RAN,99.13,99.14,-0.02,98.51,0.49,98.82,34.61,40.82,15.22,12.68,49.6,-88.2,-9.9,18.7,46.6,49,3,6,1,0.48,0,1,0,0,0,normal,
2026-09-14T10:00,Telkom,Gauteng,Soweto,JHB-SOW-018,JHB-SOW-018-C,RAN,98.97,99.06,-0.09,98.42,0.64,97.92,35.87,37.75,4.99,8.42,60.6,-84.5,-9.7,21.1,60.97,50,6,4,3,0.1,34,1,0,0,0,normal,
2026-09-14T10:00,Telkom,Gauteng,Pretoria,PTA-HAT-011,PTA-HAT-011-A,RAN,98.86,99.03,-0.17,98.79,0.05,98.77,41.66,36.83,-13.11,12.37,55.2,-82.4,-8.4,18.2,55.19,63,10,5,0,0.61,21,1,0,0,0,normal,
2026-09-14T10:00,Telkom,Gauteng,Pretoria,PTA-HAT-011,PTA-HAT-011-B,RAN,99.47,99.02,0.45,98.23,0.9,97.36,40.8,38.66,-5.52,12.71,51.2,-84.6,-10.3,16.8,52.54,56,4,10,7,0.64,0,1,0,0,0,normal,
2026-09-14T10:00,Telkom,Gauteng,Pretoria,PTA-HAT-011,PTA-HAT-011-C,RAN,99.11,99.16,-0.05,99.11,0.17,98.74,31.35,34.49,9.1,9.69,53.7,-81.3,-10.4,12.6,64.61,61,5,0,0,1.19,199,1,0,0,0,normal,
2026-09-14T10:15,Telkom,Western Cape,Cape Town,CPT-BEL-007,CPT-BEL-007-A,RAN,99.48,99.07,0.41,99.2,0.16,98.42,41.64,37.33,-11.54,8.22,66.4,-83.7,-10.2,18.7,50.11,53,2,5,1,0.44,0,1,0,0,0,normal,
2026-09-14T10:15,Telkom,Western Cape,Cape Town,CPT-BEL-007,CPT-BEL-007-B,RAN,99.42,99.22,0.2,98.74,0.54,98.3,43.89,39.34,-11.58,13.13,47.1,-92.3,-11.5,21.6,51.92,49,0,3,1,1.24,0,1,0,0,0,normal,
2026-09-14T10:15,Telkom,Western Cape,Cape Town,CPT-BEL-007,CPT-BEL-007-C,RAN,99.9,99.07,0.83,99.04,0.87,99.13,28.9,37.65,23.25,12.7,51.4,-85.7,-10.3,19.8,63.05,58,4,5,5,0.74,148,1,0,0,0,normal,
2026-09-14T10:15,Telkom,Gauteng,Johannesburg,JHB-CBD-003,JHB-CBD-003-A,RAN,98.85,99.22,-0.37,99.11,0.59,98.24,31.42,37.53,16.28,10.42,50.7,-87.9,-11.8,15.0,67.3,57,5,0,1,0.12,0,1,0,0,0,normal,
2026-09-14T10:15,Telkom,Gauteng,Johannesburg,JHB-CBD-003,JHB-CBD-003-B,RAN,99.03,99.21,-0.18,98.62,0.46,98.56,29.74,36.68,18.91,10.59,61.2,-83.7,-9.2,15.5,62.18,53,3,4,0,0.58,0,1,0,0,0,normal,
2026-09-14T10:15,Telkom,Gauteng,Johannesburg,JHB-CBD-003,JHB-CBD-003-C,RAN,98.97,98.94,0.03,98.84,0.21,98.47,36.88,40.01,7.83,8.22,55.6,-79.9,-11.3,19.7,59.13,63,10,10,0,0.7,64,1,0,0,0,normal,
2026-09-14T10:15,Telkom,Gauteng,Soweto,JHB-SOW-018,JHB-SOW-018-A,RAN,98.98,99.0,-0.02,98.26,0.54,97.97,36.68,38.35,4.34,12.48,58.7,-89.1,-9.7,17.0,57.11,56,1,6,1,0.48,73,1,0,0,0,normal,
2026-09-14T10:15,Telkom,Gauteng,Soweto,JHB-SOW-018,JHB-SOW-018-B,RAN,99.11,99.15,-0.04,98.82,0.5,98.78,41.41,40.83,-1.42,11.07,51.8,-88.4,-7.9,16.8,52.14,52,6,4,1,0.94,37,1,0,0,0,normal,
2026-09-14T10:15,Telkom,Gauteng,Soweto,JHB-SOW-018,JHB-SOW-018-C,RAN,98.86,99.05,-0.19,99.09,0.3,99.04,40.44,37.75,-7.12,12.65,42.3,-84.4,-8.3,14.8,53.34,52,8,5,2,0.87,65,1,0,0,0,normal,
2026-09-14T10:15,Telkom,Gauteng,Pretoria,PTA-HAT-011,PTA-HAT-011-A,RAN,99.39,99.02,0.37,98.31,0.74,98.6,29.84,36.77,18.84,11.3,61.7,-86.3,-8.0,19.4,69.2,68,3,11,4,0.97,30,1,0,0,0,normal,
2026-09-14T10:15,Telkom,Gauteng,Pretoria,PTA-HAT-011,PTA-HAT-011-B,RAN,99.55,99.08,0.47,98.84,0.83,99.18,31.64,38.71,18.27,9.55,53.9,-80.6,-9.7,19.3,66.05,79,8,8,8,0.94,42,1,0,0,0,normal,
2026-09-14T10:15,Telkom,Gauteng,Pretoria,PTA-HAT-011,PTA-HAT-011-C,RAN,99.05,99.18,-0.13,99.08,0.12,98.56,32.43,33.89,4.32,11.22,63.4,-89.3,-8.2,17.4,66.07,64,5,5,0,0.54,0,1,0,0,0,normal,
2026-09-14T10:30,Telkom,Western Cape,Cape Town,CPT-BEL-007,CPT-BEL-007-A,RAN,99.51,99.11,0.4,98.28,0.25,98.2,33.75,37.64,10.33,10.6,47.7,-86.8,-7.6,18.8,64.59,64,1,8,1,0.28,18,0,0,0,0,normal,
2026-09-14T10:30,Telkom,Western Cape,Cape Town,CPT-BEL-007,CPT-BEL-007-B,RAN,98.69,99.25,-0.56,98.86,0.09,98.57,41.84,39.06,-7.12,11.27,56.0,-87.1,-11.2,15.4,50.48,52,9,6,0,0.9,4,0,0,0,0,normal,
2026-09-14T10:30,Telkom,Western Cape,Cape Town,CPT-BEL-007,CPT-BEL-007-C,RAN,99.12,99.14,-0.02,98.34,0.37,98.68,34.46,36.31,5.09,9.63,49.1,-87.7,-7.4,16.5,57.4,52,4,2,3,1.09,41,0,0,0,0,normal,
2026-09-14T10:30,Telkom,Gauteng,Johannesburg,JHB-CBD-003,JHB-CBD-003-A,RAN,99.41,99.21,0.2,99.2,1.0,97.53,38.95,37.63,-3.5,10.45,58.6,-88.6,-8.5,18.0,59.04,53,3,6,5,0.56,130,0,0,0,0,normal,
2026-09-14T10:30,Telkom,Gauteng,Johannesburg,JHB-CBD-003,JHB-CBD-003-B,RAN,98.67,99.19,-0.52,99.42,0.48,97.64,39.72,36.33,-9.34,10.47,50.1,-84.9,-8.4,16.6,56.25,51,5,2,2,0.2,0,0,0,0,0,normal,
2026-09-14T10:30,Telkom,Gauteng,Johannesburg,JHB-CBD-003,JHB-CBD-003-C,RAN,99.6,98.92,0.68,98.72,0.36,98.17,39.69,40.07,0.94,11.15,55.4,-90.5,-9.8,18.7,63.73,61,0,1,1,0.58,0,0,0,0,0,normal,
2026-09-14T10:30,Telkom,Gauteng,Soweto,JHB-SOW-018,JHB-SOW-018-A,RAN,98.48,98.97,-0.49,99.1,0.5,99.56,41.13,37.97,-8.33,10.11,66.0,-84.3,-9.7,20.0,61.25,59,12,5,1,0.58,110,0,0,0,0,normal,
2026-09-14T10:30,Telkom,Gauteng,Soweto,JHB-SOW-018,JHB-SOW-018-B,RAN,99.19,99.14,0.05,98.61,0.58,98.32,31.29,40.84,23.39,10.79,58.8,-85.9,-9.0,16.2,60.26,51,2,5,3,1.14,181,0,0,0,0,normal,
2026-09-14T10:30,Telkom,Gauteng,Soweto,JHB-SOW-018,JHB-SOW-018-C,RAN,99.3,99.05,0.25,98.22,0.26,98.64,43.08,37.7,-14.26,10.86,45.1,-84.4,-10.4,15.4,58.04,53,0,8,1,0.58,139,0,0,0,0,normal,
2026-09-14T10:30,Telkom,Gauteng,Pretoria,PTA-HAT-011,PTA-HAT-011-A,RAN,99.79,99.06,0.73,98.15,0.64,98.29,34.2,36.64,6.65,9.44,54.5,-82.0,-8.3,18.7,59.05,57,0,6,3,0.47,0,0,0,0,0,normal,
2026-09-14T10:30,Telkom,Gauteng,Pretoria,PTA-HAT-011,PTA-HAT-011-B,RAN,99.09,99.14,-0.05,98.73,0.36,98.8,33.65,38.15,11.78,11.79,56.1,-82.4,-12.4,17.7,62.6,58,4,5,1,0.39,29,0,0,0,0,normal,
2026-09-14T10:30,Telkom,Gauteng,Pretoria,PTA-HAT-011,PTA-HAT-011-C,RAN,99.06,99.19,-0.13,98.97,0.47,99.37,33.49,33.62,0.39,8.75,47.8,-89.7,-8.9,16.0,66.36,66,6,9,4,0.53,0,0,0,0,0,normal,
2026-09-14T10:45,Telkom,Western Cape,Cape Town,CPT-BEL-007,CPT-BEL-007-A,RAN,99.2,99.13,0.07,99.15,0.67,98.77,41.31,37.43,-10.37,12.53,53.0,-83.1,-10.6,17.4,52.9,57,2,3,2,1.37,148,0,0,0,0,normal,
2026-09-14T10:45,Telkom,Western Cape,Cape Town,CPT-BEL-007,CPT-BEL-007-B,RAN,99.41,99.23,0.18,99.06,0.42,98.71,35.46,39.14,9.39,11.24,57.5,-90.2,-10.9,16.7,60.06,57,1,3,0,0.45,31,0,0,0,0,normal,
2026-09-14T10:45,Telkom,Western Cape,Cape Town,CPT-BEL-007,CPT-BEL-007-C,RAN,98.94,99.11,-0.17,99.32,0.29,99.13,39.31,35.52,-10.68,12.21,56.0,-81.5,-10.7,17.5,63.85,57,3,2,2,1.34,138,0,0,0,0,normal,
2026-09-14T10:45,Telkom,Gauteng,Johannesburg,JHB-CBD-003,JHB-CBD-003-A,RAN,98.17,99.21,-1.04,98.39,0.36,99.01,32.0,37.55,14.79,7.59,51.4,-86.6,-10.1,17.7,68.49,67,12,7,1,0.33,81,0,0,0,0,normal,
2026-09-14T10:45,Telkom,Gauteng,Johannesburg,JHB-CBD-003,JHB-CBD-003-B,RAN,99.11,99.13,-0.02,99.0,0.9,99.05,29.1,36.48,20.24,10.38,56.6,-85.4,-10.7,17.8,61.22,59,4,1,4,0.94,0,0,0,0,0,normal,
2026-09-14T10:45,Telkom,Gauteng,Johannesburg,JHB-CBD-003,JHB-CBD-003-C,RAN,98.37,98.98,-0.61,98.77,0.51,98.48,31.12,39.72,21.66,8.84,60.3,-86.6,-9.3,17.6,71.03,65,10,4,2,0.27,113,0,0,0,0,normal,
2026-09-14T10:45,Telkom,Gauteng,Soweto,JHB-SOW-018,JHB-SOW-018-A,RAN,98.72,98.93,-0.21,98.91,0.56,99.03,40.52,38.39,-5.55,9.32,47.6,-84.4,-8.5,15.8,64.14,56,1,0,2,1.27,38,0,0,0,0,normal,
2026-09-14T10:45,Telkom,Gauteng,Soweto,JHB-SOW-018,JHB-SOW-018-B,RAN,98.89,99.17,-0.28,98.33,0.21,98.09,45.19,40.58,-11.36,9.82,56.4,-86.1,-9.0,17.7,59.36,57,6,10,1,0.59,0,0,0,0,0,normal,
2026-09-14T10:45,Telkom,Gauteng,Soweto,JHB-SOW-018,JHB-SOW-018-C,RAN,99.45,99.08,0.37,98.43,0.84,98.16,42.86,37.91,-13.06,12.39,47.4,-87.1,-11.4,22.0,59.43,52,0,0,3,0.56,0,0,0,0,0,normal,
2026-09-14T10:45,Telkom,Gauteng,Pretoria,PTA-HAT-011,PTA-HAT-011-A,RAN,99.29,99.12,0.17,99.04,0.69,97.94,38.88,35.92,-8.24,10.21,66.6,-84.2,-8.3,18.5,63.13,69,5,2,4,0.58,0,0,0,0,0,normal,
2026-09-14T10:45,Telkom,Gauteng,Pretoria,PTA-HAT-011,PTA-HAT-011-B,RAN,98.76,99.19,-0.43,98.41,0.57,98.39,44.44,37.2,-19.47,10.16,60.7,-90.3,-10.8,14.0,58.7,62,7,10,1,0.17,19,0,0,0,0,normal,
2026-09-14T10:45,Telkom,Gauteng,Pretoria,PTA-HAT-011,PTA-HAT-011-C,RAN,98.83,99.21,-0.38,98.7,0.05,99.61,38.34,33.59,-14.15,11.49,57.7,-85.0,-10.3,15.0,59.38,55,10,4,0,0.39,108,0,0,0,0,normal,
2026-09-14T11:00,Telkom,Western Cape,Cape Town,CPT-BEL-007,CPT-BEL-007-A,RAN,98.7,99.14,-0.44,98.04,0.89,97.84,42.58,37.59,-13.27,11.37,53.1,-87.7,-9.1,20.8,58.24,55,6,8,5,0.61,34,0,0,0,0,normal,
2026-09-14T11:00,Telkom,Western Cape,Cape Town,CPT-BEL-007,CPT-BEL-007-B,RAN,98.88,99.22,-0.34,98.34,0.31,98.24,39.35,38.42,-2.42,8.37,54.8,-89.5,-8.8,16.9,60.38,58,4,3,1,1.25,0,0,0,0,0,normal,
2026-09-14T11:00,Telkom,Western Cape,Cape Town,CPT-BEL-007,CPT-BEL-007-C,RAN,99.39,99.08,0.31,98.9,0.57,98.8,39.28,35.42,-10.89,13.04,40.4,-88.4,-11.3,18.2,50.98,52,5,11,2,1.05,0,0,0,0,0,normal,
2026-09-14T11:00,Telkom,Gauteng,Johannesburg,JHB-CBD-003,JHB-CBD-003-A,RAN,99.21,99.18,0.03,98.66,0.67,98.58,34.35,36.73,6.48,10.16,50.3,-82.0,-10.6,12.0,55.44,53,5,5,4,0.52,1,0,0,0,0,normal,
2026-09-14T11:00,Telkom,Gauteng,Johannesburg,JHB-CBD-003,JHB-CBD-003-B,RAN,99.74,99.11,0.63,99.47,0.14,99.01,29.0,36.2,19.88,12.67,52.5,-85.3,-10.8,17.0,59.4,64,1,1,0,0.91,0,0,0,0,0,normal,
2026-09-14T11:00,Telkom,Gauteng,Johannesburg,JHB-CBD-003,JHB-CBD-003-C,RAN,98.37,98.96,-0.59,99.0,0.58,98.67,37.08,39.28,5.6,12.37,55.0,-89.9,-9.3,20.7,57.13,63,13,5,5,0.49,44,0,0,0,0,normal,
2026-09-14T11:00,Telkom,Gauteng,Soweto,JHB-SOW-018,JHB-SOW-018-A,RAN,99.36,98.9,0.46,98.76,0.92,97.79,39.57,38.67,-2.33,13.57,40.2,-88.2,-8.9,18.0,47.08,47,4,8,5,0.38,10,0,0,0,0,normal,
2026-09-14T11:00,Telkom,Gauteng,Soweto,JHB-SOW-018,JHB-SOW-018-B,RAN,99.19,99.19,-0.0,98.5,0.54,98.99,45.92,41.15,-11.58,12.52,53.2,-79.9,-9.5,20.1,50.29,51,5,6,2,1.14,171,0,0,0,0,normal,
2026-09-14T11:00,Telkom,Gauteng,Soweto,JHB-SOW-018,JHB-SOW-018-C,RAN,98.9,99.14,-0.24,98.48,0.75,98.43,32.36,38.24,15.38,10.34,60.3,-89.8,-11.2,17.3,69.33,54,6,3,4,0.91,0,0,0,0,0,normal,
2026-09-14T11:00,Telkom,Gauteng,Pretoria,PTA-HAT-011,PTA-HAT-011-A,RAN,99.24,99.14,0.1,99.14,0.24,98.57,45.71,36.23,-26.17,11.61,58.5,-84.0,-8.4,18.4,52.43,57,5,2,1,0.61,98,0,0,0,0,normal,
2026-09-14T11:00,Telkom,Gauteng,Pretoria,PTA-HAT-011,PTA-HAT-011-B,RAN,98.76,99.19,-0.43,98.9,0.17,98.66,29.19,37.1,21.33,9.47,55.2,-84.9,-10.0,14.8,63.75,66,8,5,1,0.91,116,0,0,0,0,normal,
2026-09-14T11:00,Telkom,Gauteng,Pretoria,PTA-HAT-011,PTA-HAT-011-C,RAN,99.1,99.15,-0.05,99.37,0.51,98.23,18.55,33.86,45.22,8.13,60.8,-88.3,-8.7,16.5,77.77,72,4,3,4,0.94,23,0,0,0,0,normal,
2026-09-14T11:15,Telkom,Western Cape,Cape Town,CPT-BEL-007,CPT-BEL-007-A,RAN,98.62,99.14,-0.52,99.48,0.74,97.98,39.66,37.68,-5.24,14.01,70.9,-88.2,-10.1,19.5,52.41,59,11,4,3,0.97,183,0,0,0,0,normal,
2026-09-14T11:15,Telkom,Western Cape,Cape Town,CPT-BEL-007,CPT-BEL-007-B,RAN,99.34,99.2,0.14,98.65,0.52,98.47,36.13,38.9,7.13,12.0,65.8,-87.5,-9.2,16.1,68.54,62,3,9,4,0.87,58,0,0,0,0,normal,
2026-09-14T11:15,Telkom,Western Cape,Cape Town,CPT-BEL-007,CPT-BEL-007-C,RAN,98.46,99.1,-0.64,98.73,0.68,98.28,38.54,35.33,-9.09,12.53,57.1,-80.8,-10.9,17.4,51.59,49,4,3,2,0.66,0,0,0,0,0,normal,
2026-09-14T11:15,Telkom,Gauteng,Johannesburg,JHB-CBD-003,JHB-CBD-003-A,RAN,98.67,99.14,-0.47,98.89,0.05,98.37,36.24,36.79,1.49,12.41,61.1,-85.1,-10.5,19.6,63.88,63,7,8,1,0.1,26,0,0,0,0,normal,
2026-09-14T11:15,Telkom,Gauteng,Johannesburg,JHB-CBD-003,JHB-CBD-003-B,RAN,98.96,99.15,-0.19,98.89,0.64,98.3,45.71,36.16,-26.4,12.42,61.0,-85.7,-10.4,17.8,56.98,60,5,2,5,0.53,143,0,0,0,0,normal,
2026-09-14T11:15,Telkom,Gauteng,Johannesburg,JHB-CBD-003,JHB-CBD-003-C,RAN,99.18,98.94,0.24,98.23,0.31,98.05,30.37,39.27,22.66,10.13,59.3,-85.7,-10.2,18.1,69.74,56,5,8,0,0.19,0,0,0,0,0,normal,
2026-09-14T11:15,Telkom,Gauteng,Soweto,JHB-SOW-018,JHB-SOW-018-A,RAN,98.82,98.94,-0.12,98.61,0.85,98.48,45.06,38.85,-15.97,9.71,48.5,-87.2,-8.4,17.4,52.8,60,6,8,6,0.84,0,0,0,0,0,normal,
2026-09-14T11:15,Telkom,Gauteng,Soweto,JHB-SOW-018,JHB-SOW-018-B,RAN,99.16,99.19,-0.03,98.98,0.79,97.66,35.95,41.33,13.01,12.28,65.8,-87.0,-7.2,15.8,71.72,56,5,5,4,0.63,0,0,0,0,0,normal,
2026-09-14T11:15,Telkom,Gauteng,Soweto,JHB-SOW-018,JHB-SOW-018-C,RAN,98.42,99.16,-0.74,99.09,0.59,97.48,34.06,37.76,9.81,12.12,54.2,-87.2,-11.2,18.2,58.14,53,6,4,3,0.93,0,0,0,0,0,normal,
2026-09-14T11:15,Telkom,Gauteng,Pretoria,PTA-HAT-011,PTA-HAT-011-A,RAN,98.81,99.1,-0.29,99.46,0.5,98.01,35.73,36.82,2.96,8.0,51.0,-85.1,-11.4,18.7,64.7,67,4,0,3,0.46,0,0,0,0,0,normal,
2026-09-14T11:15,Telkom,Gauteng,Pretoria,PTA-HAT-011,PTA-HAT-011-B,RAN,98.82,99.16,-0.34,98.59,0.87,99.01,50.76,35.83,-41.66,14.64,48.2,-83.7,-9.7,16.7,54.73,66,8,7,2,0.34,36,0,0,0,0,normal,
2026-09-14T11:15,Telkom,Gauteng,Pretoria,PTA-HAT-011,PTA-HAT-011-C,RAN,99.05,99.16,-0.11,98.65,0.42,98.6,31.39,32.82,4.37,10.21,51.8,-85.7,-12.1,18.5,68.91,68,4,4,3,1.22,86,0,0,0,0,normal,
2026-09-14T11:30,Telkom,Western Cape,Cape Town,CPT-BEL-007,CPT-BEL-007-A,RAN,99.12,99.11,0.01,99.03,0.8,98.63,35.83,37.66,4.87,10.43,56.3,-87.1,-10.7,17.8,60.52,54,6,0,3,1.09,69,0,0,0,0,normal,
2026-09-14T11:30,Telkom,Western Cape,Cape Town,CPT-BEL-007,CPT-BEL-007-B,RAN,99.43,99.21,0.22,98.5,0.42,98.05,37.72,38.59,2.27,10.21,58.7,-86.3,-9.4,14.1,61.21,63,5,7,3,0.51,219,0,0,0,0,normal,
2026-09-14T11:30,Telkom,Western Cape,Cape Town,CPT-BEL-007,CPT-BEL-007-C,RAN,98.56,99.07,-0.51,98.77,0.73,99.0,35.54,35.82,0.78,9.49,56.4,-87.5,-9.2,17.1,61.2,60,2,3,4,1.02,45,0,0,0,0,normal,
2026-09-14T11:30,Telkom,Gauteng,Johannesburg,JHB-CBD-003,JHB-CBD-003-A,RAN,99.1,99.09,0.01,98.93,0.47,98.7,26.39,36.7,28.08,6.02,48.4,-87.0,-12.9,18.0,67.54,66,7,5,5,0.44,0,0,0,0,0,normal,
2026-09-14T11:30,Telkom,Gauteng,Johannesburg,JHB-CBD-003,JHB-CBD-003-B,RAN,98.76,99.1,-0.34,98.8,0.36,98.81,35.05,36.09,2.88,10.72,57.6,-87.1,-11.2,13.1,67.0,64,9,5,1,0.97,78,0,0,0,0,normal,
2026-09-14T11:30,Telkom,Gauteng,Johannesburg,JHB-CBD-003,JHB-CBD-003-C,RAN,99.39,98.94,0.45,98.6,0.05,98.5,32.59,39.0,16.44,10.56,55.2,-87.6,-9.8,14.0,62.28,63,5,6,1,0.84,16,0,0,0,0,normal,
2026-09-14T11:30,Telkom,Gauteng,Soweto,JHB-SOW-018,JHB-SOW-018-A,RAN,98.57,98.95,-0.38,99.29,0.49,98.78,35.12,39.12,10.23,12.01,52.7,-83.2,-10.5,18.5,67.73,53,10,0,3,0.18,194,0,0,0,0,normal,
2026-09-14T11:30,Telkom,Gauteng,Soweto,JHB-SOW-018,JHB-SOW-018-B,RAN,99.51,99.18,0.33,98.44,0.72,98.7,33.6,41.13,18.3,11.51,57.2,-90.8,-10.8,17.2,61.1,59,3,8,5,0.37,0,0,0,0,0,normal,
2026-09-14T11:30,Telkom,Gauteng,Soweto,JHB-SOW-018,JHB-SOW-018-C,RAN,98.98,99.11,-0.13,98.51,0.92,97.28,44.29,37.59,-17.84,12.67,46.0,-86.1,-8.4,14.6,52.92,54,3,7,5,0.78,0,0,0,0,0,normal,
2026-09-14T11:30,Telkom,Gauteng,Pretoria,PTA-HAT-011,PTA-HAT-011-A,RAN,98.7,99.06,-0.36,98.73,0.42,98.04,39.21,36.96,-6.09,12.57,52.6,-82.7,-10.7,16.8,62.1,58,6,5,1,1.09,81,0,0,0,0,normal,
2026-09-14T11:30,Telkom,Gauteng,Pretoria,PTA-HAT-011,PTA-HAT-011-B,RAN,98.89,99.18,-0.29,98.18,0.44,98.28,34.09,37.0,7.86,12.2,67.7,-81.9,-8.6,16.6,59.22,69,7,9,3,0.92,176,0,0,0,0,normal,
2026-09-14T11:30,Telkom,Gauteng,Pretoria,PTA-HAT-011,PTA-HAT-011-C,RAN,99.88,99.14,0.74,98.84,0.22,98.25,41.64,32.37,-28.65,11.43,56.6,-78.9,-9.0,15.3,50.39,57,1,4,0,0.93,76,0,0,0,0,normal,
2026-09-14T11:45,Telkom,Western Cape,Cape Town,CPT-BEL-007,CPT-BEL-007-A,RAN,98.92,99.11,-0.19,98.51,0.54,97.93,40.38,37.83,-6.74,10.81,63.5,-89.0,-9.6,20.0,65.39,57,9,6,3,1.0,1,0,0,0,0,normal,
2026-09-14T11:45,Telkom,Western Cape,Cape Town,CPT-BEL-007,CPT-BEL-007-B,RAN,98.94,99.23,-0.29,99.43,0.31,98.37,41.65,38.88,-7.12,12.74,48.7,-87.1,-9.0,20.1,50.09,51,7,6,0,1.18,0,0,0,0,0,normal,
2026-09-14T11:45,Telkom,Western Cape,Cape Town,CPT-BEL-007,CPT-BEL-007-C,RAN,99.28,99.04,0.24,98.77,0.85,99.17,37.1,35.47,-4.61,10.25,55.8,-90.6,-10.2,12.5,60.22,59,5,8,6,0.28,180,0,0,0,0,normal,
2026-09-14T11:45,Telkom,Gauteng,Johannesburg,JHB-CBD-003,JHB-CBD-003-A,RAN,99.9,99.06,0.84,98.5,0.45,98.29,36.33,35.89,-1.22,10.92,59.4,-82.1,-7.4,23.3,61.8,51,0,8,4,1.16,120,0,0,0,0,normal,
2026-09-14T11:45,Telkom,Gauteng,Johannesburg,JHB-CBD-003,JHB-CBD-003-B,RAN,99.22,99.06,0.16,99.42,0.54,98.8,31.43,35.86,12.36,12.7,46.1,-85.3,-9.7,18.2,46.98,53,2,4,2,0.53,80,0,0,0,0,normal,
2026-09-14T11:45,Telkom,Gauteng,Johannesburg,JHB-CBD-003,JHB-CBD-003-C,RAN,99.5,98.97,0.53,98.93,0.05,98.53,36.57,38.51,5.04,10.82,49.8,-87.4,-10.0,19.4,61.22,63,2,9,0,0.47,0,0,0,0,0,normal,
2026-09-14T11:45,Telkom,Gauteng,Soweto,JHB-SOW-018,JHB-SOW-018-A,RAN,99.84,98.96,0.88,99.23,0.56,97.72,33.36,38.84,14.12,16.43,50.1,-86.2,-11.1,21.1,63.81,59,0,2,2,0.52,0,0,0,0,0,normal,
2026-09-14T11:45,Telkom,Gauteng,Soweto,JHB-SOW-018,JHB-SOW-018-B,RAN,98.47,99.2,-0.73,98.24,0.21,98.86,33.78,40.23,16.04,12.74,49.3,-85.9,-9.6,20.2,58.57,58,11,6,1,0.7,0,0,0,0,0,normal,
2026-09-14T11:45,Telkom,Gauteng,Soweto,JHB-SOW-018,JHB-SOW-018-C,RAN,98.76,99.12,-0.36,99.11,0.21,98.94,42.87,38.11,-12.48,14.1,53.0,-86.5,-10.0,14.9,47.01,44,7,3,1,0.87,0,0,0,0,0,normal,
2026-09-14T11:45,Telkom,Gauteng,Pretoria,PTA-HAT-011,PTA-HAT-011-A,RAN,98.81,99.03,-0.22,99.4,0.39,99.35,33.12,37.24,11.08,12.2,56.8,-82.5,-10.7,14.6,59.02,60,5,0,2,0.73,120,0,0,0,0,normal,
2026-09-14T11:45,Telkom,Gauteng,Pretoria,PTA-HAT-011,PTA-HAT-011-B,RAN,99.14,99.18,-0.04,98.77,0.42,99.36,37.33,36.69,-1.73,13.11,59.9,-88.2,-10.4,14.6,59.63,53,2,7,2,0.53,21,0,0,0,0,normal,
2026-09-14T11:45,Telkom,Gauteng,Pretoria,PTA-HAT-011,PTA-HAT-011-C,RAN,99.76,99.2,0.56,98.76,0.14,98.59,33.39,32.45,-2.91,12.01,57.8,-86.8,-10.0,15.4,64.02,62,0,7,0,0.95,10,0,0,0,0,normal,
2026-09-14T12:00,Telkom,Western Cape,Cape Town,CPT-BEL-007,CPT-BEL-007-A,RAN,98.53,99.1,-0.57,98.95,0.71,97.91,38.47,37.93,-1.43,12.18,41.6,-87.4,-9.9,15.6,41.5,46,6,3,4,0.32,22,0,0,0,0,normal,
2026-09-14T12:00,Telkom,Western Cape,Cape Town,CPT-BEL-007,CPT-BEL-007-B,RAN,99.61,99.22,0.39,99.39,0.11,98.2,45.81,38.92,-17.7,13.85,60.1,-87.3,-8.8,15.5,54.94,48,0,0,0,1.07,69,0,0,0,0,normal,
2026-09-14T12:00,Telkom,Western Cape,Cape Town,CPT-BEL-007,CPT-BEL-007-C,RAN,98.92,99.08,-0.16,99.46,0.28,98.63,43.58,35.82,-21.66,10.84,59.1,-83.4,-10.8,16.8,61.23,58,5,4,0,0.97,101,0,0,0,0,normal,
2026-09-14T12:00,Telkom,Gauteng,Johannesburg,JHB-CBD-003,JHB-CBD-003-A,RAN,99.52,99.12,0.4,98.75,0.61,98.54,33.28,36.25,8.2,10.19,65.6,-85.7,-10.2,15.9,71.42,53,2,5,4,0.22,0,0,0,0,0,normal,
2026-09-14T12:00,Telkom,Gauteng,Johannesburg,JHB-CBD-003,JHB-CBD-003-B,RAN,98.88,99.08,-0.2,98.28,0.27,98.05,38.11,35.67,-6.84,10.81,58.7,-79.7,-9.1,19.0,54.13,57,2,5,1,0.4,0,0,0,0,0,normal,
2026-09-14T12:00,Telkom,Gauteng,Johannesburg,JHB-CBD-003,JHB-CBD-003-C,RAN,98.98,99.03,-0.05,98.7,0.47,98.29,37.49,38.09,1.58,10.56,61.9,-84.0,-8.2,17.4,53.97,60,6,5,1,1.01,24,0,0,0,0,normal,
2026-09-14T12:00,Telkom,Gauteng,Soweto,JHB-SOW-018,JHB-SOW-018-A,RAN,98.85,98.99,-0.14,98.95,0.49,98.44,30.86,37.9,18.57,11.87,57.4,-81.5,-8.3,19.5,66.76,57,0,2,2,0.6,0,0,0,0,0,normal,
2026-09-14T12:00,Telkom,Gauteng,Soweto,JHB-SOW-018,JHB-SOW-018-B,RAN,99.11,99.13,-0.02,98.77,0.98,98.25,33.04,39.75,16.89,12.73,65.4,-87.5,-10.3,19.4,58.38,46,0,6,6,1.0,14,0,0,0,0,normal,
2026-09-14T12:00,Telkom,Gauteng,Soweto,JHB-SOW-018,JHB-SOW-018-C,RAN,98.8,99.05,-0.25,98.73,0.32,98.32,36.28,38.32,5.32,13.61,56.2,-89.2,-12.3,14.8,56.85,50,3,7,0,0.31,36,0,0,0,0,normal,
2026-09-14T12:00,Telkom,Gauteng,Pretoria,PTA-HAT-011,PTA-HAT-011-A,RAN,98.94,99.05,-0.11,98.53,0.24,99.0,45.53,36.94,-23.26,11.44,63.5,-82.5,-9.2,19.1,57.46,54,7,7,1,0.63,64,0,0,0,0,normal,
2026-09-14T12:00,Telkom,Gauteng,Pretoria,PTA-HAT-011,PTA-HAT-011-B,RAN,99.19,99.15,0.04,98.56,0.99,97.87,32.38,37.05,12.61,12.08,55.4,-84.8,-9.7,14.9,63.15,63,5,6,6,1.05,0,0,0,0,0,normal,
2026-09-14T12:00,Telkom,Gauteng,Pretoria,PTA-HAT-011,PTA-HAT-011-C,RAN,99.53,99.25,0.28,99.33,0.61,98.8,29.03,32.43,10.48,11.53,48.9,-84.2,-11.0,15.9,63.44,52,2,1,5,0.66,156,0,0,0,0,normal,
2026-09-14T12:15,Telkom,Western Cape,Cape Town,CPT-BEL-007,CPT-BEL-007-A,RAN,99.09,99.04,0.05,99.18,0.3,98.38,32.91,37.87,13.09,11.31,66.4,-82.0,-9.8,20.2,64.64,48,2,6,2,0.72,76,0,0,0,0,normal,
2026-09-14T12:15,Telkom,Western Cape,Cape Town,CPT-BEL-007,CPT-BEL-007-B,RAN,99.32,99.26,0.06,98.53,0.12,98.95,33.9,39.24,13.61,13.2,60.0,-87.2,-10.5,17.5,60.85,54,4,3,0,0.49,132,0,0,1,0,normal,
2026-09-14T12:15,Telkom,Western Cape,Cape Town,CPT-BEL-007,CPT-BEL-007-C,RAN,99.2,99.05,0.15,98.63,0.49,97.53,32.1,36.42,11.86,12.12,53.4,-81.1,-8.0,18.6,61.56,56,4,3,1,0.26,6,0,0,0,0,normal,
2026-09-14T12:15,Telkom,Gauteng,Johannesburg,JHB-CBD-003,JHB-CBD-003-A,RAN,99.36,99.12,0.24,98.5,0.26,98.8,29.11,35.48,17.96,11.68,49.6,-88.6,-10.9,13.9,68.43,54,2,8,0,0.89,37,0,0,0,0,normal,
2026-09-14T12:15,Telkom,Gauteng,Johannesburg,JHB-CBD-003,JHB-CBD-003-B,RAN,98.92,99.08,-0.16,98.98,0.61,98.59,34.03,35.56,4.3,12.17,51.6,-84.9,-8.0,19.9,54.74,53,7,1,2,0.47,112,0,0,0,0,normal,
2026-09-14T12:15,Telkom,Gauteng,Johannesburg,JHB-CBD-003,JHB-CBD-003-C,RAN,99.39,99.02,0.37,99.03,0.58,98.89,32.25,37.59,14.19,11.75,49.3,-87.5,-9.6,17.5,58.76,61,4,4,2,1.1,0,0,0,0,0,normal,
2026-09-14T12:15,Telkom,Gauteng,Soweto,JHB-SOW-018,JHB-SOW-018-A,RAN,99.17,98.97,0.2,98.49,0.85,97.98,34.6,37.54,7.84,13.37,53.6,-82.4,-10.7,11.9,54.51,49,2,11,4,0.59,0,0,0,0,0,normal,
2026-09-14T12:15,Telkom,Gauteng,Soweto,JHB-SOW-018,JHB-SOW-018-B,RAN,99.1,99.14,-0.04,98.67,0.53,99.32,44.54,38.73,-14.99,13.14,45.0,-85.9,-10.4,21.3,49.99,52,5,4,1,0.34,9,0,0,0,0,normal,
2026-09-14T12:15,Telkom,Gauteng,Soweto,JHB-SOW-018,JHB-SOW-018-C,RAN,99.03,99.04,-0.01,98.92,0.79,98.58,33.81,38.47,12.1,12.59,48.1,-87.7,-10.0,18.9,59.52,51,0,3,4,1.11,0,0,0,0,0,normal,
2026-09-14T12:15,Telkom,Gauteng,Pretoria,PTA-HAT-011,PTA-HAT-011-A,RAN,99.23,99.04,0.19,98.71,0.24,99.07,41.04,37.35,-9.88,11.1,45.1,-84.6,-9.1,16.1,47.05,59,3,5,2,0.78,30,0,0,0,0,normal,
2026-09-14T12:15,Telkom,Gauteng,Pretoria,PTA-HAT-011,PTA-HAT-011-B,RAN,99.18,99.14,0.05,98.41,0.1,97.98,24.43,36.37,32.82,10.85,62.4,-85.3,-9.9,18.5,67.14,63,5,10,0,0.1,0,0,0,0,0,normal,
2026-09-14T12:15,Telkom,Gauteng,Pretoria,PTA-HAT-011,PTA-HAT-011-C,RAN,99.16,99.28,-0.12,98.38,0.17,98.68,36.12,31.65,-14.12,10.13,56.6,-85.1,-9.4,14.4,63.86,53,2,10,2,1.33,47,0,0,0,0,normal,
2026-09-14T12:30,Telkom,Western Cape,Cape Town,CPT-BEL-007,CPT-BEL-007-A,RAN,99.84,99.01,0.83,98.65,0.71,98.99,46.53,37.3,-24.73,15.43,45.5,-83.8,-9.5,15.4,47.28,56,1,8,4,0.3,1,0,0,0,0,normal,
2026-09-14T12:30,Telkom,Western Cape,Cape Town,CPT-BEL-007,CPT-BEL-007-B,RAN,98.58,99.28,-0.7,98.76,0.88,98.49,36.06,38.57,6.52,9.93,55.7,-86.2,-10.8,16.5,68.38,56,5,4,6,0.68,231,0,0,1,0,normal,
2026-09-14T12:30,Telkom,Western Cape,Cape Town,CPT-BEL-007,CPT-BEL-007-C,RAN,99.04,99.06,-0.02,99.33,0.5,98.43,36.19,35.49,-1.97,12.05,52.9,-91.3,-9.1,19.2,58.1,58,3,3,2,1.06,39,0,0,0,0,normal,
2026-09-14T12:30,Telkom,Gauteng,Johannesburg,JHB-CBD-003,JHB-CBD-003-A,RAN,99.03,99.14,-0.11,98.96,0.3,98.79,34.23,34.8,1.63,7.38,44.7,-84.5,-9.9,17.6,55.27,51,4,2,3,1.23,59,0,0,0,0,normal,
2026-09-14T12:30,Telkom,Gauteng,Johannesburg,JHB-CBD-003,JHB-CBD-003-B,RAN,99.41,99.04,0.37,98.33,0.67,99.02,36.8,35.52,-3.61,12.33,59.0,-85.4,-11.4,18.8,58.8,54,3,9,5,0.32,0,0,0,0,0,normal,
2026-09-14T12:30,Telkom,Gauteng,Johannesburg,JHB-CBD-003,JHB-CBD-003-C,RAN,99.18,99.01,0.17,98.02,0.57,98.84,37.96,37.03,-2.52,9.66,46.9,-86.1,-10.8,19.0,56.42,53,0,9,2,0.52,173,0,0,0,0,normal,
2026-09-14T12:30,Telkom,Gauteng,Soweto,JHB-SOW-018,JHB-SOW-018-A,RAN,99.47,98.97,0.5,98.75,0.71,97.79,36.51,36.86,0.95,11.15,57.2,-84.5,-9.9,14.7,57.47,53,5,6,3,0.65,53,0,0,0,0,normal,
2026-09-14T12:30,Telkom,Gauteng,Soweto,JHB-SOW-018,JHB-SOW-018-B,RAN,99.01,99.14,-0.12,98.75,0.37,97.94,33.79,39.34,14.11,8.26,56.5,-83.8,-9.6,14.7,67.01,50,3,4,1,1.02,7,0,0,0,0,normal,
2026-09-14T12:30,Telkom,Gauteng,Soweto,JHB-SOW-018,JHB-SOW-018-C,RAN,98.92,99.03,-0.11,98.37,0.78,98.39,34.49,37.85,8.87,11.32,57.9,-88.1,-9.6,19.2,59.68,46,3,1,1,1.02,10,0,0,0,0,normal,
2026-09-14T12:30,Telkom,Gauteng,Pretoria,PTA-HAT-011,PTA-HAT-011-A,RAN,99.43,99.06,0.37,98.96,0.59,97.5,40.44,37.41,-8.09,12.98,59.4,-84.7,-9.8,16.6,55.84,58,3,4,4,0.1,187,0,0,0,0,normal,
2026-09-14T12:30,Telkom,Gauteng,Pretoria,PTA-HAT-011,PTA-HAT-011-B,RAN,99.36,99.14,0.22,99.25,0.05,98.18,26.54,35.78,25.83,12.61,58.8,-87.2,-9.4,14.4,72.16,60,6,2,0,0.44,145,0,0,1,0,normal,
2026-09-14T12:30,Telkom,Gauteng,Pretoria,PTA-HAT-011,PTA-HAT-011-C,RAN,98.8,99.23,-0.43,98.77,0.37,98.59,30.16,32.2,6.33,11.76,51.1,-90.4,-11.1,15.0,61.61,57,2,5,2,0.99,144,0,0,0,0,normal,
2026-09-14T12:45,Telkom,Western Cape,Cape Town,CPT-BEL-007,CPT-BEL-007-A,RAN,99.41,99.05,0.36,98.76,0.82,98.8,44.45,37.92,-17.23,9.44,51.4,-88.5,-8.1,17.0,54.07,56,2,5,2,1.33,97,0,0,0,0,normal,
2026-09-14T12:45,Telkom,Western Cape,Cape Town,CPT-BEL-007,CPT-BEL-007-B,RAN,99.09,99.24,-0.15,98.91,0.45,98.89,40.07,38.51,-4.05,11.61,59.9,-84.8,-8.5,17.9,50.48,49,2,1,2,0.32,0,0,0,1,0,normal,
2026-09-14T12:45,Telkom,Western Cape,Cape Town,CPT-BEL-007,CPT-BEL-007-C,RAN,98.67,99.06,-0.39,99.11,0.87,99.05,35.87,35.46,-1.15,7.76,63.6,-83.0,-8.8,18.5,63.2,51,8,3,4,0.13,36,0,0,0,0,normal,
2026-09-14T12:45,Telkom,Gauteng,Johannesburg,JHB-CBD-003,JHB-CBD-003-A,RAN,98.7,99.1,-0.4,98.11,0.66,98.82,36.76,34.8,-5.64,11.98,48.4,-89.3,-11.1,20.7,49.87,55,8,12,5,0.54,0,0,0,0,0,normal,
2026-09-14T12:45,Telkom,Gauteng,Johannesburg,JHB-CBD-003,JHB-CBD-003-B,RAN,98.95,99.1,-0.15,98.77,0.91,98.57,41.83,35.42,-18.11,12.99,62.8,-86.9,-9.8,15.3,61.18,52,4,6,5,0.65,47,0,0,0,0,normal,
2026-09-14T12:45,Telkom,Gauteng,Johannesburg,JHB-CBD-003,JHB-CBD-003-C,RAN,98.78,99.0,-0.22,98.58,0.66,97.87,39.55,36.9,-7.19,11.03,53.6,-86.8,-10.3,15.5,67.5,57,2,6,4,0.82,0,0,0,0,0,normal,
2026-09-14T12:45,Telkom,Gauteng,Soweto,JHB-SOW-018,JHB-SOW-018-A,RAN,98.77,99.0,-0.23,98.31,0.72,99.55,30.3,36.33,16.6,10.8,52.2,-86.6,-9.3,14.7,65.41,50,4,6,4,0.92,0,0,0,0,0,normal,
2026-09-14T12:45,Telkom,Gauteng,Soweto,JHB-SOW-018,JHB-SOW-018-B,RAN,99.41,99.15,0.26,98.33,0.28,98.7,36.41,38.69,5.88,14.71,66.3,-88.8,-9.7,14.4,49.45,45,0,6,1,1.13,45,0,0,0,0,normal,
2026-09-14T12:45,Telkom,Gauteng,Soweto,JHB-SOW-018,JHB-SOW-018-C,RAN,98.8,99.02,-0.22,99.15,0.85,98.84,42.03,37.46,-12.2,12.51,52.9,-87.7,-9.5,16.9,51.44,46,6,1,3,1.03,146,0,0,0,0,normal,
2026-09-14T12:45,Telkom,Gauteng,Pretoria,PTA-HAT-011,PTA-HAT-011-A,RAN,99.52,99.09,0.43,98.42,0.44,98.49,38.21,37.83,-1.01,13.63,55.9,-84.7,-10.6,17.7,50.81,59,4,5,1,0.98,91,0,0,0,0,normal,
2026-09-14T12:45,Telkom,Gauteng,Pretoria,PTA-HAT-011,PTA-HAT-011-B,RAN,98.67,99.14,-0.47,98.82,1.04,99.24,42.69,35.14,-21.47,12.63,56.9,-83.6,-9.9,20.4,56.86,47,8,3,4,0.86,116,0,0,1,0,normal,
2026-09-14T12:45,Telkom,Gauteng,Pretoria,PTA-HAT-011,PTA-HAT-011-C,RAN,99.22,99.2,0.02,98.99,0.27,97.68,33.84,31.6,-7.09,10.05,58.7,-83.8,-10.2,18.0,59.08,60,2,7,2,1.05,233,0,0,0,0,normal,
2026-09-14T13:00,Telkom,Western Cape,Cape Town,CPT-BEL-007,CPT-BEL-007-A,RAN,99.12,99.1,0.02,98.81,1.02,98.6,36.05,38.68,6.8,13.57,52.1,-82.8,-9.6,19.4,56.16,50,3,0,6,0.1,25,0,0,0,0,normal,
2026-09-14T13:00,Telkom,Western Cape,Cape Town,CPT-BEL-007,CPT-BEL-007-B,RAN,99.25,99.22,0.03,98.86,0.69,98.83,42.1,38.65,-8.94,14.03,48.0,-84.5,-9.5,18.5,55.04,47,3,2,4,0.76,64,0,0,1,0,normal,
2026-09-14T13:00,Telkom,Western Cape,Cape Town,CPT-BEL-007,CPT-BEL-007-C,RAN,98.77,99.06,-0.29,98.49,0.05,98.57,38.62,35.6,-8.49,11.31,40.9,-89.3,-11.4,18.9,51.68,49,6,7,0,1.3,0,0,0,0,0,normal,
2026-09-14T13:00,Telkom,Gauteng,Johannesburg,JHB-CBD-003,JHB-CBD-003-A,RAN,99.53,99.08,0.45,98.36,0.63,98.6,39.01,34.74,-12.3,10.29,52.1,-87.5,-9.2,15.8,60.75,53,1,4,1,0.72,119,0,0,0,0,normal,
2026-09-14T13:00,Telkom,Gauteng,Johannesburg,JHB-CBD-003,JHB-CBD-003-B,RAN,99.5,99.08,0.42,98.65,0.49,98.56,37.2,35.9,-3.63,12.29,51.2,-86.6,-10.0,19.6,49.0,54,0,8,2,0.29,16,0,0,0,0,normal,
2026-09-14T13:00,Telkom,Gauteng,Johannesburg,JHB-CBD-003,JHB-CBD-003-C,RAN,98.81,98.98,-0.17,99.02,0.64,98.83,32.87,36.88,10.86,10.88,51.6,-88.3,-11.7,13.7,58.69,47,2,5,3,0.95,63,0,0,0,0,normal,
2026-09-14T13:00,Telkom,Gauteng,Soweto,JHB-SOW-018,JHB-SOW-018-A,RAN,99.28,99.0,0.28,98.19,0.72,97.85,38.2,35.86,-6.52,12.73,60.4,-82.3,-10.7,19.7,50.57,49,2,11,2,0.42,117,0,0,0,0,normal,
2026-09-14T13:00,Telkom,Gauteng,Soweto,JHB-SOW-018,JHB-SOW-018-B,RAN,99.61,99.15,0.46,98.28,0.57,98.56,41.3,38.26,-7.96,13.43,58.5,-90.9,-9.5,18.4,55.94,42,4,8,3,0.24,0,0,0,0,0,normal,
2026-09-14T13:00,Telkom,Gauteng,Soweto,JHB-SOW-018,JHB-SOW-018-C,RAN,99.49,99.01,0.48,98.63,0.34,98.95,34.32,37.42,8.28,11.24,54.2,-85.5,-11.1,18.0,63.87,45,0,1,1,0.1,57,0,0,0,0,normal,
2026-09-14T13:00,Telkom,Gauteng,Pretoria,PTA-HAT-011,PTA-HAT-011-A,RAN,99.74,99.14,0.59,98.7,0.13,98.62,33.21,38.23,13.13,12.16,51.7,-78.3,-7.7,18.2,62.88,61,1,4,0,1.16,67,0,0,0,0,normal,
2026-09-14T13:00,Telkom,Gauteng,Pretoria,PTA-HAT-011,PTA-HAT-011-B,RAN,99.11,99.11,-0.0,98.76,0.39,98.98,38.51,35.55,-8.34,12.5,45.3,-84.9,-9.7,16.7,60.04,55,7,12,3,0.2,0,0,0,1,0,normal,
2026-09-14T13:00,Telkom,Gauteng,Pretoria,PTA-HAT-011,PTA-HAT-011-C,RAN,98.7,99.2,-0.5,99.14,0.05,98.71,46.54,31.87,-46.02,13.82,46.0,-84.4,-11.1,16.4,53.14,54,7,6,0,0.47,71,0,0,0,0,normal,
2026-09-14T13:15,Telkom,Western Cape,Cape Town,CPT-BEL-007,CPT-BEL-007-A,RAN,99.18,99.14,0.04,98.97,0.54,98.9,38.2,38.42,0.56,9.27,56.6,-82.6,-10.4,16.3,57.62,46,1,0,0,0.48,87,0,0,0,0,normal,
2026-09-14T13:15,Telkom,Western Cape,Cape Town,CPT-BEL-007,CPT-BEL-007-B,RAN,99.9,99.2,0.7,98.36,0.36,99.12,36.58,38.88,5.93,11.06,55.8,-87.2,-11.4,17.3,56.84,49,1,8,0,0.54,130,0,0,0,0,normal,
2026-09-14T13:15,Telkom,Western Cape,Cape Town,CPT-BEL-007,CPT-BEL-007-C,RAN,99.28,99.06,0.22,98.13,0.61,98.82,39.97,36.68,-8.98,11.61,56.1,-81.5,-10.3,15.7,53.81,42,4,5,2,0.77,121,0,0,0,0,normal,
2026-09-14T13:15,Telkom,Gauteng,Johannesburg,JHB-CBD-003,JHB-CBD-003-A,RAN,99.3,99.12,0.18,99.08,0.05,98.8,31.69,34.9,9.21,11.56,53.2,-82.3,-8.6,19.1,64.67,57,0,1,0,0.73,11,0,0,0,0,normal,
2026-09-14T13:15,Telkom,Gauteng,Johannesburg,JHB-CBD-003,JHB-CBD-003-B,RAN,98.48,99.09,-0.61,98.54,0.49,98.17,40.43,36.29,-11.39,12.12,49.0,-84.4,-10.2,15.3,55.87,50,4,2,2,0.3,39,0,0,0,0,normal,
2026-09-14T13:15,Telkom,Gauteng,Johannesburg,JHB-CBD-003,JHB-CBD-003-C,RAN,99.23,98.97,0.26,98.82,0.47,99.41,46.61,36.25,-28.58,10.76,60.9,-86.5,-9.6,15.5,48.2,49,5,1,2,0.93,200,0,0,0,0,normal,
2026-09-14T13:15,Telkom,Gauteng,Soweto,JHB-SOW-018,JHB-SOW-018-A,RAN,98.91,99.02,-0.11,97.96,0.11,99.14,43.64,36.23,-20.46,12.98,54.4,-85.5,-8.5,16.1,41.54,43,2,4,0,0.27,93,0,0,0,0,normal,
2026-09-14T13:15,Telkom,Gauteng,Soweto,JHB-SOW-018,JHB-SOW-018-B,RAN,98.64,99.2,-0.56,98.59,0.3,98.89,47.13,37.97,-24.12,10.96,36.3,-85.2,-11.2,14.8,51.16,56,6,5,3,0.5,81,0,0,0,0,normal,
2026-09-14T13:15,Telkom,Gauteng,Soweto,JHB-SOW-018,JHB-SOW-018-C,RAN,99.21,99.04,0.17,98.91,0.54,99.33,47.64,37.49,-27.08,12.0,46.4,-84.3,-10.6,18.1,49.48,37,6,6,2,0.44,7,0,0,0,0,normal,
2026-09-14T13:15,Telkom,Gauteng,Pretoria,PTA-HAT-011,PTA-HAT-011-A,RAN,99.68,99.2,0.48,98.49,0.5,98.2,32.69,38.07,14.14,10.18,47.7,-87.2,-7.4,18.5,56.56,55,1,6,0,0.75,37,0,0,0,0,normal,
2026-09-14T13:15,Telkom,Gauteng,Pretoria,PTA-HAT-011,PTA-HAT-011-B,RAN,99.49,99.12,0.37,98.59,0.13,98.66,39.43,35.34,-11.58,12.69,58.7,-83.9,-10.8,14.3,55.91,52,0,4,0,1.05,20,0,0,1,0,normal,
2026-09-14T13:15,Telkom,Gauteng,Pretoria,PTA-HAT-011,PTA-HAT-011-C,RAN,99.15,99.17,-0.02,98.62,0.47,98.25,40.79,33.24,-22.7,8.87,57.8,-88.0,-9.0,17.1,52.48,56,5,8,3,0.98,0,0,0,0,0,normal,
2026-09-14T13:30,Telkom,Western Cape,Cape Town,CPT-BEL-007,CPT-BEL-007-A,RAN,99.5,99.16,0.34,98.76,0.3,98.34,39.13,38.3,-2.17,12.51,44.1,-79.6,-10.1,15.9,49.4,54,0,2,0,0.83,0,0,0,0,0,normal,
2026-09-14T13:30,Telkom,Western Cape,Cape Town,CPT-BEL-007,CPT-BEL-007-B,RAN,99.22,99.2,0.02,98.98,0.51,99.4,34.63,38.71,10.54,12.35,55.3,-88.1,-12.3,21.0,59.01,46,1,1,1,0.51,129,0,0,0,0,normal,
2026-09-14T13:30,Telkom,Western Cape,Cape Town,CPT-BEL-007,CPT-BEL-007-C,RAN,98.84,99.06,-0.22,99.21,1.07,97.94,41.5,36.64,-13.26,13.38,61.2,-85.4,-10.4,17.9,56.97,47,9,6,6,0.64,94,0,0,0,0,normal,
2026-09-14T13:30,Telkom,Gauteng,Johannesburg,JHB-CBD-003,JHB-CBD-003-A,RAN,98.84,99.1,-0.26,98.25,0.05,98.49,40.44,34.59,-16.92,12.56,44.9,-88.4,-12.1,14.8,53.49,46,5,3,1,1.38,51,0,0,0,0,normal,
2026-09-14T13:30,Telkom,Gauteng,Johannesburg,JHB-CBD-003,JHB-CBD-003-B,RAN,98.98,99.03,-0.05,98.98,1.05,99.38,33.01,36.24,8.92,10.79,54.1,-89.4,-11.2,20.0,63.39,53,5,1,5,0.84,170,0,0,0,0,normal,
2026-09-14T13:30,Telkom,Gauteng,Johannesburg,JHB-CBD-003,JHB-CBD-003-C,RAN,99.32,99.0,0.32,99.84,0.62,98.92,39.33,36.53,-7.66,10.0,61.2,-80.1,-11.0,15.1,66.33,52,0,0,2,0.84,36,0,0,0,0,normal,
2026-09-14T13:30,Telkom,Gauteng,Soweto,JHB-SOW-018,JHB-SOW-018-A,RAN,99.14,99.0,0.14,99.15,0.76,98.24,39.8,37.01,-7.55,12.16,55.3,-85.6,-10.8,16.6,49.86,44,4,0,3,0.53,0,0,0,0,0,normal,
2026-09-14T13:30,Telkom,Gauteng,Soweto,JHB-SOW-018,JHB-SOW-018-B,RAN,99.06,99.14,-0.08,98.78,0.64,98.73,36.38,38.24,4.86,11.03,56.2,-89.0,-10.5,18.1,51.53,34,2,0,2,1.0,35,0,0,0,0,normal,
2026-09-14T13:30,Telkom,Gauteng,Soweto,JHB-SOW-018,JHB-SOW-018-C,RAN,99.46,99.06,0.4,98.93,0.71,98.9,44.76,38.58,-16.01,13.14,59.7,-89.2,-11.0,17.9,46.57,44,3,8,4,0.1,72,0,0,0,0,normal,
2026-09-14T13:30,Telkom,Gauteng,Pretoria,PTA-HAT-011,PTA-HAT-011-A,RAN,99.9,99.24,0.66,99.3,0.51,98.5,37.62,37.6,-0.05,12.88,59.9,-84.3,-9.9,16.7,54.5,51,0,4,3,1.0,4,0,0,0,0,normal,
2026-09-14T13:30,Telkom,Gauteng,Pretoria,PTA-HAT-011,PTA-HAT-011-B,RAN,98.34,99.13,-0.79,98.64,0.69,99.45,32.77,35.82,8.52,12.18,57.1,-86.9,-10.3,14.3,57.54,48,5,2,2,0.88,62,0,0,0,0,normal,
2026-09-14T13:30,Telkom,Gauteng,Pretoria,PTA-HAT-011,PTA-HAT-011-C,RAN,99.16,99.17,-0.01,98.57,0.69,98.61,37.04,33.59,-10.26,10.41,59.5,-82.8,-8.9,17.7,62.35,57,5,2,2,1.13,59,0,0,0,0,normal,
2026-09-14T13:45,Telkom,Western Cape,Cape Town,CPT-BEL-007,CPT-BEL-007-A,RAN,98.79,99.18,-0.39,98.92,0.73,98.45,41.71,38.85,-7.36,12.3,56.8,-85.9,-8.0,15.4,59.98,48,3,4,3,0.2,93,0,0,0,0,normal,
2026-09-14T13:45,Telkom,Western Cape,Cape Town,CPT-BEL-007,CPT-BEL-007-B,RAN,99.3,99.2,0.1,99.27,0.82,97.93,36.16,39.08,7.47,9.43,47.6,-83.4,-9.9,15.3,45.94,42,1,1,2,0.92,135,0,0,0,0,normal,
2026-09-14T13:45,Telkom,Western Cape,Cape Town,CPT-BEL-007,CPT-BEL-007-C,RAN,99.35,99.04,0.31,98.48,0.79,98.21,34.98,37.15,5.84,12.57,57.7,-87.3,-9.8,14.9,51.72,44,1,5,4,0.33,0,0,0,0,0,normal,
2026-09-14T13:45,Telkom,Gauteng,Johannesburg,JHB-CBD-003,JHB-CBD-003-A,RAN,99.29,99.06,0.23,98.59,0.42,98.4,38.43,34.93,-10.03,12.19,52.4,-86.5,-10.4,15.4,51.03,46,3,7,2,0.6,43,0,0,0,0,normal,
2026-09-14T13:45,Telkom,Gauteng,Johannesburg,JHB-CBD-003,JHB-CBD-003-B,RAN,98.6,99.01,-0.41,98.67,0.05,98.62,43.73,35.98,-21.56,10.28,54.2,-89.7,-11.0,15.6,49.42,45,4,1,0,0.19,105,0,0,0,0,normal,
2026-09-14T13:45,Telkom,Gauteng,Johannesburg,JHB-CBD-003,JHB-CBD-003-C,RAN,98.83,99.04,-0.21,99.0,0.54,99.11,37.56,36.76,-2.17,10.57,57.9,-85.3,-9.1,14.0,57.53,47,2,6,2,0.86,84,0,0,0,0,normal,
2026-09-14T13:45,Telkom,Gauteng,Soweto,JHB-SOW-018,JHB-SOW-018-A,RAN,99.08,99.02,0.06,98.88,0.12,97.89,44.16,37.32,-18.33,11.74,39.0,-87.9,-9.2,21.5,50.18,35,0,4,1,0.44,106,0,0,0,0,normal,
2026-09-14T13:45,Telkom,Gauteng,Soweto,JHB-SOW-018,JHB-SOW-018-B,RAN,99.27,99.11,0.16,98.74,0.7,98.24,45.31,38.12,-18.85,12.36,50.6,-88.1,-8.7,16.3,55.36,43,2,4,3,0.61,168,0,0,0,0,normal,
2026-09-14T13:45,Telkom,Gauteng,Soweto,JHB-SOW-018,JHB-SOW-018-C,RAN,98.95,99.08,-0.13,98.15,0.74,98.56,40.79,39.01,-4.55,13.55,61.4,-85.1,-8.2,17.9,50.79,44,5,7,1,0.1,107,0,0,0,0,normal,
2026-09-14T13:45,Telkom,Gauteng,Pretoria,PTA-HAT-011,PTA-HAT-011-A,RAN,99.03,99.29,-0.26,99.17,0.26,98.63,38.25,37.6,-1.73,13.31,51.5,-86.0,-10.1,12.8,48.8,47,4,4,0,0.51,72,0,0,0,0,normal,
2026-09-14T13:45,Telkom,Gauteng,Pretoria,PTA-HAT-011,PTA-HAT-011-B,RAN,99.51,99.09,0.42,99.25,0.59,98.63,35.74,35.65,-0.25,11.62,55.2,-84.3,-9.4,20.3,55.48,60,1,3,3,1.14,56,0,0,0,0,normal,
2026-09-14T13:45,Telkom,Gauteng,Pretoria,PTA-HAT-011,PTA-HAT-011-C,RAN,99.48,99.16,0.32,98.9,0.46,99.19,33.79,33.96,0.49,12.4,53.0,-88.5,-10.6,13.2,63.97,57,1,6,0,0.62,29,0,0,0,0,normal,
2026-09-14T14:00,Telkom,Western Cape,Cape Town,CPT-BEL-007,CPT-BEL-007-A,RAN,99.38,99.13,0.25,98.69,0.74,98.93,40.93,39.1,-4.69,12.07,51.3,-87.8,-10.0,11.2,48.79,51,5,4,2,0.74,161,1,0,0,0,normal,
2026-09-14T14:00,Telkom,Western Cape,Cape Town,CPT-BEL-007,CPT-BEL-007-B,RAN,98.99,99.19,-0.2,98.17,0.69,99.05,45.8,39.1,-17.14,15.09,53.6,-87.0,-12.2,15.6,44.38,42,0,7,2,0.44,93,1,0,0,0,normal,
2026-09-14T14:00,Telkom,Western Cape,Cape Town,CPT-BEL-007,CPT-BEL-007-C,RAN,99.33,99.1,0.23,98.71,0.32,98.25,40.13,36.81,-9.02,10.11,56.2,-84.2,-9.7,14.6,53.38,49,8,4,1,0.41,0,1,0,0,0,normal,
2026-09-14T14:00,Telkom,Gauteng,Johannesburg,JHB-CBD-003,JHB-CBD-003-A,RAN,98.88,99.1,-0.22,98.59,0.39,98.5,42.51,34.94,-21.67,15.11,43.0,-89.8,-8.7,17.5,47.38,42,0,1,1,0.93,0,1,0,0,0,normal,
2026-09-14T14:00,Telkom,Gauteng,Johannesburg,JHB-CBD-003,JHB-CBD-003-B,RAN,99.15,99.01,0.14,98.45,0.05,99.62,34.48,36.06,4.37,10.3,63.2,-86.4,-7.6,19.2,54.86,51,6,6,0,0.56,60,1,0,0,0,normal,
2026-09-14T14:00,Telkom,Gauteng,Johannesburg,JHB-CBD-003,JHB-CBD-003-C,RAN,98.27,99.05,-0.78,98.69,0.14,98.89,34.18,36.6,6.62,11.71,44.3,-81.8,-10.0,16.0,56.69,47,7,5,0,0.11,94,1,0,0,0,normal,
2026-09-14T14:00,Telkom,Gauteng,Soweto,JHB-SOW-018,JHB-SOW-018-A,RAN,98.56,99.03,-0.47,99.33,0.71,98.58,37.48,37.94,1.2,11.81,56.6,-88.2,-10.7,19.5,59.0,46,6,0,1,0.75,90,1,0,0,0,normal,
2026-09-14T14:00,Telkom,Gauteng,Soweto,JHB-SOW-018,JHB-SOW-018-B,RAN,98.69,99.12,-0.43,98.86,0.62,98.11,50.34,38.73,-29.98,12.2,41.4,-84.7,-11.1,17.3,44.69,34,5,3,0,1.04,58,1,0,0,0,normal,
2026-09-14T14:00,Telkom,Gauteng,Soweto,JHB-SOW-018,JHB-SOW-018-C,RAN,99.07,99.02,0.05,98.48,0.81,98.15,45.63,39.37,-15.89,11.88,52.8,-86.5,-8.4,19.2,51.66,42,7,4,2,0.9,0,1,0,0,0,normal,
2026-09-14T14:00,Telkom,Gauteng,Pretoria,PTA-HAT-011,PTA-HAT-011-A,RAN,98.82,99.27,-0.45,98.83,0.73,98.7,41.28,37.83,-9.11,9.36,64.8,-88.1,-8.7,18.3,61.59,50,3,5,3,0.76,28,1,0,0,0,normal,
2026-09-14T14:00,Telkom,Gauteng,Pretoria,PTA-HAT-011,PTA-HAT-011-B,RAN,98.89,99.08,-0.19,99.9,0.64,97.76,37.75,35.9,-5.16,11.63,58.2,-85.0,-9.9,21.9,56.83,57,8,0,3,1.35,0,1,0,0,0,normal,
2026-09-14T14:00,Telkom,Gauteng,Pretoria,PTA-HAT-011,PTA-HAT-011-C,RAN,99.81,99.19,0.62,99.14,0.86,98.55,33.61,34.24,1.85,12.04,69.3,-88.4,-10.6,15.3,51.31,48,3,6,4,0.29,0,1,0,0,0,normal,
2026-09-14T14:15,Telkom,Western Cape,Cape Town,CPT-BEL-007,CPT-BEL-007-A,RAN,99.22,99.15,0.07,99.21,0.49,98.03,34.85,39.6,11.99,10.92,48.9,-85.7,-10.9,17.3,50.8,37,0,1,0,0.37,99,0,0,0,0,normal,
2026-09-14T14:15,Telkom,Western Cape,Cape Town,CPT-BEL-007,CPT-BEL-007-B,RAN,98.9,99.21,-0.31,98.93,0.53,98.84,33.34,39.2,14.94,12.22,68.3,-82.2,-10.3,18.6,53.61,40,4,1,2,0.19,7,0,0,0,0,normal,
2026-09-14T14:15,Telkom,Western Cape,Cape Town,CPT-BEL-007,CPT-BEL-007-C,RAN,98.73,99.07,-0.34,98.55,0.68,98.62,34.66,37.25,6.96,11.17,61.8,-84.9,-9.7,19.1,56.7,50,5,5,3,0.52,17,0,0,0,0,normal,
2026-09-14T14:15,Telkom,Gauteng,Johannesburg,JHB-CBD-003,JHB-CBD-003-A,RAN,98.45,99.11,-0.66,98.86,0.31,98.96,40.12,35.07,-14.4,12.31,63.4,-94.1,-7.1,14.5,51.3,46,10,7,2,0.9,172,0,0,0,0,normal,
2026-09-14T14:15,Telkom,Gauteng,Johannesburg,JHB-CBD-003,JHB-CBD-003-B,RAN,99.61,99.02,0.59,98.29,0.71,98.5,46.85,36.21,-29.38,13.85,56.8,-88.3,-9.2,15.6,49.93,50,2,7,3,0.93,52,0,0,0,0,normal,
2026-09-14T14:15,Telkom,Gauteng,Johannesburg,JHB-CBD-003,JHB-CBD-003-C,RAN,99.22,99.01,0.21,98.54,0.32,99.53,42.41,36.38,-16.57,15.18,49.9,-88.6,-10.6,18.9,56.41,47,1,4,1,1.09,0,0,0,0,0,normal,
2026-09-14T14:15,Telkom,Gauteng,Soweto,JHB-SOW-018,JHB-SOW-018-A,RAN,99.09,99.0,0.09,98.9,0.17,98.7,35.82,37.94,5.58,12.61,57.3,-82.8,-10.2,18.7,52.31,47,0,3,1,0.53,20,0,0,0,0,normal,
2026-09-14T14:15,Telkom,Gauteng,Soweto,JHB-SOW-018,JHB-SOW-018-B,RAN,98.97,99.09,-0.12,98.58,0.41,98.23,37.84,39.71,4.71,11.59,55.8,-81.5,-10.1,17.5,55.24,38,9,3,3,0.88,144,0,0,0,0,normal,
2026-09-14T14:15,Telkom,Gauteng,Soweto,JHB-SOW-018,JHB-SOW-018-C,RAN,98.73,99.03,-0.3,98.49,0.66,98.87,39.18,39.98,2.01,14.05,56.3,-88.6,-8.7,17.0,41.19,36,7,2,3,0.88,34,0,0,0,0,normal,
2026-09-14T14:15,Telkom,Gauteng,Pretoria,PTA-HAT-011,PTA-HAT-011-A,RAN,99.75,99.27,0.48,98.97,0.32,97.56,41.06,37.81,-8.6,8.84,67.7,-84.6,-10.5,21.3,67.76,66,5,3,2,0.96,0,0,0,0,0,normal,
2026-09-14T14:15,Telkom,Gauteng,Pretoria,PTA-HAT-011,PTA-HAT-011-B,RAN,99.26,99.05,0.21,99.01,0.11,97.86,41.81,35.71,-17.09,14.0,54.7,-83.1,-11.1,21.5,50.53,47,2,5,0,0.57,0,0,0,0,0,normal,
2026-09-14T14:15,Telkom,Gauteng,Pretoria,PTA-HAT-011,PTA-HAT-011-C,RAN,98.85,99.23,-0.38,98.97,0.22,99.03,45.27,34.38,-31.66,10.06,59.4,-86.4,-8.7,18.7,57.32,56,7,3,2,0.26,0,0,0,0,0,normal,
2026-09-14T14:30,Telkom,Western Cape,Cape Town,CPT-BEL-007,CPT-BEL-007-A,RAN,99.28,99.13,0.15,99.2,0.58,98.72,38.69,39.17,1.23,10.98,61.6,-88.7,-9.9,13.9,60.39,45,2,2,3,1.52,0,0,0,0,0,normal,
2026-09-14T14:30,Telkom,Western Cape,Cape Town,CPT-BEL-007,CPT-BEL-007-B,RAN,99.26,99.18,0.08,98.19,0.4,98.47,42.0,38.54,-8.98,13.71,51.6,-86.7,-9.9,21.3,46.6,45,2,6,3,0.92,0,0,0,0,0,normal,
2026-09-14T14:30,Telkom,Western Cape,Cape Town,CPT-BEL-007,CPT-BEL-007-C,RAN,98.8,98.99,-0.19,98.12,0.58,97.71,34.18,37.61,9.13,10.89,50.2,-87.3,-11.3,18.3,58.72,52,2,4,2,0.65,170,0,0,1,0,normal,
2026-09-14T14:30,Telkom,Gauteng,Johannesburg,JHB-CBD-003,JHB-CBD-003-A,RAN,98.62,99.08,-0.46,98.34,0.43,98.36,47.86,35.62,-34.38,13.23,59.8,-88.9,-9.9,18.0,51.94,44,8,6,0,0.86,9,0,0,0,0,normal,
2026-09-14T14:30,Telkom,Gauteng,Johannesburg,JHB-CBD-003,JHB-CBD-003-B,RAN,99.21,99.06,0.15,98.79,0.52,98.96,36.84,37.28,1.18,13.56,49.2,-84.3,-9.6,15.1,57.57,59,3,3,4,1.08,42,0,0,0,0,normal,
2026-09-14T14:30,Telkom,Gauteng,Johannesburg,JHB-CBD-003,JHB-CBD-003-C,RAN,98.84,99.03,-0.19,99.22,0.61,99.16,40.89,36.73,-11.34,12.75,51.3,-87.1,-10.7,12.0,46.02,48,6,2,3,0.23,255,0,0,0,0,normal,
2026-09-14T14:30,Telkom,Gauteng,Soweto,JHB-SOW-018,JHB-SOW-018-A,RAN,98.89,99.01,-0.12,98.75,0.39,98.62,45.79,37.88,-20.87,12.47,50.9,-81.0,-9.3,16.5,53.79,32,5,3,2,0.27,37,0,0,0,0,normal,
2026-09-14T14:30,Telkom,Gauteng,Soweto,JHB-SOW-018,JHB-SOW-018-B,RAN,99.49,99.08,0.41,98.83,0.21,97.9,35.51,39.49,10.07,16.64,38.9,-84.2,-9.1,13.0,49.0,40,1,3,1,0.85,60,0,0,0,0,normal,
2026-09-14T14:30,Telkom,Gauteng,Soweto,JHB-SOW-018,JHB-SOW-018-C,RAN,99.13,99.02,0.11,98.84,0.92,98.52,39.5,39.9,1.01,11.59,54.2,-81.4,-10.2,18.2,49.41,39,4,4,3,1.0,0,0,0,0,0,normal,
2026-09-14T14:30,Telkom,Gauteng,Pretoria,PTA-HAT-011,PTA-HAT-011-A,RAN,98.76,99.29,-0.53,98.55,1.03,98.0,40.57,38.51,-5.35,13.57,69.2,-86.4,-9.0,18.1,52.06,51,4,6,5,1.01,0,0,0,0,0,normal,
2026-09-14T14:30,Telkom,Gauteng,Pretoria,PTA-HAT-011,PTA-HAT-011-B,RAN,99.2,99.03,0.17,99.23,0.3,98.42,38.76,36.34,-6.65,10.68,49.1,-86.2,-9.4,16.8,62.16,58,2,2,0,0.45,0,0,0,0,0,normal,
2026-09-14T14:30,Telkom,Gauteng,Pretoria,PTA-HAT-011,PTA-HAT-011-C,RAN,98.87,99.22,-0.35,98.4,1.02,98.63,45.69,35.19,-29.85,11.93,63.8,-83.9,-9.6,18.4,49.87,51,3,3,4,1.04,130,0,0,0,0,normal,
2026-09-14T14:45,Telkom,Western Cape,Cape Town,CPT-BEL-007,CPT-BEL-007-A,RAN,99.26,99.12,0.14,98.6,0.33,97.46,44.61,39.48,-12.99,10.13,64.9,-83.0,-7.0,17.0,53.31,49,2,1,2,0.25,58,0,0,0,0,normal,
2026-09-14T14:45,Telkom,Western Cape,Cape Town,CPT-BEL-007,CPT-BEL-007-B,RAN,98.87,99.21,-0.34,98.23,0.65,98.98,43.68,38.55,-13.31,16.27,61.6,-83.7,-11.1,16.7,52.96,43,5,3,1,0.44,111,0,0,0,0,normal,
2026-09-14T14:45,Telkom,Western Cape,Cape Town,CPT-BEL-007,CPT-BEL-007-C,RAN,99.14,98.97,0.17,98.84,0.56,97.92,33.59,37.6,10.66,12.94,42.2,-87.1,-9.8,18.9,51.19,45,5,0,2,0.77,0,0,0,1,0,normal,
2026-09-14T14:45,Telkom,Gauteng,Johannesburg,JHB-CBD-003,JHB-CBD-003-A,RAN,99.13,99.04,0.09,98.75,1.24,98.59,36.64,36.17,-1.29,11.16,49.4,-83.1,-10.7,15.6,55.16,42,0,4,5,0.94,0,0,0,0,0,normal,
2026-09-14T14:45,Telkom,Gauteng,Johannesburg,JHB-CBD-003,JHB-CBD-003-B,RAN,98.31,99.09,-0.78,98.73,0.6,98.34,36.54,37.1,1.51,8.11,68.8,-87.5,-12.5,18.9,59.77,52,9,7,2,0.19,90,0,0,0,0,normal,
2026-09-14T14:45,Telkom,Gauteng,Johannesburg,JHB-CBD-003,JHB-CBD-003-C,RAN,99.23,98.98,0.25,99.12,0.31,98.22,39.93,36.8,-8.5,14.9,65.1,-86.2,-10.7,15.2,53.7,40,5,1,0,0.77,2,0,0,0,0,normal,
2026-09-14T14:45,Telkom,Gauteng,Soweto,JHB-SOW-018,JHB-SOW-018-A,RAN,99.1,99.03,0.07,98.98,0.32,98.8,53.39,38.17,-39.86,13.59,59.5,-86.3,-8.7,17.4,41.12,38,6,0,0,0.24,47,0,0,0,0,normal,
2026-09-14T14:45,Telkom,Gauteng,Soweto,JHB-SOW-018,JHB-SOW-018-B,RAN,99.3,99.1,0.2,98.53,0.76,97.96,44.21,39.75,-11.21,12.56,42.6,-87.3,-10.1,20.4,45.77,39,0,4,2,0.73,0,0,0,0,0,normal,
2026-09-14T14:45,Telkom,Gauteng,Soweto,JHB-SOW-018,JHB-SOW-018-C,RAN,99.35,99.01,0.34,98.39,0.25,98.75,44.65,39.68,-12.53,12.47,55.2,-85.3,-10.7,17.3,45.12,33,4,5,0,0.85,84,0,0,0,0,normal,
2026-09-14T14:45,Telkom,Gauteng,Pretoria,PTA-HAT-011,PTA-HAT-011-A,RAN,99.65,99.23,0.42,99.25,0.39,99.23,43.62,38.91,-12.11,11.9,63.5,-87.4,-8.9,16.9,51.9,39,0,4,1,0.45,116,0,0,0,0,normal,
2026-09-14T14:45,Telkom,Gauteng,Pretoria,PTA-HAT-011,PTA-HAT-011-B,RAN,98.57,99.04,-0.47,98.65,0.8,98.69,44.47,36.66,-21.29,12.14,59.4,-87.0,-10.8,15.6,58.27,59,7,5,4,0.59,0,0,0,0,0,normal,
2026-09-14T14:45,Telkom,Gauteng,Pretoria,PTA-HAT-011,PTA-HAT-011-C,RAN,98.81,99.21,-0.4,99.27,0.44,99.11,35.95,35.95,-0.0,13.08,60.5,-88.8,-9.8,18.8,56.55,49,4,1,1,0.4,8,0,0,0,0,normal,
2026-09-14T15:00,Telkom,Western Cape,Cape Town,CPT-BEL-007,CPT-BEL-007-A,RAN,99.55,99.12,0.43,98.79,0.05,97.93,40.43,39.69,-1.87,11.37,41.8,-84.9,-10.2,20.7,50.4,42,2,4,0,0.39,50,0,0,0,0,normal,
2026-09-14T15:00,Telkom,Western Cape,Cape Town,CPT-BEL-007,CPT-BEL-007-B,RAN,97.89,99.18,-1.29,98.9,0.5,98.26,33.73,39.06,13.65,12.92,54.0,-87.2,-8.9,14.7,59.38,51,11,3,0,1.08,24,0,0,0,0,normal,
2026-09-14T15:00,Telkom,Western Cape,Cape Town,CPT-BEL-007,CPT-BEL-007-C,RAN,99.63,98.98,0.64,98.6,0.65,98.71,44.9,37.24,-20.57,12.84,45.5,-89.8,-10.3,18.3,49.19,37,0,2,1,0.76,0,0,0,1,0,normal,
2026-09-14T15:00,Telkom,Gauteng,Johannesburg,JHB-CBD-003,JHB-CBD-003-A,RAN,98.99,99.1,-0.11,98.5,0.47,98.52,40.23,36.46,-10.33,12.8,45.1,-85.1,-8.5,19.0,55.04,45,5,4,0,0.52,0,0,0,0,0,normal,
2026-09-14T15:00,Telkom,Gauteng,Johannesburg,JHB-CBD-003,JHB-CBD-003-B,RAN,99.36,99.04,0.32,98.24,0.13,98.25,34.4,37.56,8.43,13.47,59.6,-88.8,-9.1,16.9,56.36,42,2,5,1,1.09,206,0,0,0,0,normal,
2026-09-14T15:00,Telkom,Gauteng,Johannesburg,JHB-CBD-003,JHB-CBD-003-C,RAN,99.24,99.03,0.21,98.95,0.53,98.86,42.11,37.35,-12.74,11.91,55.1,-87.4,-8.6,16.5,55.42,47,0,0,2,0.47,24,0,0,0,0,normal,
2026-09-14T15:00,Telkom,Gauteng,Soweto,JHB-SOW-018,JHB-SOW-018-A,RAN,99.03,99.06,-0.03,99.37,0.56,99.43,29.79,38.98,23.57,9.94,53.1,-81.3,-9.4,15.5,55.65,53,2,3,2,1.0,0,0,0,0,0,normal,
2026-09-14T15:00,Telkom,Gauteng,Soweto,JHB-SOW-018,JHB-SOW-018-B,RAN,99.34,99.12,0.22,99.36,0.25,99.37,42.71,39.69,-7.61,12.66,47.6,-85.0,-9.3,20.4,44.57,35,0,3,1,0.94,148,0,0,0,0,normal,
2026-09-14T15:00,Telkom,Gauteng,Soweto,JHB-SOW-018,JHB-SOW-018-C,RAN,98.46,99.0,-0.54,99.88,0.2,98.87,37.73,39.79,5.18,11.85,57.4,-89.2,-10.1,16.9,53.82,38,9,0,0,0.1,193,0,0,0,0,normal,
2026-09-14T15:00,Telkom,Gauteng,Pretoria,PTA-HAT-011,PTA-HAT-011-A,RAN,97.71,99.25,-1.54,99.08,0.78,97.76,27.16,39.21,30.72,10.18,55.7,-85.8,-9.7,17.6,61.77,55,8,0,4,0.83,153,0,0,0,0,normal,
2026-09-14T15:00,Telkom,Gauteng,Pretoria,PTA-HAT-011,PTA-HAT-011-B,RAN,98.58,99.02,-0.44,98.22,0.91,98.65,30.25,36.67,17.5,9.94,54.7,-85.2,-12.0,10.5,60.34,48,5,7,3,1.0,0,0,0,0,0,normal,
2026-09-14T15:00,Telkom,Gauteng,Pretoria,PTA-HAT-011,PTA-HAT-011-C,RAN,99.38,99.21,0.17,98.98,0.61,98.5,39.59,35.8,-10.59,11.4,51.3,-88.1,-9.7,13.7,56.36,49,3,2,1,0.46,0,0,0,0,0,normal,
2026-09-14T15:15,Telkom,Western Cape,Cape Town,CPT-BEL-007,CPT-BEL-007-A,RAN,99.6,99.18,0.42,98.77,0.09,98.94,39.0,39.55,1.4,12.43,51.2,-86.8,-10.3,15.8,42.02,40,1,2,0,1.06,0,0,0,0,0,normal,
2026-09-14T15:15,Telkom,Western Cape,Cape Town,CPT-BEL-007,CPT-BEL-007-B,RAN,99.68,99.12,0.56,98.95,1.09,98.21,34.11,38.71,11.88,14.07,58.4,-92.5,-11.0,18.7,59.28,46,0,1,3,0.66,60,0,0,0,0,normal,
2026-09-14T15:15,Telkom,Western Cape,Cape Town,CPT-BEL-007,CPT-BEL-007-C,RAN,98.97,99.0,-0.03,98.91,0.48,98.17,44.34,37.59,-17.95,10.45,51.4,-89.2,-10.3,18.9,45.01,39,0,1,1,0.6,81,0,0,1,0,normal,
2026-09-14T15:15,Telkom,Gauteng,Johannesburg,JHB-CBD-003,JHB-CBD-003-A,RAN,99.42,99.08,0.34,98.47,0.45,98.65,32.56,36.83,11.59,10.79,58.0,-83.4,-9.5,15.4,62.55,46,1,1,2,1.29,142,0,0,0,0,normal,
2026-09-14T15:15,Telkom,Gauteng,Johannesburg,JHB-CBD-003,JHB-CBD-003-B,RAN,99.34,99.02,0.32,98.34,0.5,99.52,40.63,37.9,-7.2,11.52,50.9,-81.6,-8.7,18.2,48.47,47,1,7,1,0.1,83,0,0,0,0,normal,
2026-09-14T15:15,Telkom,Gauteng,Johannesburg,JHB-CBD-003,JHB-CBD-003-C,RAN,99.31,99.09,0.22,98.88,0.51,98.06,36.19,37.67,3.92,9.27,51.2,-83.0,-10.4,18.4,53.35,48,4,5,1,0.74,98,0,0,0,0,normal,
2026-09-14T15:15,Telkom,Gauteng,Soweto,JHB-SOW-018,JHB-SOW-018-A,RAN,99.12,99.04,0.08,99.44,0.56,97.87,32.17,38.37,16.15,15.57,58.1,-85.3,-8.8,17.6,49.64,34,5,2,1,0.55,127,0,0,0,0,normal,
2026-09-14T15:15,Telkom,Gauteng,Soweto,JHB-SOW-018,JHB-SOW-018-B,RAN,99.1,99.13,-0.03,98.87,0.23,97.46,45.4,39.49,-14.97,12.47,54.1,-85.8,-9.0,16.1,47.95,46,3,9,0,0.67,84,0,0,0,0,normal,
2026-09-14T15:15,Telkom,Gauteng,Soweto,JHB-SOW-018,JHB-SOW-018-C,RAN,99.8,98.97,0.83,98.65,0.46,98.96,36.71,40.13,8.52,13.73,47.5,-88.8,-10.4,13.2,43.24,38,0,0,0,0.57,136,0,0,0,0,normal,
2026-09-14T15:15,Telkom,Gauteng,Pretoria,PTA-HAT-011,PTA-HAT-011-A,RAN,98.56,99.16,-0.59,99.06,0.46,99.01,37.58,38.05,1.23,10.79,59.5,-85.7,-9.0,18.7,56.89,54,5,2,2,0.78,0,0,0,0,0,normal,
2026-09-14T15:15,Telkom,Gauteng,Pretoria,PTA-HAT-011,PTA-HAT-011-B,RAN,98.75,99.01,-0.26,99.28,0.25,98.73,38.46,36.73,-4.7,13.08,63.2,-86.4,-9.2,16.2,52.03,40,4,0,0,0.87,144,0,0,0,0,normal,
2026-09-14T15:15,Telkom,Gauteng,Pretoria,PTA-HAT-011,PTA-HAT-011-C,RAN,98.62,99.23,-0.61,98.13,0.22,98.37,43.22,37.12,-16.45,11.94,58.3,-83.8,-10.6,12.0,46.55,48,9,8,2,0.93,0,0,0,0,0,normal,
2026-09-14T15:30,Telkom,Western Cape,Cape Town,CPT-BEL-007,CPT-BEL-007-A,RAN,98.74,99.24,-0.5,98.77,0.24,98.68,37.73,39.51,4.51,11.85,53.4,-83.3,-9.4,17.1,53.38,47,5,5,0,0.71,127,0,0,0,0,normal,
2026-09-14T15:30,Telkom,Western Cape,Cape Town,CPT-BEL-007,CPT-BEL-007-B,RAN,98.52,99.14,-0.62,99.09,0.23,98.52,38.33,38.58,0.66,12.62,48.4,-84.0,-11.1,11.1,46.62,50,4,3,0,0.36,0,0,0,0,0,normal,
2026-09-14T15:30,Telkom,Western Cape,Cape Town,CPT-BEL-007,CPT-BEL-007-C,RAN,99.35,99.03,0.32,98.62,0.49,98.46,40.85,37.95,-7.63,12.47,57.4,-90.0,-9.4,14.8,57.7,43,3,5,2,0.79,0,0,0,0,0,normal,
2026-09-14T15:30,Telkom,Gauteng,Johannesburg,JHB-CBD-003,JHB-CBD-003-A,RAN,99.4,99.13,0.27,99.41,0.77,98.98,36.96,36.6,-0.99,9.1,56.9,-84.5,-10.5,15.7,53.93,46,0,0,2,0.28,72,0,0,0,0,normal,
2026-09-14T15:30,Telkom,Gauteng,Johannesburg,JHB-CBD-003,JHB-CBD-003-B,RAN,98.66,99.04,-0.38,99.38,0.39,98.55,26.83,37.59,28.62,11.39,54.1,-91.5,-13.0,14.5,62.37,47,5,0,2,0.32,0,0,0,0,0,normal,
2026-09-14T15:30,Telkom,Gauteng,Johannesburg,JHB-CBD-003,JHB-CBD-003-C,RAN,98.75,99.09,-0.34,99.24,0.41,98.57,37.54,38.03,1.29,11.92,51.5,-90.8,-10.0,15.4,56.99,49,6,1,2,0.58,65,0,0,0,0,normal,
2026-09-14T15:30,Telkom,Gauteng,Soweto,JHB-SOW-018,JHB-SOW-018-A,RAN,98.85,99.05,-0.2,98.82,0.57,98.38,47.6,37.56,-26.72,10.18,52.3,-86.0,-9.5,17.8,49.13,33,3,0,2,0.39,0,0,0,0,0,normal,
2026-09-14T15:30,Telkom,Gauteng,Soweto,JHB-SOW-018,JHB-SOW-018-B,RAN,99.2,99.13,0.07,98.53,0.8,98.51,41.16,40.08,-2.69,12.89,49.6,-80.6,-9.2,16.7,54.57,39,3,3,1,0.31,62,0,0,0,0,normal,
2026-09-14T15:30,Telkom,Gauteng,Soweto,JHB-SOW-018,JHB-SOW-018-C,RAN,98.91,99.06,-0.15,98.84,0.97,98.55,41.72,40.29,-3.54,12.85,52.1,-88.8,-9.3,20.2,46.13,40,6,2,5,1.25,0,0,0,0,0,normal,
2026-09-14T15:30,Telkom,Gauteng,Pretoria,PTA-HAT-011,PTA-HAT-011-A,RAN,99.36,99.14,0.22,98.59,0.4,98.03,34.75,38.16,8.94,10.7,56.1,-82.0,-9.8,15.7,52.95,54,3,2,1,1.09,0,0,0,0,0,normal,
2026-09-14T15:30,Telkom,Gauteng,Pretoria,PTA-HAT-011,PTA-HAT-011-B,RAN,98.74,99.01,-0.27,99.12,0.79,97.81,49.22,35.96,-36.86,11.36,50.8,-88.1,-10.0,19.1,49.75,48,4,1,3,0.69,72,0,0,0,0,normal,
2026-09-14T15:30,Telkom,Gauteng,Pretoria,PTA-HAT-011,PTA-HAT-011-C,RAN,98.77,99.2,-0.43,98.11,0.49,98.58,46.09,37.85,-21.76,14.79,50.7,-85.5,-9.8,22.4,49.12,47,1,2,3,0.72,45,0,0,0,0,normal,
2026-09-14T15:45,Telkom,Western Cape,Cape Town,CPT-BEL-007,CPT-BEL-007-A,RAN,99.31,99.21,0.1,98.62,0.4,98.32,45.82,39.63,-15.62,15.53,52.7,-83.9,-10.2,18.6,54.19,50,4,4,0,0.8,106,0,0,0,0,normal,
2026-09-14T15:45,Telkom,Western Cape,Cape Town,CPT-BEL-007,CPT-BEL-007-B,RAN,98.61,99.08,-0.47,98.86,0.23,98.6,37.11,38.62,3.91,9.42,44.1,-85.8,-8.6,15.0,51.51,44,6,0,1,0.52,0,0,0,0,0,normal,
2026-09-14T15:45,Telkom,Western Cape,Cape Town,CPT-BEL-007,CPT-BEL-007-C,RAN,98.59,99.08,-0.49,98.67,0.35,98.46,40.99,38.28,-7.07,9.55,53.2,-87.8,-12.0,20.9,58.4,46,6,6,1,0.4,34,0,0,0,0,normal,
2026-09-14T15:45,Telkom,Gauteng,Johannesburg,JHB-CBD-003,JHB-CBD-003-A,RAN,98.92,99.15,-0.23,99.28,1.18,98.76,40.38,37.26,-8.37,11.86,56.9,-82.8,-7.8,19.8,58.67,55,5,2,4,0.35,0,0,0,0,0,normal,
2026-09-14T15:45,Telkom,Gauteng,Johannesburg,JHB-CBD-003,JHB-CBD-003-B,RAN,98.84,99.04,-0.2,98.94,0.37,98.49,33.67,37.07,9.17,10.32,51.2,-84.7,-9.7,16.7,62.75,52,8,2,3,0.1,100,0,0,0,0,normal,
2026-09-14T15:45,Telkom,Gauteng,Johannesburg,JHB-CBD-003,JHB-CBD-003-C,RAN,99.44,99.06,0.38,99.11,0.69,98.28,38.58,38.34,-0.63,12.79,50.3,-82.4,-8.9,19.3,50.39,47,2,9,3,0.38,77,0,0,0,0,normal,
2026-09-14T15:45,Telkom,Gauteng,Soweto,JHB-SOW-018,JHB-SOW-018-A,RAN,99.71,99.07,0.64,98.24,0.44,99.4,32.95,38.34,14.06,10.96,43.5,-85.4,-8.8,19.7,52.6,42,0,6,2,0.85,110,0,0,0,0,normal,
2026-09-14T15:45,Telkom,Gauteng,Soweto,JHB-SOW-018,JHB-SOW-018-B,RAN,98.87,99.11,-0.24,98.3,0.76,98.14,41.59,40.55,-2.56,15.32,60.2,-84.1,-8.7,16.9,51.72,38,1,1,3,0.56,15,0,0,0,0,normal,
2026-09-14T15:45,Telkom,Gauteng,Soweto,JHB-SOW-018,JHB-SOW-018-C,RAN,99.4,99.05,0.35,98.9,0.49,99.06,39.46,40.13,1.67,12.55,60.0,-89.5,-10.0,15.3,41.26,39,4,4,2,0.1,57,0,0,0,0,normal,
2026-09-14T15:45,Telkom,Gauteng,Pretoria,PTA-HAT-011,PTA-HAT-011-A,RAN,99.04,99.18,-0.14,98.76,0.25,97.56,44.11,37.88,-16.44,14.27,54.4,-88.5,-10.4,22.2,50.83,45,1,4,1,0.34,84,0,0,0,0,normal,
2026-09-14T15:45,Telkom,Gauteng,Pretoria,PTA-HAT-011,PTA-HAT-011-B,RAN,98.81,99.0,-0.19,99.44,0.35,98.96,35.59,36.91,3.57,11.26,62.1,-83.8,-10.5,16.6,60.66,53,5,1,1,0.85,61,0,0,0,0,normal,
2026-09-14T15:45,Telkom,Gauteng,Pretoria,PTA-HAT-011,PTA-HAT-011-C,RAN,99.12,99.13,-0.01,99.13,0.62,98.62,30.31,38.13,20.51,9.75,61.4,-86.0,-11.1,16.6,61.12,53,5,2,1,0.57,149,0,0,0,0,normal,
2026-09-14T16:00,Telkom,Western Cape,Cape Town,CPT-BEL-007,CPT-BEL-007-A,RAN,98.91,99.24,-0.33,98.83,0.47,98.61,50.29,39.97,-25.82,12.62,51.3,-82.1,-11.3,15.2,38.27,38,0,4,3,0.47,0,0,0,0,0,normal,
2026-09-14T16:00,Telkom,Western Cape,Cape Town,CPT-BEL-007,CPT-BEL-007-B,RAN,99.45,99.06,0.39,98.53,0.47,97.92,31.34,38.34,18.25,9.9,58.8,-84.5,-9.6,11.8,68.06,56,3,0,1,0.6,0,0,0,0,0,normal,
2026-09-14T16:00,Telkom,Western Cape,Cape Town,CPT-BEL-007,CPT-BEL-007-C,RAN,99.22,99.04,0.18,99.17,0.45,98.99,38.76,38.53,-0.6,14.29,65.6,-87.5,-9.3,10.9,59.04,44,3,0,1,0.85,97,0,0,0,0,normal,
2026-09-14T16:00,Telkom,Gauteng,Johannesburg,JHB-CBD-003,JHB-CBD-003-A,RAN,98.84,99.09,-0.25,98.67,0.65,98.8,40.83,37.51,-8.84,12.49,53.4,-89.6,-9.2,18.7,46.58,50,5,4,3,0.8,42,0,0,0,0,normal,
2026-09-14T16:00,Telkom,Gauteng,Johannesburg,JHB-CBD-003,JHB-CBD-003-B,RAN,98.91,99.01,-0.1,98.98,0.77,98.94,39.12,37.21,-5.13,14.82,55.7,-81.0,-11.9,22.4,57.91,50,8,6,3,0.71,52,0,0,0,0,normal,
2026-09-14T16:00,Telkom,Gauteng,Johannesburg,JHB-CBD-003,JHB-CBD-003-C,RAN,99.4,99.05,0.35,99.21,0.49,97.73,36.01,38.47,6.38,10.01,53.7,-84.1,-9.6,17.7,64.23,50,2,5,3,1.22,0,0,0,0,0,normal,
2026-09-14T16:00,Telkom,Gauteng,Soweto,JHB-SOW-018,JHB-SOW-018-A,RAN,98.99,99.06,-0.07,98.51,0.32,98.68,41.94,38.32,-9.46,9.98,57.9,-90.9,-9.9,14.4,56.54,44,5,5,0,0.89,52,0,0,0,0,normal,
2026-09-14T16:00,Telkom,Gauteng,Soweto,JHB-SOW-018,JHB-SOW-018-B,RAN,99.28,99.14,0.14,99.11,0.37,98.51,38.92,41.04,5.17,13.03,57.3,-85.1,-8.3,15.5,54.96,42,5,4,0,0.43,0,0,0,0,0,normal,
2026-09-14T16:00,Telkom,Gauteng,Soweto,JHB-SOW-018,JHB-SOW-018-C,RAN,99.72,99.09,0.63,98.78,0.85,98.92,36.25,39.92,9.19,9.55,54.8,-83.2,-11.8,16.4,57.56,41,4,5,3,0.66,0,0,0,0,0,normal,
2026-09-14T16:00,Telkom,Gauteng,Pretoria,PTA-HAT-011,PTA-HAT-011-A,RAN,99.18,99.2,-0.02,98.38,0.21,98.09,38.8,38.57,-0.6,9.05,65.4,-82.2,-9.1,16.4,62.26,46,8,8,0,0.52,37,0,0,0,0,normal,
2026-09-14T16:00,Telkom,Gauteng,Pretoria,PTA-HAT-011,PTA-HAT-011-B,RAN,99.1,98.98,0.12,98.24,0.39,98.57,39.17,36.8,-6.44,10.76,54.0,-88.1,-11.3,16.3,55.21,56,4,7,2,0.93,38,0,0,0,0,normal,
2026-09-14T16:00,Telkom,Gauteng,Pretoria,PTA-HAT-011,PTA-HAT-011-C,RAN,99.07,99.09,-0.02,98.74,0.55,98.65,32.44,37.94,14.5,12.18,50.7,-85.8,-9.5,15.9,51.41,53,7,2,1,0.1,6,0,0,0,0,normal,
2026-09-14T16:15,Telkom,Western Cape,Cape Town,CPT-BEL-007,CPT-BEL-007-A,RAN,98.52,99.26,-0.74,98.47,0.4,98.58,44.37,40.71,-9.0,10.97,61.6,-86.9,-11.1,17.6,54.33,43,2,3,0,0.41,91,0,0,0,0,normal,
2026-09-14T16:15,Telkom,Western Cape,Cape Town,CPT-BEL-007,CPT-BEL-007-B,RAN,99.48,99.05,0.43,98.5,0.49,98.67,38.85,37.43,-3.78,9.88,62.8,-83.6,-9.7,18.8,57.55,46,2,4,4,0.65,0,0,0,0,0,normal,
2026-09-14T16:15,Telkom,Western Cape,Cape Town,CPT-BEL-007,CPT-BEL-007-C,RAN,98.48,99.06,-0.58,99.2,0.39,98.91,32.79,38.23,14.22,11.27,67.5,-83.4,-9.9,17.5,59.42,48,5,1,2,0.47,0,0,0,0,0,normal,
2026-09-14T16:15,Telkom,Gauteng,Johannesburg,JHB-CBD-003,JHB-CBD-003-A,RAN,99.19,99.04,0.15,98.69,0.68,99.01,40.29,37.98,-6.07,13.95,50.5,-86.9,-11.3,15.8,49.65,45,0,2,1,1.29,25,0,0,0,0,normal,
2026-09-14T16:15,Telkom,Gauteng,Johannesburg,JHB-CBD-003,JHB-CBD-003-B,RAN,97.97,99.01,-1.04,99.1,0.52,98.2,38.31,37.27,-2.78,11.85,53.6,-86.6,-9.2,16.3,55.12,47,4,0,1,0.83,0,0,0,0,0,normal,
2026-09-14T16:15,Telkom,Gauteng,Johannesburg,JHB-CBD-003,JHB-CBD-003-C,RAN,99.06,99.08,-0.02,98.52,0.67,97.79,42.68,38.37,-11.22,13.87,44.4,-87.5,-9.2,17.7,40.44,49,6,5,2,0.77,37,0,0,0,0,normal,
2026-09-14T16:15,Telkom,Gauteng,Soweto,JHB-SOW-018,JHB-SOW-018-A,RAN,99.33,99.07,0.26,99.1,0.61,98.3,40.72,39.01,-4.39,13.81,57.9,-85.4,-11.2,15.0,46.7,41,2,0,2,0.98,0,0,0,0,0,normal,
2026-09-14T16:15,Telkom,Gauteng,Soweto,JHB-SOW-018,JHB-SOW-018-B,RAN,99.04,99.15,-0.11,98.73,0.69,98.45,37.64,41.41,9.1,9.15,59.3,-86.2,-8.8,14.8,62.29,47,4,6,3,0.59,8,0,0,0,0,normal,
2026-09-14T16:15,Telkom,Gauteng,Soweto,JHB-SOW-018,JHB-SOW-018-C,RAN,99.27,99.15,0.12,98.71,0.19,98.44,38.91,39.92,2.52,12.48,60.3,-86.4,-10.3,18.5,62.78,50,2,0,1,0.2,162,0,0,0,0,normal,
2026-09-14T16:15,Telkom,Gauteng,Pretoria,PTA-HAT-011,PTA-HAT-011-A,RAN,99.52,99.21,0.31,98.77,0.54,97.92,33.52,38.15,12.13,11.08,50.7,-82.9,-9.1,16.0,55.51,48,0,2,2,0.64,155,0,0,0,0,normal,
2026-09-14T16:15,Telkom,Gauteng,Pretoria,PTA-HAT-011,PTA-HAT-011-B,RAN,99.18,98.97,0.21,98.83,0.87,98.83,48.72,37.22,-30.88,12.93,55.4,-83.9,-10.4,13.7,46.59,43,3,0,2,1.14,17,0,0,0,0,normal,
2026-09-14T16:15,Telkom,Gauteng,Pretoria,PTA-HAT-011,PTA-HAT-011-C,RAN,98.89,99.06,-0.17,98.36,0.81,98.51,37.33,38.15,2.16,15.09,59.3,-86.8,-12.0,15.5,46.24,47,2,4,4,1.29,34,0,0,0,0,normal,
2026-09-14T16:30,Telkom,Western Cape,Cape Town,CPT-BEL-007,CPT-BEL-007-A,RAN,99.47,99.23,0.24,98.95,0.52,98.53,46.09,41.42,-11.26,11.1,55.3,-89.8,-10.7,22.6,53.24,52,0,3,3,0.57,168,0,0,0,0,normal,
2026-09-14T16:30,Telkom,Western Cape,Cape Town,CPT-BEL-007,CPT-BEL-007-B,RAN,98.78,99.06,-0.28,99.56,0.31,98.82,28.87,37.74,23.51,12.43,56.3,-85.7,-8.7,14.3,66.4,57,6,2,1,1.32,77,0,0,0,0,normal,
2026-09-14T16:30,Telkom,Western Cape,Cape Town,CPT-BEL-007,CPT-BEL-007-C,RAN,99.19,99.01,0.18,99.13,0.45,98.87,34.08,38.27,10.95,12.6,55.7,-84.0,-9.6,12.0,59.44,48,3,7,1,0.57,56,0,0,0,0,normal,
2026-09-14T16:30,Telkom,Gauteng,Johannesburg,JHB-CBD-003,JHB-CBD-003-A,RAN,99.17,99.03,0.14,98.55,0.77,99.14,41.93,38.68,-8.39,6.76,52.3,-85.6,-9.2,15.1,51.91,52,7,7,4,1.3,137,0,0,0,0,normal,
2026-09-14T16:30,Telkom,Gauteng,Johannesburg,JHB-CBD-003,JHB-CBD-003-B,RAN,99.48,98.95,0.53,98.64,0.44,98.33,47.04,37.54,-25.3,14.45,50.6,-88.1,-9.6,19.5,60.79,43,6,8,2,0.38,64,0,0,0,0,normal,
2026-09-14T16:30,Telkom,Gauteng,Johannesburg,JHB-CBD-003,JHB-CBD-003-C,RAN,99.16,99.06,0.1,98.87,0.54,98.02,37.77,39.02,3.22,13.02,49.3,-87.8,-9.5,17.1,49.15,49,0,1,0,1.05,52,0,0,0,0,normal,
2026-09-14T16:30,Telkom,Gauteng,Soweto,JHB-SOW-018,JHB-SOW-018-A,RAN,98.89,99.08,-0.19,99.1,0.41,98.99,40.16,39.39,-1.95,12.9,49.6,-82.8,-8.5,18.8,47.13,37,4,5,3,0.11,7,0,0,0,0,normal,
2026-09-14T16:30,Telkom,Gauteng,Soweto,JHB-SOW-018,JHB-SOW-018-B,RAN,99.42,99.14,0.28,98.7,0.16,98.47,35.91,40.98,12.37,14.18,54.6,-81.9,-10.3,18.9,44.35,38,1,1,0,0.8,143,0,0,0,0,normal,
2026-09-14T16:30,Telkom,Gauteng,Soweto,JHB-SOW-018,JHB-SOW-018-C,RAN,98.92,99.17,-0.25,98.45,0.26,98.47,31.54,40.24,21.61,9.53,60.6,-85.0,-10.5,14.8,61.57,56,3,5,0,0.48,158,0,0,0,0,normal,
2026-09-14T16:30,Telkom,Gauteng,Pretoria,PTA-HAT-011,PTA-HAT-011-A,RAN,98.06,99.23,-1.17,98.77,0.89,98.74,38.31,37.68,-1.67,12.64,66.6,-88.2,-10.2,17.2,60.0,54,6,4,1,0.44,0,0,0,0,0,normal,
2026-09-14T16:30,Telkom,Gauteng,Pretoria,PTA-HAT-011,PTA-HAT-011-B,RAN,98.88,98.97,-0.09,98.31,0.41,98.77,36.51,38.74,5.76,11.96,64.7,-90.9,-9.2,14.9,61.22,66,12,9,3,0.21,0,0,0,0,0,normal,
2026-09-14T16:30,Telkom,Gauteng,Pretoria,PTA-HAT-011,PTA-HAT-011-C,RAN,99.23,99.04,0.19,99.17,0.54,98.89,39.66,38.23,-3.74,11.78,67.7,-81.9,-9.9,17.1,54.85,53,4,4,3,0.76,130,0,0,0,0,normal,
2026-09-14T16:45,Telkom,Western Cape,Cape Town,CPT-BEL-007,CPT-BEL-007-A,RAN,98.96,99.2,-0.24,98.82,0.51,98.32,43.82,41.4,-5.85,14.84,61.3,-82.4,-10.4,15.8,54.59,48,7,2,1,0.69,36,0,0,0,0,normal,
2026-09-14T16:45,Telkom,Western Cape,Cape Town,CPT-BEL-007,CPT-BEL-007-B,RAN,98.7,99.07,-0.37,99.48,0.59,98.43,37.2,37.29,0.25,15.28,51.1,-83.9,-8.8,19.6,53.91,51,5,2,2,0.55,90,0,0,0,0,normal,
2026-09-14T16:45,Telkom,Western Cape,Cape Town,CPT-BEL-007,CPT-BEL-007-C,RAN,99.7,99.02,0.68,98.39,0.57,98.46,37.67,38.14,1.23,10.28,61.9,-84.3,-11.0,17.3,64.07,59,2,7,1,0.2,71,0,0,0,0,normal,
2026-09-14T16:45,Telkom,Gauteng,Johannesburg,JHB-CBD-003,JHB-CBD-003-A,RAN,99.35,99.04,0.31,98.74,0.54,98.0,37.38,39.16,4.56,15.59,48.7,-83.8,-12.7,15.4,57.72,54,5,6,3,1.2,103,0,0,0,0,normal,
2026-09-14T16:45,Telkom,Gauteng,Johannesburg,JHB-CBD-003,JHB-CBD-003-B,RAN,99.16,98.96,0.2,99.34,0.37,99.26,46.57,38.18,-21.97,11.19,57.9,-85.1,-11.4,14.7,54.93,50,5,4,2,0.63,0,0,0,0,0,normal,
2026-09-14T16:45,Telkom,Gauteng,Johannesburg,JHB-CBD-003,JHB-CBD-003-C,RAN,98.56,99.06,-0.5,99.2,0.77,98.73,37.15,39.01,4.78,12.39,56.3,-85.9,-10.7,14.8,54.83,50,5,1,2,0.1,69,0,0,0,0,normal,
2026-09-14T16:45,Telkom,Gauteng,Soweto,JHB-SOW-018,JHB-SOW-018-A,RAN,98.63,99.05,-0.42,99.12,0.53,99.45,40.02,39.62,-1.01,12.64,55.6,-84.3,-11.4,16.4,55.07,46,6,0,1,0.63,63,0,0,0,0,normal,
2026-09-14T16:45,Telkom,Gauteng,Soweto,JHB-SOW-018,JHB-SOW-018-B,RAN,99.01,99.17,-0.16,99.14,0.43,98.86,38.29,41.11,6.86,7.93,51.3,-88.0,-9.0,15.8,58.67,47,3,5,1,0.6,163,0,0,0,0,normal,
2026-09-14T16:45,Telkom,Gauteng,Soweto,JHB-SOW-018,JHB-SOW-018-C,RAN,99.66,99.17,0.49,98.76,0.55,98.08,39.18,40.05,2.18,11.01,50.5,-88.3,-9.6,17.7,55.83,41,0,3,3,1.5,70,0,0,0,0,normal,
2026-09-14T16:45,Telkom,Gauteng,Pretoria,PTA-HAT-011,PTA-HAT-011-A,RAN,98.56,99.14,-0.58,98.51,0.64,99.04,31.18,37.55,16.96,11.22,63.0,-85.5,-9.9,17.3,60.85,50,8,10,3,0.46,0,0,0,0,0,normal,
2026-09-14T16:45,Telkom,Gauteng,Pretoria,PTA-HAT-011,PTA-HAT-011-B,RAN,99.04,98.94,0.1,98.87,0.53,98.49,46.11,39.37,-17.13,14.63,45.0,-88.8,-9.5,15.2,50.96,50,5,4,2,0.98,139,0,0,0,0,normal,
2026-09-14T16:45,Telkom,Gauteng,Pretoria,PTA-HAT-011,PTA-HAT-011-C,RAN,99.26,99.07,0.19,98.61,0.64,98.86,35.68,38.82,8.09,14.32,61.3,-86.1,-10.3,17.8,59.41,50,1,5,2,1.39,74,0,0,0,0,normal,
2026-09-14T17:00,Telkom,Western Cape,Cape Town,CPT-BEL-007,CPT-BEL-007-A,RAN,99.33,99.17,0.16,99.32,0.37,97.96,40.05,41.36,3.16,12.87,49.3,-90.1,-10.9,15.1,51.68,47,4,9,0,1.01,0,1,0,0,0,normal,
2026-09-14T17:00,Telkom,Western Cape,Cape Town,CPT-BEL-007,CPT-BEL-007-B,RAN,98.03,99.05,-1.02,98.38,0.6,98.08,45.28,37.11,-22.0,11.42,58.1,-83.2,-9.6,15.0,46.09,48,10,4,2,0.45,0,1,0,0,0,normal,
2026-09-14T17:00,Telkom,Western Cape,Cape Town,CPT-BEL-007,CPT-BEL-007-C,RAN,99.14,99.09,0.05,98.97,0.26,98.7,32.29,38.25,15.58,10.51,48.7,-87.0,-10.0,19.6,54.84,41,2,1,1,0.26,164,1,0,0,0,normal,
2026-09-14T17:00,Telkom,Gauteng,Johannesburg,JHB-CBD-003,JHB-CBD-003-A,RAN,99.11,99.08,0.03,98.99,0.64,98.81,35.95,39.2,8.3,10.25,58.1,-87.5,-8.7,16.7,60.49,59,5,2,1,0.73,127,1,0,0,0,normal,
2026-09-14T17:00,Telkom,Gauteng,Johannesburg,JHB-CBD-003,JHB-CBD-003-B,RAN,99.5,98.97,0.53,98.18,0.76,98.87,41.21,38.48,-7.1,11.33,48.8,-88.7,-11.3,18.5,51.91,40,0,1,2,1.01,114,1,0,0,0,normal,
2026-09-14T17:00,Telkom,Gauteng,Johannesburg,JHB-CBD-003,JHB-CBD-003-C,RAN,99.36,99.04,0.32,98.35,0.66,98.73,37.65,38.86,3.12,8.79,63.4,-81.7,-10.4,18.5,55.86,47,2,8,1,0.71,103,1,0,0,0,normal,
2026-09-14T17:00,Telkom,Gauteng,Soweto,JHB-SOW-018,JHB-SOW-018-A,RAN,99.01,99.04,-0.03,98.56,0.68,96.95,41.04,40.23,-2.02,13.48,45.8,-84.8,-11.4,15.6,61.69,43,0,4,4,0.93,58,1,0,0,0,normal,
2026-09-14T17:00,Telkom,Gauteng,Soweto,JHB-SOW-018,JHB-SOW-018-B,RAN,99.18,99.14,0.04,98.44,0.66,98.43,43.74,41.23,-6.09,14.76,42.0,-84.7,-9.6,16.0,44.78,38,0,4,2,0.75,0,1,0,0,0,normal,
2026-09-14T17:00,Telkom,Gauteng,Soweto,JHB-SOW-018,JHB-SOW-018-C,RAN,99.11,99.22,-0.11,99.32,0.68,98.64,42.92,39.87,-7.64,11.57,59.4,-83.9,-11.1,21.8,51.35,43,1,3,1,1.24,177,1,0,0,0,normal,
2026-09-14T17:00,Telkom,Gauteng,Pretoria,PTA-HAT-011,PTA-HAT-011-A,RAN,98.98,99.08,-0.1,98.75,0.27,98.86,36.95,37.11,0.42,11.84,57.4,-90.4,-9.2,20.4,60.41,54,8,6,0,0.75,95,2,0,0,0,normal,
2026-09-14T17:00,Telkom,Gauteng,Pretoria,PTA-HAT-011,PTA-HAT-011-B,RAN,99.41,98.97,0.44,98.37,0.52,99.04,39.25,39.58,0.83,12.01,66.0,-87.6,-10.9,18.2,67.54,57,2,9,4,0.67,23,2,0,0,0,normal,
2026-09-14T17:00,Telkom,Gauteng,Pretoria,PTA-HAT-011,PTA-HAT-011-C,RAN,99.4,99.07,0.33,98.82,0.98,97.67,38.23,38.94,1.82,10.41,57.4,-86.1,-12.1,14.4,59.62,51,1,0,5,0.66,56,2,0,0,0,normal,
2026-09-14T17:15,Telkom,Western Cape,Cape Town,CPT-BEL-007,CPT-BEL-007-A,RAN,98.4,99.19,-0.79,98.73,0.69,99.05,37.11,41.61,10.81,12.13,51.3,-83.2,-10.1,13.3,50.63,45,8,0,2,0.34,39,0,0,0,0,normal,
2026-09-14T17:15,Telkom,Western Cape,Cape Town,CPT-BEL-007,CPT-BEL-007-B,RAN,99.1,98.97,0.13,98.75,0.56,99.36,32.33,37.31,13.35,11.59,61.8,-86.1,-11.1,18.9,58.64,51,7,6,2,0.97,71,0,0,0,0,normal,
2026-09-14T17:15,Telkom,Western Cape,Cape Town,CPT-BEL-007,CPT-BEL-007-C,RAN,99.01,99.11,-0.1,98.46,0.14,99.32,39.12,37.85,-3.34,14.28,55.7,-84.5,-8.9,14.9,57.2,39,5,0,0,0.96,50,0,0,0,0,normal,
2026-09-14T17:15,Telkom,Gauteng,Johannesburg,JHB-CBD-003,JHB-CBD-003-A,RAN,99.13,99.06,0.07,98.78,0.34,98.51,33.58,39.01,13.93,9.69,52.5,-78.4,-10.0,13.3,56.66,57,3,6,3,0.71,174,0,0,0,0,normal,
2026-09-14T17:15,Telkom,Gauteng,Johannesburg,JHB-CBD-003,JHB-CBD-003-B,RAN,99.8,98.97,0.83,98.99,0.38,98.67,45.41,38.73,-17.25,10.64,50.0,-82.4,-9.9,19.1,56.12,57,3,3,0,1.41,50,0,0,0,0,normal,
2026-09-14T17:15,Telkom,Gauteng,Johannesburg,JHB-CBD-003,JHB-CBD-003-C,RAN,99.11,99.08,0.03,98.34,0.4,98.53,33.86,39.16,13.54,12.95,65.2,-87.9,-10.6,19.2,64.09,47,1,3,2,1.0,0,0,0,0,0,normal,
2026-09-14T17:15,Telkom,Gauteng,Soweto,JHB-SOW-018,JHB-SOW-018-A,RAN,98.56,99.02,-0.46,99.1,0.46,98.78,38.38,40.4,5.01,12.03,49.7,-86.3,-10.5,15.4,55.95,51,3,3,1,0.74,61,0,0,0,0,normal,
2026-09-14T17:15,Telkom,Gauteng,Soweto,JHB-SOW-018,JHB-SOW-018-B,RAN,99.27,99.12,0.15,99.16,0.44,98.62,43.63,41.38,-5.44,13.06,46.0,-85.7,-9.9,16.4,49.06,45,3,0,2,0.22,154,0,0,0,0,normal,
2026-09-14T17:15,Telkom,Gauteng,Soweto,JHB-SOW-018,JHB-SOW-018-C,RAN,99.23,99.2,0.03,99.07,1.25,98.23,37.68,40.41,6.76,11.7,43.8,-90.1,-9.8,14.9,47.47,35,4,3,6,0.51,0,0,0,0,0,normal,
2026-09-14T17:15,Telkom,Gauteng,Pretoria,PTA-HAT-011,PTA-HAT-011-A,RAN,99.14,99.03,0.11,98.78,0.41,98.85,39.1,37.34,-4.71,10.29,50.3,-85.7,-11.8,15.8,63.14,52,6,2,2,0.87,100,1,0,0,0,normal,
2026-09-14T17:15,Telkom,Gauteng,Pretoria,PTA-HAT-011,PTA-HAT-011-B,RAN,99.27,98.98,0.29,98.59,0.56,98.01,38.81,39.63,2.06,12.84,56.4,-83.9,-10.8,15.3,52.46,54,3,7,4,0.7,0,1,0,0,0,normal,
2026-09-14T17:15,Telkom,Gauteng,Pretoria,PTA-HAT-011,PTA-HAT-011-C,RAN,99.76,99.12,0.64,98.65,0.14,98.89,40.55,38.42,-5.55,11.24,60.6,-84.3,-8.7,14.6,54.1,49,3,6,0,0.39,176,1,0,0,0,normal,
2026-09-14T17:30,Telkom,Western Cape,Cape Town,CPT-BEL-007,CPT-BEL-007-A,RAN,98.89,99.14,-0.25,98.63,0.55,98.61,30.46,41.54,26.67,10.48,59.8,-82.6,-10.5,15.9,65.23,59,6,2,3,0.35,13,0,0,0,0,normal,
2026-09-14T17:30,Telkom,Western Cape,Cape Town,CPT-BEL-007,CPT-BEL-007-B,RAN,98.45,98.92,-0.47,99.17,0.44,98.65,34.02,37.05,8.17,11.23,55.9,-86.5,-9.8,14.8,56.92,54,9,2,3,1.38,138,0,0,0,0,normal,
2026-09-14T17:30,Telkom,Western Cape,Cape Town,CPT-BEL-007,CPT-BEL-007-C,RAN,98.6,99.09,-0.49,98.81,0.66,98.54,37.72,37.8,0.22,13.8,57.6,-88.6,-9.1,14.1,47.01,51,6,5,3,0.47,85,0,0,0,0,normal,
2026-09-14T17:30,Telkom,Gauteng,Johannesburg,JHB-CBD-003,JHB-CBD-003-A,RAN,99.63,99.05,0.58,98.47,1.04,98.81,44.02,39.13,-12.5,12.04,49.8,-83.9,-9.8,17.7,49.45,38,0,3,1,0.95,134,0,0,0,0,normal,
2026-09-14T17:30,Telkom,Gauteng,Johannesburg,JHB-CBD-003,JHB-CBD-003-B,RAN,99.39,99.06,0.33,98.73,0.4,98.52,26.74,39.04,31.51,12.32,53.9,-88.1,-10.4,17.4,58.33,53,2,4,1,0.27,140,0,0,0,0,normal,
2026-09-14T17:30,Telkom,Gauteng,Johannesburg,JHB-CBD-003,JHB-CBD-003-C,RAN,98.98,99.07,-0.09,98.5,0.43,99.2,35.9,38.37,6.43,12.69,62.2,-90.5,-8.6,18.6,53.75,43,2,5,1,0.87,16,0,0,0,0,normal,
2026-09-14T17:30,Telkom,Gauteng,Soweto,JHB-SOW-018,JHB-SOW-018-A,RAN,98.75,99.0,-0.25,98.55,0.51,98.87,29.67,40.08,25.96,12.59,53.9,-84.5,-8.7,14.4,59.66,47,5,2,2,0.67,0,0,0,0,0,normal,
2026-09-14T17:30,Telkom,Gauteng,Soweto,JHB-SOW-018,JHB-SOW-018-B,RAN,98.89,99.16,-0.27,99.47,0.4,98.25,35.85,41.16,12.9,14.36,58.4,-85.7,-7.3,19.0,55.21,37,2,5,0,1.01,53,0,0,0,0,normal,
2026-09-14T17:30,Telkom,Gauteng,Soweto,JHB-SOW-018,JHB-SOW-018-C,RAN,98.88,99.2,-0.32,98.86,0.95,98.54,43.25,39.79,-8.7,12.32,48.5,-85.7,-11.0,14.3,49.73,43,1,7,4,0.74,0,0,0,0,0,normal,
2026-09-14T17:30,Telkom,Gauteng,Pretoria,PTA-HAT-011,PTA-HAT-011-A,RAN,99.16,99.0,0.16,98.2,0.34,98.6,40.03,37.74,-6.06,11.18,58.1,-88.9,-8.5,17.8,50.44,48,2,9,0,0.72,0,1,0,0,0,normal,
2026-09-14T17:30,Telkom,Gauteng,Pretoria,PTA-HAT-011,PTA-HAT-011-B,RAN,99.35,98.97,0.38,98.85,0.52,98.08,43.19,39.59,-9.1,14.69,57.5,-87.0,-8.3,15.8,51.04,55,1,1,1,0.78,87,1,0,0,0,normal,
2026-09-14T17:30,Telkom,Gauteng,Pretoria,PTA-HAT-011,PTA-HAT-011-C,RAN,98.96,99.16,-0.2,98.91,0.76,99.11,46.93,38.4,-22.2,11.88,54.0,-90.0,-9.5,18.2,50.57,46,5,1,4,0.17,139,1,0,0,0,normal,
2026-09-14T17:45,Telkom,Western Cape,Cape Town,CPT-BEL-007,CPT-BEL-007-A,RAN,99.19,99.1,0.09,98.44,0.34,98.28,34.43,41.0,16.02,9.9,66.0,-85.8,-9.4,16.2,65.36,54,5,6,0,0.64,91,0,0,0,0,normal,
2026-09-14T17:45,Telkom,Western Cape,Cape Town,CPT-BEL-007,CPT-BEL-007-B,RAN,99.1,98.88,0.22,98.36,1.0,98.48,36.56,37.01,1.21,15.26,40.0,-83.4,-9.0,18.5,51.87,53,3,5,6,0.69,0,0,0,0,0,normal,
2026-09-14T17:45,Telkom,Western Cape,Cape Town,CPT-BEL-007,CPT-BEL-007-C,RAN,99.11,99.08,0.03,98.42,0.05,98.83,42.6,37.57,-13.4,12.28,52.0,-83.9,-10.1,16.3,50.91,45,4,6,0,0.77,154,0,0,0,0,normal,
2026-09-14T17:45,Telkom,Gauteng,Johannesburg,JHB-CBD-003,JHB-CBD-003-A,RAN,99.26,99.09,0.17,98.54,0.52,99.05,45.92,39.35,-16.68,16.29,55.2,-88.5,-9.1,18.9,45.01,45,0,3,3,1.05,138,0,0,0,0,normal,
2026-09-14T17:45,Telkom,Gauteng,Johannesburg,JHB-CBD-003,JHB-CBD-003-B,RAN,98.91,99.08,-0.17,99.19,0.67,98.06,38.31,38.65,0.87,12.61,63.2,-89.8,-10.1,15.2,52.34,48,7,2,3,0.25,48,0,0,0,0,normal,
2026-09-14T17:45,Telkom,Gauteng,Johannesburg,JHB-CBD-003,JHB-CBD-003-C,RAN,99.21,99.05,0.16,98.44,0.05,97.77,41.81,38.15,-9.59,11.21,49.1,-86.2,-11.2,21.2,56.51,46,3,4,0,0.59,78,0,0,0,0,normal,
2026-09-14T17:45,Telkom,Gauteng,Soweto,JHB-SOW-018,JHB-SOW-018-A,RAN,99.47,98.97,0.5,98.76,0.45,98.78,30.48,39.44,22.72,12.34,51.9,-88.7,-8.4,20.4,58.43,56,2,4,2,1.06,0,0,0,0,0,normal,
2026-09-14T17:45,Telkom,Gauteng,Soweto,JHB-SOW-018,JHB-SOW-018-B,RAN,98.99,99.14,-0.16,98.53,0.8,98.42,42.77,41.13,-3.99,10.82,48.0,-81.9,-8.2,17.4,54.84,51,4,5,3,0.45,78,0,0,0,0,normal,
2026-09-14T17:45,Telkom,Gauteng,Soweto,JHB-SOW-018,JHB-SOW-018-C,RAN,98.91,99.16,-0.25,98.56,0.74,98.52,37.31,39.69,6.01,12.09,56.4,-82.5,-9.6,16.7,43.29,39,3,1,1,0.32,27,0,0,0,0,normal,
2026-09-14T17:45,Telkom,Gauteng,Pretoria,PTA-HAT-011,PTA-HAT-011-A,RAN,99.15,98.95,0.2,98.76,0.39,97.63,40.0,37.89,-5.56,12.28,57.8,-91.2,-9.7,14.2,52.8,56,2,8,2,1.52,44,1,0,0,0,normal,
2026-09-14T17:45,Telkom,Gauteng,Pretoria,PTA-HAT-011,PTA-HAT-011-B,RAN,98.81,99.03,-0.22,97.93,0.67,97.58,36.25,40.24,9.91,10.97,37.8,-87.7,-11.2,17.4,57.62,54,3,4,5,0.41,62,1,0,0,0,normal,
2026-09-14T17:45,Telkom,Gauteng,Pretoria,PTA-HAT-011,PTA-HAT-011-C,RAN,99.13,99.14,-0.01,98.62,0.77,97.78,34.97,39.02,10.38,10.57,64.6,-83.1,-11.1,19.9,61.78,62,5,1,4,0.21,37,1,0,0,0,normal,
2026-09-14T18:00,Telkom,Western Cape,Cape Town,CPT-BEL-007,CPT-BEL-007-A,RAN,98.38,99.13,-0.75,99.24,0.74,98.31,35.54,40.54,12.34,10.04,50.8,-85.5,-9.2,18.1,54.44,56,7,3,5,0.7,23,0,0,0,0,normal,
2026-09-14T18:00,Telkom,Western Cape,Cape Town,CPT-BEL-007,CPT-BEL-007-B,RAN,99.36,98.86,0.5,98.8,0.51,98.8,32.13,37.03,13.24,11.52,47.6,-85.7,-10.1,17.9,63.23,48,0,8,3,0.56,55,0,0,0,0,normal,
2026-09-14T18:00,Telkom,Western Cape,Cape Town,CPT-BEL-007,CPT-BEL-007-C,RAN,99.4,99.06,0.34,99.19,0.52,99.67,43.8,38.04,-15.14,11.49,65.9,-85.7,-8.9,17.4,52.22,52,6,1,2,0.67,112,0,0,0,0,normal,
2026-09-14T18:00,Telkom,Gauteng,Johannesburg,JHB-CBD-003,JHB-CBD-003-A,RAN,98.88,99.09,-0.21,98.51,0.59,98.71,42.59,39.82,-6.95,9.92,57.7,-87.1,-9.6,15.4,52.4,48,4,0,2,0.9,137,0,0,0,0,normal,
2026-09-14T18:00,Telkom,Gauteng,Johannesburg,JHB-CBD-003,JHB-CBD-003-B,RAN,99.37,99.1,0.27,98.87,0.08,98.72,33.3,38.31,13.08,13.7,51.1,-87.5,-10.7,18.6,53.86,53,3,0,0,1.27,214,0,0,0,0,normal,
2026-09-14T18:00,Telkom,Gauteng,Johannesburg,JHB-CBD-003,JHB-CBD-003-C,RAN,99.18,99.07,0.11,99.09,0.69,98.95,33.27,38.42,13.4,11.32,62.3,-86.3,-9.0,18.0,53.68,50,3,6,4,0.54,139,0,0,0,0,normal,
2026-09-14T18:00,Telkom,Gauteng,Soweto,JHB-SOW-018,JHB-SOW-018-A,RAN,99.89,99.0,0.89,98.59,0.13,98.71,35.5,38.59,8.0,10.03,53.3,-90.7,-10.1,16.9,58.3,49,0,6,0,0.2,3,0,0,0,0,normal,
2026-09-14T18:00,Telkom,Gauteng,Soweto,JHB-SOW-018,JHB-SOW-018-B,RAN,99.28,99.13,0.15,99.06,0.78,99.12,36.98,40.97,9.74,13.09,61.3,-83.3,-10.1,17.3,56.28,40,0,3,2,1.09,0,0,0,0,0,normal,
2026-09-14T18:00,Telkom,Gauteng,Soweto,JHB-SOW-018,JHB-SOW-018-C,RAN,98.26,99.16,-0.9,98.59,0.75,98.71,34.14,39.48,13.52,11.92,56.1,-84.6,-10.6,17.7,43.11,46,9,1,3,0.1,129,0,0,0,0,normal,
2026-09-14T18:00,Telkom,Gauteng,Pretoria,PTA-HAT-011,PTA-HAT-011-A,RAN,99.25,98.96,0.29,98.92,0.47,98.1,40.25,38.0,-5.92,15.28,43.6,-90.7,-9.4,15.5,50.11,53,3,0,2,0.66,55,0,0,0,0,normal,
2026-09-14T18:00,Telkom,Gauteng,Pretoria,PTA-HAT-011,PTA-HAT-011-B,RAN,99.21,98.99,0.22,98.76,0.38,98.82,36.62,40.27,9.06,12.43,59.2,-87.5,-9.8,17.3,61.13,53,1,0,2,0.56,0,0,0,0,0,normal,
2026-09-14T18:00,Telkom,Gauteng,Pretoria,PTA-HAT-011,PTA-HAT-011-C,RAN,99.21,99.12,0.09,98.83,0.27,98.33,38.81,39.09,0.73,10.1,43.8,-80.5,-10.1,18.5,56.48,63,3,1,3,0.47,149,0,0,0,0,normal,
2026-09-14T18:15,Telkom,Western Cape,Cape Town,CPT-BEL-007,CPT-BEL-007-A,RAN,99.22,99.06,0.16,99.0,0.47,99.25,40.68,40.21,-1.18,10.25,42.4,-83.8,-10.6,19.7,60.14,56,3,0,0,0.51,0,0,0,0,0,normal,
2026-09-14T18:15,Telkom,Western Cape,Cape Town,CPT-BEL-007,CPT-BEL-007-B,RAN,98.96,98.89,0.07,99.04,0.58,98.78,37.91,36.18,-4.78,11.68,56.0,-84.3,-8.9,18.0,50.43,47,5,2,1,0.63,0,0,0,0,0,normal,
2026-09-14T18:15,Telkom,Western Cape,Cape Town,CPT-BEL-007,CPT-BEL-007-C,RAN,99.01,99.07,-0.06,98.29,0.12,98.65,37.88,38.27,1.02,9.03,63.1,-87.8,-7.5,16.3,55.92,60,8,4,0,0.2,118,0,0,0,0,normal,
2026-09-14T18:15,Telkom,Gauteng,Johannesburg,JHB-CBD-003,JHB-CBD-003-A,RAN,99.25,99.09,0.16,98.27,0.44,99.15,35.88,39.83,9.91,11.69,51.7,-86.7,-8.8,19.3,57.9,49,5,3,2,0.34,32,0,0,0,0,normal,
2026-09-14T18:15,Telkom,Gauteng,Johannesburg,JHB-CBD-003,JHB-CBD-003-B,RAN,99.23,99.11,0.12,98.51,0.1,98.18,43.0,38.24,-12.46,11.7,52.1,-85.3,-9.1,19.3,52.08,57,1,4,0,0.11,16,0,0,0,0,normal,
2026-09-14T18:15,Telkom,Gauteng,Johannesburg,JHB-CBD-003,JHB-CBD-003-C,RAN,99.22,99.13,0.09,98.65,0.22,98.48,39.91,38.36,-4.04,10.08,59.2,-84.2,-10.2,15.0,56.41,55,5,7,1,0.71,115,0,0,1,0,normal,
2026-09-14T18:15,Telkom,Gauteng,Soweto,JHB-SOW-018,JHB-SOW-018-A,RAN,99.48,99.08,0.4,99.22,0.51,98.77,28.09,38.46,26.97,9.51,48.5,-83.9,-10.0,19.9,62.48,51,7,3,4,0.8,95,0,0,1,0,normal,
2026-09-14T18:15,Telkom,Gauteng,Soweto,JHB-SOW-018,JHB-SOW-018-B,RAN,98.85,99.16,-0.31,98.68,0.87,98.94,39.2,40.13,2.33,12.61,54.9,-85.4,-10.3,18.7,57.5,47,5,3,2,1.66,0,0,0,0,0,normal,
2026-09-14T18:15,Telkom,Gauteng,Soweto,JHB-SOW-018,JHB-SOW-018-C,RAN,98.94,99.11,-0.17,99.15,0.25,98.72,44.93,38.76,-15.92,14.98,52.2,-86.1,-8.6,18.4,51.1,43,4,5,1,0.69,0,0,0,0,0,normal,
2026-09-14T18:15,Telkom,Gauteng,Pretoria,PTA-HAT-011,PTA-HAT-011-A,RAN,99.26,98.99,0.27,98.68,0.47,98.43,41.16,37.94,-8.5,13.17,48.7,-83.9,-9.4,16.8,51.62,63,1,4,2,0.51,0,0,0,0,0,normal,
2026-09-14T18:15,Telkom,Gauteng,Pretoria,PTA-HAT-011,PTA-HAT-011-B,RAN,99.42,99.01,0.41,98.59,0.45,98.76,36.16,40.2,10.05,9.31,54.3,-81.8,-10.3,14.9,55.97,58,0,1,2,1.22,207,0,0,0,0,normal,
2026-09-14T18:15,Telkom,Gauteng,Pretoria,PTA-HAT-011,PTA-HAT-011-C,RAN,99.31,99.08,0.23,99.32,0.75,97.99,41.14,39.42,-4.36,10.57,63.5,-87.9,-11.5,12.5,53.49,49,1,1,3,0.67,0,0,0,0,0,normal,
2026-09-14T18:30,Telkom,Western Cape,Cape Town,CPT-BEL-007,CPT-BEL-007-A,RAN,99.21,99.06,0.15,98.92,0.44,97.95,31.96,40.57,21.22,12.15,57.7,-86.3,-8.6,16.7,61.45,46,3,2,3,0.53,60,0,0,0,0,normal,
2026-09-14T18:30,Telkom,Western Cape,Cape Town,CPT-BEL-007,CPT-BEL-007-B,RAN,98.47,98.89,-0.42,99.03,0.25,98.38,37.59,36.47,-3.08,12.6,59.5,-86.5,-8.6,17.4,53.5,54,3,0,0,0.75,159,0,0,0,0,normal,
2026-09-14T18:30,Telkom,Western Cape,Cape Town,CPT-BEL-007,CPT-BEL-007-C,RAN,98.63,99.08,-0.45,98.5,0.05,98.67,37.47,38.47,2.61,12.52,54.7,-88.8,-11.6,15.3,48.83,48,4,4,0,0.32,143,0,0,0,0,normal,
2026-09-14T18:30,Telkom,Gauteng,Johannesburg,JHB-CBD-003,JHB-CBD-003-A,RAN,99.21,99.14,0.07,98.86,0.63,99.0,44.14,39.56,-11.57,14.59,66.2,-85.1,-9.2,14.4,53.7,47,6,6,4,1.08,0,0,0,0,0,normal,
2026-09-14T18:30,Telkom,Gauteng,Johannesburg,JHB-CBD-003,JHB-CBD-003-B,RAN,98.91,99.09,-0.18,99.03,0.16,98.11,33.44,37.99,11.99,13.79,55.9,-81.4,-10.7,11.7,55.17,48,6,1,0,0.1,44,0,0,0,0,normal,
2026-09-14T18:30,Telkom,Gauteng,Johannesburg,JHB-CBD-003,JHB-CBD-003-C,RAN,98.8,99.13,-0.33,98.27,0.63,98.52,33.91,38.2,11.24,13.9,48.3,-81.2,-10.8,12.2,44.38,49,2,4,3,0.76,0,0,0,1,0,normal,
2026-09-14T18:30,Telkom,Gauteng,Soweto,JHB-SOW-018,JHB-SOW-018-A,RAN,99.1,99.11,-0.01,98.62,0.61,98.88,43.93,37.98,-15.66,11.9,42.9,-88.7,-10.5,15.5,53.1,42,2,2,2,0.1,179,0,0,1,0,normal,
2026-09-14T18:30,Telkom,Gauteng,Soweto,JHB-SOW-018,JHB-SOW-018-B,RAN,99.46,99.16,0.3,98.83,0.68,98.31,45.41,40.22,-12.91,11.28,46.8,-86.9,-9.8,14.9,46.24,45,0,5,3,0.68,43,0,0,0,0,normal,
2026-09-14T18:30,Telkom,Gauteng,Soweto,JHB-SOW-018,JHB-SOW-018-C,RAN,99.62,99.12,0.5,98.24,0.25,98.47,37.5,39.12,4.13,9.88,56.4,-85.1,-9.8,11.8,58.01,46,0,6,2,0.54,37,0,0,0,0,normal,
2026-09-14T18:30,Telkom,Gauteng,Pretoria,PTA-HAT-011,PTA-HAT-011-A,RAN,98.78,98.96,-0.18,98.45,0.19,99.04,36.4,37.94,4.07,11.88,53.6,-84.8,-10.6,17.6,55.74,59,8,6,0,0.75,55,0,0,0,0,normal,
2026-09-14T18:30,Telkom,Gauteng,Pretoria,PTA-HAT-011,PTA-HAT-011-B,RAN,98.88,99.02,-0.14,98.75,0.61,99.2,27.38,39.85,31.29,12.18,60.8,-87.1,-10.6,23.4,58.28,58,4,3,4,1.15,19,0,0,0,0,normal,
2026-09-14T18:30,Telkom,Gauteng,Pretoria,PTA-HAT-011,PTA-HAT-011-C,RAN,98.76,99.11,-0.35,98.93,1.28,98.92,37.9,39.16,3.22,12.11,64.9,-87.2,-10.9,16.9,63.67,57,10,7,9,0.1,28,0,0,0,0,normal,
2026-09-14T18:45,Telkom,Western Cape,Cape Town,CPT-BEL-007,CPT-BEL-007-A,RAN,98.72,99.06,-0.34,98.73,0.12,97.63,33.39,40.15,16.84,11.95,57.4,-83.1,-9.8,14.1,55.71,47,5,7,0,0.56,0,0,0,0,0,normal,
2026-09-14T18:45,Telkom,Western Cape,Cape Town,CPT-BEL-007,CPT-BEL-007-B,RAN,98.76,98.84,-0.08,99.23,0.92,97.3,38.03,36.19,-5.08,11.93,53.0,-87.1,-9.1,16.1,61.8,45,7,3,2,0.14,38,0,0,0,0,normal,
2026-09-14T18:45,Telkom,Western Cape,Cape Town,CPT-BEL-007,CPT-BEL-007-C,RAN,98.89,99.07,-0.18,98.46,0.73,98.57,39.07,38.68,-1.01,12.06,43.5,-85.0,-9.4,16.2,49.19,47,7,3,2,1.13,66,0,0,0,0,normal,
2026-09-14T18:45,Telkom,Gauteng,Johannesburg,JHB-CBD-003,JHB-CBD-003-A,RAN,99.1,99.18,-0.08,99.46,0.31,97.72,33.21,39.33,15.56,10.62,69.7,-85.7,-7.5,18.5,65.29,53,4,4,1,0.27,74,0,0,0,0,normal,
2026-09-14T18:45,Telkom,Gauteng,Johannesburg,JHB-CBD-003,JHB-CBD-003-B,RAN,99.25,99.07,0.18,98.09,0.4,97.69,35.86,37.78,5.09,9.38,57.4,-88.4,-10.7,13.5,69.82,55,2,10,2,1.11,0,0,0,0,0,normal,
2026-09-14T18:45,Telkom,Gauteng,Johannesburg,JHB-CBD-003,JHB-CBD-003-C,RAN,99.23,99.13,0.1,98.91,0.66,98.68,38.54,37.77,-2.05,13.5,41.3,-89.5,-8.0,22.5,51.97,55,3,5,5,0.36,38,0,0,1,0,normal,
2026-09-14T18:45,Telkom,Gauteng,Soweto,JHB-SOW-018,JHB-SOW-018-A,RAN,99.18,99.12,0.06,98.07,0.13,98.2,42.3,37.86,-11.71,16.18,42.5,-88.7,-10.3,18.0,44.85,38,0,2,0,0.52,197,0,0,1,0,normal,
2026-09-14T18:45,Telkom,Gauteng,Soweto,JHB-SOW-018,JHB-SOW-018-B,RAN,98.78,99.16,-0.38,98.92,0.86,99.37,37.39,40.84,8.44,10.41,48.4,-88.0,-8.6,13.2,55.68,46,4,4,2,0.54,95,0,0,0,0,normal,
2026-09-14T18:45,Telkom,Gauteng,Soweto,JHB-SOW-018,JHB-SOW-018-C,RAN,99.08,99.15,-0.07,98.6,0.55,97.68,36.61,38.99,6.11,10.99,51.6,-88.3,-9.4,15.2,52.92,47,6,3,3,0.56,12,0,0,1,0,normal,
2026-09-14T18:45,Telkom,Gauteng,Pretoria,PTA-HAT-011,PTA-HAT-011-A,RAN,99.26,98.96,0.3,98.97,1.08,99.24,41.81,37.68,-10.95,9.82,59.1,-85.2,-11.3,19.8,63.24,57,1,1,5,0.83,109,0,0,0,0,normal,
2026-09-14T18:45,Telkom,Gauteng,Pretoria,PTA-HAT-011,PTA-HAT-011-B,RAN,99.08,99.0,0.08,98.86,0.63,98.33,33.24,39.13,15.06,12.5,51.0,-87.2,-10.2,17.3,60.37,60,5,7,4,0.59,102,0,0,0,0,normal,
2026-09-14T18:45,Telkom,Gauteng,Pretoria,PTA-HAT-011,PTA-HAT-011-C,RAN,99.1,99.11,-0.01,99.35,0.69,98.06,38.32,38.67,0.92,10.51,70.3,-88.1,-9.7,19.4,65.22,50,0,6,2,0.92,71,0,0,0,0,normal,
2026-09-14T19:00,Telkom,Western Cape,Cape Town,CPT-BEL-007,CPT-BEL-007-A,RAN,99.01,99.02,-0.01,98.86,0.47,98.22,38.02,39.45,3.62,11.42,53.5,-85.5,-10.8,16.9,53.26,45,3,3,1,0.1,50,0,0,0,0,normal,
2026-09-14T19:00,Telkom,Western Cape,Cape Town,CPT-BEL-007,CPT-BEL-007-B,RAN,99.53,98.83,0.7,99.32,0.56,98.52,26.88,35.84,24.99,12.13,42.5,-84.5,-9.0,16.9,68.0,47,0,4,0,0.82,0,0,0,0,0,normal,
2026-09-14T19:00,Telkom,Western Cape,Cape Town,CPT-BEL-007,CPT-BEL-007-C,RAN,98.93,99.06,-0.13,99.07,0.5,98.07,38.42,39.02,1.54,13.41,55.8,-82.2,-8.8,19.8,58.23,50,3,2,3,1.11,0,0,0,0,0,normal,
2026-09-14T19:00,Telkom,Gauteng,Johannesburg,JHB-CBD-003,JHB-CBD-003-A,RAN,98.76,99.18,-0.42,99.02,0.64,98.88,37.84,39.12,3.26,10.39,56.2,-85.1,-8.2,20.1,62.34,49,4,3,3,0.68,0,0,0,0,0,normal,
2026-09-14T19:00,Telkom,Gauteng,Johannesburg,JHB-CBD-003,JHB-CBD-003-B,RAN,99.15,99.13,0.02,99.13,0.15,98.72,32.09,37.74,14.97,14.89,59.8,-82.6,-10.5,21.3,61.77,53,2,3,0,0.93,153,0,0,0,0,normal,
2026-09-14T19:00,Telkom,Gauteng,Johannesburg,JHB-CBD-003,JHB-CBD-003-C,RAN,98.87,99.13,-0.26,98.64,0.27,98.17,36.99,37.68,1.83,12.32,51.9,-85.7,-11.6,13.9,59.8,61,8,8,3,0.64,0,0,0,1,0,normal,
2026-09-14T19:00,Telkom,Gauteng,Soweto,JHB-SOW-018,JHB-SOW-018-A,RAN,99.62,99.12,0.5,99.03,0.48,98.13,28.1,37.17,24.4,8.45,57.0,-85.9,-7.5,16.0,69.81,59,3,8,2,0.78,82,0,0,1,0,normal,
2026-09-14T19:00,Telkom,Gauteng,Soweto,JHB-SOW-018,JHB-SOW-018-B,RAN,99.24,99.12,0.12,98.94,0.55,98.6,35.39,40.41,12.43,10.56,56.8,-79.1,-10.3,20.8,51.58,51,0,4,2,1.07,131,0,0,0,0,normal,
2026-09-14T19:00,Telkom,Gauteng,Soweto,JHB-SOW-018,JHB-SOW-018-C,RAN,99.07,99.14,-0.07,99.01,0.57,98.01,36.46,38.49,5.27,11.61,57.0,-87.2,-11.8,15.1,58.52,50,5,5,3,0.86,122,0,0,1,0,normal,
2026-09-14T19:00,Telkom,Gauteng,Pretoria,PTA-HAT-011,PTA-HAT-011-A,RAN,99.68,98.94,0.74,99.06,0.75,98.85,29.75,37.57,20.81,12.22,54.2,-87.4,-10.8,17.6,65.01,58,2,10,5,0.49,0,0,0,1,0,normal,
2026-09-14T19:00,Telkom,Gauteng,Pretoria,PTA-HAT-011,PTA-HAT-011-B,RAN,98.88,99.03,-0.15,99.09,0.58,98.08,32.07,38.43,16.56,7.92,56.8,-89.1,-9.5,17.3,62.45,50,6,3,2,0.91,0,0,0,0,0,normal,
2026-09-14T19:00,Telkom,Gauteng,Pretoria,PTA-HAT-011,PTA-HAT-011-C,RAN,99.28,99.12,0.16,98.89,0.53,98.38,39.14,38.82,-0.82,15.21,45.0,-87.9,-9.5,17.8,56.47,59,4,2,2,0.88,38,0,0,0,0,normal,
2026-09-14T19:15,Telkom,Western Cape,Cape Town,CPT-BEL-007,CPT-BEL-007-A,RAN,99.14,98.99,0.15,99.12,0.31,98.39,39.37,39.3,-0.18,10.41,47.0,-85.5,-8.7,14.9,53.55,49,3,4,0,0.66,141,0,0,0,0,normal,
2026-09-14T19:15,Telkom,Western Cape,Cape Town,CPT-BEL-007,CPT-BEL-007-B,RAN,99.64,98.94,0.7,99.2,0.5,98.7,46.73,35.41,-31.97,15.73,59.4,-83.2,-9.8,15.7,52.48,46,0,4,2,0.47,130,0,0,0,0,normal,
2026-09-14T19:15,Telkom,Western Cape,Cape Town,CPT-BEL-007,CPT-BEL-007-C,RAN,99.07,99.01,0.06,98.82,0.38,97.78,46.64,38.62,-20.78,12.5,58.8,-83.8,-10.4,16.4,44.76,39,1,7,1,0.9,0,0,0,0,0,normal,
2026-09-14T19:15,Telkom,Gauteng,Johannesburg,JHB-CBD-003,JHB-CBD-003-A,RAN,99.1,99.16,-0.06,99.05,0.61,98.33,31.42,38.97,19.37,12.22,47.6,-85.3,-11.2,16.8,58.83,57,4,4,2,0.35,0,0,0,0,0,normal,
2026-09-14T19:15,Telkom,Gauteng,Johannesburg,JHB-CBD-003,JHB-CBD-003-B,RAN,99.19,99.12,0.07,98.42,0.05,98.74,37.54,37.6,0.15,12.48,59.9,-82.9,-11.7,16.1,53.65,50,1,7,1,0.66,0,0,0,0,0,normal,
2026-09-14T19:15,Telkom,Gauteng,Johannesburg,JHB-CBD-003,JHB-CBD-003-C,RAN,99.02,99.1,-0.08,98.11,0.88,98.56,36.38,37.36,2.62,12.27,56.2,-84.8,-10.4,14.9,47.62,48,6,7,4,0.61,35,0,0,0,0,normal,
2026-09-14T19:15,Telkom,Gauteng,Soweto,JHB-SOW-018,JHB-SOW-018-A,RAN,98.79,99.16,-0.37,99.19,0.56,98.22,42.17,37.07,-13.77,12.35,58.7,-88.3,-9.3,15.0,53.04,49,3,1,1,1.11,35,0,0,0,0,normal,
2026-09-14T19:15,Telkom,Gauteng,Soweto,JHB-SOW-018,JHB-SOW-018-B,RAN,99.58,99.12,0.46,98.88,0.71,98.12,42.97,39.95,-7.55,11.47,58.2,-84.0,-12.2,15.2,53.74,42,4,5,4,0.35,30,0,0,0,0,normal,
2026-09-14T19:15,Telkom,Gauteng,Soweto,JHB-SOW-018,JHB-SOW-018-C,RAN,98.96,99.17,-0.21,98.61,0.65,97.3,41.4,38.41,-7.78,14.52,47.8,-84.2,-10.4,15.7,52.4,49,9,7,3,0.93,0,0,0,1,0,normal,
2026-09-14T19:15,Telkom,Gauteng,Pretoria,PTA-HAT-011,PTA-HAT-011-A,RAN,98.89,99.06,-0.17,98.79,0.71,98.54,39.64,37.73,-5.06,13.49,57.9,-85.0,-10.9,16.9,58.51,57,4,5,4,0.4,0,0,0,1,0,normal,
2026-09-14T19:15,Telkom,Gauteng,Pretoria,PTA-HAT-011,PTA-HAT-011-B,RAN,99.25,99.05,0.2,99.85,0.4,98.55,41.26,38.55,-7.04,13.41,57.3,-85.4,-9.8,18.7,51.87,51,3,2,1,0.75,79,0,0,0,0,normal,
2026-09-14T19:15,Telkom,Gauteng,Pretoria,PTA-HAT-011,PTA-HAT-011-C,RAN,98.59,99.12,-0.53,98.71,0.43,99.51,23.87,38.8,38.47,8.96,65.1,-83.5,-10.4,19.4,68.6,59,5,2,1,0.64,153,0,0,0,0,normal,
2026-09-14T19:30,Telkom,Western Cape,Cape Town,CPT-BEL-007,CPT-BEL-007-A,RAN,98.66,98.96,-0.3,99.01,0.35,98.6,38.65,39.32,1.71,14.92,54.4,-85.2,-10.2,17.6,49.51,43,4,5,1,0.62,137,0,0,0,0,normal,
2026-09-14T19:30,Telkom,Western Cape,Cape Town,CPT-BEL-007,CPT-BEL-007-B,RAN,98.91,98.93,-0.02,98.51,0.47,99.19,30.0,36.2,17.12,12.97,59.8,-89.2,-10.2,14.8,54.93,48,6,5,5,0.78,67,0,0,0,0,normal,
2026-09-14T19:30,Telkom,Western Cape,Cape Town,CPT-BEL-007,CPT-BEL-007-C,RAN,98.76,99.02,-0.26,99.22,0.64,98.46,35.3,38.76,8.93,13.56,62.5,-79.7,-8.4,17.9,62.56,49,2,4,3,1.22,0,0,0,0,0,normal,
2026-09-14T19:30,Telkom,Gauteng,Johannesburg,JHB-CBD-003,JHB-CBD-003-A,RAN,99.29,99.14,0.15,98.68,0.29,98.97,41.36,38.9,-6.34,11.09,53.9,-84.0,-10.2,11.1,46.97,41,0,5,1,0.52,124,0,0,0,0,normal,
2026-09-14T19:30,Telkom,Gauteng,Johannesburg,JHB-CBD-003,JHB-CBD-003-B,RAN,99.82,99.11,0.71,97.9,0.36,98.78,32.13,37.4,14.1,10.91,71.5,-89.0,-11.1,12.4,55.11,45,0,5,0,0.1,0,0,0,0,0,normal,
2026-09-14T19:30,Telkom,Gauteng,Johannesburg,JHB-CBD-003,JHB-CBD-003-C,RAN,98.68,99.08,-0.4,98.1,0.41,98.59,35.82,37.37,4.15,10.66,60.9,-89.2,-9.8,17.7,57.58,52,5,6,3,0.57,11,0,0,0,0,normal,
2026-09-14T19:30,Telkom,Gauteng,Soweto,JHB-SOW-018,JHB-SOW-018-A,RAN,98.74,99.14,-0.4,99.21,0.2,98.92,36.75,37.69,2.5,12.05,56.0,-84.5,-10.5,18.2,50.86,40,8,0,0,1.34,17,0,0,0,0,normal,
2026-09-14T19:30,Telkom,Gauteng,Soweto,JHB-SOW-018,JHB-SOW-018-B,RAN,98.29,99.15,-0.86,98.35,0.25,97.82,42.48,39.8,-6.73,11.64,52.6,-87.0,-9.9,17.0,56.52,46,6,6,0,0.27,0,0,0,0,0,normal,
2026-09-14T19:30,Telkom,Gauteng,Soweto,JHB-SOW-018,JHB-SOW-018-C,RAN,98.31,99.12,-0.81,99.18,0.45,98.62,41.88,38.7,-8.21,10.57,44.4,-85.5,-8.8,21.2,47.39,41,7,1,2,0.11,10,0,0,1,0,normal,
2026-09-14T19:30,Telkom,Gauteng,Pretoria,PTA-HAT-011,PTA-HAT-011-A,RAN,99.53,99.08,0.45,98.22,0.41,98.45,34.24,37.86,9.56,12.32,57.5,-90.1,-12.5,17.5,53.01,54,2,9,2,0.51,57,0,0,1,0,normal,
2026-09-14T19:30,Telkom,Gauteng,Pretoria,PTA-HAT-011,PTA-HAT-011-B,RAN,99.5,99.08,0.42,98.39,0.43,99.04,39.36,38.72,-1.65,12.57,55.2,-87.1,-10.6,17.3,58.42,53,2,7,1,0.94,0,0,0,0,0,normal,
2026-09-14T19:30,Telkom,Gauteng,Pretoria,PTA-HAT-011,PTA-HAT-011-C,RAN,98.99,99.11,-0.12,98.42,0.38,99.09,49.22,37.59,-30.95,11.61,68.3,-86.2,-10.6,16.3,54.65,53,5,3,1,0.86,41,0,0,0,0,normal,
2026-09-14T19:45,Telkom,Western Cape,Cape Town,CPT-BEL-007,CPT-BEL-007-A,RAN,99.42,98.96,0.46,99.14,0.6,98.17,39.34,39.38,0.1,11.17,39.2,-82.2,-10.0,17.5,45.67,45,0,2,2,0.7,88,0,0,0,0,normal,
2026-09-14T19:45,Telkom,Western Cape,Cape Town,CPT-BEL-007,CPT-BEL-007-B,RAN,98.69,98.96,-0.27,98.97,0.05,98.63,38.18,35.68,-7.02,13.31,47.0,-85.7,-11.3,18.0,54.1,39,0,3,0,0.8,0,0,0,0,0,normal,
2026-09-14T19:45,Telkom,Western Cape,Cape Town,CPT-BEL-007,CPT-BEL-007-C,RAN,98.76,98.98,-0.22,98.94,0.46,98.92,38.18,38.41,0.61,11.8,50.4,-83.2,-10.3,21.1,57.04,49,0,1,1,0.35,0,0,0,0,0,normal,
2026-09-14T19:45,Telkom,Gauteng,Johannesburg,JHB-CBD-003,JHB-CBD-003-A,RAN,99.26,99.14,0.12,98.88,0.68,98.36,40.81,39.17,-4.19,10.35,46.5,-86.2,-12.0,14.2,60.96,57,4,6,3,0.93,83,0,0,0,0,normal,
2026-09-14T19:45,Telkom,Gauteng,Johannesburg,JHB-CBD-003,JHB-CBD-003-B,RAN,99.61,99.18,0.43,98.36,0.68,98.6,42.55,37.73,-12.76,15.18,48.8,-85.9,-8.4,15.7,49.07,49,3,7,2,0.85,26,0,0,0,0,normal,
2026-09-14T19:45,Telkom,Gauteng,Johannesburg,JHB-CBD-003,JHB-CBD-003-C,RAN,99.49,99.08,0.41,99.21,0.43,98.47,39.37,37.26,-5.65,12.78,49.8,-88.5,-11.1,17.0,57.02,57,3,5,2,0.6,104,0,0,0,0,normal,
2026-09-14T19:45,Telkom,Gauteng,Soweto,JHB-SOW-018,JHB-SOW-018-A,RAN,98.49,99.13,-0.64,98.21,0.27,98.33,36.81,37.01,0.55,13.06,63.8,-84.8,-7.9,11.2,52.2,50,0,7,0,1.17,102,0,0,0,0,normal,
2026-09-14T19:45,Telkom,Gauteng,Soweto,JHB-SOW-018,JHB-SOW-018-B,RAN,99.03,99.09,-0.06,98.79,0.43,97.79,36.88,39.88,7.53,11.72,52.5,-88.2,-11.3,16.5,44.58,48,7,7,2,0.96,99,0,0,0,0,normal,
2026-09-14T19:45,Telkom,Gauteng,Soweto,JHB-SOW-018,JHB-SOW-018-C,RAN,99.06,99.08,-0.02,99.43,0.43,97.85,38.47,38.71,0.63,17.11,47.5,-87.2,-8.8,16.6,55.71,53,4,1,2,0.74,159,0,0,1,0,normal,
2026-09-14T19:45,Telkom,Gauteng,Pretoria,PTA-HAT-011,PTA-HAT-011-A,RAN,98.04,99.09,-1.05,98.86,0.61,98.69,47.22,37.83,-24.83,11.01,51.8,-84.1,-10.5,12.1,44.16,54,12,1,5,0.89,58,0,0,1,0,normal,
2026-09-14T19:45,Telkom,Gauteng,Pretoria,PTA-HAT-011,PTA-HAT-011-B,RAN,99.68,99.13,0.55,98.37,0.62,98.46,38.65,38.11,-1.43,15.85,54.9,-88.6,-10.1,16.7,49.06,49,0,8,2,1.02,139,0,0,0,0,normal,
2026-09-14T19:45,Telkom,Gauteng,Pretoria,PTA-HAT-011,PTA-HAT-011-C,RAN,98.95,99.13,-0.18,98.81,0.31,98.35,43.58,37.78,-15.35,14.63,53.5,-87.4,-8.0,18.1,44.2,45,6,4,0,0.93,38,0,0,0,0,normal,
2026-09-14T20:00,Telkom,Western Cape,Cape Town,CPT-BEL-007,CPT-BEL-007-A,RAN,99.11,98.96,0.15,98.7,0.44,98.49,32.04,38.97,17.79,12.54,61.2,-87.6,-10.1,17.2,52.24,45,4,4,2,0.83,0,0,0,0,0,normal,
2026-09-14T20:00,Telkom,Western Cape,Cape Town,CPT-BEL-007,CPT-BEL-007-B,RAN,99.01,98.96,0.05,98.31,0.95,98.03,47.03,35.74,-31.58,15.12,50.2,-87.0,-10.3,19.3,50.01,48,3,4,3,0.35,53,0,0,0,0,normal,
2026-09-14T20:00,Telkom,Western Cape,Cape Town,CPT-BEL-007,CPT-BEL-007-C,RAN,99.3,98.99,0.31,99.14,0.88,99.06,35.63,38.24,6.82,13.54,50.0,-85.0,-9.8,18.9,53.99,47,0,0,2,1.12,93,0,0,0,0,normal,
2026-09-14T20:00,Telkom,Gauteng,Johannesburg,JHB-CBD-003,JHB-CBD-003-A,RAN,99.43,99.16,0.27,99.13,0.05,98.29,40.33,39.2,-2.89,13.1,40.4,-81.2,-9.6,22.5,49.84,42,1,3,0,0.52,0,0,0,0,0,normal,
2026-09-14T20:00,Telkom,Gauteng,Johannesburg,JHB-CBD-003,JHB-CBD-003-B,RAN,99.64,99.23,0.41,98.43,0.45,97.78,37.17,38.29,2.92,10.88,58.3,-89.5,-10.7,16.1,57.29,41,0,1,0,0.37,33,0,0,0,0,normal,
2026-09-14T20:00,Telkom,Gauteng,Johannesburg,JHB-CBD-003,JHB-CBD-003-C,RAN,99.69,99.08,0.61,98.99,0.54,98.56,43.83,37.31,-17.46,12.19,51.2,-84.2,-9.3,16.4,55.35,53,2,1,1,0.53,86,0,0,0,0,normal,
2026-09-14T20:00,Telkom,Gauteng,Soweto,JHB-SOW-018,JHB-SOW-018-A,RAN,98.83,99.06,-0.23,99.0,0.76,98.3,36.86,37.25,1.06,15.73,49.8,-87.1,-9.2,21.4,48.0,44,4,8,2,0.44,0,0,0,0,0,normal,
2026-09-14T20:00,Telkom,Gauteng,Soweto,JHB-SOW-018,JHB-SOW-018-B,RAN,99.69,99.1,0.59,98.93,0.29,99.2,31.91,39.59,19.4,14.39,46.7,-85.5,-9.8,19.6,56.71,42,1,0,1,1.68,5,0,0,0,0,normal,
2026-09-14T20:00,Telkom,Gauteng,Soweto,JHB-SOW-018,JHB-SOW-018-C,RAN,99.65,99.06,0.59,98.76,0.56,98.63,37.12,38.65,3.96,13.34,51.6,-85.1,-10.5,18.0,56.74,34,0,0,1,0.71,62,0,0,0,0,normal,
2026-09-14T20:00,Telkom,Gauteng,Pretoria,PTA-HAT-011,PTA-HAT-011-A,RAN,99.41,99.03,0.38,98.21,0.51,97.92,35.75,38.02,5.98,12.66,60.2,-85.5,-12.3,18.6,60.21,51,5,5,3,0.83,42,0,0,0,0,normal,
2026-09-14T20:00,Telkom,Gauteng,Pretoria,PTA-HAT-011,PTA-HAT-011-B,RAN,98.75,99.18,-0.43,98.73,0.34,99.06,37.65,38.3,1.69,11.79,57.6,-87.5,-9.8,19.8,54.54,54,6,8,2,0.11,110,0,0,0,0,normal,
2026-09-14T20:00,Telkom,Gauteng,Pretoria,PTA-HAT-011,PTA-HAT-011-C,RAN,98.66,99.12,-0.46,99.12,0.15,98.55,37.27,38.61,3.47,7.91,56.4,-88.0,-10.2,19.8,61.89,52,4,1,0,0.42,28,0,0,0,0,normal,
2026-09-14T20:15,Telkom,Western Cape,Cape Town,CPT-BEL-007,CPT-BEL-007-A,RAN,98.58,98.98,-0.4,98.76,0.4,98.03,32.42,37.83,14.31,8.75,63.7,-85.1,-9.7,19.0,54.6,43,6,0,1,0.23,54,0,0,0,0,normal,
2026-09-14T20:15,Telkom,Western Cape,Cape Town,CPT-BEL-007,CPT-BEL-007-B,RAN,99.05,98.94,0.11,98.34,0.08,98.83,40.45,36.72,-10.14,13.45,60.1,-82.7,-9.7,20.7,53.02,43,1,2,2,1.19,60,0,0,0,0,normal,
2026-09-14T20:15,Telkom,Western Cape,Cape Town,CPT-BEL-007,CPT-BEL-007-C,RAN,98.92,99.0,-0.08,98.82,0.58,98.37,39.36,38.04,-3.47,10.22,54.9,-86.0,-10.2,20.3,61.01,45,3,1,2,0.64,0,0,0,0,0,normal,
2026-09-14T20:15,Telkom,Gauteng,Johannesburg,JHB-CBD-003,JHB-CBD-003-A,RAN,99.68,99.19,0.49,99.06,0.33,99.01,46.75,39.17,-19.36,14.42,56.1,-90.4,-8.9,16.2,45.33,39,0,1,0,1.06,0,0,0,0,0,normal,
2026-09-14T20:15,Telkom,Gauteng,Johannesburg,JHB-CBD-003,JHB-CBD-003-B,RAN,98.72,99.27,-0.55,99.02,0.05,99.05,40.05,38.17,-4.93,12.36,57.3,-86.0,-8.6,17.5,55.37,55,5,5,1,0.38,246,0,0,0,0,normal,
2026-09-14T20:15,Telkom,Gauteng,Johannesburg,JHB-CBD-003,JHB-CBD-003-C,RAN,99.63,99.1,0.53,99.05,0.38,97.63,40.14,37.8,-6.18,10.46,53.1,-87.8,-10.0,14.7,57.86,49,0,0,3,0.97,65,0,0,0,0,normal,
2026-09-14T20:15,Telkom,Gauteng,Soweto,JHB-SOW-018,JHB-SOW-018-A,RAN,99.0,99.05,-0.05,98.5,0.61,98.49,47.14,36.94,-27.63,11.66,53.9,-84.4,-9.8,20.2,47.04,40,2,5,2,0.1,41,0,0,0,0,normal,
2026-09-14T20:15,Telkom,Gauteng,Soweto,JHB-SOW-018,JHB-SOW-018-B,RAN,99.0,99.12,-0.12,98.54,0.73,99.07,37.11,39.15,5.22,10.86,64.7,-87.5,-9.8,17.0,60.35,43,1,4,2,0.72,0,0,0,0,0,normal,
2026-09-14T20:15,Telkom,Gauteng,Soweto,JHB-SOW-018,JHB-SOW-018-C,RAN,99.13,99.06,0.07,98.72,0.56,98.51,38.0,38.71,1.82,10.89,50.6,-83.1,-10.7,15.8,49.41,37,7,5,2,0.86,0,0,0,0,0,normal,
2026-09-14T20:15,Telkom,Gauteng,Pretoria,PTA-HAT-011,PTA-HAT-011-A,RAN,99.19,99.04,0.15,98.51,0.52,97.6,39.98,37.83,-5.68,12.13,48.2,-83.9,-12.1,14.4,48.27,52,3,6,2,0.88,47,0,0,0,0,normal,
2026-09-14T20:15,Telkom,Gauteng,Pretoria,PTA-HAT-011,PTA-HAT-011-B,RAN,99.09,99.16,-0.07,98.39,0.51,98.18,38.25,38.2,-0.13,10.84,55.2,-84.0,-11.8,16.0,60.21,54,4,9,1,1.11,37,0,0,0,0,normal,
2026-09-14T20:15,Telkom,Gauteng,Pretoria,PTA-HAT-011,PTA-HAT-011-C,RAN,99.9,99.09,0.81,99.27,0.57,98.06,41.12,38.91,-5.67,10.56,47.6,-83.5,-11.0,18.0,48.8,50,0,1,2,1.04,0,0,0,0,0,normal,
2026-09-14T20:30,Telkom,Western Cape,Cape Town,CPT-BEL-007,CPT-BEL-007-A,RAN,99.15,98.98,0.17,98.23,0.35,98.3,29.7,37.09,19.92,11.49,51.2,-87.1,-12.8,16.1,60.84,42,4,9,1,0.5,172,1,0,0,0,normal,
2026-09-14T20:30,Telkom,Western Cape,Cape Town,CPT-BEL-007,CPT-BEL-007-B,RAN,99.07,98.91,0.16,98.92,0.27,99.66,42.64,36.82,-15.79,10.69,59.9,-86.7,-10.2,20.1,52.43,48,1,3,1,1.07,47,1,0,0,0,normal,
2026-09-14T20:30,Telkom,Western Cape,Cape Town,CPT-BEL-007,CPT-BEL-007-C,RAN,99.44,99.03,0.41,98.97,0.42,99.33,38.04,38.45,1.07,12.28,56.8,-85.1,-10.8,19.6,53.85,47,7,3,0,0.84,105,1,0,0,0,normal,
2026-09-14T20:30,Telkom,Gauteng,Johannesburg,JHB-CBD-003,JHB-CBD-003-A,RAN,99.43,99.23,0.2,98.91,0.3,98.73,31.2,39.57,21.15,11.75,51.2,-88.7,-9.1,18.5,65.92,53,3,4,0,0.56,62,1,0,0,0,normal,
2026-09-14T20:30,Telkom,Gauteng,Johannesburg,JHB-CBD-003,JHB-CBD-003-B,RAN,98.92,99.32,-0.4,98.6,0.2,98.81,45.32,38.28,-18.4,13.59,50.0,-87.6,-10.0,15.0,51.83,49,6,5,0,0.43,71,1,0,0,0,normal,
2026-09-14T20:30,Telkom,Gauteng,Johannesburg,JHB-CBD-003,JHB-CBD-003-C,RAN,98.82,99.14,-0.32,98.39,0.57,97.96,29.4,37.64,21.9,10.48,61.1,-89.7,-8.1,21.0,68.83,52,8,6,2,0.8,68,1,0,0,0,normal,
2026-09-14T20:30,Telkom,Gauteng,Soweto,JHB-SOW-018,JHB-SOW-018-A,RAN,99.9,99.03,0.87,98.28,0.83,98.66,42.35,37.34,-13.42,14.01,52.6,-85.0,-10.0,14.8,50.16,42,0,9,3,0.52,34,1,0,0,0,normal,
2026-09-14T20:30,Telkom,Gauteng,Soweto,JHB-SOW-018,JHB-SOW-018-B,RAN,99.25,99.12,0.13,99.29,0.69,98.17,37.93,39.12,3.04,11.24,43.2,-92.3,-11.7,15.3,47.47,34,3,0,0,0.56,9,1,0,0,0,normal,
2026-09-14T20:30,Telkom,Gauteng,Soweto,JHB-SOW-018,JHB-SOW-018-C,RAN,98.99,99.05,-0.06,98.54,0.21,98.71,33.63,38.65,12.99,13.71,58.7,-90.7,-9.4,15.2,50.43,41,5,1,0,0.1,55,1,0,0,0,normal,
2026-09-14T20:30,Telkom,Gauteng,Pretoria,PTA-HAT-011,PTA-HAT-011-A,RAN,98.91,99.02,-0.11,98.71,0.5,97.74,41.67,38.24,-8.98,13.63,55.7,-85.8,-11.9,20.4,51.77,44,7,4,3,1.08,0,1,0,0,0,normal,
2026-09-14T20:30,Telkom,Gauteng,Pretoria,PTA-HAT-011,PTA-HAT-011-B,RAN,99.05,99.16,-0.11,98.62,0.05,99.28,37.14,37.55,1.09,13.42,51.5,-88.2,-7.6,18.5,51.41,39,2,2,0,0.62,19,1,0,0,0,normal,
2026-09-14T20:30,Telkom,Gauteng,Pretoria,PTA-HAT-011,PTA-HAT-011-C,RAN,98.75,99.16,-0.41,98.18,0.26,99.69,36.55,39.15,6.64,12.42,54.4,-88.9,-9.6,17.1,61.49,56,8,6,3,0.95,82,1,0,0,0,normal,
2026-09-14T20:45,Telkom,Western Cape,Cape Town,CPT-BEL-007,CPT-BEL-007-A,RAN,99.37,98.96,0.41,99.03,0.44,99.42,46.26,36.06,-28.28,11.55,57.2,-81.8,-9.5,17.2,47.23,45,0,4,4,0.1,0,1,0,0,0,normal,
2026-09-14T20:45,Telkom,Western Cape,Cape Town,CPT-BEL-007,CPT-BEL-007-B,RAN,99.2,98.93,0.27,98.61,0.78,98.04,45.05,37.69,-19.54,13.42,54.5,-87.1,-10.7,16.2,49.87,39,2,4,4,0.17,148,1,0,0,0,normal,
2026-09-14T20:45,Telkom,Western Cape,Cape Town,CPT-BEL-007,CPT-BEL-007-C,RAN,98.94,99.04,-0.1,98.95,0.44,98.55,44.99,38.7,-16.26,11.21,46.4,-86.3,-8.4,19.5,48.81,41,7,4,2,1.25,153,1,0,0,0,normal,
2026-09-14T20:45,Telkom,Gauteng,Johannesburg,JHB-CBD-003,JHB-CBD-003-A,RAN,99.26,99.24,0.02,98.34,0.32,99.16,42.06,38.9,-8.13,10.12,48.8,-86.4,-10.1,17.5,49.08,41,0,5,2,0.59,15,1,0,0,0,normal,
2026-09-14T20:45,Telkom,Gauteng,Johannesburg,JHB-CBD-003,JHB-CBD-003-B,RAN,98.55,99.29,-0.74,98.75,0.23,98.43,44.99,38.17,-17.87,13.82,46.3,-88.6,-8.7,16.2,46.93,46,5,2,1,0.54,0,1,0,0,0,normal,
2026-09-14T20:45,Telkom,Gauteng,Johannesburg,JHB-CBD-003,JHB-CBD-003-C,RAN,99.1,99.12,-0.02,98.26,0.2,98.53,37.54,37.12,-1.13,11.32,50.4,-86.0,-9.6,15.1,57.18,48,2,6,0,0.1,62,1,0,0,0,normal,
2026-09-14T20:45,Telkom,Gauteng,Soweto,JHB-SOW-018,JHB-SOW-018-A,RAN,98.74,99.09,-0.35,98.88,0.28,99.06,43.03,37.47,-14.83,10.24,49.3,-84.3,-10.8,18.2,56.74,32,2,0,2,0.7,13,1,0,0,0,normal,
2026-09-14T20:45,Telkom,Gauteng,Soweto,JHB-SOW-018,JHB-SOW-018-B,RAN,98.57,99.11,-0.54,98.5,0.82,99.27,43.44,39.25,-10.69,13.99,59.0,-86.8,-9.2,19.7,51.61,45,5,3,3,0.88,0,1,0,0,0,normal,
2026-09-14T20:45,Telkom,Gauteng,Soweto,JHB-SOW-018,JHB-SOW-018-C,RAN,99.21,99.05,0.16,99.15,0.73,97.68,40.8,38.78,-5.21,10.16,50.5,-88.6,-6.4,13.2,46.65,42,3,2,2,0.83,0,1,0,0,0,normal,
2026-09-14T20:45,Telkom,Gauteng,Pretoria,PTA-HAT-011,PTA-HAT-011-A,RAN,99.0,99.07,-0.07,99.11,0.31,98.82,36.09,38.45,6.13,9.08,57.3,-89.6,-10.7,21.4,51.13,42,5,1,0,0.62,0,1,0,0,0,normal,
2026-09-14T20:45,Telkom,Gauteng,Pretoria,PTA-HAT-011,PTA-HAT-011-B,RAN,98.54,99.17,-0.63,98.77,0.64,97.52,44.29,37.59,-17.83,10.67,58.8,-87.6,-9.3,15.5,54.48,54,5,3,2,0.1,93,1,0,0,0,normal,
2026-09-14T20:45,Telkom,Gauteng,Pretoria,PTA-HAT-011,PTA-HAT-011-C,RAN,98.88,99.13,-0.25,98.97,0.54,99.57,36.65,38.95,5.92,10.78,61.1,-85.2,-9.9,16.5,51.18,45,6,6,2,0.52,88,1,0,0,0,normal,
2026-09-14T21:00,Telkom,Western Cape,Cape Town,CPT-BEL-007,CPT-BEL-007-A,RAN,99.26,98.99,0.27,99.08,0.75,98.63,30.73,36.21,15.14,10.34,68.6,-84.7,-11.1,18.9,68.42,46,0,1,3,0.36,47,1,0,0,0,normal,
2026-09-14T21:00,Telkom,Western Cape,Cape Town,CPT-BEL-007,CPT-BEL-007-B,RAN,99.41,98.96,0.45,98.79,0.37,98.67,38.94,38.18,-2.0,12.25,42.2,-82.1,-9.8,16.8,55.28,42,2,5,0,0.93,55,1,0,0,0,normal,
2026-09-14T21:00,Telkom,Western Cape,Cape Town,CPT-BEL-007,CPT-BEL-007-C,RAN,99.66,98.99,0.67,99.06,0.48,99.63,40.9,39.16,-4.45,12.91,52.1,-85.6,-9.1,19.3,54.42,44,2,2,0,0.46,207,1,0,0,0,normal,
2026-09-14T21:00,Telkom,Gauteng,Johannesburg,JHB-CBD-003,JHB-CBD-003-A,RAN,98.92,99.24,-0.32,98.76,0.81,98.08,37.3,39.19,4.83,10.19,56.0,-87.0,-13.1,19.8,54.92,42,6,2,3,0.75,19,1,0,0,0,normal,
2026-09-14T21:00,Telkom,Gauteng,Johannesburg,JHB-CBD-003,JHB-CBD-003-B,RAN,99.33,99.25,0.08,98.45,0.39,98.17,45.65,38.07,-19.91,11.42,43.8,-89.7,-10.5,16.0,43.41,41,2,0,1,0.1,165,1,0,0,0,normal,
2026-09-14T21:00,Telkom,Gauteng,Johannesburg,JHB-CBD-003,JHB-CBD-003-C,RAN,99.44,99.15,0.29,98.94,0.3,98.61,39.45,37.14,-6.21,14.48,46.7,-85.9,-11.0,18.6,47.96,39,4,3,1,0.58,127,1,0,0,0,normal,
2026-09-14T21:00,Telkom,Gauteng,Soweto,JHB-SOW-018,JHB-SOW-018-A,RAN,98.43,99.1,-0.67,98.52,0.46,97.87,39.73,37.66,-5.49,14.4,49.0,-86.8,-10.5,17.6,57.08,45,7,6,2,0.11,54,1,0,0,0,normal,
2026-09-14T21:00,Telkom,Gauteng,Soweto,JHB-SOW-018,JHB-SOW-018-B,RAN,99.2,99.08,0.12,98.85,0.3,98.6,49.51,39.57,-25.13,11.75,50.5,-86.0,-10.2,15.0,39.0,37,4,4,0,0.62,175,1,0,0,0,normal,
2026-09-14T21:00,Telkom,Gauteng,Soweto,JHB-SOW-018,JHB-SOW-018-C,RAN,99.25,99.03,0.22,98.26,0.5,98.45,36.77,38.88,5.43,11.01,59.5,-85.5,-10.3,21.9,52.14,46,3,7,1,0.27,111,1,0,0,0,normal,
2026-09-14T21:00,Telkom,Gauteng,Pretoria,PTA-HAT-011,PTA-HAT-011-A,RAN,99.38,99.1,0.28,98.55,0.39,98.02,35.76,38.75,7.72,12.42,45.3,-84.2,-10.6,14.5,58.17,43,1,2,1,0.24,22,1,0,0,0,normal,
2026-09-14T21:00,Telkom,Gauteng,Pretoria,PTA-HAT-011,PTA-HAT-011-B,RAN,98.91,99.14,-0.23,98.71,0.45,98.13,44.52,37.47,-18.81,11.39,45.1,-80.3,-8.2,18.2,52.8,49,6,6,2,0.56,139,1,0,0,0,normal,
2026-09-14T21:00,Telkom,Gauteng,Pretoria,PTA-HAT-011,PTA-HAT-011-C,RAN,99.33,99.1,0.23,99.11,0.36,99.11,32.02,39.02,17.93,11.47,53.2,-86.9,-9.6,16.2,62.9,51,3,3,3,0.79,153,1,0,0,0,normal,
2026-09-14T21:15,Telkom,Western Cape,Cape Town,CPT-BEL-007,CPT-BEL-007-A,RAN,99.36,98.98,0.38,98.48,0.24,98.29,40.81,35.63,-14.53,10.88,48.8,-87.1,-11.6,16.6,53.51,35,2,7,2,0.5,67,1,0,0,0,normal,
2026-09-14T21:15,Telkom,Western Cape,Cape Town,CPT-BEL-007,CPT-BEL-007-B,RAN,99.9,99.04,0.86,98.96,0.36,98.83,37.57,37.78,0.55,13.57,51.8,-85.7,-10.4,17.2,49.58,37,0,0,1,1.21,0,1,0,0,0,normal,
2026-09-14T21:15,Telkom,Western Cape,Cape Town,CPT-BEL-007,CPT-BEL-007-C,RAN,98.68,99.03,-0.35,98.99,0.8,98.17,48.6,39.7,-22.43,11.69,53.0,-86.3,-8.3,13.9,42.6,47,6,3,4,0.51,0,1,0,0,0,normal,
2026-09-14T21:15,Telkom,Gauteng,Johannesburg,JHB-CBD-003,JHB-CBD-003-A,RAN,99.08,99.22,-0.14,98.8,0.38,98.64,45.77,39.28,-16.54,12.05,46.9,-82.0,-10.6,14.4,45.71,36,7,0,1,0.93,122,1,0,0,0,normal,
2026-09-14T21:15,Telkom,Gauteng,Johannesburg,JHB-CBD-003,JHB-CBD-003-B,RAN,99.53,99.24,0.29,99.03,0.12,99.51,31.53,38.35,17.78,11.98,67.8,-87.0,-9.1,17.1,49.44,48,2,2,1,0.25,64,1,0,0,0,normal,
2026-09-14T21:15,Telkom,Gauteng,Johannesburg,JHB-CBD-003,JHB-CBD-003-C,RAN,98.86,99.15,-0.29,99.47,0.8,98.94,36.95,37.26,0.83,10.35,55.4,-88.9,-10.0,14.5,58.48,42,6,2,2,0.48,31,1,0,0,0,normal,
2026-09-14T21:15,Telkom,Gauteng,Soweto,JHB-SOW-018,JHB-SOW-018-A,RAN,99.1,99.06,0.04,98.56,0.62,98.52,38.09,37.58,-1.36,13.8,64.0,-91.8,-7.7,16.1,46.7,41,4,4,2,0.91,94,1,0,0,0,normal,
2026-09-14T21:15,Telkom,Gauteng,Soweto,JHB-SOW-018,JHB-SOW-018-B,RAN,98.71,99.09,-0.38,99.04,0.6,98.59,37.64,39.93,5.73,13.03,61.2,-82.1,-9.6,20.2,55.62,41,4,2,2,0.46,136,1,0,0,0,normal,
2026-09-14T21:15,Telkom,Gauteng,Soweto,JHB-SOW-018,JHB-SOW-018-C,RAN,99.53,99.03,0.5,99.25,0.61,98.83,46.39,38.5,-20.5,13.72,43.2,-87.2,-11.0,12.7,43.41,41,3,3,2,0.17,132,1,0,0,0,normal,
2026-09-14T21:15,Telkom,Gauteng,Pretoria,PTA-HAT-011,PTA-HAT-011-A,RAN,99.11,99.13,-0.02,99.19,0.35,98.53,43.88,38.68,-13.45,13.91,52.3,-82.0,-9.8,20.0,49.84,39,0,2,1,0.51,70,1,0,0,0,normal,
2026-09-14T21:15,Telkom,Gauteng,Pretoria,PTA-HAT-011,PTA-HAT-011-B,RAN,99.2,99.1,0.1,98.88,0.34,98.61,39.45,37.8,-4.36,11.55,56.8,-88.5,-10.7,14.2,51.4,44,7,4,1,0.1,166,1,0,0,0,normal,
2026-09-14T21:15,Telkom,Gauteng,Pretoria,PTA-HAT-011,PTA-HAT-011-C,RAN,99.19,99.1,0.09,98.38,0.59,98.37,42.55,38.63,-10.15,11.92,60.0,-85.5,-12.4,21.3,47.41,44,2,4,1,0.13,0,1,0,0,0,normal,
2026-09-14T21:30,Telkom,Western Cape,Cape Town,CPT-BEL-007,CPT-BEL-007-A,RAN,99.15,99.04,0.11,98.84,0.25,98.25,41.42,35.86,-15.5,11.65,55.7,-84.2,-8.8,12.4,45.65,42,2,4,2,0.16,0,1,0,0,0,normal,
2026-09-14T21:30,Telkom,Western Cape,Cape Town,CPT-BEL-007,CPT-BEL-007-B,RAN,99.78,99.09,0.69,98.39,0.58,98.49,48.44,38.11,-27.12,13.18,47.2,-82.9,-9.9,16.5,43.97,36,1,4,0,0.14,0,1,0,0,0,normal,
2026-09-14T21:30,Telkom,Western Cape,Cape Town,CPT-BEL-007,CPT-BEL-007-C,RAN,99.13,99.01,0.12,98.47,0.2,98.97,42.72,40.29,-6.04,10.68,48.7,-85.6,-8.3,19.2,43.29,40,1,7,0,0.64,158,1,0,0,0,normal,
2026-09-14T21:30,Telkom,Gauteng,Johannesburg,JHB-CBD-003,JHB-CBD-003-A,RAN,99.61,99.22,0.39,98.21,1.05,98.75,46.18,40.04,-15.34,11.48,49.4,-87.1,-9.8,17.8,51.2,42,0,2,4,1.16,10,1,0,0,0,normal,
2026-09-14T21:30,Telkom,Gauteng,Johannesburg,JHB-CBD-003,JHB-CBD-003-B,RAN,99.13,99.22,-0.09,98.57,0.41,99.69,42.0,37.48,-12.06,15.59,47.4,-82.4,-10.9,10.6,49.68,45,4,3,1,1.37,8,1,0,0,0,normal,
2026-09-14T21:30,Telkom,Gauteng,Johannesburg,JHB-CBD-003,JHB-CBD-003-C,RAN,99.01,99.14,-0.13,99.09,0.05,99.16,40.25,37.45,-7.47,17.06,57.5,-87.4,-9.0,16.6,49.39,41,2,2,0,0.81,160,1,0,0,0,normal,
2026-09-14T21:30,Telkom,Gauteng,Soweto,JHB-SOW-018,JHB-SOW-018-A,RAN,99.1,99.09,0.01,98.79,0.36,98.5,44.04,37.56,-17.24,10.85,48.6,-85.3,-10.8,17.0,43.74,33,1,4,2,0.33,32,1,0,0,0,normal,
2026-09-14T21:30,Telkom,Gauteng,Soweto,JHB-SOW-018,JHB-SOW-018-B,RAN,98.57,99.05,-0.48,98.46,0.13,98.54,41.65,39.55,-5.3,11.74,60.3,-83.8,-8.3,13.0,44.37,36,10,6,0,0.24,109,1,0,0,0,normal,
2026-09-14T21:30,Telkom,Gauteng,Soweto,JHB-SOW-018,JHB-SOW-018-C,RAN,99.04,99.05,-0.01,98.87,0.29,98.42,41.26,39.04,-5.68,9.72,63.7,-86.4,-9.5,18.2,52.35,40,2,2,0,1.08,108,1,0,0,0,normal,
2026-09-14T21:30,Telkom,Gauteng,Pretoria,PTA-HAT-011,PTA-HAT-011-A,RAN,98.86,99.12,-0.27,97.91,0.81,98.58,36.9,38.98,5.33,11.75,55.3,-85.2,-9.4,20.8,45.64,44,6,6,3,0.76,59,1,0,0,0,normal,
2026-09-14T21:30,Telkom,Gauteng,Pretoria,PTA-HAT-011,PTA-HAT-011-B,RAN,99.15,99.1,0.05,98.51,0.49,98.29,40.39,37.84,-6.73,12.18,50.9,-88.9,-9.3,16.5,45.63,43,3,4,2,0.85,23,1,0,0,0,normal,
2026-09-14T21:30,Telkom,Gauteng,Pretoria,PTA-HAT-011,PTA-HAT-011-C,RAN,99.25,99.06,0.19,99.29,0.76,99.29,41.75,38.75,-7.73,14.41,46.3,-85.9,-10.3,18.7,52.38,42,2,0,1,1.42,13,1,0,0,0,normal,
2026-09-14T21:45,Telkom,Western Cape,Cape Town,CPT-BEL-007,CPT-BEL-007-A,RAN,99.27,99.06,0.21,98.89,0.28,99.02,51.59,36.55,-41.16,12.82,54.7,-86.8,-10.2,13.5,43.84,41,1,2,1,0.49,34,1,0,0,0,normal,
2026-09-14T21:45,Telkom,Western Cape,Cape Town,CPT-BEL-007,CPT-BEL-007-B,RAN,99.66,99.18,0.48,98.57,0.34,98.32,44.57,39.01,-14.26,18.93,48.7,-81.9,-10.9,20.5,47.28,39,0,4,0,0.78,50,1,0,0,0,normal,
2026-09-14T21:45,Telkom,Western Cape,Cape Town,CPT-BEL-007,CPT-BEL-007-C,RAN,99.21,99.04,0.17,99.24,0.72,98.7,43.69,40.6,-7.61,12.24,55.9,-91.2,-8.9,16.6,52.98,38,2,0,3,0.55,71,1,0,0,0,normal,
2026-09-14T21:45,Telkom,Gauteng,Johannesburg,JHB-CBD-003,JHB-CBD-003-A,RAN,98.87,99.22,-0.35,98.67,0.24,98.61,39.87,40.17,0.75,14.24,51.5,-83.5,-10.2,19.3,46.74,39,4,0,1,0.53,0,1,0,0,0,normal,
2026-09-14T21:45,Telkom,Gauteng,Johannesburg,JHB-CBD-003,JHB-CBD-003-B,RAN,99.22,99.2,0.02,99.31,0.12,98.69,37.35,38.43,2.82,13.89,46.7,-85.3,-9.6,14.2,54.28,46,0,3,0,0.92,43,1,0,0,0,normal,
2026-09-14T21:45,Telkom,Gauteng,Johannesburg,JHB-CBD-003,JHB-CBD-003-C,RAN,99.11,99.14,-0.03,98.83,1.01,98.64,44.08,37.72,-16.85,13.89,59.5,-85.6,-11.5,15.6,49.83,35,0,0,3,1.22,68,1,0,0,0,normal,
2026-09-14T21:45,Telkom,Gauteng,Soweto,JHB-SOW-018,JHB-SOW-018-A,RAN,98.89,99.12,-0.23,98.75,0.05,98.71,55.5,38.46,-44.3,13.35,47.4,-88.6,-11.0,16.7,36.6,34,4,4,0,0.44,98,1,0,0,0,normal,
2026-09-14T21:45,Telkom,Gauteng,Soweto,JHB-SOW-018,JHB-SOW-018-B,RAN,98.74,99.03,-0.29,99.03,0.95,97.64,39.43,39.92,1.22,14.08,58.1,-83.1,-10.9,14.4,41.41,26,0,4,0,1.03,0,1,0,0,0,normal,
2026-09-14T21:45,Telkom,Gauteng,Soweto,JHB-SOW-018,JHB-SOW-018-C,RAN,99.55,99.06,0.49,98.57,0.23,98.2,44.21,38.92,-13.6,16.83,41.0,-81.9,-10.1,17.4,37.5,26,0,2,0,1.3,88,1,0,0,0,normal,
2026-09-14T21:45,Telkom,Gauteng,Pretoria,PTA-HAT-011,PTA-HAT-011-A,RAN,99.09,99.11,-0.02,99.09,0.65,98.31,40.73,38.78,-5.02,12.97,53.7,-88.2,-11.2,21.2,46.14,38,3,2,0,0.95,21,1,0,0,0,normal,
2026-09-14T21:45,Telkom,Gauteng,Pretoria,PTA-HAT-011,PTA-HAT-011-B,RAN,98.61,99.09,-0.48,98.84,0.32,98.22,42.43,37.67,-12.64,13.66,54.6,-88.1,-9.4,20.9,44.32,36,7,0,2,0.99,0,1,0,0,0,normal,
2026-09-14T21:45,Telkom,Gauteng,Pretoria,PTA-HAT-011,PTA-HAT-011-C,RAN,99.01,99.08,-0.07,98.65,0.86,96.96,40.32,38.43,-4.92,9.88,56.8,-88.4,-10.3,20.8,52.68,48,6,4,3,1.05,0,1,0,0,0,normal,
2026-09-14T22:00,Telkom,Western Cape,Cape Town,CPT-BEL-007,CPT-BEL-007-A,RAN,99.02,99.06,-0.04,99.27,0.34,98.54,33.08,37.62,12.07,11.15,47.4,-84.6,-9.4,10.9,47.46,37,0,0,2,1.09,95,2,0,0,0,normal,
2026-09-14T22:00,Telkom,Western Cape,Cape Town,CPT-BEL-007,CPT-BEL-007-B,RAN,98.84,99.21,-0.37,99.17,0.56,99.53,35.91,39.51,9.11,14.7,58.9,-89.5,-12.5,15.3,60.19,43,2,3,2,1.25,43,2,0,0,0,normal,
2026-09-14T22:00,Telkom,Western Cape,Cape Town,CPT-BEL-007,CPT-BEL-007-C,RAN,98.81,99.05,-0.24,97.7,0.4,98.52,43.56,40.67,-7.11,12.92,61.3,-86.3,-9.8,16.7,53.78,37,8,6,0,0.26,6,2,0,0,0,normal,
2026-09-14T22:00,Telkom,Gauteng,Johannesburg,JHB-CBD-003,JHB-CBD-003-A,RAN,98.87,99.2,-0.33,98.63,0.45,98.14,44.23,39.79,-11.15,11.26,53.3,-86.4,-10.9,14.6,50.33,32,1,4,0,0.96,0,2,0,0,0,normal,
2026-09-14T22:00,Telkom,Gauteng,Johannesburg,JHB-CBD-003,JHB-CBD-003-B,RAN,98.74,99.22,-0.48,98.61,0.44,98.57,46.64,38.37,-21.54,12.21,46.3,-84.4,-11.7,19.3,47.25,33,5,2,1,0.69,0,2,0,0,0,normal,
2026-09-14T22:00,Telkom,Gauteng,Johannesburg,JHB-CBD-003,JHB-CBD-003-C,RAN,98.83,99.13,-0.3,99.18,0.39,98.1,45.06,37.86,-19.0,12.57,50.8,-86.9,-10.8,17.4,38.8,34,0,1,2,0.81,0,2,0,0,0,normal,
2026-09-14T22:00,Telkom,Gauteng,Soweto,JHB-SOW-018,JHB-SOW-018-A,RAN,99.4,99.08,0.32,98.85,0.06,99.82,46.33,40.02,-15.75,13.41,50.2,-87.1,-8.5,18.1,39.34,32,1,1,0,1.01,25,2,0,0,0,normal,
2026-09-14T22:00,Telkom,Gauteng,Soweto,JHB-SOW-018,JHB-SOW-018-B,RAN,99.29,99.02,0.28,99.13,0.41,98.34,40.36,39.71,-1.64,13.73,56.9,-86.1,-9.9,16.7,41.55,37,3,3,3,0.1,146,2,0,0,0,normal,
2026-09-14T22:00,Telkom,Gauteng,Soweto,JHB-SOW-018,JHB-SOW-018-C,RAN,98.94,99.1,-0.16,97.81,0.06,97.95,39.75,39.35,-1.02,12.97,63.9,-84.9,-10.7,13.3,52.98,36,2,5,0,1.04,0,2,0,0,0,normal,
2026-09-14T22:00,Telkom,Gauteng,Pretoria,PTA-HAT-011,PTA-HAT-011-A,RAN,98.27,99.1,-0.83,98.72,0.63,98.38,46.52,38.83,-19.81,11.04,50.6,-85.3,-9.0,21.0,52.88,42,8,2,0,0.72,0,2,0,0,0,normal,
2026-09-14T22:00,Telkom,Gauteng,Pretoria,PTA-HAT-011,PTA-HAT-011-B,RAN,99.23,99.08,0.16,98.9,0.84,98.35,47.46,38.05,-24.72,13.16,42.5,-81.9,-11.3,19.8,36.52,33,2,5,2,0.76,0,2,0,0,0,normal,
2026-09-14T22:00,Telkom,Gauteng,Pretoria,PTA-HAT-011,PTA-HAT-011-C,RAN,99.34,99.07,0.27,99.34,0.79,99.31,40.38,38.76,-4.17,12.93,50.1,-82.2,-10.7,15.4,44.45,42,0,1,3,1.64,22,2,0,0,0,normal,
2026-09-14T22:15,Telkom,Western Cape,Cape Town,CPT-BEL-007,CPT-BEL-007-A,RAN,98.6,99.1,-0.5,99.01,0.35,98.49,42.13,37.47,-12.45,12.97,51.5,-81.5,-8.4,18.5,44.65,37,4,4,2,1.05,0,2,0,0,0,normal,
2026-09-14T22:15,Telkom,Western Cape,Cape Town,CPT-BEL-007,CPT-BEL-007-B,RAN,98.31,99.18,-0.87,99.21,0.31,97.98,42.82,39.74,-7.74,14.13,53.3,-85.9,-10.2,16.5,40.63,33,4,3,0,0.66,114,2,0,0,0,normal,
2026-09-14T22:15,Telkom,Western Cape,Cape Town,CPT-BEL-007,CPT-BEL-007-C,RAN,99.24,99.01,0.23,99.05,0.64,98.33,43.45,40.65,-6.88,9.53,52.5,-84.4,-13.0,12.2,47.12,36,2,4,3,0.91,0,2,0,0,0,normal,
2026-09-14T22:15,Telkom,Gauteng,Johannesburg,JHB-CBD-003,JHB-CBD-003-A,RAN,98.34,99.2,-0.86,99.2,0.43,98.68,38.4,39.9,3.75,10.22,43.0,-84.8,-10.3,18.1,54.73,40,5,0,0,0.29,0,2,0,0,0,normal,
2026-09-14T22:15,Telkom,Gauteng,Johannesburg,JHB-CBD-003,JHB-CBD-003-B,RAN,99.08,99.18,-0.1,99.33,0.85,98.54,31.93,39.21,18.56,11.58,59.1,-84.4,-9.3,18.3,57.37,44,0,2,5,0.76,0,2,0,0,0,normal,
2026-09-14T22:15,Telkom,Gauteng,Johannesburg,JHB-CBD-003,JHB-CBD-003-C,RAN,99.01,99.11,-0.1,98.53,0.34,98.4,48.75,38.6,-26.29,13.61,54.3,-83.8,-10.7,20.0,52.08,44,4,6,2,0.16,19,2,0,0,0,normal,
2026-09-14T22:15,Telkom,Gauteng,Soweto,JHB-SOW-018,JHB-SOW-018-A,RAN,99.07,99.05,0.02,98.85,0.75,98.86,36.88,40.7,9.39,16.26,51.7,-84.3,-11.2,15.5,51.54,37,0,3,3,0.96,52,2,0,0,0,normal,
2026-09-14T22:15,Telkom,Gauteng,Soweto,JHB-SOW-018,JHB-SOW-018-B,RAN,98.72,99.02,-0.3,98.28,0.39,99.07,43.5,39.92,-8.97,11.92,52.3,-84.2,-9.0,19.0,46.43,31,4,2,0,1.34,147,2,0,0,0,normal,
2026-09-14T22:15,Telkom,Gauteng,Soweto,JHB-SOW-018,JHB-SOW-018-C,RAN,98.41,99.15,-0.74,98.74,0.2,98.72,39.53,39.7,0.43,12.59,47.2,-82.7,-10.4,11.8,52.26,40,5,1,0,0.78,0,2,0,0,0,normal,
2026-09-14T22:15,Telkom,Gauteng,Pretoria,PTA-HAT-011,PTA-HAT-011-A,RAN,98.8,99.04,-0.24,98.0,0.64,98.52,47.24,39.22,-20.45,12.74,51.3,-88.7,-11.0,18.3,49.13,46,0,6,1,0.66,0,2,0,0,0,normal,
2026-09-14T22:15,Telkom,Gauteng,Pretoria,PTA-HAT-011,PTA-HAT-011-B,RAN,99.42,99.08,0.34,98.66,0.14,98.58,29.84,38.73,22.96,11.33,57.6,-87.2,-10.0,19.1,58.94,42,2,4,0,0.53,144,2,0,0,0,normal,
2026-09-14T22:15,Telkom,Gauteng,Pretoria,PTA-HAT-011,PTA-HAT-011-C,RAN,98.7,99.08,-0.38,98.95,0.37,98.76,40.88,38.86,-5.19,12.58,53.2,-86.5,-8.1,16.0,46.06,37,2,0,0,0.71,44,2,0,0,0,normal,
2026-09-14T22:30,Telkom,Western Cape,Cape Town,CPT-BEL-007,CPT-BEL-007-A,RAN,99.16,99.06,0.1,98.81,0.05,97.44,46.54,37.56,-23.92,9.84,51.6,-81.7,-10.0,15.1,48.84,29,4,2,0,0.67,111,3,0,0,0,normal,
2026-09-14T22:30,Telkom,Western Cape,Cape Town,CPT-BEL-007,CPT-BEL-007-B,RAN,98.65,99.14,-0.49,99.49,0.13,97.99,51.65,40.05,-28.96,12.52,57.1,-79.9,-11.6,15.8,39.51,34,5,1,0,0.69,0,3,0,0,0,normal,
2026-09-14T22:30,Telkom,Western Cape,Cape Town,CPT-BEL-007,CPT-BEL-007-C,RAN,99.0,99.02,-0.02,98.57,0.64,98.35,40.98,41.0,0.05,15.7,36.1,-85.3,-9.1,14.5,45.21,33,3,2,2,0.17,30,3,0,0,0,normal,
2026-09-14T22:30,Telkom,Gauteng,Johannesburg,JHB-CBD-003,JHB-CBD-003-A,RAN,99.25,99.14,0.11,98.83,0.13,98.53,41.76,40.05,-4.26,15.7,54.3,-88.0,-10.7,17.0,49.05,38,5,4,0,0.88,63,3,0,0,0,normal,
2026-09-14T22:30,Telkom,Gauteng,Johannesburg,JHB-CBD-003,JHB-CBD-003-B,RAN,99.08,99.17,-0.09,99.0,0.31,98.94,30.13,38.52,21.77,12.7,44.9,-81.9,-11.1,19.0,55.34,38,5,2,0,0.91,32,3,0,0,0,normal,
2026-09-14T22:30,Telkom,Gauteng,Johannesburg,JHB-CBD-003,JHB-CBD-003-C,RAN,99.33,99.1,0.23,99.14,0.93,99.54,35.39,39.15,9.61,9.06,48.6,-89.9,-9.6,18.3,51.13,37,3,0,3,0.66,0,3,0,0,0,normal,
2026-09-14T22:30,Telkom,Gauteng,Soweto,JHB-SOW-018,JHB-SOW-018-A,RAN,99.27,99.02,0.25,98.34,0.38,98.7,36.01,41.25,12.7,12.87,49.7,-87.0,-8.2,17.7,44.64,34,0,5,1,0.89,23,3,0,0,0,normal,
2026-09-14T22:30,Telkom,Gauteng,Soweto,JHB-SOW-018,JHB-SOW-018-B,RAN,99.61,99.01,0.6,98.43,0.05,98.37,47.39,40.19,-17.92,13.32,46.0,-85.7,-11.5,13.5,41.62,40,0,4,0,1.26,145,3,0,0,0,normal,
2026-09-14T22:30,Telkom,Gauteng,Soweto,JHB-SOW-018,JHB-SOW-018-C,RAN,99.49,99.11,0.38,99.17,0.46,98.22,40.55,39.36,-3.02,12.7,47.7,-87.4,-11.3,16.0,46.63,42,0,1,1,0.67,0,3,0,0,0,normal,
2026-09-14T22:30,Telkom,Gauteng,Pretoria,PTA-HAT-011,PTA-HAT-011-A,RAN,99.55,99.01,0.54,98.6,0.45,98.35,35.18,39.6,11.16,11.2,50.5,-86.7,-8.5,19.1,52.71,48,0,1,2,0.61,0,3,0,0,0,normal,
2026-09-14T22:30,Telkom,Gauteng,Pretoria,PTA-HAT-011,PTA-HAT-011-B,RAN,98.89,99.08,-0.19,99.06,0.68,97.61,42.54,38.34,-10.97,12.4,55.0,-87.7,-10.9,19.2,49.98,46,7,4,3,1.9,102,3,0,0,0,normal,
2026-09-14T22:30,Telkom,Gauteng,Pretoria,PTA-HAT-011,PTA-HAT-011-C,RAN,98.69,99.04,-0.35,98.62,0.49,98.91,41.8,38.84,-7.61,11.68,40.7,-91.2,-10.6,17.2,48.35,39,3,3,1,1.38,160,3,0,0,0,normal,
2026-09-14T22:45,Telkom,Western Cape,Cape Town,CPT-BEL-007,CPT-BEL-007-A,RAN,99.0,99.06,-0.06,98.78,0.59,98.79,35.92,38.47,6.62,10.88,51.6,-85.4,-9.9,18.1,49.08,32,4,3,0,0.29,125,3,0,0,0,normal,
2026-09-14T22:45,Telkom,Western Cape,Cape Town,CPT-BEL-007,CPT-BEL-007-B,RAN,99.37,99.15,0.22,99.02,0.84,98.74,39.97,40.93,2.35,10.97,58.6,-84.8,-9.1,17.3,45.2,34,1,0,2,0.73,0,3,0,0,0,normal,
2026-09-14T22:45,Telkom,Western Cape,Cape Town,CPT-BEL-007,CPT-BEL-007-C,RAN,98.85,99.05,-0.2,98.81,0.5,98.48,39.08,41.22,5.19,12.77,54.9,-85.9,-8.7,18.1,48.38,28,6,2,0,0.71,43,3,0,0,0,normal,
2026-09-14T22:45,Telkom,Gauteng,Johannesburg,JHB-CBD-003,JHB-CBD-003-A,RAN,98.43,99.14,-0.71,99.02,0.29,99.09,37.54,39.91,5.93,11.95,52.7,-94.6,-10.0,18.2,48.16,29,7,0,0,1.2,0,3,0,0,0,normal,
2026-09-14T22:45,Telkom,Gauteng,Johannesburg,JHB-CBD-003,JHB-CBD-003-B,RAN,99.12,99.19,-0.06,98.71,0.85,99.18,44.96,38.31,-17.36,11.82,41.6,-81.9,-10.2,15.7,46.25,43,4,7,2,0.48,35,3,0,0,0,normal,
2026-09-14T22:45,Telkom,Gauteng,Johannesburg,JHB-CBD-003,JHB-CBD-003-C,RAN,99.25,99.13,0.12,99.13,0.46,98.86,35.01,39.25,10.79,15.2,47.2,-78.4,-8.8,17.5,50.55,45,5,1,1,0.55,45,3,0,0,0,normal,
2026-09-14T22:45,Telkom,Gauteng,Soweto,JHB-SOW-018,JHB-SOW-018-A,RAN,99.29,99.03,0.26,98.1,0.22,98.36,42.75,40.76,-4.89,15.86,40.0,-91.0,-11.4,18.4,42.15,30,0,7,0,0.57,0,3,0,0,0,normal,
2026-09-14T22:45,Telkom,Gauteng,Soweto,JHB-SOW-018,JHB-SOW-018-B,RAN,98.78,99.02,-0.24,98.68,0.67,98.26,31.64,40.31,21.51,10.48,60.8,-89.2,-10.6,17.2,64.59,43,5,2,1,1.02,100,3,0,0,0,normal,
2026-09-14T22:45,Telkom,Gauteng,Soweto,JHB-SOW-018,JHB-SOW-018-C,RAN,98.93,99.1,-0.17,99.17,0.67,97.58,37.34,39.55,5.59,11.4,53.8,-87.7,-10.6,17.7,46.43,28,3,3,1,0.78,117,3,0,0,0,normal,
2026-09-14T22:45,Telkom,Gauteng,Pretoria,PTA-HAT-011,PTA-HAT-011-A,RAN,98.88,99.06,-0.18,98.52,0.82,99.2,45.33,39.52,-14.69,12.97,60.5,-86.4,-12.0,20.2,43.01,32,0,4,3,0.94,0,3,0,0,0,normal,
2026-09-14T22:45,Telkom,Gauteng,Pretoria,PTA-HAT-011,PTA-HAT-011-B,RAN,99.44,99.08,0.36,99.03,0.51,98.93,37.57,39.28,4.36,14.2,52.9,-89.8,-9.7,18.7,48.06,37,2,3,1,0.28,220,3,0,0,0,normal,
2026-09-14T22:45,Telkom,Gauteng,Pretoria,PTA-HAT-011,PTA-HAT-011-C,RAN,99.5,99.04,0.46,99.13,0.49,99.07,42.05,39.09,-7.58,12.9,52.0,-88.3,-7.3,16.6,47.6,35,3,0,1,0.4,107,3,0,0,0,normal,
2026-09-14T23:00,Telkom,Western Cape,Cape Town,CPT-BEL-007,CPT-BEL-007-A,RAN,99.05,99.08,-0.03,98.53,0.74,98.74,44.12,38.63,-14.22,13.26,56.2,-90.1,-11.1,19.1,44.52,36,5,6,1,0.66,129,3,0,0,0,normal,
2026-09-14T23:00,Telkom,Western Cape,Cape Town,CPT-BEL-007,CPT-BEL-007-B,RAN,99.52,99.19,0.33,98.35,0.77,99.27,45.39,41.05,-10.57,11.5,45.6,-85.9,-10.6,18.1,39.57,29,1,5,2,1.04,76,3,0,0,0,normal,
2026-09-14T23:00,Telkom,Western Cape,Cape Town,CPT-BEL-007,CPT-BEL-007-C,RAN,99.5,99.04,0.46,98.75,0.07,98.55,44.36,41.22,-7.61,14.69,49.5,-86.8,-12.5,16.0,44.4,31,0,5,0,0.74,41,3,0,0,0,normal,
2026-09-14T23:00,Telkom,Gauteng,Johannesburg,JHB-CBD-003,JHB-CBD-003-A,RAN,98.83,99.1,-0.27,99.13,0.54,99.16,44.55,40.18,-10.89,13.42,53.3,-82.7,-10.1,17.3,54.13,26,0,2,0,1.03,103,3,0,0,0,normal,
2026-09-14T23:00,Telkom,Gauteng,Johannesburg,JHB-CBD-003,JHB-CBD-003-B,RAN,99.23,99.18,0.05,98.59,0.15,98.08,38.69,38.88,0.48,9.8,55.1,-79.5,-10.1,15.3,53.87,37,3,3,0,0.1,0,3,0,0,0,normal,
2026-09-14T23:00,Telkom,Gauteng,Johannesburg,JHB-CBD-003,JHB-CBD-003-C,RAN,99.33,99.13,0.2,98.27,0.75,98.18,41.76,39.03,-7.01,15.75,45.2,-83.7,-11.1,18.7,43.33,34,6,5,3,0.46,0,3,0,0,0,normal,
2026-09-14T23:00,Telkom,Gauteng,Soweto,JHB-SOW-018,JHB-SOW-018-A,RAN,98.88,99.04,-0.16,98.62,0.68,99.59,36.85,40.78,9.65,12.8,51.0,-86.3,-8.8,13.6,54.45,29,4,5,1,0.52,65,3,0,0,0,normal,
2026-09-14T23:00,Telkom,Gauteng,Soweto,JHB-SOW-018,JHB-SOW-018-B,RAN,98.9,99.02,-0.12,98.98,0.31,98.69,52.57,39.95,-31.58,10.37,47.5,-89.2,-8.9,18.7,44.35,35,2,3,0,1.64,59,3,0,0,0,normal,
2026-09-14T23:00,Telkom,Gauteng,Soweto,JHB-SOW-018,JHB-SOW-018-C,RAN,99.09,99.09,-0.0,98.7,0.26,98.85,43.13,39.6,-8.92,10.08,44.3,-84.3,-9.6,18.6,47.04,33,5,2,1,0.5,10,3,0,0,0,normal,
2026-09-14T23:00,Telkom,Gauteng,Pretoria,PTA-HAT-011,PTA-HAT-011-A,RAN,98.77,99.04,-0.27,99.13,0.64,98.33,39.81,39.74,-0.17,10.98,66.2,-85.0,-12.8,22.1,53.18,41,7,3,1,0.66,113,3,0,0,0,normal,
2026-09-14T23:00,Telkom,Gauteng,Pretoria,PTA-HAT-011,PTA-HAT-011-B,RAN,98.58,99.1,-0.52,98.82,0.29,98.71,36.91,39.55,6.69,11.62,58.0,-85.6,-10.2,13.6,45.33,31,2,2,1,0.94,96,3,0,0,0,normal,
2026-09-14T23:00,Telkom,Gauteng,Pretoria,PTA-HAT-011,PTA-HAT-011-C,RAN,99.32,99.06,0.26,99.68,0.57,98.63,36.95,39.32,6.03,15.59,55.2,-83.9,-10.6,16.7,52.75,39,0,2,1,0.86,101,3,0,0,0,normal,
2026-09-14T23:15,Telkom,Western Cape,Cape Town,CPT-BEL-007,CPT-BEL-007-A,RAN,99.67,99.08,0.59,98.59,0.54,98.14,51.65,39.01,-32.41,16.03,57.6,-85.5,-9.9,16.4,33.7,27,0,2,2,0.94,16,3,0,0,0,normal,
2026-09-14T23:15,Telkom,Western Cape,Cape Town,CPT-BEL-007,CPT-BEL-007-B,RAN,99.1,99.19,-0.09,99.63,0.19,97.83,42.84,42.21,-1.5,12.7,57.4,-89.2,-8.7,14.4,46.36,34,0,0,0,0.67,3,3,0,0,0,normal,
2026-09-14T23:15,Telkom,Western Cape,Cape Town,CPT-BEL-007,CPT-BEL-007-C,RAN,99.55,99.08,0.47,99.14,0.52,99.65,37.63,41.59,9.53,14.14,46.3,-89.0,-9.0,17.4,48.51,29,2,1,3,0.98,81,3,0,0,0,normal,
2026-09-14T23:15,Telkom,Gauteng,Johannesburg,JHB-CBD-003,JHB-CBD-003-A,RAN,98.86,99.1,-0.24,98.7,0.32,98.52,39.69,40.6,2.23,10.1,57.8,-88.1,-10.3,18.1,51.35,39,2,2,1,0.98,0,3,0,0,0,normal,
2026-09-14T23:15,Telkom,Gauteng,Johannesburg,JHB-CBD-003,JHB-CBD-003-B,RAN,98.6,99.18,-0.58,99.2,0.26,97.84,39.67,39.29,-0.97,12.86,54.6,-91.1,-10.2,16.2,56.55,36,4,1,0,0.31,0,3,0,0,0,normal,
2026-09-14T23:15,Telkom,Gauteng,Johannesburg,JHB-CBD-003,JHB-CBD-003-C,RAN,98.87,99.16,-0.29,98.69,0.59,98.51,45.25,39.32,-15.07,16.0,44.4,-82.0,-11.2,15.7,45.19,36,5,2,3,0.16,32,3,0,0,0,normal,
2026-09-14T23:15,Telkom,Gauteng,Soweto,JHB-SOW-018,JHB-SOW-018-A,RAN,99.9,99.0,0.91,99.03,0.1,98.43,35.68,41.33,13.67,10.06,56.6,-91.3,-9.4,15.6,53.0,31,1,0,0,0.7,78,3,0,0,0,normal,
2026-09-14T23:15,Telkom,Gauteng,Soweto,JHB-SOW-018,JHB-SOW-018-B,RAN,98.58,99.0,-0.42,98.67,0.42,97.47,36.68,41.03,10.59,11.1,50.2,-86.5,-8.8,16.9,48.99,29,4,3,0,0.95,146,3,0,0,0,normal,
2026-09-14T23:15,Telkom,Gauteng,Soweto,JHB-SOW-018,JHB-SOW-018-C,RAN,99.22,99.1,0.12,98.88,0.53,98.71,42.41,40.01,-5.99,15.05,52.0,-86.1,-10.6,17.7,29.74,30,5,3,1,1.41,190,3,0,0,0,normal,
2026-09-14T23:15,Telkom,Gauteng,Pretoria,PTA-HAT-011,PTA-HAT-011-A,RAN,99.29,98.98,0.31,98.71,0.58,99.21,38.81,40.37,3.87,12.1,63.3,-88.8,-12.9,16.8,52.14,38,2,7,1,0.61,0,3,0,0,0,normal,
2026-09-14T23:15,Telkom,Gauteng,Pretoria,PTA-HAT-011,PTA-HAT-011-B,RAN,98.92,99.08,-0.16,98.81,0.54,98.28,35.32,39.86,11.38,12.41,53.8,-87.7,-9.5,15.9,51.3,35,3,2,0,0.79,172,3,0,0,0,normal,
2026-09-14T23:15,Telkom,Gauteng,Pretoria,PTA-HAT-011,PTA-HAT-011-C,RAN,99.27,99.07,0.2,99.1,0.57,98.08,37.81,39.19,3.51,13.51,49.6,-84.9,-9.3,15.2,47.61,37,0,5,0,0.86,0,3,0,0,0,normal,
2026-09-14T23:30,Telkom,Western Cape,Cape Town,CPT-BEL-007,CPT-BEL-007-A,RAN,98.64,99.11,-0.47,98.75,0.41,98.33,44.53,39.77,-11.95,12.24,48.1,-85.0,-10.8,17.5,50.21,30,3,3,0,0.3,36,3,0,0,0,normal,
2026-09-14T23:30,Telkom,Western Cape,Cape Town,CPT-BEL-007,CPT-BEL-007-B,RAN,98.93,99.15,-0.22,98.74,0.44,98.62,39.5,41.97,5.88,9.75,53.1,-84.8,-8.6,14.2,52.18,40,4,5,0,0.64,0,3,0,0,0,normal,
2026-09-14T23:30,Telkom,Western Cape,Cape Town,CPT-BEL-007,CPT-BEL-007-C,RAN,99.04,99.11,-0.07,98.51,0.62,98.27,48.42,41.03,-18.01,12.81,46.4,-88.9,-10.0,17.7,41.4,33,5,5,1,0.73,67,3,0,0,0,normal,
2026-09-14T23:30,Telkom,Gauteng,Johannesburg,JHB-CBD-003,JHB-CBD-003-A,RAN,98.66,99.09,-0.43,98.98,0.61,98.02,38.44,41.11,6.5,11.86,52.2,-86.2,-10.3,17.6,48.59,34,6,3,2,0.72,138,3,0,0,0,normal,
2026-09-14T23:30,Telkom,Gauteng,Johannesburg,JHB-CBD-003,JHB-CBD-003-B,RAN,99.44,99.14,0.3,98.04,0.52,98.28,39.59,39.42,-0.42,13.88,54.5,-85.3,-10.3,16.2,49.12,40,4,9,2,0.8,0,3,0,0,0,normal,
2026-09-14T23:30,Telkom,Gauteng,Johannesburg,JHB-CBD-003,JHB-CBD-003-C,RAN,99.23,99.15,0.08,98.93,0.57,98.34,38.6,39.88,3.21,14.54,61.5,-84.7,-8.7,18.8,45.77,29,0,1,0,1.2,144,3,0,0,0,normal,
2026-09-14T23:30,Telkom,Gauteng,Soweto,JHB-SOW-018,JHB-SOW-018-A,RAN,99.25,99.06,0.19,98.82,0.64,97.52,44.91,40.92,-9.74,14.41,50.9,-85.6,-12.0,15.8,54.73,37,1,0,1,0.82,0,3,0,0,0,normal,
2026-09-14T23:30,Telkom,Gauteng,Soweto,JHB-SOW-018,JHB-SOW-018-B,RAN,99.46,98.93,0.53,98.39,0.54,98.59,44.08,40.63,-8.48,13.22,50.5,-86.3,-9.9,19.2,44.5,27,3,5,2,1.08,0,3,0,0,0,normal,
2026-09-14T23:30,Telkom,Gauteng,Soweto,JHB-SOW-018,JHB-SOW-018-C,RAN,99.08,99.11,-0.03,99.36,0.4,98.75,46.71,40.08,-16.55,13.42,50.1,-89.0,-10.1,18.9,40.86,34,2,0,0,1.39,0,3,0,0,0,normal,
2026-09-14T23:30,Telkom,Gauteng,Pretoria,PTA-HAT-011,PTA-HAT-011-A,RAN,99.69,99.0,0.69,99.35,0.41,97.82,33.99,40.32,15.7,11.67,53.4,-82.8,-8.7,14.9,55.44,38,0,3,1,0.33,32,3,0,0,0,normal,
2026-09-14T23:30,Telkom,Gauteng,Pretoria,PTA-HAT-011,PTA-HAT-011-B,RAN,99.25,99.06,0.19,98.7,0.36,98.4,39.67,39.49,-0.47,11.62,56.5,-89.9,-8.9,16.7,45.53,30,6,5,2,0.45,3,3,0,0,0,normal,
2026-09-14T23:30,Telkom,Gauteng,Pretoria,PTA-HAT-011,PTA-HAT-011-C,RAN,99.08,99.11,-0.03,98.78,0.64,98.38,38.23,40.06,4.56,15.21,52.9,-88.1,-10.6,18.8,50.42,38,0,5,1,0.45,0,3,0,0,0,normal,
2026-09-14T23:45,Telkom,Western Cape,Cape Town,CPT-BEL-007,CPT-BEL-007-A,RAN,98.85,99.11,-0.26,98.8,0.5,98.71,37.83,40.14,5.76,13.38,55.0,-81.6,-11.5,16.5,52.56,35,5,3,2,0.53,102,3,0,0,0,normal,
2026-09-14T23:45,Telkom,Western Cape,Cape Town,CPT-BEL-007,CPT-BEL-007-B,RAN,98.95,99.16,-0.21,98.36,0.89,99.04,44.38,42.56,-4.28,15.07,58.1,-84.2,-11.3,16.5,41.26,27,0,2,1,2.05,89,3,0,0,0,normal,
2026-09-14T23:45,Telkom,Western Cape,Cape Town,CPT-BEL-007,CPT-BEL-007-C,RAN,99.69,99.13,0.56,99.0,0.25,98.46,45.61,41.85,-8.99,15.23,54.9,-88.2,-11.3,18.9,41.28,35,0,2,0,0.6,25,3,0,0,0,normal,
2026-09-14T23:45,Telkom,Gauteng,Johannesburg,JHB-CBD-003,JHB-CBD-003-A,RAN,98.27,99.05,-0.78,99.33,0.74,98.05,44.32,40.93,-8.28,14.81,45.8,-85.0,-11.7,18.1,41.99,30,4,6,1,0.59,20,3,0,0,0,normal,
2026-09-14T23:45,Telkom,Gauteng,Johannesburg,JHB-CBD-003,JHB-CBD-003-B,RAN,98.85,99.12,-0.27,98.91,0.79,98.48,44.88,39.89,-12.51,14.61,51.9,-87.6,-11.1,21.1,49.47,38,3,3,1,1.16,11,3,0,0,0,normal,
2026-09-14T23:45,Telkom,Gauteng,Johannesburg,JHB-CBD-003,JHB-CBD-003-C,RAN,99.08,99.19,-0.11,98.46,0.39,98.3,43.46,40.05,-8.51,12.87,52.2,-83.6,-12.0,15.4,42.03,31,7,5,1,0.43,32,3,0,0,0,normal,
2026-09-14T23:45,Telkom,Gauteng,Soweto,JHB-SOW-018,JHB-SOW-018-A,RAN,98.74,99.1,-0.36,99.0,0.32,99.06,43.06,41.44,-3.92,13.85,49.2,-88.3,-9.8,15.4,44.99,25,3,1,0,0.59,41,3,0,0,0,normal,
2026-09-14T23:45,Telkom,Gauteng,Soweto,JHB-SOW-018,JHB-SOW-018-B,RAN,98.47,99.01,-0.54,99.53,0.73,98.49,44.11,40.73,-8.29,14.3,55.3,-85.8,-10.1,15.6,47.75,32,4,0,1,0.93,30,3,0,0,0,normal,
2026-09-14T23:45,Telkom,Gauteng,Soweto,JHB-SOW-018,JHB-SOW-018-C,RAN,99.04,99.16,-0.12,99.35,0.59,98.76,43.38,40.38,-7.43,15.45,56.0,-86.8,-9.7,14.0,41.52,31,3,0,0,0.56,12,3,0,0,0,normal,
2026-09-14T23:45,Telkom,Gauteng,Pretoria,PTA-HAT-011,PTA-HAT-011-A,RAN,98.83,99.02,-0.19,98.56,0.61,98.59,46.02,40.3,-14.18,13.9,62.5,-85.0,-9.0,18.5,47.19,43,7,4,2,0.32,29,3,0,0,0,normal,
2026-09-14T23:45,Telkom,Gauteng,Pretoria,PTA-HAT-011,PTA-HAT-011-B,RAN,98.7,99.04,-0.34,99.06,0.07,98.4,42.52,39.51,-7.63,11.48,62.6,-84.7,-10.8,15.3,54.63,35,6,2,1,0.75,69,3,0,0,0,normal,
2026-09-14T23:45,Telkom,Gauteng,Pretoria,PTA-HAT-011,PTA-HAT-011-C,RAN,99.07,99.11,-0.04,98.81,0.32,98.11,42.46,39.37,-7.85,10.86,58.6,-83.7,-8.9,12.9,51.81,38,1,5,3,0.56,147,3,0,0,0,normal,
2026-09-15T00:00,Telkom,Western Cape,Cape Town,CPT-BEL-007,CPT-BEL-007-A,RAN,98.96,99.08,-0.12,99.24,0.57,99.38,44.01,40.05,-9.89,14.29,48.5,-85.1,-10.2,18.3,53.15,32,3,0,3,0.81,67,1,0,0,0,normal,
2026-09-15T00:00,Telkom,Western Cape,Cape Town,CPT-BEL-007,CPT-BEL-007-B,RAN,99.5,99.17,0.33,98.71,0.72,98.88,38.97,42.95,9.26,14.34,46.9,-86.6,-11.0,19.5,52.51,29,2,2,0,0.97,95,1,0,0,0,normal,
2026-09-15T00:00,Telkom,Western Cape,Cape Town,CPT-BEL-007,CPT-BEL-007-C,RAN,99.37,99.19,0.19,98.84,0.05,98.79,43.82,42.31,-3.56,12.18,50.5,-85.0,-8.9,17.2,39.05,24,0,4,0,1.03,70,1,0,0,0,normal,
2026-09-15T00:00,Telkom,Gauteng,Johannesburg,JHB-CBD-003,JHB-CBD-003-A,RAN,99.71,98.99,0.72,98.45,0.62,98.93,38.61,41.15,6.17,17.01,43.5,-83.9,-11.2,16.9,46.31,35,2,1,1,0.66,126,1,0,0,0,normal,
2026-09-15T00:00,Telkom,Gauteng,Johannesburg,JHB-CBD-003,JHB-CBD-003-B,RAN,99.0,99.07,-0.07,98.37,0.64,98.16,31.95,40.03,20.19,12.05,52.0,-84.2,-9.3,17.4,50.04,32,0,4,1,1.09,75,1,0,0,0,normal,
2026-09-15T00:00,Telkom,Gauteng,Johannesburg,JHB-CBD-003,JHB-CBD-003-C,RAN,98.68,99.16,-0.48,98.71,0.48,99.2,35.13,40.31,12.85,13.36,50.7,-82.5,-9.9,15.4,52.24,27,5,1,1,1.25,37,1,0,0,0,normal,
2026-09-15T00:00,Telkom,Gauteng,Soweto,JHB-SOW-018,JHB-SOW-018-A,RAN,99.78,99.11,0.67,98.61,0.47,99.48,42.12,41.83,-0.7,12.21,48.5,-86.2,-8.6,14.5,42.89,25,0,0,0,1.18,0,1,0,0,0,normal,
2026-09-15T00:00,Telkom,Gauteng,Soweto,JHB-SOW-018,JHB-SOW-018-B,RAN,98.99,98.97,0.02,98.72,0.29,98.75,42.01,41.18,-2.0,12.8,53.4,-85.3,-9.8,18.1,43.41,30,3,2,0,0.38,95,1,0,0,0,normal,
2026-09-15T00:00,Telkom,Gauteng,Soweto,JHB-SOW-018,JHB-SOW-018-C,RAN,99.9,99.16,0.74,99.25,0.37,99.15,35.74,40.69,12.16,11.99,54.6,-86.1,-10.0,14.9,48.04,17,0,0,0,0.81,101,1,0,0,0,normal,
2026-09-15T00:00,Telkom,Gauteng,Pretoria,PTA-HAT-011,PTA-HAT-011-A,RAN,99.16,99.06,0.1,98.69,0.32,99.27,49.68,40.23,-23.49,16.12,49.4,-88.2,-10.6,19.2,30.98,33,1,2,1,0.8,55,1,0,0,0,normal,
2026-09-15T00:00,Telkom,Gauteng,Pretoria,PTA-HAT-011,PTA-HAT-011-B,RAN,99.13,98.98,0.15,98.55,0.05,98.67,44.94,39.75,-13.07,14.86,49.3,-87.3,-9.3,12.5,50.26,37,6,2,0,0.87,0,1,0,0,0,normal,
2026-09-15T00:00,Telkom,Gauteng,Pretoria,PTA-HAT-011,PTA-HAT-011-C,RAN,99.12,99.12,-0.0,98.87,0.17,98.88,37.02,39.3,5.8,13.02,48.7,-84.8,-9.0,13.4,55.91,38,4,6,2,0.51,13,1,0,0,0,normal,
2026-09-15T00:15,Telkom,Western Cape,Cape Town,CPT-BEL-007,CPT-BEL-007-A,RAN,99.03,99.07,-0.04,98.8,0.68,98.4,39.34,40.8,3.57,12.8,51.4,-88.0,-10.6,18.0,50.09,37,2,4,0,0.56,48,1,0,0,0,normal,
2026-09-15T00:15,Telkom,Western Cape,Cape Town,CPT-BEL-007,CPT-BEL-007-B,RAN,99.31,99.2,0.11,98.47,0.27,98.72,46.9,42.44,-10.5,12.38,52.5,-90.1,-12.9,17.9,37.4,27,0,1,0,0.34,83,1,0,0,0,normal,
2026-09-15T00:15,Telkom,Western Cape,Cape Town,CPT-BEL-007,CPT-BEL-007-C,RAN,98.69,99.19,-0.5,98.79,0.56,98.38,45.82,42.83,-6.99,13.85,47.3,-85.1,-10.0,12.4,35.45,28,2,2,0,0.41,79,1,0,0,0,normal,
2026-09-15T00:15,Telkom,Gauteng,Johannesburg,JHB-CBD-003,JHB-CBD-003-A,RAN,98.66,99.0,-0.34,99.1,0.05,98.09,40.84,41.04,0.49,11.37,55.8,-85.4,-8.0,17.1,47.16,31,3,0,0,0.54,0,1,0,1,0,normal,
2026-09-15T00:15,Telkom,Gauteng,Johannesburg,JHB-CBD-003,JHB-CBD-003-B,RAN,99.33,99.03,0.3,98.93,0.27,98.99,36.19,39.71,8.86,14.37,57.9,-85.9,-9.9,16.5,48.08,28,5,6,0,0.87,0,1,0,0,0,normal,
2026-09-15T00:15,Telkom,Gauteng,Johannesburg,JHB-CBD-003,JHB-CBD-003-C,RAN,98.98,99.1,-0.12,99.15,0.39,99.63,45.27,39.76,-13.85,11.75,62.2,-88.2,-9.8,17.5,47.01,29,0,0,1,1.06,124,1,0,0,0,normal,
2026-09-15T00:15,Telkom,Gauteng,Soweto,JHB-SOW-018,JHB-SOW-018-A,RAN,98.74,99.17,-0.43,98.47,0.53,98.15,38.35,42.15,9.02,13.52,41.8,-84.1,-9.6,14.4,49.37,32,3,3,0,0.85,35,1,0,0,0,normal,
2026-09-15T00:15,Telkom,Gauteng,Soweto,JHB-SOW-018,JHB-SOW-018-B,RAN,98.58,98.93,-0.35,98.85,0.56,98.23,48.2,41.82,-15.27,12.05,48.1,-87.9,-8.9,14.9,42.86,29,4,6,2,0.48,0,1,0,0,0,normal,
2026-09-15T00:15,Telkom,Gauteng,Soweto,JHB-SOW-018,JHB-SOW-018-C,RAN,99.13,99.17,-0.05,98.96,1.0,99.48,40.82,40.6,-0.54,13.31,43.3,-83.5,-9.8,19.0,44.08,30,1,1,3,0.29,2,1,0,0,0,normal,
2026-09-15T00:15,Telkom,Gauteng,Pretoria,PTA-HAT-011,PTA-HAT-011-A,RAN,99.05,99.05,0.0,98.83,0.68,98.84,41.19,41.1,-0.22,15.68,49.8,-83.9,-9.6,15.0,41.72,27,0,2,0,0.88,0,1,0,0,0,normal,
2026-09-15T00:15,Telkom,Gauteng,Pretoria,PTA-HAT-011,PTA-HAT-011-B,RAN,99.61,99.01,0.6,98.4,0.63,99.22,37.93,40.2,5.65,10.85,60.3,-85.5,-11.1,18.0,56.32,39,0,2,1,0.26,0,1,0,0,0,normal,
2026-09-15T00:15,Telkom,Gauteng,Pretoria,PTA-HAT-011,PTA-HAT-011-C,RAN,98.86,99.15,-0.29,98.92,0.15,99.71,38.25,39.28,2.63,12.43,60.4,-88.0,-11.4,18.5,43.33,32,3,3,0,0.72,5,1,0,0,0,normal,
2026-09-15T00:30,Telkom,Western Cape,Cape Town,CPT-BEL-007,CPT-BEL-007-A,RAN,98.96,99.1,-0.14,98.93,0.68,99.44,32.4,41.23,21.41,10.26,56.0,-86.1,-9.5,15.3,47.7,27,1,3,1,0.27,22,1,0,0,0,normal,
2026-09-15T00:30,Telkom,Western Cape,Cape Town,CPT-BEL-007,CPT-BEL-007-B,RAN,99.36,99.22,0.14,98.6,0.36,97.96,35.97,42.85,16.05,10.25,45.9,-86.9,-9.2,17.1,54.58,36,3,0,1,0.72,28,1,0,0,0,normal,
2026-09-15T00:30,Telkom,Western Cape,Cape Town,CPT-BEL-007,CPT-BEL-007-C,RAN,98.91,99.17,-0.27,99.3,0.3,98.45,41.71,43.23,3.51,8.75,47.5,-84.0,-12.3,16.4,46.79,29,4,4,0,0.99,55,1,0,0,0,normal,
2026-09-15T00:30,Telkom,Gauteng,Johannesburg,JHB-CBD-003,JHB-CBD-003-A,RAN,99.13,98.94,0.19,98.63,0.91,98.4,38.46,40.67,5.44,11.97,52.9,-86.9,-11.1,18.8,54.06,44,3,6,4,0.73,104,1,0,1,0,normal,
2026-09-15T00:30,Telkom,Gauteng,Johannesburg,JHB-CBD-003,JHB-CBD-003-B,RAN,99.05,99.07,-0.02,98.55,0.52,98.07,43.88,39.47,-11.18,12.25,55.1,-84.7,-10.4,12.8,41.42,33,0,2,1,1.04,43,1,0,0,0,normal,
2026-09-15T00:30,Telkom,Gauteng,Johannesburg,JHB-CBD-003,JHB-CBD-003-C,RAN,98.93,99.06,-0.13,99.05,0.21,98.81,41.35,40.08,-3.16,13.55,41.2,-82.4,-10.0,17.7,49.65,42,5,2,0,1.17,150,1,0,0,0,normal,
2026-09-15T00:30,Telkom,Gauteng,Soweto,JHB-SOW-018,JHB-SOW-018-A,RAN,99.28,99.16,0.12,98.81,0.77,98.04,43.46,41.6,-4.46,13.0,39.5,-89.2,-8.4,17.2,41.95,31,2,0,2,1.08,46,1,0,0,0,normal,
2026-09-15T00:30,Telkom,Gauteng,Soweto,JHB-SOW-018,JHB-SOW-018-B,RAN,99.11,98.9,0.21,98.9,0.23,98.75,57.68,42.51,-35.69,15.4,49.6,-82.8,-10.0,15.1,35.16,19,1,3,0,0.65,0,1,0,0,0,normal,
2026-09-15T00:30,Telkom,Gauteng,Soweto,JHB-SOW-018,JHB-SOW-018-C,RAN,98.78,99.17,-0.39,98.4,0.96,97.87,37.54,40.78,7.94,12.53,51.0,-88.9,-9.8,14.9,52.58,30,7,5,3,0.76,90,1,0,0,0,normal,
2026-09-15T00:30,Telkom,Gauteng,Pretoria,PTA-HAT-011,PTA-HAT-011-A,RAN,99.07,99.04,0.03,98.69,0.05,98.58,43.17,41.17,-4.85,13.49,53.7,-85.9,-8.7,16.3,48.34,42,5,5,1,0.1,23,1,0,0,0,normal,
2026-09-15T00:30,Telkom,Gauteng,Pretoria,PTA-HAT-011,PTA-HAT-011-B,RAN,98.41,99.04,-0.63,98.53,0.69,98.72,48.46,40.18,-20.6,17.22,43.6,-83.6,-10.1,18.2,38.61,37,2,4,4,0.75,0,1,0,0,0,normal,
2026-09-15T00:30,Telkom,Gauteng,Pretoria,PTA-HAT-011,PTA-HAT-011-C,RAN,98.95,99.08,-0.13,98.77,0.55,98.9,41.87,39.1,-7.07,12.91,59.9,-86.1,-9.5,15.8,52.22,37,2,3,1,1.06,0,1,0,0,0,normal,
2026-09-15T00:45,Telkom,Western Cape,Cape Town,CPT-BEL-007,CPT-BEL-007-A,RAN,99.11,99.08,0.03,98.5,0.5,98.98,33.99,41.4,17.89,10.83,56.7,-89.5,-11.0,19.4,51.36,40,3,8,0,0.44,0,1,0,0,0,normal,
2026-09-15T00:45,Telkom,Western Cape,Cape Town,CPT-BEL-007,CPT-BEL-007-B,RAN,99.21,99.24,-0.03,98.66,0.18,98.21,47.78,42.43,-12.61,11.76,56.9,-86.7,-9.0,17.2,43.9,39,2,2,0,0.54,117,1,0,0,0,normal,
2026-09-15T00:45,Telkom,Western Cape,Cape Town,CPT-BEL-007,CPT-BEL-007-C,RAN,99.25,99.14,0.11,98.91,0.27,98.48,42.49,43.46,2.23,12.31,64.0,-86.6,-9.8,15.2,45.29,30,3,1,0,0.57,0,1,0,0,0,normal,
2026-09-15T00:45,Telkom,Gauteng,Johannesburg,JHB-CBD-003,JHB-CBD-003-A,RAN,99.36,98.92,0.44,98.68,0.05,98.8,51.05,41.13,-24.13,10.33,55.3,-87.1,-12.4,14.5,42.27,35,1,6,0,0.16,107,1,0,1,0,normal,
2026-09-15T00:45,Telkom,Gauteng,Johannesburg,JHB-CBD-003,JHB-CBD-003-B,RAN,98.61,99.08,-0.47,98.89,0.52,97.96,49.9,39.38,-26.72,12.67,52.3,-87.2,-10.0,13.8,40.97,36,1,1,1,0.52,219,1,0,0,0,normal,
2026-09-15T00:45,Telkom,Gauteng,Johannesburg,JHB-CBD-003,JHB-CBD-003-C,RAN,99.0,99.06,-0.06,98.54,0.84,98.17,39.41,40.83,3.48,13.71,46.4,-81.9,-10.6,17.7,53.31,24,2,2,3,1.07,92,1,0,0,0,normal,
2026-09-15T00:45,Telkom,Gauteng,Soweto,JHB-SOW-018,JHB-SOW-018-A,RAN,99.52,99.12,0.4,98.51,0.27,99.02,49.28,41.67,-18.25,13.93,54.4,-88.7,-11.0,19.5,30.2,25,2,1,0,1.73,173,1,0,0,0,normal,
2026-09-15T00:45,Telkom,Gauteng,Soweto,JHB-SOW-018,JHB-SOW-018-B,RAN,99.9,98.89,1.01,99.0,0.56,98.68,44.34,43.74,-1.36,12.01,54.4,-92.1,-11.7,15.7,51.96,35,0,2,2,0.66,0,1,0,0,0,normal,
2026-09-15T00:45,Telkom,Gauteng,Soweto,JHB-SOW-018,JHB-SOW-018-C,RAN,99.62,99.16,0.46,98.4,0.52,98.75,49.49,41.02,-20.65,13.69,41.2,-83.2,-8.6,17.5,34.17,34,3,5,0,0.66,0,1,0,0,0,normal,
2026-09-15T00:45,Telkom,Gauteng,Pretoria,PTA-HAT-011,PTA-HAT-011-A,RAN,98.47,99.05,-0.58,98.83,0.53,98.64,40.47,41.27,1.94,12.51,53.0,-88.5,-9.2,16.8,51.81,34,3,0,1,0.61,17,2,0,0,0,normal,
2026-09-15T00:45,Telkom,Gauteng,Pretoria,PTA-HAT-011,PTA-HAT-011-B,RAN,99.04,99.0,0.04,99.1,0.86,98.22,34.33,40.89,16.04,15.37,54.1,-84.8,-9.8,18.8,53.88,44,7,2,2,0.23,193,2,0,0,0,normal,
2026-09-15T00:45,Telkom,Gauteng,Pretoria,PTA-HAT-011,PTA-HAT-011-C,RAN,99.09,99.1,-0.01,98.8,0.41,99.38,45.44,39.44,-15.22,13.15,49.1,-84.9,-8.8,17.9,44.35,25,0,1,0,0.32,73,2,0,0,0,normal,
2026-09-15T01:00,Telkom,Western Cape,Cape Town,CPT-BEL-007,CPT-BEL-007-A,RAN,99.34,99.07,0.27,98.18,0.46,99.0,38.75,40.63,4.63,14.76,58.2,-83.7,-9.6,15.7,47.52,32,0,3,1,1.2,17,0,0,0,0,normal,
2026-09-15T01:00,Telkom,Western Cape,Cape Town,CPT-BEL-007,CPT-BEL-007-B,RAN,98.92,99.24,-0.32,98.81,0.47,98.93,45.23,42.6,-6.17,11.64,53.7,-88.5,-9.1,14.2,40.92,29,2,6,1,0.17,0,0,0,0,0,normal,
2026-09-15T01:00,Telkom,Western Cape,Cape Town,CPT-BEL-007,CPT-BEL-007-C,RAN,99.33,99.16,0.17,98.88,0.52,99.23,54.36,43.3,-25.54,14.13,53.2,-86.4,-9.9,19.8,31.83,25,0,1,0,1.38,14,0,0,0,0,normal,
2026-09-15T01:00,Telkom,Gauteng,Johannesburg,JHB-CBD-003,JHB-CBD-003-A,RAN,98.49,98.93,-0.44,98.79,0.35,98.0,43.31,41.69,-3.89,14.8,51.2,-88.6,-9.2,18.5,41.65,36,6,2,0,0.61,78,0,0,1,0,normal,
2026-09-15T01:00,Telkom,Gauteng,Johannesburg,JHB-CBD-003,JHB-CBD-003-B,RAN,99.02,99.08,-0.06,99.27,0.91,97.85,44.98,39.68,-13.35,15.41,52.1,-84.8,-8.6,18.4,44.9,27,1,5,3,0.92,34,0,0,0,0,normal,
2026-09-15T01:00,Telkom,Gauteng,Johannesburg,JHB-CBD-003,JHB-CBD-003-C,RAN,99.16,99.06,0.1,99.17,0.66,98.46,39.02,40.95,4.71,14.05,59.9,-83.7,-11.6,18.2,43.63,30,0,0,0,0.16,124,0,0,0,0,normal,
2026-09-15T01:00,Telkom,Gauteng,Soweto,JHB-SOW-018,JHB-SOW-018-A,RAN,98.37,99.16,-0.79,98.53,0.53,98.65,40.93,42.06,2.7,10.47,52.4,-90.2,-10.5,15.6,47.24,26,0,4,3,0.7,0,0,0,0,0,normal,
2026-09-15T01:00,Telkom,Gauteng,Soweto,JHB-SOW-018,JHB-SOW-018-B,RAN,99.12,98.98,0.14,99.6,0.36,99.68,45.0,43.8,-2.74,11.8,45.2,-85.0,-9.3,15.1,43.97,34,2,0,1,0.1,103,0,0,0,0,normal,
2026-09-15T01:00,Telkom,Gauteng,Soweto,JHB-SOW-018,JHB-SOW-018-C,RAN,98.76,99.19,-0.43,99.48,0.33,99.23,42.31,41.56,-1.8,12.16,55.8,-85.1,-7.2,17.7,44.71,29,2,1,1,0.58,0,0,0,0,0,normal,
2026-09-15T01:00,Telkom,Gauteng,Pretoria,PTA-HAT-011,PTA-HAT-011-A,RAN,98.8,99.02,-0.22,99.08,1.01,98.37,42.07,41.54,-1.27,9.74,53.0,-87.8,-10.3,14.7,50.36,34,5,1,3,1.24,0,1,0,0,0,normal,
2026-09-15T01:00,Telkom,Gauteng,Pretoria,PTA-HAT-011,PTA-HAT-011-B,RAN,98.61,99.03,-0.42,99.5,0.51,98.2,40.6,40.27,-0.83,17.61,52.8,-90.3,-9.3,15.7,40.28,31,2,1,1,0.78,14,1,0,0,0,normal,
2026-09-15T01:00,Telkom,Gauteng,Pretoria,PTA-HAT-011,PTA-HAT-011-C,RAN,98.97,99.11,-0.14,98.7,0.89,98.6,47.83,39.99,-19.62,14.07,42.7,-85.6,-8.8,15.8,43.49,30,3,1,0,0.63,0,1,0,0,0,normal,
2026-09-15T01:15,Telkom,Western Cape,Cape Town,CPT-BEL-007,CPT-BEL-007-A,RAN,99.68,99.07,0.61,97.47,0.29,98.49,56.0,41.13,-36.15,15.98,49.9,-89.1,-10.7,17.6,36.76,31,0,2,1,0.73,174,1,0,0,0,normal,
2026-09-15T01:15,Telkom,Western Cape,Cape Town,CPT-BEL-007,CPT-BEL-007-B,RAN,99.19,99.21,-0.02,99.07,0.52,98.46,47.82,42.99,-11.23,13.2,49.4,-86.4,-10.9,16.4,47.16,27,2,2,2,1.24,0,1,0,0,0,normal,
2026-09-15T01:15,Telkom,Western Cape,Cape Town,CPT-BEL-007,CPT-BEL-007-C,RAN,98.98,99.14,-0.16,99.36,0.38,98.2,50.21,44.14,-13.74,10.01,53.4,-84.0,-10.3,18.8,39.93,36,5,1,2,0.66,58,1,0,0,0,normal,
2026-09-15T01:15,Telkom,Gauteng,Johannesburg,JHB-CBD-003,JHB-CBD-003-A,RAN,99.02,98.9,0.12,99.1,0.3,98.31,39.02,42.06,7.24,12.46,39.9,-85.6,-9.7,15.7,45.91,31,2,3,1,1.09,57,1,0,0,0,normal,
2026-09-15T01:15,Telkom,Gauteng,Johannesburg,JHB-CBD-003,JHB-CBD-003-B,RAN,99.59,99.06,0.53,98.79,0.33,98.81,60.65,39.64,-52.99,16.08,44.8,-88.5,-11.6,14.9,26.77,27,1,0,0,0.59,78,1,0,1,0,normal,
2026-09-15T01:15,Telkom,Gauteng,Johannesburg,JHB-CBD-003,JHB-CBD-003-C,RAN,99.18,99.04,0.14,99.42,0.62,98.4,42.21,40.92,-3.15,12.34,45.3,-87.0,-10.5,19.7,52.08,31,2,1,1,0.15,0,1,0,0,0,normal,
2026-09-15T01:15,Telkom,Gauteng,Soweto,JHB-SOW-018,JHB-SOW-018-A,RAN,99.32,99.16,0.16,99.2,0.46,97.84,49.01,42.14,-16.3,13.03,46.2,-91.0,-12.2,18.6,43.47,26,1,2,0,0.51,12,1,0,0,0,normal,
2026-09-15T01:15,Telkom,Gauteng,Soweto,JHB-SOW-018,JHB-SOW-018-B,RAN,98.71,98.97,-0.26,99.54,0.24,98.55,40.44,43.52,7.07,13.57,48.4,-86.1,-10.6,19.4,41.72,37,6,4,0,0.44,47,1,0,0,0,normal,
2026-09-15T01:15,Telkom,Gauteng,Soweto,JHB-SOW-018,JHB-SOW-018-C,RAN,99.04,99.16,-0.12,98.36,0.55,98.73,46.61,41.91,-11.21,15.64,56.4,-84.9,-8.3,15.5,40.31,18,0,2,0,0.48,0,1,0,0,0,normal,
2026-09-15T01:15,Telkom,Gauteng,Pretoria,PTA-HAT-011,PTA-HAT-011-A,RAN,99.18,98.98,0.2,98.78,0.55,97.87,46.44,41.94,-10.74,16.43,51.6,-87.4,-10.2,18.7,43.24,34,3,0,1,0.42,0,2,0,0,0,normal,
2026-09-15T01:15,Telkom,Gauteng,Pretoria,PTA-HAT-011,PTA-HAT-011-B,RAN,98.89,99.01,-0.12,98.52,0.43,97.93,36.31,40.02,9.28,12.32,53.3,-90.0,-8.3,15.9,47.67,28,3,5,1,1.19,141,2,0,0,0,normal,
2026-09-15T01:15,Telkom,Gauteng,Pretoria,PTA-HAT-011,PTA-HAT-011-C,RAN,98.76,99.09,-0.33,98.45,0.63,99.23,45.17,40.97,-10.24,13.09,52.2,-85.6,-9.7,16.4,52.01,45,6,2,0,1.2,91,2,0,0,0,normal,
2026-09-15T01:30,Telkom,Western Cape,Cape Town,CPT-BEL-007,CPT-BEL-007-A,RAN,98.9,99.09,-0.19,98.58,0.78,98.03,43.3,42.08,-2.9,11.88,55.3,-84.8,-9.0,19.1,52.38,30,2,2,0,0.88,90,1,0,0,0,normal,
2026-09-15T01:30,Telkom,Western Cape,Cape Town,CPT-BEL-007,CPT-BEL-007-B,RAN,99.22,99.16,0.06,98.67,0.36,97.92,40.77,43.63,6.56,12.27,56.1,-84.9,-11.2,16.1,46.43,37,1,2,1,0.68,0,1,0,0,0,normal,
2026-09-15T01:30,Telkom,Western Cape,Cape Town,CPT-BEL-007,CPT-BEL-007-C,RAN,98.84,99.16,-0.32,98.67,0.61,97.21,48.49,44.24,-9.6,12.05,48.8,-83.0,-9.3,13.4,43.17,26,2,3,1,0.89,91,1,0,0,0,normal,
2026-09-15T01:30,Telkom,Gauteng,Johannesburg,JHB-CBD-003,JHB-CBD-003-A,RAN,98.8,98.9,-0.1,99.27,0.37,98.9,43.74,41.64,-5.04,17.24,55.6,-91.3,-11.5,16.7,53.27,37,3,3,0,0.79,0,2,0,0,0,normal,
2026-09-15T01:30,Telkom,Gauteng,Johannesburg,JHB-CBD-003,JHB-CBD-003-B,RAN,99.08,99.07,0.01,98.84,0.47,98.87,37.34,41.46,9.94,10.19,45.1,-86.3,-8.0,19.6,41.06,28,1,0,2,0.1,96,2,0,1,0,normal,
2026-09-15T01:30,Telkom,Gauteng,Johannesburg,JHB-CBD-003,JHB-CBD-003-C,RAN,98.48,99.06,-0.58,98.84,0.13,98.89,49.01,41.25,-18.81,14.31,62.7,-84.8,-10.3,15.4,42.2,25,1,2,0,1.04,108,2,0,0,0,normal,
2026-09-15T01:30,Telkom,Gauteng,Soweto,JHB-SOW-018,JHB-SOW-018-A,RAN,98.84,99.17,-0.33,98.74,0.45,98.78,49.7,42.82,-16.06,12.39,44.2,-88.5,-10.5,19.6,42.87,30,0,0,0,1.06,21,1,0,0,0,normal,
2026-09-15T01:30,Telkom,Gauteng,Soweto,JHB-SOW-018,JHB-SOW-018-B,RAN,99.21,98.97,0.24,99.34,0.81,98.88,44.93,43.69,-2.83,14.76,34.4,-83.7,-10.6,17.1,41.66,26,2,0,3,0.99,0,1,0,0,0,normal,
2026-09-15T01:30,Telkom,Gauteng,Soweto,JHB-SOW-018,JHB-SOW-018-C,RAN,99.32,99.13,0.19,98.71,0.32,98.32,39.42,41.92,5.97,13.01,51.9,-86.3,-9.4,20.2,49.63,23,4,0,0,0.79,0,1,0,0,0,normal,
2026-09-15T01:30,Telkom,Gauteng,Pretoria,PTA-HAT-011,PTA-HAT-011-A,RAN,99.9,98.98,0.92,98.82,0.29,98.26,41.09,42.1,2.39,13.16,47.2,-90.3,-8.6,15.6,43.44,26,2,4,2,0.75,72,2,0,0,0,normal,
2026-09-15T01:30,Telkom,Gauteng,Pretoria,PTA-HAT-011,PTA-HAT-011-B,RAN,99.12,98.99,0.13,98.14,0.69,98.09,44.66,39.83,-12.14,11.57,42.5,-90.7,-8.6,17.9,52.07,33,3,9,0,0.53,0,2,0,0,0,normal,
2026-09-15T01:30,Telkom,Gauteng,Pretoria,PTA-HAT-011,PTA-HAT-011-C,RAN,99.65,99.06,0.59,99.57,0.14,98.34,47.98,41.14,-16.63,14.44,61.6,-85.1,-11.5,14.9,52.7,40,2,0,3,0.94,132,2,0,0,0,normal,
2026-09-15T01:45,Telkom,Western Cape,Cape Town,CPT-BEL-007,CPT-BEL-007-A,RAN,99.77,99.08,0.69,99.46,0.48,98.57,35.07,42.2,16.89,9.69,54.9,-88.8,-9.6,18.3,48.28,33,3,0,1,1.01,0,0,0,0,0,normal,
2026-09-15T01:45,Telkom,Western Cape,Cape Town,CPT-BEL-007,CPT-BEL-007-B,RAN,99.11,99.13,-0.02,98.64,0.67,98.71,38.15,43.15,11.6,13.06,43.3,-89.2,-9.8,16.1,55.76,39,7,5,0,0.38,0,0,0,0,0,normal,
2026-09-15T01:45,Telkom,Western Cape,Cape Town,CPT-BEL-007,CPT-BEL-007-C,RAN,99.5,99.14,0.36,98.89,0.95,98.5,40.41,44.61,9.4,14.58,58.0,-85.7,-10.3,15.8,48.61,32,0,2,1,1.23,124,0,0,0,0,normal,
2026-09-15T01:45,Telkom,Gauteng,Johannesburg,JHB-CBD-003,JHB-CBD-003-A,RAN,99.1,98.85,0.25,98.41,0.54,98.96,40.03,41.49,3.52,12.41,54.2,-85.7,-10.6,16.6,48.08,38,0,2,2,0.52,48,2,0,0,0,normal,
2026-09-15T01:45,Telkom,Gauteng,Johannesburg,JHB-CBD-003,JHB-CBD-003-B,RAN,99.27,99.06,0.2,98.58,0.34,98.28,41.93,41.17,-1.84,15.11,47.7,-88.8,-11.0,17.2,38.84,29,0,2,1,0.64,93,2,0,1,0,normal,
2026-09-15T01:45,Telkom,Gauteng,Johannesburg,JHB-CBD-003,JHB-CBD-003-C,RAN,98.57,99.03,-0.46,98.81,0.56,97.9,54.29,41.8,-29.89,14.15,43.6,-82.1,-10.2,18.8,37.22,21,5,2,0,1.1,0,2,0,0,0,normal,
2026-09-15T01:45,Telkom,Gauteng,Soweto,JHB-SOW-018,JHB-SOW-018-A,RAN,99.68,99.16,0.52,98.78,0.25,99.48,43.87,43.18,-1.61,11.95,58.9,-85.3,-10.4,16.4,42.99,27,2,0,1,0.21,0,0,0,0,0,normal,
2026-09-15T01:45,Telkom,Gauteng,Soweto,JHB-SOW-018,JHB-SOW-018-B,RAN,98.72,99.01,-0.29,99.24,0.17,98.82,36.91,43.9,15.92,12.78,47.0,-83.8,-12.6,14.8,44.99,21,1,1,0,0.91,0,0,0,0,0,normal,
2026-09-15T01:45,Telkom,Gauteng,Soweto,JHB-SOW-018,JHB-SOW-018-C,RAN,99.24,99.14,0.1,98.35,0.48,98.34,49.83,41.81,-19.19,16.27,48.1,-85.6,-11.8,16.6,36.14,26,0,4,0,0.42,0,0,0,0,0,normal,
2026-09-15T01:45,Telkom,Gauteng,Pretoria,PTA-HAT-011,PTA-HAT-011-A,RAN,99.28,99.05,0.23,98.48,0.38,98.7,41.46,42.36,2.12,10.56,55.3,-86.0,-9.4,16.6,42.34,29,0,1,0,0.62,0,1,0,0,0,normal,
2026-09-15T01:45,Telkom,Gauteng,Pretoria,PTA-HAT-011,PTA-HAT-011-B,RAN,98.95,98.99,-0.04,99.04,0.15,97.9,46.63,40.09,-16.3,12.3,56.4,-83.9,-11.9,16.5,45.9,34,1,0,1,0.27,0,1,0,0,0,normal,
2026-09-15T01:45,Telkom,Gauteng,Pretoria,PTA-HAT-011,PTA-HAT-011-C,RAN,99.01,99.09,-0.08,98.54,0.05,97.87,41.96,41.53,-1.04,11.54,44.3,-88.9,-10.8,15.0,36.21,29,0,0,0,0.94,97,1,0,0,0,normal,
2026-09-15T02:00,Telkom,Western Cape,Cape Town,CPT-BEL-007,CPT-BEL-007-A,RAN,99.9,99.11,0.79,98.89,0.44,98.5,35.57,41.17,13.59,9.95,54.1,-83.8,-9.0,18.0,44.4,27,0,1,0,0.92,63,0,0,0,0,normal,
2026-09-15T02:00,Telkom,Western Cape,Cape Town,CPT-BEL-007,CPT-BEL-007-B,RAN,98.81,99.09,-0.28,98.29,0.61,98.98,39.32,42.75,8.03,11.54,60.7,-86.2,-9.9,17.0,43.05,24,2,6,0,0.38,78,0,0,0,0,normal,
2026-09-15T02:00,Telkom,Western Cape,Cape Town,CPT-BEL-007,CPT-BEL-007-C,RAN,98.86,99.16,-0.3,98.62,0.62,99.23,41.94,44.4,5.54,11.05,58.2,-86.4,-9.2,17.3,54.63,34,4,2,3,0.76,54,0,0,0,0,normal,
2026-09-15T02:00,Telkom,Gauteng,Johannesburg,JHB-CBD-003,JHB-CBD-003-A,RAN,99.66,98.86,0.8,98.86,0.43,99.21,36.53,41.5,11.97,14.13,58.9,-85.4,-9.8,17.1,57.79,38,0,2,1,0.17,16,2,0,0,0,normal,
2026-09-15T02:00,Telkom,Gauteng,Johannesburg,JHB-CBD-003,JHB-CBD-003-B,RAN,98.89,99.07,-0.18,99.02,0.84,98.78,45.06,41.46,-8.69,13.35,52.5,-88.8,-10.6,17.1,44.73,38,4,2,1,0.47,148,2,0,1,0,normal,
2026-09-15T02:00,Telkom,Gauteng,Johannesburg,JHB-CBD-003,JHB-CBD-003-C,RAN,99.51,98.99,0.52,98.71,0.46,98.99,43.52,42.44,-2.56,14.24,50.8,-85.7,-10.6,13.4,45.11,37,3,2,2,0.1,0,2,0,0,0,normal,
2026-09-15T02:00,Telkom,Gauteng,Soweto,JHB-SOW-018,JHB-SOW-018-A,RAN,98.98,99.21,-0.23,98.67,0.58,97.41,41.94,42.45,1.2,13.19,48.3,-82.1,-9.8,17.7,50.34,32,3,5,2,1.0,0,0,0,0,0,normal,
2026-09-15T02:00,Telkom,Gauteng,Soweto,JHB-SOW-018,JHB-SOW-018-B,RAN,98.88,99.01,-0.13,98.72,0.47,98.58,34.23,43.74,21.74,12.33,45.6,-85.8,-9.3,14.0,55.04,40,6,2,0,0.76,0,0,0,0,0,normal,
2026-09-15T02:00,Telkom,Gauteng,Soweto,JHB-SOW-018,JHB-SOW-018-C,RAN,99.04,99.12,-0.08,98.22,0.47,98.35,39.34,42.16,6.69,12.89,49.2,-86.5,-11.5,14.0,40.96,26,1,4,2,0.73,1,0,0,0,0,normal,
2026-09-15T02:00,Telkom,Gauteng,Pretoria,PTA-HAT-011,PTA-HAT-011-A,RAN,98.75,99.06,-0.31,98.93,0.95,98.45,40.39,42.4,4.75,11.5,56.8,-82.6,-8.7,19.3,51.09,40,5,3,5,0.39,0,1,0,0,0,normal,
2026-09-15T02:00,Telkom,Gauteng,Pretoria,PTA-HAT-011,PTA-HAT-011-B,RAN,98.69,99.01,-0.32,99.42,0.67,98.99,42.57,40.36,-5.49,11.61,49.4,-89.6,-8.9,12.6,47.57,37,4,1,1,0.71,179,1,0,0,0,normal,
2026-09-15T02:00,Telkom,Gauteng,Pretoria,PTA-HAT-011,PTA-HAT-011-C,RAN,99.05,99.09,-0.04,98.7,0.75,98.21,44.85,41.63,-7.73,14.04,53.5,-84.1,-8.9,17.2,45.84,32,6,5,3,0.78,104,1,0,0,0,normal,
2026-09-15T02:15,Telkom,Western Cape,Cape Town,CPT-BEL-007,CPT-BEL-007-A,RAN,99.07,99.16,-0.09,98.75,1.01,98.07,39.58,41.32,4.22,12.53,42.8,-85.2,-11.9,14.3,50.45,30,1,1,1,0.29,0,0,0,0,0,normal,
2026-09-15T02:15,Telkom,Western Cape,Cape Town,CPT-BEL-007,CPT-BEL-007-B,RAN,99.47,99.09,0.38,98.7,0.22,98.38,47.88,42.97,-11.44,13.36,50.2,-85.7,-9.9,12.1,43.03,29,5,5,1,0.72,0,0,0,0,0,normal,
2026-09-15T02:15,Telkom,Western Cape,Cape Town,CPT-BEL-007,CPT-BEL-007-C,RAN,98.29,99.16,-0.87,98.68,0.57,99.01,37.8,44.3,14.67,12.0,48.6,-85.2,-7.9,20.2,61.32,37,6,3,0,0.67,0,0,0,0,0,normal,
2026-09-15T02:15,Telkom,Gauteng,Johannesburg,JHB-CBD-003,JHB-CBD-003-A,RAN,99.23,98.91,0.32,98.54,0.97,98.47,37.78,41.02,7.89,11.95,51.4,-89.0,-8.9,17.6,52.58,41,0,4,2,0.55,0,2,0,0,0,normal,
2026-09-15T02:15,Telkom,Gauteng,Johannesburg,JHB-CBD-003,JHB-CBD-003-B,RAN,98.81,99.08,-0.27,98.78,0.43,97.97,52.45,41.36,-26.82,13.93,43.7,-86.7,-11.7,19.6,35.45,33,7,4,1,1.07,90,2,0,1,0,normal,
2026-09-15T02:15,Telkom,Gauteng,Johannesburg,JHB-CBD-003,JHB-CBD-003-C,RAN,99.14,99.04,0.1,98.91,0.49,98.82,46.21,42.34,-9.14,13.74,60.5,-91.1,-11.0,20.3,42.95,29,3,5,0,0.91,83,2,0,0,0,normal,
2026-09-15T02:15,Telkom,Gauteng,Soweto,JHB-SOW-018,JHB-SOW-018-A,RAN,99.07,99.18,-0.11,99.09,0.32,98.95,52.85,42.17,-25.31,15.36,56.0,-86.4,-9.2,13.6,40.69,36,5,4,0,0.12,32,0,0,0,0,normal,
2026-09-15T02:15,Telkom,Gauteng,Soweto,JHB-SOW-018,JHB-SOW-018-B,RAN,99.43,98.98,0.45,98.93,0.51,98.72,41.88,43.36,3.41,12.2,58.7,-88.1,-10.5,20.5,47.41,35,1,2,1,0.3,48,0,0,0,0,normal,
2026-09-15T02:15,Telkom,Gauteng,Soweto,JHB-SOW-018,JHB-SOW-018-C,RAN,99.03,99.13,-0.1,98.89,0.54,98.95,42.86,42.13,-1.72,14.94,52.9,-85.0,-7.2,15.5,39.67,26,1,2,2,0.91,114,0,0,0,0,normal,
2026-09-15T02:15,Telkom,Gauteng,Pretoria,PTA-HAT-011,PTA-HAT-011-A,RAN,99.45,99.09,0.36,98.9,0.39,97.98,46.34,42.02,-10.28,15.13,59.4,-87.8,-11.2,16.0,45.99,32,2,6,1,0.46,0,1,0,0,0,normal,
2026-09-15T02:15,Telkom,Gauteng,Pretoria,PTA-HAT-011,PTA-HAT-011-B,RAN,99.1,98.98,0.12,99.22,0.59,98.84,42.03,40.05,-4.94,10.15,48.4,-85.6,-10.6,17.7,47.73,34,2,4,2,0.19,2,1,0,0,0,normal,
2026-09-15T02:15,Telkom,Gauteng,Pretoria,PTA-HAT-011,PTA-HAT-011-C,RAN,99.14,99.07,0.07,97.97,0.2,98.23,46.91,41.91,-11.93,13.92,51.5,-82.8,-9.7,12.8,40.11,34,1,1,0,0.51,73,1,0,0,0,normal,
2026-09-15T02:30,Telkom,Western Cape,Cape Town,CPT-BEL-007,CPT-BEL-007-A,RAN,99.24,99.19,0.05,99.27,0.25,99.15,36.28,41.16,11.86,11.05,42.8,-85.1,-11.0,14.5,48.07,37,5,7,1,0.74,0,0,0,0,0,normal,
2026-09-15T02:30,Telkom,Western Cape,Cape Town,CPT-BEL-007,CPT-BEL-007-B,RAN,99.1,99.16,-0.06,99.54,0.34,97.57,46.38,43.28,-7.16,12.11,39.8,-83.8,-9.9,14.6,47.0,34,2,2,0,0.75,0,0,0,0,0,normal,
2026-09-15T02:30,Telkom,Western Cape,Cape Town,CPT-BEL-007,CPT-BEL-007-C,RAN,98.53,99.1,-0.57,98.83,0.41,99.13,36.66,43.95,16.58,11.49,38.7,-87.8,-12.4,18.7,48.82,31,4,3,0,0.31,0,0,0,0,0,normal,
2026-09-15T02:30,Telkom,Gauteng,Johannesburg,JHB-CBD-003,JHB-CBD-003-A,RAN,99.7,98.97,0.73,98.78,0.81,98.24,52.27,40.98,-27.55,12.49,38.2,-84.0,-11.0,14.6,38.41,25,0,7,2,0.1,0,1,0,0,0,normal,
2026-09-15T02:30,Telkom,Gauteng,Johannesburg,JHB-CBD-003,JHB-CBD-003-B,RAN,99.05,99.06,-0.01,99.14,0.25,98.47,49.25,42.64,-15.5,14.19,42.6,-87.2,-9.8,18.1,35.05,27,1,4,0,0.7,31,1,0,0,0,normal,
2026-09-15T02:30,Telkom,Gauteng,Johannesburg,JHB-CBD-003,JHB-CBD-003-C,RAN,99.12,99.05,0.08,98.65,0.07,98.48,37.07,42.18,12.12,15.15,62.8,-85.0,-7.3,13.7,44.51,35,2,4,0,1.0,1,1,0,0,0,normal,
2026-09-15T02:30,Telkom,Gauteng,Soweto,JHB-SOW-018,JHB-SOW-018-A,RAN,99.58,99.18,0.4,98.92,0.2,98.76,39.96,43.17,7.44,13.36,52.7,-86.9,-9.7,14.5,48.92,29,0,3,1,0.7,7,0,0,0,0,normal,
2026-09-15T02:30,Telkom,Gauteng,Soweto,JHB-SOW-018,JHB-SOW-018-B,RAN,99.41,99.03,0.38,99.19,0.28,98.23,41.81,43.26,3.34,12.29,38.8,-79.4,-10.3,17.3,43.32,31,1,2,0,0.64,97,0,0,0,0,normal,
2026-09-15T02:30,Telkom,Gauteng,Soweto,JHB-SOW-018,JHB-SOW-018-C,RAN,98.54,99.17,-0.63,98.54,0.59,98.11,45.41,42.34,-7.24,13.58,40.3,-82.0,-9.8,17.2,39.53,23,3,3,0,0.76,9,0,0,0,0,normal,
2026-09-15T02:30,Telkom,Gauteng,Pretoria,PTA-HAT-011,PTA-HAT-011-A,RAN,98.67,99.13,-0.46,99.09,0.47,98.07,38.86,41.97,7.4,14.23,49.3,-80.5,-10.5,17.7,49.58,42,4,2,0,0.76,0,1,0,0,0,normal,
2026-09-15T02:30,Telkom,Gauteng,Pretoria,PTA-HAT-011,PTA-HAT-011-B,RAN,98.75,98.96,-0.21,98.97,0.44,98.1,41.29,40.81,-1.17,12.97,65.9,-87.2,-12.1,17.4,46.58,41,0,0,0,0.52,0,1,0,0,0,normal,
2026-09-15T02:30,Telkom,Gauteng,Pretoria,PTA-HAT-011,PTA-HAT-011-C,RAN,99.38,99.1,0.28,98.22,0.96,98.26,47.79,42.29,-13.02,13.35,56.3,-86.5,-11.1,17.0,49.76,31,1,8,3,0.75,0,1,0,0,0,normal,
2026-09-15T02:45,Telkom,Western Cape,Cape Town,CPT-BEL-007,CPT-BEL-007-A,RAN,99.23,99.2,0.03,98.04,0.56,98.84,46.24,40.52,-14.11,12.26,46.9,-85.1,-9.7,18.9,49.01,32,1,3,3,0.82,72,0,0,0,0,normal,
2026-09-15T02:45,Telkom,Western Cape,Cape Town,CPT-BEL-007,CPT-BEL-007-B,RAN,99.06,99.19,-0.13,98.67,0.83,99.02,46.06,42.95,-7.23,15.25,52.9,-91.1,-12.0,13.7,50.82,35,0,4,2,1.03,0,0,0,0,0,normal,
2026-09-15T02:45,Telkom,Western Cape,Cape Town,CPT-BEL-007,CPT-BEL-007-C,RAN,99.31,99.07,0.24,99.04,0.41,98.35,42.84,43.68,1.91,14.64,55.8,-84.7,-9.0,16.0,52.21,27,0,0,1,0.68,44,0,0,0,0,normal,
2026-09-15T02:45,Telkom,Gauteng,Johannesburg,JHB-CBD-003,JHB-CBD-003-A,RAN,98.89,98.99,-0.1,99.21,0.26,97.88,41.15,41.64,1.17,12.69,49.0,-86.0,-10.5,22.0,48.92,29,4,2,1,0.11,19,1,0,0,0,normal,
2026-09-15T02:45,Telkom,Gauteng,Johannesburg,JHB-CBD-003,JHB-CBD-003-B,RAN,98.47,99.06,-0.59,98.44,0.4,98.38,44.02,43.84,-0.42,15.35,39.4,-81.3,-9.8,17.0,39.67,33,6,3,1,0.69,77,1,0,0,0,normal,
2026-09-15T02:45,Telkom,Gauteng,Johannesburg,JHB-CBD-003,JHB-CBD-003-C,RAN,99.15,99.03,0.12,98.96,0.76,98.67,42.06,42.29,0.53,12.26,56.6,-88.5,-10.7,21.1,50.1,31,3,0,2,0.34,78,1,0,0,0,normal,
2026-09-15T02:45,Telkom,Gauteng,Soweto,JHB-SOW-018,JHB-SOW-018-A,RAN,98.98,99.2,-0.22,99.05,0.19,99.18,47.34,43.42,-9.03,12.51,46.5,-85.5,-10.8,15.8,37.39,28,1,0,0,0.95,113,0,0,0,0,normal,
2026-09-15T02:45,Telkom,Gauteng,Soweto,JHB-SOW-018,JHB-SOW-018-B,RAN,99.21,99.02,0.19,98.06,0.82,98.34,48.34,42.91,-12.66,10.55,54.9,-91.6,-12.5,14.1,41.47,25,4,5,1,0.31,0,0,0,0,0,normal,
2026-09-15T02:45,Telkom,Gauteng,Soweto,JHB-SOW-018,JHB-SOW-018-C,RAN,99.51,99.11,0.4,98.44,0.58,98.73,45.41,42.65,-6.48,13.33,46.0,-87.9,-9.9,22.5,33.98,22,1,3,2,0.1,79,0,0,0,0,normal,
2026-09-15T02:45,Telkom,Gauteng,Pretoria,PTA-HAT-011,PTA-HAT-011-A,RAN,99.34,99.08,0.26,98.56,0.2,98.65,47.15,42.2,-11.74,10.76,53.6,-84.0,-9.6,14.0,45.95,39,1,4,0,0.37,46,0,0,0,0,normal,
2026-09-15T02:45,Telkom,Gauteng,Pretoria,PTA-HAT-011,PTA-HAT-011-B,RAN,98.97,98.95,0.02,98.25,0.4,99.22,35.37,40.73,13.17,14.7,45.7,-88.5,-9.2,17.8,48.24,37,1,4,1,0.11,0,0,0,0,0,normal,
2026-09-15T02:45,Telkom,Gauteng,Pretoria,PTA-HAT-011,PTA-HAT-011-C,RAN,98.99,99.14,-0.15,98.87,0.74,98.64,39.8,42.66,6.71,12.59,54.4,-83.8,-13.0,19.3,47.81,33,3,1,3,0.55,0,0,0,0,0,normal,
2026-09-15T03:00,Telkom,Western Cape,Cape Town,CPT-BEL-007,CPT-BEL-007-A,RAN,99.37,99.21,0.16,99.04,0.88,97.7,49.29,41.17,-19.73,13.11,50.0,-86.2,-9.4,20.0,41.6,39,0,2,3,0.87,15,0,0,0,0,normal,
2026-09-15T03:00,Telkom,Western Cape,Cape Town,CPT-BEL-007,CPT-BEL-007-B,RAN,99.9,99.17,0.73,98.57,0.53,98.26,37.37,43.33,13.76,13.3,46.4,-84.4,-9.7,14.9,42.89,37,0,3,0,0.42,25,0,0,0,0,normal,
2026-09-15T03:00,Telkom,Western Cape,Cape Town,CPT-BEL-007,CPT-BEL-007-C,RAN,99.12,99.1,0.02,98.43,0.52,98.26,48.21,43.91,-9.79,14.85,46.1,-90.6,-8.9,19.8,40.61,32,0,1,1,0.55,182,0,0,0,0,normal,
2026-09-15T03:00,Telkom,Gauteng,Johannesburg,JHB-CBD-003,JHB-CBD-003-A,RAN,99.54,99.02,0.52,98.38,0.93,99.17,55.04,41.86,-31.48,14.66,63.6,-86.1,-9.7,20.2,43.52,40,0,4,2,0.8,28,1,0,0,0,normal,
2026-09-15T03:00,Telkom,Gauteng,Johannesburg,JHB-CBD-003,JHB-CBD-003-B,RAN,99.36,99.02,0.34,99.7,0.54,98.44,44.37,43.78,-1.35,12.27,44.7,-88.2,-9.2,18.4,44.01,36,0,0,1,0.25,21,1,0,0,0,normal,
2026-09-15T03:00,Telkom,Gauteng,Johannesburg,JHB-CBD-003,JHB-CBD-003-C,RAN,99.26,99.03,0.23,98.79,0.22,98.83,45.0,42.73,-5.32,12.54,45.6,-85.0,-9.6,15.6,46.09,38,3,4,0,0.73,84,1,0,0,0,normal,
2026-09-15T03:00,Telkom,Gauteng,Soweto,JHB-SOW-018,JHB-SOW-018-A,RAN,99.14,99.18,-0.04,98.75,0.37,99.0,47.51,43.71,-8.7,12.51,46.3,-91.3,-8.8,21.0,37.0,23,3,5,0,1.12,45,0,0,0,0,normal,
2026-09-15T03:00,Telkom,Gauteng,Soweto,JHB-SOW-018,JHB-SOW-018-B,RAN,99.04,99.04,-0.0,99.2,0.34,98.26,38.1,43.95,13.31,13.48,48.0,-86.3,-9.5,18.3,47.43,34,1,2,0,0.24,156,0,0,0,0,normal,
2026-09-15T03:00,Telkom,Gauteng,Soweto,JHB-SOW-018,JHB-SOW-018-C,RAN,98.3,99.15,-0.85,98.55,0.72,98.79,46.85,43.15,-8.57,13.58,49.3,-86.7,-8.7,14.5,39.57,27,3,2,3,1.29,0,0,0,0,0,normal,
2026-09-15T03:00,Telkom,Gauteng,Pretoria,PTA-HAT-011,PTA-HAT-011-A,RAN,98.68,99.11,-0.43,99.04,0.42,98.26,29.84,42.31,29.47,11.59,49.2,-85.2,-10.3,17.2,57.8,42,5,0,0,0.59,76,0,0,0,0,normal,
2026-09-15T03:00,Telkom,Gauteng,Pretoria,PTA-HAT-011,PTA-HAT-011-B,RAN,99.06,98.92,0.14,98.81,0.3,97.98,30.61,40.6,24.6,11.69,55.7,-86.8,-11.8,18.0,61.27,42,8,1,1,0.43,87,0,0,0,0,normal,
2026-09-15T03:00,Telkom,Gauteng,Pretoria,PTA-HAT-011,PTA-HAT-011-C,RAN,99.25,99.11,0.14,98.85,0.27,98.42,44.49,42.52,-4.63,12.38,51.2,-89.2,-10.0,18.3,49.85,38,7,5,0,1.03,0,0,0,0,0,normal,
2026-09-15T03:15,Telkom,Western Cape,Cape Town,CPT-BEL-007,CPT-BEL-007-A,RAN,99.06,99.23,-0.17,98.55,0.32,97.39,39.4,41.49,5.04,12.32,47.7,-87.4,-8.9,14.7,50.13,36,1,2,1,0.84,15,0,0,0,0,normal,
2026-09-15T03:15,Telkom,Western Cape,Cape Town,CPT-BEL-007,CPT-BEL-007-B,RAN,99.3,99.2,0.1,99.25,0.32,98.38,38.34,42.83,10.49,11.26,53.7,-83.8,-10.5,13.2,48.95,33,4,1,0,1.01,0,0,0,0,0,normal,
2026-09-15T03:15,Telkom,Western Cape,Cape Town,CPT-BEL-007,CPT-BEL-007-C,RAN,99.55,99.08,0.47,98.83,0.32,98.93,53.31,44.15,-20.74,13.99,48.0,-91.0,-8.4,15.3,40.52,27,5,4,0,1.19,79,0,0,0,0,normal,
2026-09-15T03:15,Telkom,Gauteng,Johannesburg,JHB-CBD-003,JHB-CBD-003-A,RAN,99.88,99.07,0.81,98.66,0.28,98.03,41.75,42.52,1.81,12.78,63.7,-90.1,-9.4,12.6,45.67,32,0,0,1,0.95,0,1,0,0,0,normal,
2026-09-15T03:15,Telkom,Gauteng,Johannesburg,JHB-CBD-003,JHB-CBD-003-B,RAN,99.16,99.03,0.13,99.4,0.51,98.23,35.63,44.13,19.26,13.59,53.0,-85.4,-11.7,18.7,43.91,31,3,3,1,0.32,0,1,0,0,0,normal,
2026-09-15T03:15,Telkom,Gauteng,Johannesburg,JHB-CBD-003,JHB-CBD-003-C,RAN,98.99,99.02,-0.03,99.04,0.39,98.86,44.01,42.93,-2.52,15.05,53.7,-85.1,-11.2,19.9,45.62,33,3,0,1,0.78,0,1,0,0,0,normal,
2026-09-15T03:15,Telkom,Gauteng,Soweto,JHB-SOW-018,JHB-SOW-018-A,RAN,99.05,99.2,-0.15,99.35,0.75,98.92,36.33,44.37,18.13,14.05,47.9,-83.7,-9.8,17.0,42.95,30,2,0,1,0.21,55,0,0,0,0,normal,
2026-09-15T03:15,Telkom,Gauteng,Soweto,JHB-SOW-018,JHB-SOW-018-B,RAN,99.05,99.05,-0.0,98.63,0.86,98.2,49.26,43.05,-14.44,9.67,54.8,-84.8,-8.3,18.7,42.19,37,8,3,2,0.79,165,0,0,0,0,normal,
2026-09-15T03:15,Telkom,Gauteng,Soweto,JHB-SOW-018,JHB-SOW-018-C,RAN,99.34,99.1,0.24,98.35,0.11,98.29,40.37,43.38,6.95,12.25,51.3,-86.3,-8.9,17.0,42.47,31,0,3,0,0.52,0,0,0,0,0,normal,
2026-09-15T03:15,Telkom,Gauteng,Pretoria,PTA-HAT-011,PTA-HAT-011-A,RAN,99.07,99.1,-0.03,98.61,0.56,97.59,35.43,41.69,15.01,11.06,59.7,-88.5,-7.7,21.7,59.19,47,1,1,2,0.21,107,0,0,0,0,normal,
2026-09-15T03:15,Telkom,Gauteng,Pretoria,PTA-HAT-011,PTA-HAT-011-B,RAN,99.29,98.95,0.34,98.74,0.46,99.2,49.21,40.2,-22.41,11.41,48.2,-82.9,-10.3,19.3,41.03,39,1,4,2,0.55,22,0,0,0,0,normal,
2026-09-15T03:15,Telkom,Gauteng,Pretoria,PTA-HAT-011,PTA-HAT-011-C,RAN,98.89,99.1,-0.21,98.82,0.44,97.95,42.39,42.99,1.4,12.69,47.9,-84.2,-10.4,16.5,51.1,38,5,0,0,0.82,70,0,0,0,0,normal,
2026-09-15T03:30,Telkom,Western Cape,Cape Town,CPT-BEL-007,CPT-BEL-007-A,RAN,98.22,99.19,-0.97,98.53,0.98,98.84,38.82,40.72,4.67,12.37,50.2,-85.6,-10.5,14.6,47.46,29,4,2,3,0.69,115,0,0,0,0,normal,
2026-09-15T03:30,Telkom,Western Cape,Cape Town,CPT-BEL-007,CPT-BEL-007-B,RAN,98.36,99.21,-0.85,98.75,0.72,98.33,46.33,42.55,-8.88,12.62,53.3,-88.0,-9.4,16.6,38.68,29,4,1,3,0.7,6,0,0,0,0,normal,
2026-09-15T03:30,Telkom,Western Cape,Cape Town,CPT-BEL-007,CPT-BEL-007-C,RAN,99.31,99.08,0.23,98.49,0.32,98.54,36.93,45.13,18.17,11.92,52.3,-89.8,-11.2,17.0,49.26,36,0,7,0,0.57,130,0,0,0,0,normal,
2026-09-15T03:30,Telkom,Gauteng,Johannesburg,JHB-CBD-003,JHB-CBD-003-A,RAN,99.35,99.13,0.22,99.1,0.61,98.08,39.16,42.65,8.17,11.36,55.3,-87.5,-8.7,16.1,46.28,37,2,0,2,1.54,0,0,0,0,0,normal,
2026-09-15T03:30,Telkom,Gauteng,Johannesburg,JHB-CBD-003,JHB-CBD-003-B,RAN,99.26,99.06,0.2,98.96,0.16,98.47,47.82,43.88,-8.98,16.11,41.2,-86.6,-7.7,14.5,35.01,28,0,0,0,0.78,126,0,0,0,0,normal,
2026-09-15T03:30,Telkom,Gauteng,Johannesburg,JHB-CBD-003,JHB-CBD-003-C,RAN,99.46,99.03,0.43,99.17,0.1,98.58,38.81,42.85,9.43,15.52,50.0,-81.7,-10.2,18.3,48.69,37,0,1,0,0.86,0,0,0,0,0,normal,
2026-09-15T03:30,Telkom,Gauteng,Soweto,JHB-SOW-018,JHB-SOW-018-A,RAN,98.95,99.14,-0.19,98.39,0.51,98.06,45.49,44.41,-2.42,13.14,48.8,-87.0,-9.5,16.9,46.81,22,0,2,1,0.74,67,0,0,0,0,normal,
2026-09-15T03:30,Telkom,Gauteng,Soweto,JHB-SOW-018,JHB-SOW-018-B,RAN,99.21,99.08,0.13,99.12,0.05,98.78,45.44,43.83,-3.67,14.09,37.5,-81.0,-9.2,16.5,46.52,30,0,2,0,0.6,160,0,0,0,0,normal,
2026-09-15T03:30,Telkom,Gauteng,Soweto,JHB-SOW-018,JHB-SOW-018-C,RAN,99.51,99.1,0.41,98.88,0.39,98.46,38.2,43.26,11.69,13.37,45.2,-85.9,-10.4,14.4,51.73,32,2,2,0,0.52,178,0,0,0,0,normal,
2026-09-15T03:30,Telkom,Gauteng,Pretoria,PTA-HAT-011,PTA-HAT-011-A,RAN,99.19,99.09,0.1,99.16,0.63,97.37,40.64,41.47,2.01,10.37,50.1,-82.3,-11.8,16.5,52.64,43,4,2,2,0.64,0,0,0,0,0,normal,
2026-09-15T03:30,Telkom,Gauteng,Pretoria,PTA-HAT-011,PTA-HAT-011-B,RAN,99.01,98.97,0.04,98.67,0.47,98.18,48.59,41.07,-18.31,13.63,51.1,-86.3,-9.0,16.5,48.3,28,4,1,0,1.11,0,0,0,0,0,normal,
2026-09-15T03:30,Telkom,Gauteng,Pretoria,PTA-HAT-011,PTA-HAT-011-C,RAN,98.91,99.08,-0.17,98.88,0.84,98.69,30.99,43.28,28.39,12.72,48.1,-90.2,-8.2,20.4,48.67,31,3,2,3,0.52,91,0,0,0,0,normal,
2026-09-15T03:45,Telkom,Western Cape,Cape Town,CPT-BEL-007,CPT-BEL-007-A,RAN,98.89,99.17,-0.28,98.46,0.37,98.07,37.09,40.37,8.12,10.12,57.2,-82.7,-8.6,15.5,55.11,29,3,6,0,0.62,47,0,0,0,0,normal,
2026-09-15T03:45,Telkom,Western Cape,Cape Town,CPT-BEL-007,CPT-BEL-007-B,RAN,98.72,99.17,-0.45,99.32,0.6,98.97,37.36,42.98,13.07,15.72,48.9,-82.4,-11.0,17.8,45.27,37,2,1,2,0.12,0,0,0,0,0,normal,
2026-09-15T03:45,Telkom,Western Cape,Cape Town,CPT-BEL-007,CPT-BEL-007-C,RAN,99.27,99.1,0.17,98.61,0.73,98.8,42.43,44.41,4.47,12.51,49.5,-84.1,-10.2,18.5,52.74,37,1,0,3,0.16,105,0,0,0,0,normal,
2026-09-15T03:45,Telkom,Gauteng,Johannesburg,JHB-CBD-003,JHB-CBD-003-A,RAN,99.32,99.17,0.15,98.61,0.71,98.73,40.01,42.69,6.28,13.56,35.3,-86.1,-9.7,16.7,49.0,36,2,4,2,0.75,0,0,0,0,0,normal,
2026-09-15T03:45,Telkom,Gauteng,Johannesburg,JHB-CBD-003,JHB-CBD-003-B,RAN,99.08,99.05,0.03,98.57,0.56,98.12,43.5,44.39,2.01,13.76,55.3,-84.5,-9.0,18.1,48.69,33,4,5,1,1.1,54,0,0,0,0,normal,
2026-09-15T03:45,Telkom,Gauteng,Johannesburg,JHB-CBD-003,JHB-CBD-003-C,RAN,99.03,99.04,-0.01,99.24,0.66,98.72,41.45,42.86,3.3,14.28,48.8,-80.2,-9.1,13.7,46.45,34,0,0,1,0.71,19,0,0,0,0,normal,
2026-09-15T03:45,Telkom,Gauteng,Soweto,JHB-SOW-018,JHB-SOW-018-A,RAN,99.36,99.13,0.23,98.48,0.64,98.72,46.64,44.45,-4.93,11.9,44.8,-88.0,-9.1,14.8,39.06,32,4,6,0,0.53,126,0,0,0,0,normal,
2026-09-15T03:45,Telkom,Gauteng,Soweto,JHB-SOW-018,JHB-SOW-018-B,RAN,98.85,99.06,-0.22,99.05,0.53,98.55,38.3,43.92,12.79,14.19,47.3,-88.8,-10.5,12.6,48.77,32,2,6,3,0.75,8,0,0,0,0,normal,
2026-09-15T03:45,Telkom,Gauteng,Soweto,JHB-SOW-018,JHB-SOW-018-C,RAN,99.39,99.13,0.26,99.0,0.05,98.0,46.65,42.72,-9.19,14.49,63.1,-87.2,-11.0,22.2,42.67,31,1,0,1,0.34,28,0,0,0,0,normal,
2026-09-15T03:45,Telkom,Gauteng,Pretoria,PTA-HAT-011,PTA-HAT-011-A,RAN,98.92,99.06,-0.14,98.83,0.31,97.95,39.79,41.89,5.01,13.28,45.5,-84.9,-9.8,12.7,49.42,45,2,0,1,0.5,140,0,0,0,0,normal,
2026-09-15T03:45,Telkom,Gauteng,Pretoria,PTA-HAT-011,PTA-HAT-011-B,RAN,99.27,98.96,0.31,98.62,0.05,98.42,45.31,41.63,-8.84,13.38,56.6,-88.8,-8.9,17.5,44.67,27,0,3,0,0.37,0,0,0,0,0,normal,
2026-09-15T03:45,Telkom,Gauteng,Pretoria,PTA-HAT-011,PTA-HAT-011-C,RAN,98.52,99.07,-0.55,98.72,0.76,98.56,42.72,42.83,0.25,11.72,51.6,-86.6,-9.4,18.4,41.64,37,6,1,2,1.34,121,0,0,0,0,normal,
2026-09-15T04:00,Telkom,Western Cape,Cape Town,CPT-BEL-007,CPT-BEL-007-A,RAN,98.68,99.17,-0.49,98.58,0.46,98.75,40.11,40.32,0.52,12.92,50.2,-82.2,-11.0,19.9,44.27,34,5,4,2,0.51,123,0,0,0,0,normal,
2026-09-15T04:00,Telkom,Western Cape,Cape Town,CPT-BEL-007,CPT-BEL-007-B,RAN,98.72,99.16,-0.44,98.96,0.51,97.92,40.84,42.54,3.99,12.13,41.9,-87.3,-10.6,15.2,43.28,32,3,3,0,0.82,83,0,0,0,0,normal,
2026-09-15T04:00,Telkom,Western Cape,Cape Town,CPT-BEL-007,CPT-BEL-007-C,RAN,99.25,99.07,0.18,98.77,0.69,98.5,39.49,44.21,10.69,12.12,40.7,-84.2,-10.6,17.2,49.54,38,2,4,1,0.76,54,0,0,0,0,normal,
2026-09-15T04:00,Telkom,Gauteng,Johannesburg,JHB-CBD-003,JHB-CBD-003-A,RAN,99.27,99.24,0.03,99.12,0.62,97.87,39.81,42.42,6.16,14.2,60.7,-85.5,-10.9,18.7,41.3,30,4,0,2,0.78,136,0,0,0,0,normal,
2026-09-15T04:00,Telkom,Gauteng,Johannesburg,JHB-CBD-003,JHB-CBD-003-B,RAN,99.05,99.06,-0.01,98.96,0.4,98.4,45.58,44.31,-2.87,11.48,40.1,-91.1,-10.1,16.2,55.61,35,3,0,1,0.49,29,0,0,0,0,normal,
2026-09-15T04:00,Telkom,Gauteng,Johannesburg,JHB-CBD-003,JHB-CBD-003-C,RAN,99.72,99.04,0.68,99.49,0.58,98.42,41.51,42.74,2.88,12.06,56.6,-82.6,-9.8,18.0,46.49,36,0,2,3,0.14,0,0,0,0,0,normal,
2026-09-15T04:00,Telkom,Gauteng,Soweto,JHB-SOW-018,JHB-SOW-018-A,RAN,98.75,99.17,-0.42,98.68,0.27,98.37,49.43,44.67,-10.65,8.79,44.7,-87.2,-9.7,16.6,50.71,39,10,1,0,1.37,81,0,0,0,0,normal,
2026-09-15T04:00,Telkom,Gauteng,Soweto,JHB-SOW-018,JHB-SOW-018-B,RAN,99.18,99.09,0.09,98.5,0.27,97.87,41.5,43.55,4.72,12.22,46.0,-88.5,-9.8,15.4,40.96,31,0,4,0,1.13,40,0,0,0,0,normal,
2026-09-15T04:00,Telkom,Gauteng,Soweto,JHB-SOW-018,JHB-SOW-018-C,RAN,98.86,99.15,-0.29,97.96,0.66,97.87,39.82,42.93,7.24,13.15,53.4,-90.8,-10.9,16.9,46.96,36,5,4,2,0.4,81,0,0,0,0,normal,
2026-09-15T04:00,Telkom,Gauteng,Pretoria,PTA-HAT-011,PTA-HAT-011-A,RAN,99.43,99.06,0.37,98.51,0.7,97.44,36.96,41.5,10.94,11.44,54.0,-82.8,-6.3,15.4,54.14,34,3,5,1,0.88,75,0,0,0,0,normal,
2026-09-15T04:00,Telkom,Gauteng,Pretoria,PTA-HAT-011,PTA-HAT-011-B,RAN,98.56,98.99,-0.43,98.49,0.87,98.15,44.21,41.8,-5.76,11.56,52.0,-88.4,-11.1,17.3,45.05,37,5,4,2,0.63,0,0,0,0,0,normal,
2026-09-15T04:00,Telkom,Gauteng,Pretoria,PTA-HAT-011,PTA-HAT-011-C,RAN,98.83,99.03,-0.2,98.83,0.58,98.19,36.17,42.84,15.57,13.36,47.8,-86.1,-10.2,15.8,57.01,46,2,3,2,0.6,0,0,0,0,0,normal,
2026-09-15T04:15,Telkom,Western Cape,Cape Town,CPT-BEL-007,CPT-BEL-007-A,RAN,98.69,99.15,-0.46,99.55,0.56,98.08,35.09,40.08,12.44,12.27,53.0,-86.8,-10.2,18.8,56.15,32,0,0,2,1.03,63,0,0,0,0,normal,
2026-09-15T04:15,Telkom,Western Cape,Cape Town,CPT-BEL-007,CPT-BEL-007-B,RAN,98.56,99.11,-0.55,99.02,0.59,98.79,48.63,42.66,-14.0,12.49,47.4,-83.6,-11.1,14.1,41.93,32,4,3,1,0.26,266,0,0,0,0,normal,
2026-09-15T04:15,Telkom,Western Cape,Cape Town,CPT-BEL-007,CPT-BEL-007-C,RAN,99.56,99.06,0.5,98.4,0.36,98.67,45.78,43.94,-4.18,14.24,51.2,-85.5,-10.5,15.1,39.72,27,1,2,0,0.83,0,0,0,0,0,normal,
2026-09-15T04:15,Telkom,Gauteng,Johannesburg,JHB-CBD-003,JHB-CBD-003-A,RAN,98.99,99.21,-0.22,98.35,0.29,98.86,40.17,42.5,5.48,14.99,56.9,-83.9,-8.9,19.2,46.34,43,6,8,2,1.16,30,0,0,0,0,normal,
2026-09-15T04:15,Telkom,Gauteng,Johannesburg,JHB-CBD-003,JHB-CBD-003-B,RAN,99.3,99.07,0.23,98.49,0.8,99.66,34.9,45.16,22.72,11.7,53.5,-83.9,-10.5,18.5,58.53,39,0,0,3,0.88,61,0,0,0,0,normal,
2026-09-15T04:15,Telkom,Gauteng,Johannesburg,JHB-CBD-003,JHB-CBD-003-C,RAN,98.9,99.11,-0.2,98.87,0.52,98.29,41.6,43.14,3.56,10.59,61.1,-82.9,-11.6,13.9,49.08,33,1,3,2,0.1,0,0,0,0,0,normal,
2026-09-15T04:15,Telkom,Gauteng,Soweto,JHB-SOW-018,JHB-SOW-018-A,RAN,99.35,99.1,0.25,98.52,0.85,98.12,41.34,45.13,8.4,12.4,57.3,-82.7,-10.9,18.5,48.98,26,0,0,1,1.15,48,0,0,0,0,normal,
2026-09-15T04:15,Telkom,Gauteng,Soweto,JHB-SOW-018,JHB-SOW-018-B,RAN,99.22,99.1,0.12,98.6,0.71,98.78,42.59,43.52,2.14,12.0,45.8,-91.2,-8.4,17.3,38.73,28,2,4,3,0.73,119,0,0,0,0,normal,
2026-09-15T04:15,Telkom,Gauteng,Soweto,JHB-SOW-018,JHB-SOW-018-C,RAN,98.51,99.09,-0.58,98.48,0.46,98.18,32.58,43.18,24.55,12.33,50.1,-85.7,-9.7,12.7,56.39,32,6,3,1,0.64,0,0,0,0,0,normal,
2026-09-15T04:15,Telkom,Gauteng,Pretoria,PTA-HAT-011,PTA-HAT-011-A,RAN,98.97,99.08,-0.11,98.56,0.54,98.77,45.26,40.71,-11.19,10.98,61.2,-89.6,-10.5,20.1,40.8,32,5,0,0,0.77,13,0,0,0,0,normal,
2026-09-15T04:15,Telkom,Gauteng,Pretoria,PTA-HAT-011,PTA-HAT-011-B,RAN,98.58,98.96,-0.38,98.66,0.77,97.9,42.35,41.76,-1.42,15.11,52.3,-87.8,-10.6,16.0,44.69,37,2,6,1,1.02,61,0,0,0,0,normal,
2026-09-15T04:15,Telkom,Gauteng,Pretoria,PTA-HAT-011,PTA-HAT-011-C,RAN,99.22,99.02,0.2,98.89,0.05,98.26,39.82,42.79,6.94,13.76,55.4,-90.5,-8.1,16.6,51.49,38,4,8,0,0.91,57,0,0,0,0,normal,
2026-09-15T04:30,Telkom,Western Cape,Cape Town,CPT-BEL-007,CPT-BEL-007-A,RAN,99.29,99.13,0.16,98.81,0.05,97.9,46.22,39.81,-16.1,13.43,64.2,-85.6,-10.1,19.6,47.27,36,2,5,0,0.17,2,1,0,0,0,normal,
2026-09-15T04:30,Telkom,Western Cape,Cape Town,CPT-BEL-007,CPT-BEL-007-B,RAN,99.22,99.06,0.16,99.0,0.39,98.66,43.08,42.76,-0.74,13.59,54.5,-81.5,-9.2,17.3,45.23,34,5,1,1,1.06,0,1,0,0,0,normal,
2026-09-15T04:30,Telkom,Western Cape,Cape Town,CPT-BEL-007,CPT-BEL-007-C,RAN,98.96,99.12,-0.16,98.98,0.85,97.61,44.48,43.94,-1.23,12.61,39.3,-87.1,-11.0,15.3,40.26,23,6,1,0,0.99,52,1,0,0,0,normal,
2026-09-15T04:30,Telkom,Gauteng,Johannesburg,JHB-CBD-003,JHB-CBD-003-A,RAN,99.18,99.23,-0.05,98.86,0.52,98.46,39.72,42.45,6.44,11.87,49.0,-85.8,-7.1,16.9,49.84,49,2,7,1,1.14,162,1,0,0,0,normal,
2026-09-15T04:30,Telkom,Gauteng,Johannesburg,JHB-CBD-003,JHB-CBD-003-B,RAN,98.64,99.07,-0.43,98.95,0.71,99.41,41.89,45.08,7.07,14.03,48.1,-85.5,-9.0,16.1,43.57,36,5,0,3,0.99,5,1,0,0,0,normal,
2026-09-15T04:30,Telkom,Gauteng,Johannesburg,JHB-CBD-003,JHB-CBD-003-C,RAN,98.71,99.1,-0.39,98.81,0.41,98.38,31.44,42.91,26.73,12.12,47.1,-86.7,-8.5,16.4,45.28,33,1,0,0,0.53,7,1,0,0,0,normal,
2026-09-15T04:30,Telkom,Gauteng,Soweto,JHB-SOW-018,JHB-SOW-018-A,RAN,99.27,99.14,0.13,97.96,0.56,98.34,44.0,45.32,2.91,12.19,49.3,-87.7,-8.9,21.5,41.39,37,1,6,1,0.6,0,1,0,0,0,normal,
2026-09-15T04:30,Telkom,Gauteng,Soweto,JHB-SOW-018,JHB-SOW-018-B,RAN,99.47,99.14,0.33,98.26,0.82,99.44,45.59,43.17,-5.6,10.64,47.4,-87.1,-10.6,18.0,53.08,38,2,4,3,0.51,95,1,0,0,0,normal,
2026-09-15T04:30,Telkom,Gauteng,Soweto,JHB-SOW-018,JHB-SOW-018-C,RAN,98.36,99.05,-0.69,98.79,0.86,97.92,40.76,42.67,4.47,12.32,51.9,-84.6,-9.4,16.2,48.68,29,0,4,1,0.1,0,1,0,0,0,normal,
2026-09-15T04:30,Telkom,Gauteng,Pretoria,PTA-HAT-011,PTA-HAT-011-A,RAN,99.54,99.07,0.47,98.74,0.46,98.1,39.98,40.96,2.39,11.37,45.0,-82.1,-11.8,15.2,48.92,38,1,5,0,0.6,2,1,0,0,0,normal,
2026-09-15T04:30,Telkom,Gauteng,Pretoria,PTA-HAT-011,PTA-HAT-011-B,RAN,98.96,98.89,0.07,99.22,0.38,98.35,41.21,42.03,1.96,12.87,55.1,-89.0,-8.5,14.1,53.48,39,4,2,1,0.2,0,1,0,0,0,normal,
2026-09-15T04:30,Telkom,Gauteng,Pretoria,PTA-HAT-011,PTA-HAT-011-C,RAN,99.35,99.04,0.31,99.12,0.27,98.57,35.78,42.89,16.57,12.04,46.6,-89.5,-7.6,17.8,56.31,44,1,1,1,1.3,0,1,0,0,0,normal,
2026-09-15T04:45,Telkom,Western Cape,Cape Town,CPT-BEL-007,CPT-BEL-007-A,RAN,99.49,99.15,0.34,99.37,0.49,98.93,44.88,40.67,-10.34,14.65,56.0,-85.3,-9.2,18.7,45.52,37,0,1,1,1.06,83,1,0,0,0,normal,
2026-09-15T04:45,Telkom,Western Cape,Cape Town,CPT-BEL-007,CPT-BEL-007-B,RAN,98.98,99.05,-0.07,99.02,0.29,99.08,45.56,43.21,-5.44,11.12,62.0,-87.9,-8.2,18.1,47.81,36,10,4,0,0.91,0,1,0,0,0,normal,
2026-09-15T04:45,Telkom,Western Cape,Cape Town,CPT-BEL-007,CPT-BEL-007-C,RAN,99.33,99.12,0.21,99.03,0.65,98.13,37.03,44.11,16.06,10.83,60.7,-86.8,-8.6,16.7,54.46,37,1,2,1,0.52,71,1,0,0,0,normal,
2026-09-15T04:45,Telkom,Gauteng,Johannesburg,JHB-CBD-003,JHB-CBD-003-A,RAN,99.25,99.24,0.01,98.56,0.32,98.2,48.31,42.53,-13.58,13.51,43.3,-90.6,-10.9,13.7,47.14,36,2,6,0,0.75,0,1,0,0,0,normal,
2026-09-15T04:45,Telkom,Gauteng,Johannesburg,JHB-CBD-003,JHB-CBD-003-B,RAN,98.95,99.04,-0.09,98.85,0.57,98.29,42.21,44.95,6.1,12.07,47.2,-84.3,-9.6,17.0,45.89,39,4,1,1,0.41,48,1,0,0,0,normal,
2026-09-15T04:45,Telkom,Gauteng,Johannesburg,JHB-CBD-003,JHB-CBD-003-C,RAN,99.79,99.09,0.7,98.84,0.14,97.8,40.3,42.29,4.7,11.56,48.4,-83.8,-9.8,13.9,53.51,41,2,4,1,0.59,36,1,0,0,0,normal,
2026-09-15T04:45,Telkom,Gauteng,Soweto,JHB-SOW-018,JHB-SOW-018-A,RAN,99.76,99.14,0.62,99.09,1.01,98.56,46.42,45.35,-2.36,12.7,52.3,-89.6,-9.7,16.3,46.38,32,0,3,4,0.65,155,1,0,0,0,normal,
2026-09-15T04:45,Telkom,Gauteng,Soweto,JHB-SOW-018,JHB-SOW-018-B,RAN,99.01,99.16,-0.15,98.45,0.05,98.49,43.35,42.42,-2.2,15.25,53.4,-84.7,-9.3,16.2,44.92,30,4,0,0,0.58,0,1,0,0,0,normal,
2026-09-15T04:45,Telkom,Gauteng,Soweto,JHB-SOW-018,JHB-SOW-018-C,RAN,99.53,99.02,0.51,98.4,0.43,97.9,37.34,42.87,12.9,11.78,47.5,-82.8,-10.1,21.8,49.9,33,3,4,3,1.68,0,1,0,0,0,normal,
2026-09-15T04:45,Telkom,Gauteng,Pretoria,PTA-HAT-011,PTA-HAT-011-A,RAN,99.12,99.1,0.02,99.24,0.17,97.42,35.46,40.76,13.0,15.57,49.2,-83.8,-8.5,18.8,53.47,32,6,0,0,0.21,109,1,0,0,0,normal,
2026-09-15T04:45,Telkom,Gauteng,Pretoria,PTA-HAT-011,PTA-HAT-011-B,RAN,99.62,98.93,0.69,98.94,0.48,99.25,43.21,41.58,-3.92,12.82,52.3,-86.7,-9.8,14.2,44.84,40,0,0,0,0.92,14,1,0,0,0,normal,
2026-09-15T04:45,Telkom,Gauteng,Pretoria,PTA-HAT-011,PTA-HAT-011-C,RAN,99.26,99.06,0.2,98.76,0.48,98.33,38.52,42.51,9.38,12.48,54.7,-86.0,-10.3,18.6,49.83,42,3,3,1,1.09,88,1,0,0,0,normal,
2026-09-15T05:00,Telkom,Western Cape,Cape Town,CPT-BEL-007,CPT-BEL-007-A,RAN,99.15,99.18,-0.03,98.52,0.5,98.91,55.41,41.36,-33.98,15.46,46.3,-84.2,-10.2,13.0,36.56,33,4,1,0,0.84,0,1,0,0,0,normal,
2026-09-15T05:00,Telkom,Western Cape,Cape Town,CPT-BEL-007,CPT-BEL-007-B,RAN,99.29,99.04,0.25,98.68,0.21,97.97,44.15,43.07,-2.51,10.5,51.3,-84.5,-8.9,17.5,47.29,38,0,3,1,0.32,126,1,0,0,0,normal,
2026-09-15T05:00,Telkom,Western Cape,Cape Town,CPT-BEL-007,CPT-BEL-007-C,RAN,98.76,99.12,-0.36,98.99,0.44,98.61,36.0,43.77,17.76,12.35,51.8,-88.4,-11.6,19.8,52.44,43,6,2,1,0.54,173,1,0,0,0,normal,
2026-09-15T05:00,Telkom,Gauteng,Johannesburg,JHB-CBD-003,JHB-CBD-003-A,RAN,99.05,99.23,-0.18,98.94,0.91,99.26,38.03,42.36,10.23,14.22,49.8,-81.6,-9.8,16.6,53.63,33,0,4,2,1.23,140,1,0,0,0,normal,
2026-09-15T05:00,Telkom,Gauteng,Johannesburg,JHB-CBD-003,JHB-CBD-003-B,RAN,99.35,99.06,0.29,98.49,0.45,98.65,40.94,44.47,7.95,11.18,56.7,-81.9,-9.9,14.6,56.88,40,4,5,0,0.83,0,1,0,0,0,normal,
2026-09-15T05:00,Telkom,Gauteng,Johannesburg,JHB-CBD-003,JHB-CBD-003-C,RAN,99.3,99.14,0.16,98.35,0.48,98.48,46.74,42.34,-10.38,13.28,44.6,-81.5,-9.4,18.6,42.75,34,3,7,3,1.11,0,1,0,0,0,normal,
2026-09-15T05:00,Telkom,Gauteng,Soweto,JHB-SOW-018,JHB-SOW-018-A,RAN,98.89,99.15,-0.26,99.24,0.61,97.74,36.79,45.17,18.56,13.05,51.0,-85.2,-8.1,16.9,60.96,41,7,2,2,0.59,130,1,0,0,0,normal,
2026-09-15T05:00,Telkom,Gauteng,Soweto,JHB-SOW-018,JHB-SOW-018-B,RAN,99.07,99.11,-0.04,98.65,0.67,98.32,35.54,42.35,16.09,13.91,54.9,-79.3,-11.1,18.3,46.02,31,4,3,1,0.23,0,1,0,0,0,normal,
2026-09-15T05:00,Telkom,Gauteng,Soweto,JHB-SOW-018,JHB-SOW-018-C,RAN,99.02,99.02,0.0,98.02,0.88,98.62,45.25,42.11,-7.46,15.38,36.5,-84.3,-11.5,17.7,36.23,34,6,5,2,0.54,0,1,0,0,0,normal,
2026-09-15T05:00,Telkom,Gauteng,Pretoria,PTA-HAT-011,PTA-HAT-011-A,RAN,98.96,99.14,-0.18,98.9,0.35,98.26,34.46,40.45,14.8,10.0,45.2,-82.9,-9.2,15.6,61.63,44,7,2,1,0.83,159,1,0,0,0,normal,
2026-09-15T05:00,Telkom,Gauteng,Pretoria,PTA-HAT-011,PTA-HAT-011-B,RAN,98.85,98.96,-0.11,98.33,0.45,98.18,38.9,42.13,7.68,12.27,56.8,-89.4,-8.2,14.6,55.62,49,7,4,2,1.04,101,1,0,0,0,normal,
2026-09-15T05:00,Telkom,Gauteng,Pretoria,PTA-HAT-011,PTA-HAT-011-C,RAN,99.34,99.07,0.27,98.93,0.8,98.67,32.94,42.07,21.71,12.16,54.0,-82.4,-12.1,13.9,51.98,46,1,6,4,0.5,26,1,0,0,0,normal,
2026-09-15T05:15,Telkom,Western Cape,Cape Town,CPT-BEL-007,CPT-BEL-007-A,RAN,98.05,99.16,-1.11,98.82,0.27,98.01,44.57,42.4,-5.13,14.54,49.8,-84.7,-9.7,14.7,38.33,30,6,0,1,0.67,47,1,0,0,0,normal,
2026-09-15T05:15,Telkom,Western Cape,Cape Town,CPT-BEL-007,CPT-BEL-007-B,RAN,99.38,99.06,0.32,98.38,0.05,98.88,51.02,43.0,-18.64,12.84,50.8,-81.9,-10.0,16.7,41.18,35,0,8,1,0.58,0,1,0,0,0,normal,
2026-09-15T05:15,Telkom,Western Cape,Cape Town,CPT-BEL-007,CPT-BEL-007-C,RAN,99.88,99.09,0.79,98.81,0.94,98.0,42.5,42.63,0.29,14.96,43.5,-85.7,-10.9,15.9,53.67,39,2,4,3,1.06,0,1,0,0,0,normal,
2026-09-15T05:15,Telkom,Gauteng,Johannesburg,JHB-CBD-003,JHB-CBD-003-A,RAN,98.62,99.26,-0.64,98.25,0.54,98.31,46.96,42.03,-11.72,11.7,62.7,-90.3,-10.3,14.8,45.48,26,6,5,2,1.44,0,1,0,0,0,normal,
2026-09-15T05:15,Telkom,Gauteng,Johannesburg,JHB-CBD-003,JHB-CBD-003-B,RAN,99.22,99.08,0.14,98.37,0.55,98.39,42.07,44.22,4.86,16.31,49.6,-85.9,-10.0,15.5,50.74,39,4,7,1,0.84,43,1,0,0,0,normal,
2026-09-15T05:15,Telkom,Gauteng,Johannesburg,JHB-CBD-003,JHB-CBD-003-C,RAN,99.09,99.14,-0.05,98.87,0.49,97.92,43.67,42.83,-1.97,15.66,50.0,-85.7,-8.6,19.6,39.02,34,2,3,0,0.79,0,1,0,0,0,normal,
2026-09-15T05:15,Telkom,Gauteng,Soweto,JHB-SOW-018,JHB-SOW-018-A,RAN,98.6,99.19,-0.59,98.97,0.57,98.29,45.54,44.91,-1.39,15.31,42.1,-91.5,-8.5,13.7,45.96,37,4,4,2,1.16,90,1,0,0,0,normal,
2026-09-15T05:15,Telkom,Gauteng,Soweto,JHB-SOW-018,JHB-SOW-018-B,RAN,98.7,99.1,-0.4,98.98,0.66,98.33,39.68,41.76,4.99,13.11,56.2,-79.9,-7.0,16.4,47.17,39,1,3,2,0.29,40,1,0,0,0,normal,
2026-09-15T05:15,Telkom,Gauteng,Soweto,JHB-SOW-018,JHB-SOW-018-C,RAN,98.67,99.03,-0.36,98.81,0.46,98.76,36.98,42.29,12.56,14.95,61.3,-88.1,-10.6,18.0,48.13,38,7,3,1,0.66,75,1,0,0,0,normal,
2026-09-15T05:15,Telkom,Gauteng,Pretoria,PTA-HAT-011,PTA-HAT-011-A,RAN,98.41,99.15,-0.74,99.17,0.53,98.28,48.16,39.97,-20.48,12.3,52.2,-81.3,-10.1,18.4,49.74,39,0,0,0,0.68,6,1,0,0,0,normal,
2026-09-15T05:15,Telkom,Gauteng,Pretoria,PTA-HAT-011,PTA-HAT-011-B,RAN,99.39,98.98,0.41,99.13,0.39,99.18,37.81,42.03,10.04,11.45,61.3,-85.2,-11.0,17.2,49.07,41,2,0,0,0.57,0,1,0,0,0,normal,
2026-09-15T05:15,Telkom,Gauteng,Pretoria,PTA-HAT-011,PTA-HAT-011-C,RAN,99.49,99.1,0.39,98.69,0.66,98.33,40.68,41.14,1.12,13.64,50.1,-83.6,-9.6,14.6,36.43,35,3,1,1,0.51,0,1,0,0,0,normal,
2026-09-15T05:30,Telkom,Western Cape,Cape Town,CPT-BEL-007,CPT-BEL-007-A,RAN,98.28,99.06,-0.78,98.44,0.78,99.67,42.18,41.68,-1.19,12.87,55.2,-85.8,-10.0,17.9,52.29,47,7,4,1,0.32,159,1,0,0,0,normal,
2026-09-15T05:30,Telkom,Western Cape,Cape Town,CPT-BEL-007,CPT-BEL-007-B,RAN,99.31,99.08,0.23,98.53,0.76,99.08,40.0,43.2,7.41,12.88,48.6,-90.2,-9.5,18.6,43.19,25,0,0,2,1.09,80,1,0,0,0,normal,
2026-09-15T05:30,Telkom,Western Cape,Cape Town,CPT-BEL-007,CPT-BEL-007-C,RAN,99.09,99.14,-0.05,98.91,0.43,98.76,37.11,42.14,11.94,14.23,54.5,-90.5,-12.1,15.9,57.62,38,0,0,2,0.82,13,1,0,0,0,normal,
2026-09-15T05:30,Telkom,Gauteng,Johannesburg,JHB-CBD-003,JHB-CBD-003-A,RAN,98.67,99.24,-0.57,98.87,0.05,98.8,52.31,42.53,-23.0,11.65,41.2,-87.7,-9.9,19.2,44.98,39,6,3,0,0.53,45,1,0,0,0,normal,
2026-09-15T05:30,Telkom,Gauteng,Johannesburg,JHB-CBD-003,JHB-CBD-003-B,RAN,98.99,99.06,-0.07,98.95,0.17,98.36,40.31,43.06,6.39,15.19,38.7,-85.3,-8.6,11.5,51.59,40,4,4,1,1.37,212,1,0,0,0,normal,
2026-09-15T05:30,Telkom,Gauteng,Johannesburg,JHB-CBD-003,JHB-CBD-003-C,RAN,98.7,99.14,-0.44,98.59,0.53,98.88,32.24,42.92,24.88,10.71,54.0,-83.3,-10.5,16.2,57.06,44,5,3,0,1.09,65,1,0,1,0,normal,
2026-09-15T05:30,Telkom,Gauteng,Soweto,JHB-SOW-018,JHB-SOW-018-A,RAN,98.89,99.14,-0.25,99.44,0.1,97.87,42.23,44.7,5.52,14.07,47.2,-83.9,-9.8,20.1,46.78,33,1,2,0,1.09,0,1,0,0,0,normal,
2026-09-15T05:30,Telkom,Gauteng,Soweto,JHB-SOW-018,JHB-SOW-018-B,RAN,98.65,99.1,-0.45,98.81,0.45,98.31,36.28,41.72,13.03,11.4,56.2,-82.1,-11.4,13.8,49.08,27,4,2,1,0.58,82,1,0,0,0,normal,
2026-09-15T05:30,Telkom,Gauteng,Soweto,JHB-SOW-018,JHB-SOW-018-C,RAN,99.22,99.01,0.21,98.91,0.64,98.77,42.25,41.69,-1.34,13.22,46.9,-87.5,-8.7,15.7,45.21,29,1,2,0,0.74,0,1,0,0,0,normal,
2026-09-15T05:30,Telkom,Gauteng,Pretoria,PTA-HAT-011,PTA-HAT-011-A,RAN,98.99,99.11,-0.12,98.76,0.47,99.3,42.15,40.08,-5.17,12.61,54.7,-88.1,-9.7,12.2,48.51,37,2,4,2,0.11,22,1,0,0,0,normal,
2026-09-15T05:30,Telkom,Gauteng,Pretoria,PTA-HAT-011,PTA-HAT-011-B,RAN,99.52,99.01,0.51,98.52,0.81,97.81,42.21,42.12,-0.21,12.32,49.5,-89.4,-9.4,19.2,46.74,43,0,3,2,0.81,91,1,0,0,0,normal,
2026-09-15T05:30,Telkom,Gauteng,Pretoria,PTA-HAT-011,PTA-HAT-011-C,RAN,99.39,99.14,0.25,98.66,0.54,98.38,34.67,40.86,15.15,10.04,53.7,-84.5,-10.9,17.3,59.76,40,3,3,2,1.36,127,1,0,0,0,normal,
2026-09-15T05:45,Telkom,Western Cape,Cape Town,CPT-BEL-007,CPT-BEL-007-A,RAN,98.81,99.02,-0.21,99.26,0.53,98.0,38.3,41.61,7.96,11.98,61.0,-85.9,-9.4,16.7,60.82,42,6,0,2,0.37,0,0,0,0,0,normal,
2026-09-15T05:45,Telkom,Western Cape,Cape Town,CPT-BEL-007,CPT-BEL-007-B,RAN,99.6,99.08,0.52,98.83,0.05,97.89,39.69,43.15,8.03,11.02,71.4,-87.8,-9.0,17.0,57.29,42,4,2,0,0.81,6,0,0,0,0,normal,
2026-09-15T05:45,Telkom,Western Cape,Cape Town,CPT-BEL-007,CPT-BEL-007-C,RAN,99.52,99.16,0.36,99.59,0.89,97.78,40.85,41.43,1.41,13.23,51.5,-84.4,-9.4,17.7,50.71,42,4,6,1,0.26,59,0,0,0,0,normal,
2026-09-15T05:45,Telkom,Gauteng,Johannesburg,JHB-CBD-003,JHB-CBD-003-A,RAN,98.99,99.23,-0.24,98.55,0.67,98.48,41.32,43.06,4.05,10.67,42.9,-87.4,-10.9,14.5,48.81,40,6,4,3,0.59,60,0,0,0,0,normal,
2026-09-15T05:45,Telkom,Gauteng,Johannesburg,JHB-CBD-003,JHB-CBD-003-B,RAN,98.62,99.05,-0.43,98.75,0.45,99.12,37.52,43.25,13.24,10.64,51.2,-85.3,-10.1,16.9,51.73,39,6,2,3,0.1,9,0,0,0,0,normal,
2026-09-15T05:45,Telkom,Gauteng,Johannesburg,JHB-CBD-003,JHB-CBD-003-C,RAN,99.14,99.15,-0.01,98.84,0.39,98.51,41.01,41.87,2.05,11.84,63.0,-91.4,-9.8,18.3,48.42,36,7,3,0,0.1,0,0,0,1,0,normal,
2026-09-15T05:45,Telkom,Gauteng,Soweto,JHB-SOW-018,JHB-SOW-018-A,RAN,99.17,99.14,0.03,98.8,0.71,98.33,43.83,44.23,0.9,11.29,49.8,-84.2,-11.5,19.4,53.31,49,11,4,2,0.79,228,0,0,0,0,normal,
2026-09-15T05:45,Telkom,Gauteng,Soweto,JHB-SOW-018,JHB-SOW-018-B,RAN,99.85,99.07,0.78,98.61,0.1,98.21,37.41,41.17,9.14,12.49,46.1,-89.9,-11.5,17.0,53.66,37,0,0,1,0.69,4,0,0,0,0,normal,
2026-09-15T05:45,Telkom,Gauteng,Soweto,JHB-SOW-018,JHB-SOW-018-C,RAN,98.95,99.0,-0.05,99.39,0.7,98.15,41.63,41.87,0.57,12.95,47.7,-82.9,-9.7,13.8,43.9,41,2,0,2,0.99,43,0,0,0,0,normal,
2026-09-15T05:45,Telkom,Gauteng,Pretoria,PTA-HAT-011,PTA-HAT-011-A,RAN,99.42,99.05,0.37,98.6,0.23,99.18,33.52,40.15,16.5,11.87,58.1,-83.4,-9.0,15.4,56.28,44,3,7,0,0.7,67,0,0,0,0,normal,
2026-09-15T05:45,Telkom,Gauteng,Pretoria,PTA-HAT-011,PTA-HAT-011-B,RAN,98.57,99.04,-0.47,98.36,0.49,98.86,31.43,41.97,25.11,12.55,57.9,-89.9,-7.0,20.5,59.75,37,7,2,2,0.7,39,0,0,0,0,normal,
2026-09-15T05:45,Telkom,Gauteng,Pretoria,PTA-HAT-011,PTA-HAT-011-C,RAN,98.74,99.13,-0.39,98.9,0.07,99.87,42.41,40.03,-5.95,11.63,62.4,-85.8,-8.3,20.3,49.56,38,2,2,1,0.58,79,0,0,0,0,normal,
2026-09-15T06:00,Telkom,Western Cape,Cape Town,CPT-BEL-007,CPT-BEL-007-A,RAN,99.61,98.96,0.65,98.64,0.66,99.62,42.62,41.81,-1.93,13.95,40.3,-86.9,-10.0,17.1,43.4,33,0,6,2,0.77,50,0,0,0,0,normal,
2026-09-15T06:00,Telkom,Western Cape,Cape Town,CPT-BEL-007,CPT-BEL-007-B,RAN,99.32,99.11,0.21,98.69,0.38,98.1,34.83,43.25,19.47,11.5,61.8,-83.1,-9.6,20.2,52.22,48,6,3,2,0.1,73,0,0,0,0,normal,
2026-09-15T06:00,Telkom,Western Cape,Cape Town,CPT-BEL-007,CPT-BEL-007-C,RAN,98.99,99.16,-0.17,98.69,0.93,98.22,39.53,41.46,4.66,11.63,47.2,-84.3,-11.9,18.0,45.39,30,2,3,3,0.1,41,0,0,0,0,normal,
2026-09-15T06:00,Telkom,Gauteng,Johannesburg,JHB-CBD-003,JHB-CBD-003-A,RAN,99.21,99.22,-0.01,98.56,0.05,98.27,42.19,43.15,2.21,11.88,54.1,-89.1,-10.0,14.1,42.31,33,3,2,0,1.14,105,0,0,0,0,normal,
2026-09-15T06:00,Telkom,Gauteng,Johannesburg,JHB-CBD-003,JHB-CBD-003-B,RAN,98.55,99.01,-0.46,98.5,0.43,98.9,50.33,42.97,-17.13,12.62,44.3,-90.5,-10.8,16.3,32.56,25,5,4,0,0.66,15,0,0,0,0,normal,
2026-09-15T06:00,Telkom,Gauteng,Johannesburg,JHB-CBD-003,JHB-CBD-003-C,RAN,98.67,99.19,-0.52,98.66,0.36,98.22,48.61,41.04,-18.45,13.69,62.1,-89.8,-9.6,16.1,44.02,36,9,5,1,0.59,50,0,0,1,0,normal,
2026-09-15T06:00,Telkom,Gauteng,Soweto,JHB-SOW-018,JHB-SOW-018-A,RAN,99.38,99.11,0.27,98.71,0.39,99.02,40.0,44.23,9.56,11.59,52.2,-87.2,-10.8,15.7,52.77,35,4,6,1,1.25,81,0,0,0,0,normal,
2026-09-15T06:00,Telkom,Gauteng,Soweto,JHB-SOW-018,JHB-SOW-018-B,RAN,99.14,99.14,0.0,98.96,0.12,98.06,41.19,41.21,0.04,12.28,54.5,-87.6,-10.5,16.1,44.91,44,0,5,1,0.5,118,0,0,0,0,normal,
2026-09-15T06:00,Telkom,Gauteng,Soweto,JHB-SOW-018,JHB-SOW-018-C,RAN,99.01,98.99,0.02,98.97,0.56,98.4,45.31,41.36,-9.56,11.94,59.8,-83.8,-11.6,18.7,36.67,27,2,1,2,0.79,52,0,0,0,0,normal,
2026-09-15T06:00,Telkom,Gauteng,Pretoria,PTA-HAT-011,PTA-HAT-011-A,RAN,99.43,99.06,0.37,98.85,0.35,98.56,46.19,39.65,-16.5,13.77,42.0,-87.5,-11.3,16.4,46.85,45,2,6,0,0.42,0,0,0,0,0,normal,
2026-09-15T06:00,Telkom,Gauteng,Pretoria,PTA-HAT-011,PTA-HAT-011-B,RAN,99.49,99.01,0.48,98.75,0.8,98.46,36.98,41.02,9.85,12.72,49.4,-84.5,-10.1,16.5,56.15,49,3,2,5,0.58,0,0,0,0,0,normal,
2026-09-15T06:00,Telkom,Gauteng,Pretoria,PTA-HAT-011,PTA-HAT-011-C,RAN,99.16,99.11,0.05,98.99,0.5,98.04,35.41,40.06,11.6,10.63,61.2,-83.1,-10.5,16.3,52.8,40,5,3,2,0.47,0,0,0,0,0,normal,
2026-09-15T06:15,Telkom,Western Cape,Cape Town,CPT-BEL-007,CPT-BEL-007-A,RAN,98.82,98.95,-0.13,99.16,0.33,98.26,42.63,42.26,-0.89,13.23,60.6,-84.0,-10.5,15.4,53.92,44,8,5,0,0.3,116,0,0,0,0,normal,
2026-09-15T06:15,Telkom,Western Cape,Cape Town,CPT-BEL-007,CPT-BEL-007-B,RAN,98.47,99.14,-0.67,99.19,0.46,98.55,40.56,42.97,5.61,12.43,56.1,-79.0,-10.5,14.9,49.37,29,7,2,0,0.63,0,0,0,0,0,normal,
2026-09-15T06:15,Telkom,Western Cape,Cape Town,CPT-BEL-007,CPT-BEL-007-C,RAN,99.14,99.17,-0.03,98.98,0.77,98.56,44.01,41.31,-6.54,15.03,53.1,-90.4,-9.0,19.3,44.61,40,3,3,3,1.32,158,0,0,0,0,normal,
2026-09-15T06:15,Telkom,Gauteng,Johannesburg,JHB-CBD-003,JHB-CBD-003-A,RAN,99.41,99.2,0.21,98.93,0.89,99.13,34.51,43.5,20.66,15.83,54.2,-87.9,-9.3,16.9,51.91,47,0,3,4,0.1,0,0,0,0,0,normal,
2026-09-15T06:15,Telkom,Gauteng,Johannesburg,JHB-CBD-003,JHB-CBD-003-B,RAN,98.95,98.99,-0.04,98.72,0.36,98.79,37.87,43.3,12.54,13.5,63.2,-91.1,-10.0,18.0,49.28,43,3,5,1,0.35,0,0,0,0,0,normal,
2026-09-15T06:15,Telkom,Gauteng,Johannesburg,JHB-CBD-003,JHB-CBD-003-C,RAN,98.68,99.14,-0.46,98.92,0.65,98.59,45.94,41.36,-11.08,14.61,46.0,-87.2,-9.1,20.5,52.77,34,4,0,1,0.94,216,0,0,1,0,normal,
2026-09-15T06:15,Telkom,Gauteng,Soweto,JHB-SOW-018,JHB-SOW-018-A,RAN,99.65,99.14,0.51,98.73,1.0,98.51,43.93,44.11,0.4,13.43,50.7,-85.7,-10.3,17.3,53.01,47,1,4,5,1.0,86,0,0,0,0,normal,
2026-09-15T06:15,Telkom,Gauteng,Soweto,JHB-SOW-018,JHB-SOW-018-B,RAN,99.77,99.16,0.61,98.91,0.49,98.88,38.48,41.64,7.59,13.98,50.9,-83.4,-10.4,18.5,49.81,43,2,4,0,0.92,61,0,0,0,0,normal,
2026-09-15T06:15,Telkom,Gauteng,Soweto,JHB-SOW-018,JHB-SOW-018-C,RAN,98.97,98.98,-0.01,98.26,0.55,98.58,40.51,41.73,2.92,13.39,55.9,-82.1,-9.5,21.7,54.18,46,2,5,3,0.46,0,0,0,0,0,normal,
2026-09-15T06:15,Telkom,Gauteng,Pretoria,PTA-HAT-011,PTA-HAT-011-A,RAN,98.94,99.1,-0.16,98.56,0.62,98.6,42.78,40.01,-6.92,9.82,53.9,-84.7,-11.1,20.7,59.35,49,2,7,2,1.29,0,0,0,0,0,normal,
2026-09-15T06:15,Telkom,Gauteng,Pretoria,PTA-HAT-011,PTA-HAT-011-B,RAN,99.34,99.06,0.28,97.81,0.13,97.84,45.65,40.67,-12.24,9.89,58.7,-83.3,-8.8,12.2,55.1,45,1,3,0,0.89,33,0,0,0,0,normal,
2026-09-15T06:15,Telkom,Gauteng,Pretoria,PTA-HAT-011,PTA-HAT-011-C,RAN,98.63,99.12,-0.49,98.92,1.11,97.6,33.92,39.47,14.06,12.71,52.8,-86.9,-9.8,16.5,58.1,45,1,1,4,0.63,32,0,0,0,0,normal,
2026-09-15T06:30,Telkom,Western Cape,Cape Town,CPT-BEL-007,CPT-BEL-007-A,RAN,99.88,98.93,0.95,98.9,0.47,99.02,40.74,42.45,4.02,14.59,44.9,-84.4,-11.0,19.9,43.91,33,0,4,0,0.27,17,0,0,0,0,normal,
2026-09-15T06:30,Telkom,Western Cape,Cape Town,CPT-BEL-007,CPT-BEL-007-B,RAN,98.9,99.08,-0.18,98.99,0.55,98.62,45.56,42.51,-7.17,12.79,49.3,-87.4,-10.1,17.5,46.01,33,4,4,2,0.1,80,0,0,0,0,normal,
2026-09-15T06:30,Telkom,Western Cape,Cape Town,CPT-BEL-007,CPT-BEL-007-C,RAN,98.97,99.22,-0.25,98.8,0.56,98.86,35.76,41.7,14.24,10.18,53.8,-85.8,-9.9,16.2,42.69,35,2,0,0,0.59,65,0,0,0,0,normal,
2026-09-15T06:30,Telkom,Gauteng,Johannesburg,JHB-CBD-003,JHB-CBD-003-A,RAN,98.97,99.21,-0.24,98.47,0.99,98.44,40.51,43.29,6.43,12.81,47.7,-87.6,-10.0,16.6,45.34,39,3,7,3,0.65,47,0,0,0,0,normal,
2026-09-15T06:30,Telkom,Gauteng,Johannesburg,JHB-CBD-003,JHB-CBD-003-B,RAN,99.77,99.0,0.77,98.79,0.39,98.65,40.38,42.39,4.74,10.07,49.7,-84.6,-8.8,18.2,56.61,50,0,4,1,0.73,32,0,0,0,0,normal,
2026-09-15T06:30,Telkom,Gauteng,Johannesburg,JHB-CBD-003,JHB-CBD-003-C,RAN,99.8,99.11,0.69,98.87,0.1,98.48,46.48,41.34,-12.43,11.72,56.3,-85.7,-11.3,17.2,44.59,42,0,4,0,0.96,0,0,0,0,0,normal,
2026-09-15T06:30,Telkom,Gauteng,Soweto,JHB-SOW-018,JHB-SOW-018-A,RAN,99.47,99.17,0.3,98.82,0.78,98.62,40.67,43.55,6.61,14.5,59.5,-88.2,-10.6,15.4,47.95,43,0,0,3,0.68,260,0,0,0,0,normal,
2026-09-15T06:30,Telkom,Gauteng,Soweto,JHB-SOW-018,JHB-SOW-018-B,RAN,99.34,99.18,0.16,98.68,0.56,98.88,46.82,41.43,-13.01,12.03,51.5,-84.9,-10.6,17.1,51.32,32,0,4,0,0.26,78,0,0,0,0,normal,
2026-09-15T06:30,Telkom,Gauteng,Soweto,JHB-SOW-018,JHB-SOW-018-C,RAN,99.12,98.98,0.14,98.78,0.7,98.04,43.74,41.58,-5.19,12.83,46.9,-86.2,-8.3,20.4,42.24,39,5,5,4,0.39,245,0,0,0,0,normal,
2026-09-15T06:30,Telkom,Gauteng,Pretoria,PTA-HAT-011,PTA-HAT-011-A,RAN,99.36,99.07,0.29,98.65,0.93,98.79,34.89,39.79,12.31,16.16,53.8,-85.9,-11.2,15.6,50.24,44,1,2,3,0.52,16,0,0,0,0,normal,
2026-09-15T06:30,Telkom,Gauteng,Pretoria,PTA-HAT-011,PTA-HAT-011-B,RAN,99.07,99.08,-0.01,99.22,0.23,98.67,29.4,40.9,28.11,11.85,59.1,-90.5,-9.2,16.9,59.92,44,4,0,0,0.94,0,0,0,0,0,normal,
2026-09-15T06:30,Telkom,Gauteng,Pretoria,PTA-HAT-011,PTA-HAT-011-C,RAN,98.9,99.08,-0.18,98.96,0.13,98.43,36.25,38.66,6.22,11.82,58.4,-87.1,-11.6,17.5,58.48,52,1,7,1,0.1,0,0,0,0,0,normal,
2026-09-15T06:45,Telkom,Western Cape,Cape Town,CPT-BEL-007,CPT-BEL-007-A,RAN,99.54,98.97,0.57,98.38,0.38,97.84,32.75,42.72,23.35,12.36,50.2,-84.9,-10.9,18.6,47.55,44,0,1,2,0.7,167,0,0,0,0,normal,
2026-09-15T06:45,Telkom,Western Cape,Cape Town,CPT-BEL-007,CPT-BEL-007-B,RAN,99.4,99.07,0.33,99.26,0.82,99.37,42.99,42.46,-1.25,11.33,52.8,-83.4,-8.0,17.5,46.71,41,2,3,0,0.67,0,0,0,0,0,normal,
2026-09-15T06:45,Telkom,Western Cape,Cape Town,CPT-BEL-007,CPT-BEL-007-C,RAN,99.52,99.25,0.27,98.02,0.82,99.07,42.27,41.64,-1.51,10.77,48.5,-90.5,-11.2,19.0,55.41,45,1,4,2,1.04,0,0,0,0,0,normal,
2026-09-15T06:45,Telkom,Gauteng,Johannesburg,JHB-CBD-003,JHB-CBD-003-A,RAN,99.61,99.16,0.45,98.77,0.05,98.45,35.29,42.56,17.08,12.53,54.4,-83.8,-9.2,18.4,45.04,41,0,1,0,0.16,0,0,0,0,0,normal,
2026-09-15T06:45,Telkom,Gauteng,Johannesburg,JHB-CBD-003,JHB-CBD-003-B,RAN,98.76,99.05,-0.28,99.64,0.14,97.78,49.91,41.83,-19.31,13.16,47.2,-89.0,-10.3,22.6,47.74,39,3,0,0,1.13,0,0,0,0,0,normal,
2026-09-15T06:45,Telkom,Gauteng,Johannesburg,JHB-CBD-003,JHB-CBD-003-C,RAN,99.03,99.15,-0.12,98.78,0.35,98.24,31.28,41.93,25.4,11.49,54.2,-82.7,-8.7,16.8,65.25,46,2,5,2,0.7,0,0,0,0,0,normal,
2026-09-15T06:45,Telkom,Gauteng,Soweto,JHB-SOW-018,JHB-SOW-018-A,RAN,98.85,99.17,-0.32,99.27,0.58,98.18,47.75,43.59,-9.54,12.98,56.2,-87.2,-10.1,18.8,41.55,45,7,0,3,0.64,0,0,0,0,0,normal,
2026-09-15T06:45,Telkom,Gauteng,Soweto,JHB-SOW-018,JHB-SOW-018-B,RAN,99.59,99.17,0.42,98.47,0.55,99.0,43.7,41.74,-4.69,13.71,38.3,-92.3,-10.8,15.4,45.24,40,4,3,1,0.81,87,0,0,0,0,normal,
2026-09-15T06:45,Telkom,Gauteng,Soweto,JHB-SOW-018,JHB-SOW-018-C,RAN,99.01,99.02,-0.01,98.8,0.49,98.58,39.34,41.48,5.15,13.81,51.3,-88.7,-10.1,19.4,47.88,36,5,1,2,0.72,0,0,0,0,0,normal,
2026-09-15T06:45,Telkom,Gauteng,Pretoria,PTA-HAT-011,PTA-HAT-011-A,RAN,98.98,99.11,-0.13,98.45,0.67,98.55,34.93,39.54,11.66,11.42,59.2,-86.9,-10.6,16.8,50.7,40,0,3,1,0.53,53,0,0,0,0,normal,
2026-09-15T06:45,Telkom,Gauteng,Pretoria,PTA-HAT-011,PTA-HAT-011-B,RAN,98.88,99.1,-0.22,97.95,0.4,98.16,34.33,40.15,14.5,12.15,59.8,-93.7,-9.9,21.2,54.19,48,3,11,0,0.1,0,0,0,0,0,normal,
2026-09-15T06:45,Telkom,Gauteng,Pretoria,PTA-HAT-011,PTA-HAT-011-C,RAN,98.95,99.05,-0.1,98.37,0.91,98.22,41.45,37.94,-9.27,11.36,54.6,-90.7,-10.6,18.0,54.32,40,2,5,3,0.95,0,0,0,0,0,normal,
2026-09-15T07:00,Telkom,Western Cape,Cape Town,CPT-BEL-007,CPT-BEL-007-A,RAN,99.43,98.99,0.44,98.59,0.4,98.8,44.88,41.88,-7.16,10.49,60.9,-88.7,-9.0,15.2,50.78,45,4,2,1,0.58,0,0,0,0,0,normal,
2026-09-15T07:00,Telkom,Western Cape,Cape Town,CPT-BEL-007,CPT-BEL-007-B,RAN,98.91,99.09,-0.18,98.73,0.53,98.78,34.74,42.27,17.81,9.4,51.1,-89.7,-8.5,15.6,61.39,46,7,8,3,0.9,44,0,0,0,0,normal,
2026-09-15T07:00,Telkom,Western Cape,Cape Town,CPT-BEL-007,CPT-BEL-007-C,RAN,98.93,99.26,-0.33,98.47,0.2,98.56,43.0,41.61,-3.35,15.95,57.7,-86.7,-11.1,17.2,54.62,49,6,3,1,0.43,0,0,0,0,0,normal,
2026-09-15T07:00,Telkom,Gauteng,Johannesburg,JHB-CBD-003,JHB-CBD-003-A,RAN,98.77,99.21,-0.44,99.31,0.29,98.49,38.11,42.19,9.68,10.69,53.5,-84.7,-9.1,18.4,43.38,45,7,0,0,0.8,118,0,0,0,0,normal,
2026-09-15T07:00,Telkom,Gauteng,Johannesburg,JHB-CBD-003,JHB-CBD-003-B,RAN,98.62,99.06,-0.44,99.21,0.29,98.28,43.14,42.2,-2.22,13.51,49.5,-84.2,-9.6,20.3,49.44,37,7,1,1,0.65,103,0,0,0,0,normal,
2026-09-15T07:00,Telkom,Gauteng,Johannesburg,JHB-CBD-003,JHB-CBD-003-C,RAN,99.4,99.14,0.26,98.4,0.6,98.42,42.64,41.26,-3.36,12.88,58.3,-86.7,-10.1,18.7,53.53,45,4,5,2,1.09,60,0,0,0,0,normal,
2026-09-15T07:00,Telkom,Gauteng,Soweto,JHB-SOW-018,JHB-SOW-018-A,RAN,99.37,99.16,0.21,99.51,0.42,98.14,32.59,43.62,25.28,13.56,56.1,-81.4,-11.0,15.0,54.47,35,2,0,2,1.0,47,0,0,0,0,normal,
2026-09-15T07:00,Telkom,Gauteng,Soweto,JHB-SOW-018,JHB-SOW-018-B,RAN,99.12,99.2,-0.08,98.38,0.96,98.12,45.99,41.45,-10.95,12.64,56.8,-87.4,-9.5,15.9,40.05,35,3,5,1,0.45,224,0,0,0,0,normal,
2026-09-15T07:00,Telkom,Gauteng,Soweto,JHB-SOW-018,JHB-SOW-018-C,RAN,99.2,98.99,0.21,98.12,0.06,98.42,39.44,41.1,4.04,10.27,46.0,-84.1,-8.5,13.8,52.62,45,5,2,0,1.01,146,0,0,0,0,normal,
2026-09-15T07:00,Telkom,Gauteng,Pretoria,PTA-HAT-011,PTA-HAT-011-A,RAN,99.05,99.09,-0.04,98.69,0.3,98.96,31.66,38.78,18.35,13.04,51.1,-86.8,-9.9,19.5,57.43,50,6,1,0,1.32,5,0,0,0,0,normal,
2026-09-15T07:00,Telkom,Gauteng,Pretoria,PTA-HAT-011,PTA-HAT-011-B,RAN,98.95,99.09,-0.14,98.75,0.49,99.24,38.61,40.09,3.69,13.69,55.2,-82.5,-9.4,13.9,54.07,46,3,3,1,0.33,45,0,0,0,0,normal,
2026-09-15T07:00,Telkom,Gauteng,Pretoria,PTA-HAT-011,PTA-HAT-011-C,RAN,99.18,99.05,0.13,98.39,0.98,98.38,28.49,38.04,25.1,7.62,56.2,-84.7,-9.1,12.9,64.26,51,1,2,3,0.43,35,0,0,0,0,normal,
2026-09-15T07:15,Telkom,Western Cape,Cape Town,CPT-BEL-007,CPT-BEL-007-A,RAN,98.85,98.99,-0.14,99.29,0.14,99.4,47.78,41.61,-14.84,14.22,52.2,-82.0,-10.5,23.1,52.45,47,1,0,1,0.61,0,0,0,0,0,normal,
2026-09-15T07:15,Telkom,Western Cape,Cape Town,CPT-BEL-007,CPT-BEL-007-B,RAN,98.77,99.03,-0.26,99.26,0.8,98.83,40.35,42.11,4.17,12.42,45.3,-86.0,-10.5,11.5,47.36,41,6,1,4,0.37,138,0,0,0,0,normal,
2026-09-15T07:15,Telkom,Western Cape,Cape Town,CPT-BEL-007,CPT-BEL-007-C,RAN,99.45,99.25,0.2,98.59,0.27,99.11,29.07,41.28,29.58,12.56,59.2,-80.9,-8.7,16.0,65.99,49,6,8,1,1.02,100,0,0,0,0,normal,
2026-09-15T07:15,Telkom,Gauteng,Johannesburg,JHB-CBD-003,JHB-CBD-003-A,RAN,99.45,99.16,0.29,99.06,0.39,98.15,31.93,41.13,22.38,9.77,61.4,-88.4,-8.4,19.2,61.52,55,3,3,1,0.61,30,0,0,0,0,normal,
2026-09-15T07:15,Telkom,Gauteng,Johannesburg,JHB-CBD-003,JHB-CBD-003-B,RAN,99.23,99.02,0.21,99.06,1.13,99.16,36.05,42.12,14.42,12.62,50.5,-90.1,-11.9,13.2,55.25,50,5,1,5,0.33,7,0,0,0,0,normal,
2026-09-15T07:15,Telkom,Gauteng,Johannesburg,JHB-CBD-003,JHB-CBD-003-C,RAN,99.02,99.15,-0.13,98.33,0.49,98.47,35.56,41.11,13.5,10.38,53.7,-84.2,-9.0,17.8,55.03,49,5,8,2,0.49,132,0,0,0,0,normal,
2026-09-15T07:15,Telkom,Gauteng,Soweto,JHB-SOW-018,JHB-SOW-018-A,RAN,98.77,99.17,-0.4,98.34,0.43,98.77,44.15,42.69,-3.43,14.69,50.7,-93.3,-9.0,19.2,43.09,41,7,3,1,0.93,51,0,0,0,0,normal,
2026-09-15T07:15,Telkom,Gauteng,Soweto,JHB-SOW-018,JHB-SOW-018-B,RAN,99.42,99.2,0.22,98.96,0.39,98.29,47.37,41.95,-12.93,13.07,54.9,-82.3,-9.5,16.1,38.21,41,2,4,2,1.02,42,0,0,0,0,normal,
2026-09-15T07:15,Telkom,Gauteng,Soweto,JHB-SOW-018,JHB-SOW-018-C,RAN,99.45,99.04,0.41,98.98,0.59,98.29,37.89,40.64,6.76,14.04,54.5,-85.7,-10.3,15.0,48.07,40,2,5,2,0.81,105,0,0,0,0,normal,
2026-09-15T07:15,Telkom,Gauteng,Pretoria,PTA-HAT-011,PTA-HAT-011-A,RAN,99.03,99.11,-0.08,98.78,0.44,98.07,36.99,38.89,4.89,12.08,69.2,-87.8,-12.1,17.9,54.67,49,8,3,2,0.65,171,0,0,0,0,normal,
2026-09-15T07:15,Telkom,Gauteng,Pretoria,PTA-HAT-011,PTA-HAT-011-B,RAN,99.03,99.08,-0.05,98.47,0.26,98.29,38.42,40.59,5.34,10.72,47.2,-85.6,-10.7,16.0,52.25,47,3,2,1,0.97,0,0,0,0,0,normal,
2026-09-15T07:15,Telkom,Gauteng,Pretoria,PTA-HAT-011,PTA-HAT-011-C,RAN,98.6,99.05,-0.45,98.62,0.7,98.29,47.27,37.04,-27.63,13.08,46.0,-85.3,-9.9,18.7,47.95,44,6,0,2,0.5,155,0,0,0,0,normal,
2026-09-15T07:30,Telkom,Western Cape,Cape Town,CPT-BEL-007,CPT-BEL-007-A,RAN,99.48,98.98,0.5,99.43,0.29,98.12,42.88,42.13,-1.78,10.83,59.6,-85.6,-10.4,19.1,58.12,45,2,2,1,1.05,26,0,0,0,0,normal,
2026-09-15T07:30,Telkom,Western Cape,Cape Town,CPT-BEL-007,CPT-BEL-007-B,RAN,99.36,98.99,0.37,99.44,0.82,98.29,29.73,42.23,29.6,10.47,54.8,-83.2,-11.7,15.4,66.66,45,4,1,1,0.97,186,0,0,0,0,normal,
2026-09-15T07:30,Telkom,Western Cape,Cape Town,CPT-BEL-007,CPT-BEL-007-C,RAN,99.06,99.25,-0.19,98.56,0.57,98.73,38.37,39.77,3.51,12.56,48.9,-87.0,-9.7,20.9,59.86,52,2,3,2,0.36,76,0,0,0,0,normal,
2026-09-15T07:30,Telkom,Gauteng,Johannesburg,JHB-CBD-003,JHB-CBD-003-A,RAN,98.72,99.13,-0.41,98.75,0.46,98.63,37.63,40.52,7.14,15.14,47.5,-86.1,-12.1,16.5,50.93,50,5,1,0,0.26,60,0,0,0,0,normal,
2026-09-15T07:30,Telkom,Gauteng,Johannesburg,JHB-CBD-003,JHB-CBD-003-B,RAN,98.62,99.02,-0.4,98.95,0.35,98.1,36.53,42.15,13.34,13.89,53.2,-83.1,-8.4,19.3,49.64,45,9,6,2,0.1,143,0,0,0,0,normal,
2026-09-15T07:30,Telkom,Gauteng,Johannesburg,JHB-CBD-003,JHB-CBD-003-C,RAN,99.51,99.15,0.36,99.52,0.53,98.54,39.91,40.58,1.65,13.6,43.3,-81.5,-10.0,15.5,59.67,55,0,3,2,0.18,50,0,0,0,0,normal,
2026-09-15T07:30,Telkom,Gauteng,Soweto,JHB-SOW-018,JHB-SOW-018-A,RAN,98.73,99.16,-0.42,99.07,0.41,98.15,39.6,43.17,8.28,13.47,55.9,-88.9,-8.9,15.6,52.32,43,0,1,0,0.86,12,0,0,0,0,normal,
2026-09-15T07:30,Telkom,Gauteng,Soweto,JHB-SOW-018,JHB-SOW-018-B,RAN,99.01,99.22,-0.21,98.28,0.71,98.69,37.85,41.83,9.51,10.19,58.7,-82.4,-9.8,18.2,50.06,55,2,6,3,1.3,0,0,0,0,0,normal,
2026-09-15T07:30,Telkom,Gauteng,Soweto,JHB-SOW-018,JHB-SOW-018-C,RAN,98.87,99.05,-0.18,99.03,0.7,98.33,37.85,40.48,6.5,11.08,50.4,-86.3,-9.2,15.5,57.38,46,2,6,3,0.21,0,0,0,0,0,normal,
2026-09-15T07:30,Telkom,Gauteng,Pretoria,PTA-HAT-011,PTA-HAT-011-A,RAN,99.05,99.11,-0.06,98.61,0.37,99.06,36.41,38.99,6.61,11.85,59.8,-85.5,-9.1,14.4,61.36,53,4,3,1,1.0,64,0,0,0,0,normal,
2026-09-15T07:30,Telkom,Gauteng,Pretoria,PTA-HAT-011,PTA-HAT-011-B,RAN,99.14,99.07,0.07,99.39,0.17,98.55,28.94,39.91,27.49,12.04,53.8,-84.5,-9.0,19.7,65.13,59,5,2,0,0.78,0,0,0,0,0,normal,
2026-09-15T07:30,Telkom,Gauteng,Pretoria,PTA-HAT-011,PTA-HAT-011-C,RAN,99.11,99.03,0.08,98.84,0.72,98.72,32.4,37.34,13.24,11.99,59.1,-81.9,-11.2,17.7,48.2,47,3,5,3,0.89,43,0,0,0,0,normal,
2026-09-15T07:45,Telkom,Western Cape,Cape Town,CPT-BEL-007,CPT-BEL-007-A,RAN,99.23,99.06,0.17,98.61,0.48,99.14,30.38,42.38,28.32,11.53,57.6,-85.7,-10.3,17.0,61.84,52,4,2,0,0.52,10,0,0,0,0,normal,
2026-09-15T07:45,Telkom,Western Cape,Cape Town,CPT-BEL-007,CPT-BEL-007-B,RAN,99.18,99.06,0.12,99.04,0.59,98.88,45.4,41.19,-10.21,11.52,43.0,-83.5,-9.8,16.6,49.55,50,5,1,3,0.7,173,0,0,0,0,normal,
2026-09-15T07:45,Telkom,Western Cape,Cape Town,CPT-BEL-007,CPT-BEL-007-C,RAN,99.03,99.23,-0.2,99.46,0.35,98.95,46.8,39.85,-17.43,14.48,45.1,-85.9,-9.1,16.6,53.08,47,4,3,0,0.99,128,0,0,0,0,normal,
2026-09-15T07:45,Telkom,Gauteng,Johannesburg,JHB-CBD-003,JHB-CBD-003-A,RAN,99.09,99.09,-0.0,98.87,1.01,98.83,38.42,40.43,4.96,12.6,50.4,-87.6,-7.3,14.7,58.64,55,2,1,5,0.1,80,0,0,0,0,normal,
2026-09-15T07:45,Telkom,Gauteng,Johannesburg,JHB-CBD-003,JHB-CBD-003-B,RAN,99.21,98.98,0.23,98.75,0.36,98.48,40.58,41.45,2.09,13.98,44.7,-88.0,-10.4,16.6,64.35,56,4,5,1,1.11,60,0,0,0,0,normal,
2026-09-15T07:45,Telkom,Gauteng,Johannesburg,JHB-CBD-003,JHB-CBD-003-C,RAN,98.62,99.16,-0.54,99.46,0.45,98.26,38.25,40.65,5.9,10.9,51.3,-88.0,-9.6,16.5,47.63,51,5,3,2,0.75,34,0,0,0,0,normal,
2026-09-15T07:45,Telkom,Gauteng,Soweto,JHB-SOW-018,JHB-SOW-018-A,RAN,99.08,99.14,-0.06,98.94,0.77,97.6,39.26,42.81,8.29,10.12,53.2,-89.2,-9.8,17.1,50.28,40,0,3,2,0.79,65,0,0,0,0,normal,
2026-09-15T07:45,Telkom,Gauteng,Soweto,JHB-SOW-018,JHB-SOW-018-B,RAN,98.75,99.21,-0.46,99.0,0.32,98.77,34.3,41.35,17.05,11.39,49.2,-83.2,-12.0,16.6,52.13,49,4,0,2,0.39,0,0,0,0,0,normal,
2026-09-15T07:45,Telkom,Gauteng,Soweto,JHB-SOW-018,JHB-SOW-018-C,RAN,98.68,99.01,-0.33,98.99,0.55,98.59,37.17,40.46,8.13,14.16,44.9,-89.0,-9.3,21.2,57.19,49,6,5,2,0.71,0,0,0,0,0,normal,
2026-09-15T07:45,Telkom,Gauteng,Pretoria,PTA-HAT-011,PTA-HAT-011-A,RAN,98.54,99.1,-0.56,99.13,1.12,98.48,38.21,38.72,1.33,12.58,66.2,-86.6,-9.2,18.7,53.24,54,10,4,7,0.53,40,0,0,0,0,normal,
2026-09-15T07:45,Telkom,Gauteng,Pretoria,PTA-HAT-011,PTA-HAT-011-B,RAN,98.94,99.08,-0.14,99.2,0.54,98.1,32.49,38.69,16.02,7.94,55.2,-88.1,-9.6,15.9,66.52,61,3,2,2,0.66,60,0,0,0,0,normal,
2026-09-15T07:45,Telkom,Gauteng,Pretoria,PTA-HAT-011,PTA-HAT-011-C,RAN,99.54,99.04,0.5,98.53,0.64,99.04,38.87,37.43,-3.84,10.35,66.8,-88.6,-9.2,18.4,59.69,56,0,6,3,0.92,1,0,0,0,0,normal,
2026-09-15T08:00,Telkom,Western Cape,Cape Town,CPT-BEL-007,CPT-BEL-007-A,RAN,98.9,99.08,-0.18,98.11,0.41,98.16,48.26,41.96,-15.0,10.72,49.2,-86.7,-7.8,15.3,50.77,49,6,6,2,0.52,29,1,0,0,0,normal,
2026-09-15T08:00,Telkom,Western Cape,Cape Town,CPT-BEL-007,CPT-BEL-007-B,RAN,99.07,99.09,-0.02,98.74,0.29,98.89,40.12,41.7,3.78,12.01,54.7,-85.1,-11.1,16.5,54.61,45,2,2,0,1.65,56,1,0,0,0,normal,
2026-09-15T08:00,Telkom,Western Cape,Cape Town,CPT-BEL-007,CPT-BEL-007-C,RAN,98.95,99.22,-0.27,99.11,0.14,98.7,35.77,40.13,10.86,11.14,62.4,-86.0,-12.0,11.4,54.69,49,4,3,0,1.31,113,1,0,0,0,normal,
2026-09-15T08:00,Telkom,Gauteng,Johannesburg,JHB-CBD-003,JHB-CBD-003-A,RAN,98.42,99.08,-0.66,98.32,0.71,98.09,42.4,40.33,-5.14,13.41,51.3,-82.9,-9.8,12.9,54.91,48,4,5,5,0.87,0,1,0,0,0,normal,
2026-09-15T08:00,Telkom,Gauteng,Johannesburg,JHB-CBD-003,JHB-CBD-003-B,RAN,99.61,98.99,0.62,98.23,1.17,98.99,38.91,41.26,5.7,9.05,48.5,-87.6,-9.8,17.9,62.8,49,4,6,8,0.51,63,1,0,0,0,normal,
2026-09-15T08:00,Telkom,Gauteng,Johannesburg,JHB-CBD-003,JHB-CBD-003-C,RAN,99.04,99.13,-0.09,98.47,0.8,98.53,43.98,40.45,-8.73,12.12,47.6,-85.6,-10.3,12.7,58.55,54,3,5,5,0.39,47,1,0,0,0,normal,
2026-09-15T08:00,Telkom,Gauteng,Soweto,JHB-SOW-018,JHB-SOW-018-A,RAN,98.27,99.12,-0.85,98.97,0.47,97.65,39.15,42.35,7.55,10.12,60.0,-87.1,-11.7,15.9,64.13,47,5,9,0,0.89,84,1,0,0,0,normal,
2026-09-15T08:00,Telkom,Gauteng,Soweto,JHB-SOW-018,JHB-SOW-018-B,RAN,98.93,99.21,-0.28,98.84,0.7,98.81,32.94,41.1,19.86,10.52,57.3,-86.7,-9.8,17.4,60.15,53,3,1,2,1.12,43,1,0,0,0,normal,
2026-09-15T08:00,Telkom,Gauteng,Soweto,JHB-SOW-018,JHB-SOW-018-C,RAN,99.33,98.96,0.37,98.95,0.65,99.69,39.85,39.87,0.04,13.23,54.5,-83.5,-11.4,15.0,51.72,48,4,6,3,0.13,101,1,0,0,0,normal,
2026-09-15T08:00,Telkom,Gauteng,Pretoria,PTA-HAT-011,PTA-HAT-011-A,RAN,98.88,99.08,-0.2,98.94,0.63,98.75,37.36,38.63,3.28,14.36,52.4,-89.5,-9.2,14.3,52.49,58,5,5,2,0.15,6,1,0,0,0,normal,
2026-09-15T08:00,Telkom,Gauteng,Pretoria,PTA-HAT-011,PTA-HAT-011-B,RAN,98.8,99.06,-0.26,97.89,0.34,99.26,30.15,37.88,20.42,11.03,41.4,-86.2,-10.2,18.6,60.42,53,6,4,0,0.87,64,1,0,0,0,normal,
2026-09-15T08:00,Telkom,Gauteng,Pretoria,PTA-HAT-011,PTA-HAT-011-C,RAN,98.93,99.11,-0.18,98.5,0.42,98.73,30.12,37.19,19.01,8.24,57.2,-82.8,-9.5,18.6,62.28,61,3,8,3,0.79,68,1,0,0,0,normal,
2026-09-15T08:15,Telkom,Western Cape,Cape Town,CPT-BEL-007,CPT-BEL-007-A,RAN,99.14,99.09,0.05,98.5,0.8,98.21,39.22,42.47,7.66,10.35,65.6,-83.2,-9.1,18.2,60.53,47,5,3,3,0.81,0,1,0,0,0,normal,
2026-09-15T08:15,Telkom,Western Cape,Cape Town,CPT-BEL-007,CPT-BEL-007-B,RAN,99.78,99.11,0.67,98.6,0.51,98.76,37.99,41.65,8.79,12.75,42.3,-89.9,-11.9,12.3,51.69,48,0,3,1,0.96,120,1,0,0,0,normal,
2026-09-15T08:15,Telkom,Western Cape,Cape Town,CPT-BEL-007,CPT-BEL-007-C,RAN,99.03,99.2,-0.17,98.53,0.72,98.43,36.39,39.9,8.79,11.04,71.7,-85.9,-9.4,18.0,58.71,55,3,6,3,0.84,0,1,0,0,0,normal,
2026-09-15T08:15,Telkom,Gauteng,Johannesburg,JHB-CBD-003,JHB-CBD-003-A,RAN,98.9,99.03,-0.12,98.69,1.15,98.43,29.04,40.49,28.28,12.54,56.8,-80.0,-10.4,17.0,57.03,55,6,9,7,0.42,117,1,0,0,0,normal,
2026-09-15T08:15,Telkom,Gauteng,Johannesburg,JHB-CBD-003,JHB-CBD-003-B,RAN,98.8,99.02,-0.22,98.85,0.11,98.24,32.36,40.85,20.78,15.29,57.2,-87.8,-6.7,15.8,62.86,57,7,3,1,0.6,0,1,0,0,1,normal,
2026-09-15T08:15,Telkom,Gauteng,Johannesburg,JHB-CBD-003,JHB-CBD-003-C,RAN,98.74,99.09,-0.35,98.84,0.65,99.24,35.56,40.6,12.42,10.35,50.0,-88.6,-11.4,17.8,65.55,59,4,5,4,0.17,84,1,0,0,0,normal,
2026-09-15T08:15,Telkom,Gauteng,Soweto,JHB-SOW-018,JHB-SOW-018-A,RAN,98.91,99.09,-0.18,98.82,0.26,98.05,37.36,41.7,10.41,14.63,53.9,-85.3,-10.1,16.9,53.02,52,4,3,0,0.97,0,1,0,0,0,normal,
2026-09-15T08:15,Telkom,Gauteng,Soweto,JHB-SOW-018,JHB-SOW-018-B,RAN,99.36,99.19,0.17,98.25,0.57,99.17,39.05,40.57,3.74,15.23,50.1,-87.6,-10.0,18.9,52.92,48,3,8,4,0.4,0,1,0,0,0,normal,
2026-09-15T08:15,Telkom,Gauteng,Soweto,JHB-SOW-018,JHB-SOW-018-C,RAN,99.68,98.99,0.69,98.18,0.36,98.62,42.0,39.87,-5.35,16.01,53.7,-84.3,-8.8,17.7,50.71,41,0,2,2,0.93,0,1,0,0,0,normal,
2026-09-15T08:15,Telkom,Gauteng,Pretoria,PTA-HAT-011,PTA-HAT-011-A,RAN,98.83,99.04,-0.21,99.12,0.1,97.86,31.86,38.65,17.57,8.69,52.2,-89.0,-10.3,14.1,68.83,58,10,0,0,0.1,226,1,0,0,0,normal,
2026-09-15T08:15,Telkom,Gauteng,Pretoria,PTA-HAT-011,PTA-HAT-011-B,RAN,98.76,99.07,-0.31,98.46,0.72,97.56,40.78,37.01,-10.2,14.19,56.0,-79.8,-9.4,15.8,56.9,57,8,3,5,0.77,5,1,0,0,0,normal,
2026-09-15T08:15,Telkom,Gauteng,Pretoria,PTA-HAT-011,PTA-HAT-011-C,RAN,98.9,99.11,-0.21,98.07,0.82,98.74,35.66,36.81,3.13,9.13,58.7,-84.4,-10.7,14.8,67.24,61,3,8,4,0.74,91,1,0,0,0,normal,
2026-09-15T08:30,Telkom,Western Cape,Cape Town,CPT-BEL-007,CPT-BEL-007-A,RAN,98.95,99.12,-0.17,98.88,0.13,97.92,34.7,42.73,18.79,13.87,55.7,-84.9,-9.5,19.1,62.06,60,8,3,2,0.35,0,0,0,0,0,normal,
2026-09-15T08:30,Telkom,Western Cape,Cape Town,CPT-BEL-007,CPT-BEL-007-B,RAN,98.85,99.18,-0.33,99.1,0.05,99.35,34.65,40.99,15.46,13.64,49.7,-78.9,-8.1,18.2,60.85,57,6,4,1,0.4,10,0,0,0,0,normal,
2026-09-15T08:30,Telkom,Western Cape,Cape Town,CPT-BEL-007,CPT-BEL-007-C,RAN,99.44,99.16,0.28,98.77,0.82,99.44,33.99,39.31,13.53,14.23,58.2,-87.0,-9.9,14.8,60.6,48,5,4,2,1.01,23,0,0,0,0,normal,
2026-09-15T08:30,Telkom,Gauteng,Johannesburg,JHB-CBD-003,JHB-CBD-003-A,RAN,99.06,99.02,0.04,98.57,0.62,98.95,46.21,39.79,-16.13,10.13,60.6,-86.3,-10.5,15.6,53.7,57,5,8,3,0.6,81,0,0,0,0,normal,
2026-09-15T08:30,Telkom,Gauteng,Johannesburg,JHB-CBD-003,JHB-CBD-003-B,RAN,99.58,98.99,0.59,98.88,0.77,97.86,41.64,40.69,-2.34,11.46,54.0,-85.6,-11.1,15.1,53.04,57,2,5,1,0.18,0,0,0,0,1,normal,
2026-09-15T08:30,Telkom,Gauteng,Johannesburg,JHB-CBD-003,JHB-CBD-003-C,RAN,99.15,99.08,0.07,98.67,0.94,97.71,37.03,40.23,7.94,14.56,65.0,-86.6,-8.4,20.4,51.76,49,4,1,5,0.42,0,0,0,0,0,normal,
2026-09-15T08:30,Telkom,Gauteng,Soweto,JHB-SOW-018,JHB-SOW-018-A,RAN,98.93,99.07,-0.14,98.99,0.25,99.46,29.77,41.45,28.19,9.36,57.9,-87.1,-9.4,16.0,59.6,55,2,3,1,0.94,0,0,0,0,0,normal,
2026-09-15T08:30,Telkom,Gauteng,Soweto,JHB-SOW-018,JHB-SOW-018-B,RAN,98.42,99.2,-0.78,99.57,0.81,98.28,38.91,40.35,3.56,12.26,61.5,-88.5,-9.4,19.7,57.54,44,6,1,3,1.26,0,0,0,0,0,normal,
2026-09-15T08:30,Telkom,Gauteng,Soweto,JHB-SOW-018,JHB-SOW-018-C,RAN,99.49,99.07,0.42,98.96,0.39,98.48,43.45,40.46,-7.4,11.64,42.8,-87.8,-11.5,14.5,57.55,49,2,5,1,0.94,0,0,0,0,0,normal,
2026-09-15T08:30,Telkom,Gauteng,Pretoria,PTA-HAT-011,PTA-HAT-011-A,RAN,99.65,99.03,0.62,99.03,0.38,99.11,30.67,37.81,18.89,10.53,62.4,-87.4,-9.2,18.3,72.13,60,1,8,2,1.38,100,0,0,0,0,normal,
2026-09-15T08:30,Telkom,Gauteng,Pretoria,PTA-HAT-011,PTA-HAT-011-B,RAN,99.01,99.08,-0.07,99.53,0.05,98.19,35.66,36.91,3.38,13.78,57.1,-83.8,-9.7,15.9,54.9,49,2,2,0,1.1,201,0,0,0,0,normal,
2026-09-15T08:30,Telkom,Gauteng,Pretoria,PTA-HAT-011,PTA-HAT-011-C,RAN,98.93,99.09,-0.16,98.29,0.37,99.95,30.79,36.55,15.76,11.83,49.6,-88.9,-8.6,16.7,60.91,59,6,7,0,1.03,0,0,0,0,0,normal,
2026-09-15T08:45,Telkom,Western Cape,Cape Town,CPT-BEL-007,CPT-BEL-007-A,RAN,99.43,99.1,0.33,98.48,0.13,98.03,32.33,42.01,23.04,12.94,58.0,-84.2,-11.7,21.4,59.5,54,4,9,2,0.9,0,0,0,0,0,normal,
2026-09-15T08:45,Telkom,Western Cape,Cape Town,CPT-BEL-007,CPT-BEL-007-B,RAN,99.23,99.16,0.07,98.47,0.36,99.47,49.08,40.46,-21.31,13.23,51.8,-84.0,-10.5,21.9,42.37,43,0,4,1,0.98,0,0,0,0,0,normal,
2026-09-15T08:45,Telkom,Western Cape,Cape Town,CPT-BEL-007,CPT-BEL-007-C,RAN,99.23,99.19,0.04,98.63,0.54,98.38,37.72,38.65,2.41,12.72,57.7,-85.6,-9.6,20.4,56.76,48,3,5,3,0.7,1,0,0,0,0,normal,
2026-09-15T08:45,Telkom,Gauteng,Johannesburg,JHB-CBD-003,JHB-CBD-003-A,RAN,95.77,99.01,-3.24,97.89,1.8,98.43,39.23,40.2,2.41,11.98,74.2,-86.7,-10.5,19.6,55.06,51,14,8,6,1.27,339,0,0,0,0,normal,
2026-09-15T08:45,Telkom,Gauteng,Johannesburg,JHB-CBD-003,JHB-CBD-003-B,RAN,91.18,99.05,-7.87,93.96,3.77,95.45,18.15,40.67,55.37,10.45,92.0,-85.0,-14.5,15.7,77.45,53,40,20,19,3.12,575,0,0,0,1,cell_degradation,INC-20260915-JHB-CBD-003-B
2026-09-15T08:45,Telkom,Gauteng,Johannesburg,JHB-CBD-003,JHB-CBD-003-C,RAN,96.64,99.11,-2.47,97.9,1.54,97.12,29.65,40.58,26.93,10.44,68.8,-89.1,-10.6,13.1,65.22,51,22,11,9,1.48,196,0,0,0,0,normal,
2026-09-15T08:45,Telkom,Gauteng,Soweto,JHB-SOW-018,JHB-SOW-018-A,RAN,99.54,99.05,0.5,98.92,0.67,98.76,49.06,40.56,-20.94,9.71,58.5,-84.7,-9.1,16.3,55.15,55,3,4,3,0.44,0,0,0,0,0,normal,
2026-09-15T08:45,Telkom,Gauteng,Soweto,JHB-SOW-018,JHB-SOW-018-B,RAN,99.12,99.13,-0.01,99.14,0.31,98.71,45.35,39.93,-13.58,10.99,53.4,-84.8,-10.5,18.6,50.61,54,4,4,3,0.86,152,0,0,0,0,normal,
2026-09-15T08:45,Telkom,Gauteng,Soweto,JHB-SOW-018,JHB-SOW-018-C,RAN,99.4,99.14,0.26,98.8,0.22,98.82,33.46,40.62,17.64,10.42,52.0,-84.3,-12.9,17.6,61.1,51,2,6,0,1.0,16,0,0,0,0,normal,
2026-09-15T08:45,Telkom,Gauteng,Pretoria,PTA-HAT-011,PTA-HAT-011-A,RAN,99.26,99.04,0.22,98.92,0.35,98.1,40.27,37.23,-8.16,12.93,44.0,-90.9,-11.2,17.2,51.51,57,6,5,2,0.81,72,0,0,0,0,normal,
2026-09-15T08:45,Telkom,Gauteng,Pretoria,PTA-HAT-011,PTA-HAT-011-B,RAN,99.11,99.08,0.03,98.79,0.68,98.26,35.47,36.56,2.98,10.43,53.9,-81.4,-8.6,15.5,62.72,54,2,9,3,0.71,144,0,0,0,0,normal,
2026-09-15T08:45,Telkom,Gauteng,Pretoria,PTA-HAT-011,PTA-HAT-011-C,RAN,99.31,99.07,0.24,99.49,0.86,97.84,40.81,36.24,-12.61,7.75,61.6,-88.6,-11.9,18.9,60.38,57,0,4,3,0.1,0,0,0,0,0,normal,
2026-09-15T09:00,Telkom,Western Cape,Cape Town,CPT-BEL-007,CPT-BEL-007-A,RAN,98.83,99.1,-0.27,98.73,0.47,97.94,28.58,41.23,30.68,12.57,68.9,-85.2,-11.3,16.4,64.3,54,3,6,2,0.86,184,1,1,0,0,normal,
2026-09-15T09:00,Telkom,Western Cape,Cape Town,CPT-BEL-007,CPT-BEL-007-B,RAN,99.31,99.18,0.13,99.4,0.92,98.32,39.44,40.68,3.05,8.74,56.0,-88.5,-10.5,22.3,60.6,62,10,0,7,0.79,141,1,1,0,0,normal,
2026-09-15T09:00,Telkom,Western Cape,Cape Town,CPT-BEL-007,CPT-BEL-007-C,RAN,99.34,99.19,0.15,99.04,0.63,99.14,33.24,38.7,14.1,11.53,55.0,-83.5,-9.0,17.5,58.67,54,3,7,2,0.87,87,1,1,0,0,normal,
2026-09-15T09:00,Telkom,Gauteng,Johannesburg,JHB-CBD-003,JHB-CBD-003-A,RAN,96.41,98.79,-2.38,97.48,1.29,96.67,30.18,39.63,23.85,10.85,74.6,-84.2,-11.9,14.0,77.4,61,17,11,8,1.49,351,1,1,0,0,normal,
2026-09-15T09:00,Telkom,Gauteng,Johannesburg,JHB-CBD-003,JHB-CBD-003-B,RAN,89.96,98.57,-8.61,93.01,4.15,95.24,23.57,39.17,39.82,6.7,102.5,-91.7,-11.6,11.4,84.17,58,49,27,18,3.6,671,1,1,0,1,cell_degradation,INC-20260915-JHB-CBD-003-B
2026-09-15T09:00,Telkom,Gauteng,Johannesburg,JHB-CBD-003,JHB-CBD-003-C,RAN,96.17,98.91,-2.74,97.26,1.64,97.72,30.33,39.91,24.0,10.34,58.7,-84.9,-8.7,17.0,56.07,44,13,6,4,1.24,147,1,1,0,0,normal,
2026-09-15T09:00,Telkom,Gauteng,Soweto,JHB-SOW-018,JHB-SOW-018-A,RAN,99.41,99.03,0.38,98.94,0.66,98.37,38.53,40.73,5.4,13.5,58.7,-94.3,-10.8,17.5,50.12,45,0,3,2,0.49,28,1,1,0,0,normal,
2026-09-15T09:00,Telkom,Gauteng,Soweto,JHB-SOW-018,JHB-SOW-018-B,RAN,99.14,99.14,0.0,98.87,0.66,98.99,30.11,40.05,24.83,10.13,67.0,-88.6,-10.1,17.3,64.88,56,4,4,3,1.18,135,1,1,0,0,normal,
2026-09-15T09:00,Telkom,Gauteng,Soweto,JHB-SOW-018,JHB-SOW-018-C,RAN,98.96,99.13,-0.17,98.99,0.31,97.86,36.32,40.38,10.06,11.18,54.5,-85.2,-10.3,18.5,54.76,56,3,5,1,1.02,0,1,1,0,0,normal,
2026-09-15T09:00,Telkom,Gauteng,Pretoria,PTA-HAT-011,PTA-HAT-011-A,RAN,99.36,99.05,0.31,99.36,0.37,98.41,25.81,37.53,31.23,8.22,66.9,-84.2,-11.7,22.2,70.79,55,4,0,3,0.82,0,1,1,0,0,normal,
2026-09-15T09:00,Telkom,Gauteng,Pretoria,PTA-HAT-011,PTA-HAT-011-B,RAN,99.24,99.05,0.19,99.26,0.65,97.89,33.39,36.08,7.45,13.7,54.1,-85.4,-10.5,19.4,67.97,61,1,2,3,0.78,137,1,1,0,0,normal,
2026-09-15T09:00,Telkom,Gauteng,Pretoria,PTA-HAT-011,PTA-HAT-011-C,RAN,99.53,99.07,0.46,99.48,0.15,97.63,37.61,36.38,-3.37,12.98,54.9,-85.2,-11.1,16.5,66.76,62,0,0,0,0.3,113,1,1,0,0,normal,
2026-09-15T09:15,Telkom,Western Cape,Cape Town,CPT-BEL-007,CPT-BEL-007-A,RAN,98.77,99.08,-0.31,98.82,0.84,98.06,39.7,39.55,-0.38,9.84,59.3,-84.8,-8.9,19.2,67.06,54,2,3,5,0.33,0,2,2,0,0,normal,
2026-09-15T09:15,Telkom,Western Cape,Cape Town,CPT-BEL-007,CPT-BEL-007-B,RAN,98.8,99.18,-0.38,99.03,0.44,99.14,40.57,40.38,-0.46,11.97,48.7,-87.4,-10.8,15.6,54.06,55,3,2,0,1.22,0,2,2,0,0,normal,
2026-09-15T09:15,Telkom,Western Cape,Cape Town,CPT-BEL-007,CPT-BEL-007-C,RAN,98.93,99.22,-0.29,99.17,0.46,99.09,36.61,38.52,4.97,14.18,72.4,-87.7,-12.6,14.1,47.8,50,6,1,4,1.0,22,2,2,0,0,normal,
2026-09-15T09:15,Telkom,Gauteng,Johannesburg,JHB-CBD-003,JHB-CBD-003-A,RAN,96.36,98.63,-2.27,97.03,0.94,97.81,30.76,39.14,21.41,7.8,70.2,-86.4,-12.9,16.8,67.91,58,21,16,6,0.98,149,3,3,0,0,normal,
2026-09-15T09:15,Telkom,Gauteng,Johannesburg,JHB-CBD-003,JHB-CBD-003-B,RAN,87.27,97.98,-10.71,92.28,4.51,94.0,10.61,38.08,72.14,6.44,118.6,-85.4,-14.0,12.3,91.67,55,64,33,21,2.96,872,3,3,1,1,cell_degradation,INC-20260915-JHB-CBD-003-B
2026-09-15T09:15,Telkom,Gauteng,Johannesburg,JHB-CBD-003,JHB-CBD-003-C,RAN,97.29,98.71,-1.42,97.69,1.77,97.53,24.66,38.88,36.58,10.61,74.5,-86.9,-8.6,10.7,71.43,59,15,8,8,1.03,180,3,3,0,0,normal,
2026-09-15T09:15,Telkom,Gauteng,Soweto,JHB-SOW-018,JHB-SOW-018-A,RAN,99.0,99.06,-0.06,99.17,0.58,98.55,40.66,40.84,0.44,14.41,63.6,-87.0,-10.7,17.6,45.59,46,3,1,2,1.02,41,2,2,0,0,normal,
2026-09-15T09:15,Telkom,Gauteng,Soweto,JHB-SOW-018,JHB-SOW-018-B,RAN,99.27,99.14,0.13,99.4,0.54,97.9,45.35,39.71,-14.19,10.53,58.1,-81.9,-10.3,18.0,63.99,53,4,1,1,0.8,0,2,2,0,0,normal,
2026-09-15T09:15,Telkom,Gauteng,Soweto,JHB-SOW-018,JHB-SOW-018-C,RAN,98.58,99.13,-0.55,99.66,0.9,98.86,31.24,39.82,21.56,12.11,54.8,-86.6,-9.1,15.9,60.9,45,4,0,2,0.23,18,2,2,0,0,normal,
2026-09-15T09:15,Telkom,Gauteng,Pretoria,PTA-HAT-011,PTA-HAT-011-A,RAN,99.5,99.07,0.43,98.79,0.87,98.35,32.78,36.99,11.38,10.28,64.8,-82.4,-10.4,15.0,69.57,68,7,6,7,0.57,0,2,2,0,0,normal,
2026-09-15T09:15,Telkom,Gauteng,Pretoria,PTA-HAT-011,PTA-HAT-011-B,RAN,99.11,99.08,0.03,98.8,0.76,98.37,37.56,35.73,-5.11,11.94,54.8,-89.6,-10.2,16.0,58.59,63,1,4,3,0.37,151,2,2,0,0,normal,
2026-09-15T09:15,Telkom,Gauteng,Pretoria,PTA-HAT-011,PTA-HAT-011-C,RAN,98.86,99.08,-0.22,98.91,0.36,98.47,33.77,36.68,7.92,13.0,55.5,-87.1,-10.2,11.7,62.75,63,8,4,3,0.47,176,2,2,0,0,normal,
2026-09-15T09:30,Telkom,Western Cape,Cape Town,CPT-BEL-007,CPT-BEL-007-A,RAN,99.43,99.12,0.31,98.38,0.63,98.13,30.46,39.25,22.39,11.59,48.5,-89.6,-11.6,16.9,57.53,52,1,7,3,0.69,146,2,2,0,0,normal,
2026-09-15T09:30,Telkom,Western Cape,Cape Town,CPT-BEL-007,CPT-BEL-007-B,RAN,99.18,99.14,0.04,98.36,0.46,99.0,42.71,39.73,-7.5,9.27,49.0,-87.4,-8.2,17.8,57.19,61,1,6,2,0.94,203,2,2,0,0,normal,
2026-09-15T09:30,Telkom,Western Cape,Cape Town,CPT-BEL-007,CPT-BEL-007-C,RAN,99.5,99.16,0.34,99.28,0.44,98.05,35.08,38.16,8.06,9.83,53.8,-85.7,-9.4,19.6,55.22,60,3,6,6,0.97,0,2,2,0,0,normal,
2026-09-15T09:30,Telkom,Gauteng,Johannesburg,JHB-CBD-003,JHB-CBD-003-A,RAN,96.3,98.49,-2.19,96.96,1.49,97.77,37.45,38.13,1.78,12.39,69.0,-84.1,-10.9,15.8,57.96,58,28,14,8,1.31,218,5,5,0,0,normal,
2026-09-15T09:30,Telkom,Gauteng,Johannesburg,JHB-CBD-003,JHB-CBD-003-B,RAN,85.57,97.23,-11.66,90.8,4.86,93.52,16.28,36.12,54.92,8.53,131.5,-87.7,-12.2,12.0,93.43,56,64,29,22,3.42,922,5,5,5,1,cell_degradation,INC-20260915-JHB-CBD-003-B
2026-09-15T09:30,Telkom,Gauteng,Johannesburg,JHB-CBD-003,JHB-CBD-003-C,RAN,95.91,98.6,-2.69,97.13,1.79,97.87,23.48,37.7,37.71,10.04,72.7,-84.3,-10.8,14.6,69.46,53,19,13,9,1.19,266,5,5,0,0,normal,
2026-09-15T09:30,Telkom,Gauteng,Soweto,JHB-SOW-018,JHB-SOW-018-A,RAN,98.65,99.09,-0.44,98.4,0.33,99.06,40.83,40.53,-0.73,12.12,46.0,-88.0,-11.4,18.4,52.66,53,12,7,2,0.25,76,2,2,0,0,normal,
2026-09-15T09:30,Telkom,Gauteng,Soweto,JHB-SOW-018,JHB-SOW-018-B,RAN,99.3,99.18,0.12,98.9,0.8,98.9,37.82,40.07,5.61,13.44,57.6,-86.4,-9.9,17.8,56.36,55,4,6,2,0.99,70,2,2,0,0,normal,
2026-09-15T09:30,Telkom,Gauteng,Soweto,JHB-SOW-018,JHB-SOW-018-C,RAN,99.11,99.12,-0.01,98.46,0.3,98.71,33.11,39.47,16.1,8.68,56.4,-89.9,-9.0,18.9,60.18,56,5,5,1,0.93,142,2,2,0,0,normal,
2026-09-15T09:30,Telkom,Gauteng,Pretoria,PTA-HAT-011,PTA-HAT-011-A,RAN,98.31,99.14,-0.83,98.45,0.67,98.13,34.56,36.03,4.08,11.71,47.3,-89.7,-11.0,17.0,67.23,58,5,6,1,0.28,5,2,2,0,0,normal,
2026-09-15T09:30,Telkom,Gauteng,Pretoria,PTA-HAT-011,PTA-HAT-011-B,RAN,98.85,99.06,-0.21,98.82,0.49,98.44,38.63,35.72,-8.16,10.03,51.9,-88.4,-13.7,16.6,70.41,67,10,5,4,1.22,154,2,2,0,0,normal,
2026-09-15T09:30,Telkom,Gauteng,Pretoria,PTA-HAT-011,PTA-HAT-011-C,RAN,98.84,99.04,-0.2,98.89,0.41,98.1,32.13,36.24,11.35,11.95,52.4,-86.8,-8.9,21.5,67.93,65,8,4,2,0.35,12,2,2,0,0,normal,
2026-09-15T09:45,Telkom,Western Cape,Cape Town,CPT-BEL-007,CPT-BEL-007-A,RAN,99.47,99.19,0.28,98.39,0.44,98.41,39.97,38.51,-3.78,11.8,44.8,-85.4,-9.7,16.5,50.38,50,0,1,3,0.95,0,2,2,0,0,normal,
2026-09-15T09:45,Telkom,Western Cape,Cape Town,CPT-BEL-007,CPT-BEL-007-B,RAN,99.38,99.13,0.25,99.11,0.42,97.98,34.13,39.9,14.46,11.08,63.1,-86.9,-10.5,14.9,61.54,62,3,5,1,0.36,122,2,2,0,0,normal,
2026-09-15T09:45,Telkom,Western Cape,Cape Town,CPT-BEL-007,CPT-BEL-007-C,RAN,98.8,99.19,-0.39,98.77,0.33,99.17,29.07,38.03,23.56,10.29,59.1,-91.5,-8.1,12.6,55.99,56,9,5,1,0.51,106,2,2,0,0,normal,
2026-09-15T09:45,Telkom,Gauteng,Johannesburg,JHB-CBD-003,JHB-CBD-003-A,RAN,96.29,98.34,-2.05,97.21,1.8,97.17,26.73,37.2,28.14,9.59,64.3,-86.8,-12.0,13.6,68.54,57,18,13,12,1.6,266,6,5,1,0,normal,
2026-09-15T09:45,Telkom,Gauteng,Johannesburg,JHB-CBD-003,JHB-CBD-003-B,RAN,83.29,96.39,-13.1,90.22,5.23,93.25,4.22,34.61,87.81,2.07,135.9,-89.8,-14.1,7.4,99.5,67,92,40,27,4.08,1055,6,5,6,0,cell_degradation,INC-20260915-JHB-CBD-003-B
2026-09-15T09:45,Telkom,Gauteng,Johannesburg,JHB-CBD-003,JHB-CBD-003-C,RAN,96.53,98.43,-1.9,97.11,1.41,96.98,17.2,37.15,53.7,7.98,69.2,-84.0,-11.4,15.4,79.99,67,27,17,11,1.4,185,6,5,1,0,normal,
2026-09-15T09:45,Telkom,Gauteng,Soweto,JHB-SOW-018,JHB-SOW-018-A,RAN,99.12,99.07,0.05,98.66,0.73,99.18,37.19,40.45,8.05,11.83,44.8,-82.4,-9.3,14.7,56.45,51,2,5,2,0.47,87,2,2,0,0,normal,
2026-09-15T09:45,Telkom,Gauteng,Soweto,JHB-SOW-018,JHB-SOW-018-B,RAN,99.35,99.22,0.13,99.31,0.61,98.71,33.59,40.16,16.37,9.38,54.3,-88.7,-9.4,18.9,52.86,47,0,5,2,0.4,129,2,2,0,0,normal,
2026-09-15T09:45,Telkom,Gauteng,Soweto,JHB-SOW-018,JHB-SOW-018-C,RAN,99.0,99.11,-0.11,98.8,0.56,98.41,36.87,38.89,5.2,10.85,58.9,-86.5,-10.9,13.9,62.26,61,6,4,3,0.65,0,2,2,0,0,normal,
2026-09-15T09:45,Telkom,Gauteng,Pretoria,PTA-HAT-011,PTA-HAT-011-A,RAN,99.59,99.1,0.49,98.72,0.85,97.45,34.41,35.56,3.22,10.96,58.2,-84.4,-8.9,15.1,65.97,67,3,4,4,1.03,0,2,2,0,0,normal,
2026-09-15T09:45,Telkom,Gauteng,Pretoria,PTA-HAT-011,PTA-HAT-011-B,RAN,99.49,99.02,0.47,98.99,0.48,98.99,26.25,35.49,26.04,7.87,55.2,-82.8,-11.0,18.3,71.53,63,4,7,3,0.46,0,2,2,0,0,normal,
2026-09-15T09:45,Telkom,Gauteng,Pretoria,PTA-HAT-011,PTA-HAT-011-C,RAN,99.24,99.01,0.23,98.23,0.65,98.22,34.62,36.09,4.06,10.28,54.9,-89.3,-11.7,15.1,66.33,62,6,10,5,1.39,105,2,2,0,0,normal,
2026-09-15T10:00,Telkom,Western Cape,Cape Town,CPT-BEL-007,CPT-BEL-007-A,RAN,98.08,99.23,-1.16,99.03,0.69,97.91,40.44,38.62,-4.72,13.18,60.5,-84.1,-10.1,13.8,53.36,55,12,2,4,0.51,22,2,2,0,0,normal,
2026-09-15T10:00,Telkom,Western Cape,Cape Town,CPT-BEL-007,CPT-BEL-007-B,RAN,98.84,99.12,-0.28,99.21,0.14,97.94,30.64,39.55,22.53,11.21,47.0,-83.8,-9.3,15.1,62.82,55,8,5,0,0.78,156,2,2,0,0,normal,
2026-09-15T10:00,Telkom,Western Cape,Cape Town,CPT-BEL-007,CPT-BEL-007-C,RAN,99.18,99.14,0.04,99.42,0.22,97.54,34.81,37.29,6.66,14.01,53.8,-86.1,-9.4,18.8,53.75,52,5,0,0,0.56,0,2,2,0,0,normal,
2026-09-15T10:00,Telkom,Gauteng,Johannesburg,JHB-CBD-003,JHB-CBD-003-A,RAN,96.29,98.17,-1.88,97.36,1.56,97.8,22.53,36.29,37.91,9.85,67.2,-83.6,-10.5,17.2,68.78,61,26,14,11,1.56,255,6,5,1,0,normal,
2026-09-15T10:00,Telkom,Gauteng,Johannesburg,JHB-CBD-003,JHB-CBD-003-B,RAN,84.24,95.44,-11.2,89.61,6.08,92.51,17.32,32.53,46.76,6.39,128.9,-87.4,-15.6,6.4,85.6,49,71,34,26,5.05,1014,6,5,9,0,cell_degradation,INC-20260915-JHB-CBD-003-B
2026-09-15T10:00,Telkom,Gauteng,Johannesburg,JHB-CBD-003,JHB-CBD-003-C,RAN,96.51,98.26,-1.75,97.12,1.59,96.95,28.75,35.66,19.38,9.36,72.2,-84.1,-10.6,15.0,72.44,63,24,15,12,0.95,132,6,5,1,0,normal,
2026-09-15T10:00,Telkom,Gauteng,Soweto,JHB-SOW-018,JHB-SOW-018-A,RAN,99.02,99.07,-0.05,98.4,0.47,97.6,44.54,40.03,-11.26,10.68,45.4,-85.2,-9.3,15.5,56.84,43,2,4,3,0.73,75,2,2,0,0,normal,
2026-09-15T10:00,Telkom,Gauteng,Soweto,JHB-SOW-018,JHB-SOW-018-B,RAN,98.8,99.19,-0.39,97.66,1.24,97.58,36.82,39.93,7.78,12.64,47.9,-82.4,-11.0,17.0,62.78,59,8,12,7,0.76,8,2,2,0,0,normal,
2026-09-15T10:00,Telkom,Gauteng,Soweto,JHB-SOW-018,JHB-SOW-018-C,RAN,98.98,99.12,-0.14,98.89,0.36,98.37,43.26,38.6,-12.08,12.69,51.4,-84.4,-11.8,14.0,54.04,46,9,1,2,0.84,0,2,2,0,0,normal,
2026-09-15T10:00,Telkom,Gauteng,Pretoria,PTA-HAT-011,PTA-HAT-011-A,RAN,99.61,99.11,0.5,99.2,0.83,98.34,30.58,35.61,14.13,9.72,55.0,-85.7,-10.7,15.2,69.19,62,0,0,2,0.59,9,2,2,0,0,normal,
2026-09-15T10:00,Telkom,Gauteng,Pretoria,PTA-HAT-011,PTA-HAT-011-B,RAN,98.72,99.08,-0.36,98.57,0.56,99.25,34.4,35.17,2.19,11.98,58.2,-82.0,-10.8,20.2,62.7,59,8,7,2,0.51,0,2,2,0,0,normal,
2026-09-15T10:00,Telkom,Gauteng,Pretoria,PTA-HAT-011,PTA-HAT-011-C,RAN,99.05,99.04,0.01,98.96,0.71,97.71,33.09,35.6,7.05,11.24,55.4,-86.3,-10.2,16.3,70.88,69,6,9,5,0.11,83,2,2,0,0,normal,
2026-09-15T10:15,Telkom,Western Cape,Cape Town,CPT-BEL-007,CPT-BEL-007-A,RAN,98.64,99.14,-0.5,98.68,0.53,98.08,30.74,38.48,20.12,11.0,57.2,-84.4,-10.9,21.6,62.02,65,6,4,4,0.81,84,2,2,0,0,normal,
2026-09-15T10:15,Telkom,Western Cape,Cape Town,CPT-BEL-007,CPT-BEL-007-B,RAN,99.16,99.09,0.07,98.91,0.7,98.65,41.19,39.29,-4.83,12.77,57.5,-86.6,-11.1,15.8,55.62,51,5,4,3,1.12,110,2,2,0,0,normal,
2026-09-15T10:15,Telkom,Western Cape,Cape Town,CPT-BEL-007,CPT-BEL-007-C,RAN,98.62,99.16,-0.54,98.29,0.13,98.33,33.99,37.0,8.13,10.35,58.9,-87.1,-10.4,19.5,59.88,59,7,2,1,0.45,88,2,2,0,0,normal,
2026-09-15T10:15,Telkom,Gauteng,Johannesburg,JHB-CBD-003,JHB-CBD-003-A,RAN,96.06,97.99,-1.93,97.48,1.04,97.93,35.37,35.06,-0.89,8.41,75.8,-84.6,-12.3,17.7,65.37,56,15,8,6,1.52,276,6,5,1,0,normal,
2026-09-15T10:15,Telkom,Gauteng,Johannesburg,JHB-CBD-003,JHB-CBD-003-B,RAN,83.38,94.54,-11.16,88.89,6.16,91.79,20.13,30.47,33.94,5.89,133.3,-89.4,-15.6,9.5,89.44,55,99,49,37,4.89,1022,6,5,12,0,cell_degradation,INC-20260915-JHB-CBD-003-B
2026-09-15T10:15,Telkom,Gauteng,Johannesburg,JHB-CBD-003,JHB-CBD-003-C,RAN,96.34,98.13,-1.79,97.71,1.57,96.67,30.96,34.42,10.05,11.1,71.7,-91.9,-11.3,12.7,62.73,62,20,10,9,1.6,266,6,5,1,0,normal,
2026-09-15T10:15,Telkom,Gauteng,Soweto,JHB-SOW-018,JHB-SOW-018-A,RAN,99.32,99.05,0.27,99.69,0.15,99.08,38.13,40.31,5.42,12.08,60.2,-87.0,-10.5,18.9,54.16,48,4,0,0,0.8,37,2,2,0,0,normal,
2026-09-15T10:15,Telkom,Gauteng,Soweto,JHB-SOW-018,JHB-SOW-018-B,RAN,98.94,99.17,-0.23,98.52,0.6,98.62,31.51,39.65,20.54,10.77,51.2,-87.4,-9.6,16.7,65.07,65,7,7,2,0.83,0,2,2,0,0,normal,
2026-09-15T10:15,Telkom,Gauteng,Soweto,JHB-SOW-018,JHB-SOW-018-C,RAN,99.68,99.11,0.57,98.93,0.08,98.02,35.85,38.47,6.81,11.82,51.0,-85.9,-8.5,16.9,63.17,56,2,4,0,0.63,82,2,2,0,0,normal,
2026-09-15T10:15,Telkom,Gauteng,Pretoria,PTA-HAT-011,PTA-HAT-011-A,RAN,98.98,99.12,-0.14,98.93,0.41,99.03,31.54,34.64,8.94,11.03,51.4,-87.1,-10.8,13.7,61.21,61,6,3,0,0.7,150,2,2,0,0,normal,
2026-09-15T10:15,Telkom,Gauteng,Pretoria,PTA-HAT-011,PTA-HAT-011-B,RAN,99.24,99.03,0.21,98.93,0.74,98.22,28.49,35.01,18.62,14.38,53.8,-89.1,-8.4,16.5,59.13,65,0,3,4,0.55,58,2,2,0,0,normal,
2026-09-15T10:15,Telkom,Gauteng,Pretoria,PTA-HAT-011,PTA-HAT-011-C,RAN,98.94,99.03,-0.09,98.89,0.87,98.13,39.83,35.45,-12.35,10.56,57.2,-89.9,-9.9,14.5,58.35,70,3,5,7,0.35,201,2,2,0,0,normal,
2026-09-15T10:30,Telkom,Western Cape,Cape Town,CPT-BEL-007,CPT-BEL-007-A,RAN,98.72,99.13,-0.41,99.2,0.76,97.74,31.24,37.74,17.22,10.81,50.7,-82.2,-10.4,19.3,56.21,55,5,3,5,0.89,141,3,2,0,0,normal,
2026-09-15T10:30,Telkom,Western Cape,Cape Town,CPT-BEL-007,CPT-BEL-007-B,RAN,99.09,99.13,-0.04,98.27,0.24,97.96,39.06,39.33,0.69,13.1,52.1,-82.8,-10.0,19.6,54.17,52,5,8,0,0.93,156,3,2,0,0,normal,
2026-09-15T10:30,Telkom,Western Cape,Cape Town,CPT-BEL-007,CPT-BEL-007-C,RAN,99.61,99.12,0.49,98.52,0.5,97.59,36.76,36.37,-1.07,10.1,65.3,-89.4,-10.9,18.7,65.15,61,0,4,1,0.29,37,3,2,0,0,normal,
2026-09-15T10:30,Telkom,Gauteng,Johannesburg,JHB-CBD-003,JHB-CBD-003-A,RAN,97.02,97.78,-0.76,96.27,1.91,97.17,30.48,35.11,13.19,9.72,74.4,-87.7,-10.7,16.3,68.63,61,19,16,11,1.07,329,7,5,1,0,normal,
2026-09-15T10:30,Telkom,Gauteng,Johannesburg,JHB-CBD-003,JHB-CBD-003-B,RAN,80.75,93.57,-12.82,88.34,6.29,90.95,4.97,29.36,83.07,2.28,147.4,-89.9,-16.4,9.0,97.54,59,135,63,44,5.51,1197,7,5,8,0,cell_degradation,INC-20260915-JHB-CBD-003-B
2026-09-15T10:30,Telkom,Gauteng,Johannesburg,JHB-CBD-003,JHB-CBD-003-C,RAN,95.82,97.98,-2.16,97.26,1.52,98.1,37.11,33.48,-10.83,10.24,69.8,-84.4,-11.2,13.6,59.74,55,14,5,6,1.12,200,7,5,1,0,normal,
2026-09-15T10:30,Telkom,Gauteng,Soweto,JHB-SOW-018,JHB-SOW-018-A,RAN,98.61,99.03,-0.42,98.71,0.84,98.91,33.12,39.95,17.1,11.13,64.2,-90.3,-11.4,18.7,62.3,56,10,5,4,0.81,0,3,2,0,0,normal,
2026-09-15T10:30,Telkom,Gauteng,Soweto,JHB-SOW-018,JHB-SOW-018-B,RAN,98.36,99.12,-0.76,98.49,0.62,98.43,33.95,39.22,13.43,13.27,50.0,-89.3,-11.0,16.9,61.42,57,8,4,3,0.4,55,3,2,0,0,normal,
2026-09-15T10:30,Telkom,Gauteng,Soweto,JHB-SOW-018,JHB-SOW-018-C,RAN,98.76,99.16,-0.4,98.79,0.5,97.61,38.85,38.18,-1.76,12.89,52.4,-86.4,-9.0,17.5,64.47,55,6,6,2,0.84,101,3,2,0,0,normal,
2026-09-15T10:30,Telkom,Gauteng,Pretoria,PTA-HAT-011,PTA-HAT-011-A,RAN,98.81,99.12,-0.31,99.1,0.67,99.28,35.08,33.93,-3.38,9.64,58.6,-90.2,-8.8,16.9,70.2,68,6,3,3,1.17,0,3,2,0,0,normal,
2026-09-15T10:30,Telkom,Gauteng,Pretoria,PTA-HAT-011,PTA-HAT-011-B,RAN,99.89,99.02,0.87,98.69,0.6,98.78,34.77,33.94,-2.46,10.56,61.3,-82.6,-9.5,16.2,60.19,64,1,0,2,0.43,241,3,2,0,0,normal,
2026-09-15T10:30,Telkom,Gauteng,Pretoria,PTA-HAT-011,PTA-HAT-011-C,RAN,99.42,99.05,0.37,98.73,0.67,98.11,36.33,35.82,-1.42,13.48,68.2,-89.3,-9.3,15.4,68.78,73,5,8,6,0.32,13,3,2,0,0,normal,
2026-09-15T10:45,Telkom,Western Cape,Cape Town,CPT-BEL-007,CPT-BEL-007-A,RAN,99.34,99.06,0.28,98.59,0.59,98.86,39.61,37.14,-6.64,12.18,63.2,-87.7,-10.1,16.1,54.03,56,4,3,3,0.74,11,3,2,0,0,normal,
2026-09-15T10:45,Telkom,Western Cape,Cape Town,CPT-BEL-007,CPT-BEL-007-B,RAN,98.5,99.14,-0.64,99.33,0.69,99.13,45.2,38.92,-16.12,11.01,55.8,-85.6,-11.6,16.0,62.48,60,5,5,2,1.14,163,3,2,0,0,normal,
2026-09-15T10:45,Telkom,Western Cape,Cape Town,CPT-BEL-007,CPT-BEL-007-C,RAN,99.05,99.16,-0.11,98.62,0.55,98.66,39.11,36.43,-7.35,10.19,57.6,-90.5,-12.0,15.3,55.63,58,4,4,1,0.6,178,3,2,0,0,normal,
2026-09-15T10:45,Telkom,Gauteng,Johannesburg,JHB-CBD-003,JHB-CBD-003-A,RAN,96.7,97.66,-0.96,96.99,1.17,97.36,27.32,34.48,20.78,10.06,60.8,-84.6,-10.7,18.1,69.14,54,8,7,4,0.94,184,7,5,0,0,normal,
2026-09-15T10:45,Telkom,Gauteng,Johannesburg,JHB-CBD-003,JHB-CBD-003-B,RAN,80.59,92.38,-11.79,87.98,6.67,92.58,4.88,27.15,82.02,1.84,140.1,-86.7,-13.9,5.4,91.0,55,103,52,38,5.53,1168,7,5,11,0,cell_degradation,INC-20260915-JHB-CBD-003-B
2026-09-15T10:45,Telkom,Gauteng,Johannesburg,JHB-CBD-003,JHB-CBD-003-C,RAN,95.88,97.73,-1.85,96.75,1.35,98.03,30.14,32.9,8.38,14.54,75.3,-87.7,-9.3,16.6,62.41,58,24,14,6,1.23,208,7,5,0,0,normal,
2026-09-15T10:45,Telkom,Gauteng,Soweto,JHB-SOW-018,JHB-SOW-018-A,RAN,99.22,98.97,0.25,98.58,0.39,97.98,37.69,39.48,4.54,10.41,54.7,-88.5,-10.6,17.2,56.83,57,5,9,0,0.75,41,3,2,0,0,normal,
2026-09-15T10:45,Telkom,Gauteng,Soweto,JHB-SOW-018,JHB-SOW-018-B,RAN,99.22,99.06,0.16,98.89,0.86,98.35,35.53,38.41,7.51,12.83,53.6,-82.9,-8.3,15.9,61.63,55,5,4,3,0.79,22,3,2,0,0,normal,
2026-09-15T10:45,Telkom,Gauteng,Soweto,JHB-SOW-018,JHB-SOW-018-C,RAN,99.3,99.14,0.16,98.61,0.41,99.11,42.83,37.87,-13.09,10.0,44.6,-87.5,-8.0,19.5,45.75,36,2,3,1,0.5,145,3,2,0,0,normal,
2026-09-15T10:45,Telkom,Gauteng,Pretoria,PTA-HAT-011,PTA-HAT-011-A,RAN,99.27,99.09,0.18,97.74,0.44,98.75,36.38,33.95,-7.17,12.04,51.4,-86.0,-8.8,20.3,57.4,64,3,12,2,0.52,67,3,2,0,0,normal,
2026-09-15T10:45,Telkom,Gauteng,Pretoria,PTA-HAT-011,PTA-HAT-011-B,RAN,99.42,99.07,0.35,98.95,0.26,98.5,35.33,34.27,-3.09,12.24,58.0,-83.9,-9.4,22.0,59.45,59,4,3,3,0.73,0,3,2,0,0,normal,
2026-09-15T10:45,Telkom,Gauteng,Pretoria,PTA-HAT-011,PTA-HAT-011-C,RAN,99.34,99.08,0.26,98.53,0.67,98.24,36.43,35.83,-1.68,12.41,54.7,-84.6,-10.1,19.0,56.1,53,3,5,4,0.52,142,3,2,0,0,normal,
2026-09-15T11:00,Telkom,Western Cape,Cape Town,CPT-BEL-007,CPT-BEL-007-A,RAN,99.61,99.04,0.57,98.38,0.56,99.04,35.99,37.57,4.21,14.92,46.4,-84.8,-10.3,15.0,49.21,62,1,5,1,0.1,90,3,2,0,0,normal,
2026-09-15T11:00,Telkom,Western Cape,Cape Town,CPT-BEL-007,CPT-BEL-007-B,RAN,99.27,99.09,0.18,98.79,0.64,98.08,36.02,39.06,7.79,11.12,49.3,-85.8,-9.8,15.7,53.67,59,2,5,2,0.79,1,3,2,0,0,normal,
2026-09-15T11:00,Telkom,Western Cape,Cape Town,CPT-BEL-007,CPT-BEL-007-C,RAN,99.8,99.13,0.67,98.66,0.64,98.21,32.95,36.24,9.07,9.67,56.6,-88.4,-9.3,16.6,60.72,58,0,6,5,0.35,0,3,2,0,0,normal,
2026-09-15T11:00,Telkom,Gauteng,Johannesburg,JHB-CBD-003,JHB-CBD-003-A,RAN,96.78,97.48,-0.7,96.53,1.76,96.31,28.14,33.99,17.2,4.84,68.6,-85.9,-9.9,17.2,74.95,63,23,17,10,1.9,167,7,5,1,0,normal,
2026-09-15T11:00,Telkom,Gauteng,Johannesburg,JHB-CBD-003,JHB-CBD-003-B,RAN,79.7,91.24,-11.54,87.99,6.81,91.84,4.78,24.33,80.36,4.99,144.9,-91.3,-15.4,8.1,99.5,60,120,52,39,5.49,1326,7,5,9,0,cell_degradation,INC-20260915-JHB-CBD-003-B
2026-09-15T11:00,Telkom,Gauteng,Johannesburg,JHB-CBD-003,JHB-CBD-003-C,RAN,96.29,97.54,-1.25,97.48,1.13,98.1,36.73,32.83,-11.89,12.09,62.6,-86.4,-11.2,15.8,61.4,57,10,5,4,1.73,205,7,5,1,0,normal,
2026-09-15T11:00,Telkom,Gauteng,Soweto,JHB-SOW-018,JHB-SOW-018-A,RAN,99.21,99.0,0.21,98.57,0.34,99.38,39.14,38.85,-0.74,15.36,50.7,-82.2,-9.4,19.0,52.07,49,4,6,0,0.68,43,3,2,0,0,normal,
2026-09-15T11:00,Telkom,Gauteng,Soweto,JHB-SOW-018,JHB-SOW-018-B,RAN,98.44,99.03,-0.59,98.94,0.25,99.32,36.19,37.9,4.52,11.65,61.9,-88.3,-10.5,15.6,55.91,53,5,8,2,0.26,7,3,2,0,0,normal,
2026-09-15T11:00,Telkom,Gauteng,Soweto,JHB-SOW-018,JHB-SOW-018-C,RAN,99.25,99.15,0.1,98.6,0.62,98.5,39.8,38.09,-4.49,13.69,61.2,-85.0,-10.3,18.3,62.01,51,0,2,0,0.81,0,3,2,0,0,normal,
2026-09-15T11:00,Telkom,Gauteng,Pretoria,PTA-HAT-011,PTA-HAT-011-A,RAN,98.97,99.11,-0.14,98.53,0.47,98.52,36.94,34.04,-8.53,10.96,54.9,-78.8,-11.7,16.0,58.78,66,7,12,4,0.86,41,3,2,0,0,normal,
2026-09-15T11:00,Telkom,Gauteng,Pretoria,PTA-HAT-011,PTA-HAT-011-B,RAN,99.19,99.11,0.08,99.17,0.52,99.26,46.23,34.33,-34.65,13.38,53.2,-89.3,-7.4,12.7,54.22,57,4,4,3,1.15,0,3,2,0,0,normal,
2026-09-15T11:00,Telkom,Gauteng,Pretoria,PTA-HAT-011,PTA-HAT-011-C,RAN,99.01,99.11,-0.1,98.72,0.12,97.97,32.39,35.51,8.8,12.96,57.0,-83.8,-8.8,10.8,65.19,63,7,5,0,0.44,11,3,2,0,0,normal,
2026-09-15T11:15,Telkom,Western Cape,Cape Town,CPT-BEL-007,CPT-BEL-007-A,RAN,99.25,99.05,0.2,98.63,0.55,98.32,41.68,37.02,-12.6,12.71,48.3,-90.9,-12.1,15.1,56.19,54,3,1,3,0.63,191,3,2,0,0,normal,
2026-09-15T11:15,Telkom,Western Cape,Cape Town,CPT-BEL-007,CPT-BEL-007-B,RAN,98.95,99.11,-0.16,99.27,0.6,98.94,28.75,39.14,26.55,12.14,57.2,-88.4,-8.9,15.1,68.21,61,6,3,3,0.19,172,3,2,0,0,normal,
2026-09-15T11:15,Telkom,Western Cape,Cape Town,CPT-BEL-007,CPT-BEL-007-C,RAN,99.49,99.19,0.3,98.2,0.49,98.82,29.87,35.61,16.11,15.25,46.0,-86.4,-10.2,18.1,54.94,59,3,8,1,1.28,78,3,2,0,0,normal,
2026-09-15T11:15,Telkom,Gauteng,Johannesburg,JHB-CBD-003,JHB-CBD-003-A,RAN,96.54,97.35,-0.81,96.91,1.69,97.49,37.11,33.36,-11.23,11.0,62.2,-87.9,-10.7,16.7,60.43,61,19,16,11,1.59,132,7,5,1,0,normal,
2026-09-15T11:15,Telkom,Gauteng,Johannesburg,JHB-CBD-003,JHB-CBD-003-B,RAN,80.41,90.06,-9.65,88.05,6.76,91.54,1.2,21.94,94.53,3.16,144.5,-88.9,-16.0,7.6,99.5,51,100,46,32,5.21,1073,7,5,6,0,cell_degradation,INC-20260915-JHB-CBD-003-B
2026-09-15T11:15,Telkom,Gauteng,Johannesburg,JHB-CBD-003,JHB-CBD-003-C,RAN,95.71,97.34,-1.63,97.21,1.29,96.85,29.03,32.46,10.56,9.95,65.8,-84.1,-10.8,12.4,69.27,65,20,11,8,1.82,329,7,5,1,0,normal,
2026-09-15T11:15,Telkom,Gauteng,Soweto,JHB-SOW-018,JHB-SOW-018-A,RAN,99.57,98.99,0.58,99.12,0.73,99.06,33.63,39.26,14.34,11.73,61.7,-85.7,-9.5,19.9,61.6,50,6,5,3,0.91,129,3,2,0,0,normal,
2026-09-15T11:15,Telkom,Gauteng,Soweto,JHB-SOW-018,JHB-SOW-018-B,RAN,99.55,98.99,0.56,98.51,0.53,98.41,32.81,37.29,12.01,7.39,55.2,-84.4,-11.3,14.4,70.87,59,3,8,3,0.69,7,3,2,0,0,normal,
2026-09-15T11:15,Telkom,Gauteng,Soweto,JHB-SOW-018,JHB-SOW-018-C,RAN,98.85,99.16,-0.31,98.92,0.78,98.54,35.86,38.11,5.91,8.87,46.0,-84.0,-12.0,16.5,56.13,45,10,2,2,0.93,96,3,2,0,0,normal,
2026-09-15T11:15,Telkom,Gauteng,Pretoria,PTA-HAT-011,PTA-HAT-011-A,RAN,98.84,99.1,-0.26,98.92,0.54,98.78,26.46,34.37,23.0,12.37,47.1,-87.9,-11.3,16.1,63.96,68,8,2,0,0.51,55,3,2,0,0,normal,
2026-09-15T11:15,Telkom,Gauteng,Pretoria,PTA-HAT-011,PTA-HAT-011-B,RAN,99.38,99.12,0.26,98.92,0.88,99.22,30.91,34.81,11.2,6.96,58.2,-86.4,-10.2,18.6,70.81,60,3,4,5,1.16,0,3,2,0,0,normal,
2026-09-15T11:15,Telkom,Gauteng,Pretoria,PTA-HAT-011,PTA-HAT-011-C,RAN,99.67,99.1,0.57,98.55,0.57,97.78,35.88,35.76,-0.34,13.5,63.0,-89.3,-8.9,19.1,58.23,69,1,6,1,0.1,12,3,2,0,0,normal,
2026-09-15T11:30,Telkom,Western Cape,Cape Town,CPT-BEL-007,CPT-BEL-007-A,RAN,98.95,99.08,-0.13,99.04,1.05,99.35,41.17,36.64,-12.38,14.26,56.8,-85.9,-10.0,18.4,52.12,52,5,2,5,1.04,76,3,2,0,0,normal,
2026-09-15T11:30,Telkom,Western Cape,Cape Town,CPT-BEL-007,CPT-BEL-007-B,RAN,99.47,99.12,0.35,98.12,0.52,99.14,34.26,38.42,10.82,11.51,48.9,-84.2,-10.5,15.4,59.51,62,3,8,2,0.81,14,3,2,0,0,normal,
2026-09-15T11:30,Telkom,Western Cape,Cape Town,CPT-BEL-007,CPT-BEL-007-C,RAN,98.99,99.19,-0.2,98.51,0.57,99.14,42.26,35.66,-18.51,11.66,72.9,-87.1,-9.4,14.4,57.41,61,6,6,1,0.57,0,3,2,0,0,normal,
2026-09-15T11:30,Telkom,Gauteng,Johannesburg,JHB-CBD-003,JHB-CBD-003-A,RAN,96.41,97.17,-0.76,97.38,1.22,96.0,35.0,33.69,-3.9,11.41,67.8,-87.7,-10.7,9.5,61.42,52,19,11,7,0.37,185,7,5,2,0,normal,
2026-09-15T11:30,Telkom,Gauteng,Johannesburg,JHB-CBD-003,JHB-CBD-003-B,RAN,79.51,88.89,-9.38,88.58,7.15,91.82,3.46,19.76,82.49,3.72,140.5,-90.1,-15.2,7.0,99.5,63,155,67,54,5.13,1239,7,5,5,0,cell_degradation,INC-20260915-JHB-CBD-003-B
2026-09-15T11:30,Telkom,Gauteng,Johannesburg,JHB-CBD-003,JHB-CBD-003-C,RAN,95.94,97.13,-1.19,97.89,1.76,97.39,25.31,32.05,21.03,12.06,78.1,-91.2,-11.9,16.8,71.18,59,18,16,10,1.72,134,7,5,1,0,normal,
2026-09-15T11:30,Telkom,Gauteng,Soweto,JHB-SOW-018,JHB-SOW-018-A,RAN,99.24,99.04,0.2,98.76,0.64,97.85,38.34,38.6,0.68,12.98,51.3,-81.6,-10.1,16.7,51.29,54,7,2,3,0.69,0,3,2,0,0,normal,
2026-09-15T11:30,Telkom,Gauteng,Soweto,JHB-SOW-018,JHB-SOW-018-B,RAN,98.92,99.0,-0.08,98.56,0.23,99.34,35.26,36.38,3.08,11.44,58.7,-86.4,-10.4,14.8,59.34,49,5,8,0,0.54,2,3,2,0,0,normal,
2026-09-15T11:30,Telkom,Gauteng,Soweto,JHB-SOW-018,JHB-SOW-018-C,RAN,99.9,99.12,0.78,98.53,0.05,98.72,34.6,37.99,8.91,12.78,57.6,-88.8,-10.3,17.4,66.35,56,1,7,1,0.44,116,3,2,0,0,normal,
2026-09-15T11:30,Telkom,Gauteng,Pretoria,PTA-HAT-011,PTA-HAT-011-A,RAN,99.16,99.09,0.07,99.16,0.3,98.3,33.14,33.71,1.68,12.2,53.0,-85.6,-9.8,19.4,61.16,62,6,1,0,0.1,48,3,2,0,0,normal,
2026-09-15T11:30,Telkom,Gauteng,Pretoria,PTA-HAT-011,PTA-HAT-011-B,RAN,98.86,99.14,-0.28,98.74,0.77,97.62,37.39,34.34,-8.88,11.71,61.7,-86.5,-8.6,17.3,61.49,62,6,7,3,1.06,113,3,2,0,0,normal,
2026-09-15T11:30,Telkom,Gauteng,Pretoria,PTA-HAT-011,PTA-HAT-011-C,RAN,99.22,99.16,0.06,98.33,0.37,98.12,40.37,35.05,-15.19,11.49,51.9,-85.2,-9.0,11.2,53.79,55,6,4,1,0.67,115,3,2,0,0,normal,
2026-09-15T11:45,Telkom,Western Cape,Cape Town,CPT-BEL-007,CPT-BEL-007-A,RAN,99.8,99.05,0.75,99.2,0.6,99.36,31.53,36.53,13.69,10.62,53.7,-84.4,-10.6,17.9,65.0,59,2,2,1,0.45,87,3,2,0,0,normal,
2026-09-15T11:45,Telkom,Western Cape,Cape Town,CPT-BEL-007,CPT-BEL-007-B,RAN,99.26,99.13,0.13,98.56,0.05,97.71,34.94,38.7,9.72,9.21,55.2,-86.1,-11.0,18.6,60.04,57,3,8,1,1.04,0,3,2,0,0,normal,
2026-09-15T11:45,Telkom,Western Cape,Cape Town,CPT-BEL-007,CPT-BEL-007-C,RAN,99.42,99.19,0.23,98.64,0.47,98.64,31.07,35.9,13.46,9.36,57.1,-89.4,-9.5,16.8,61.8,58,0,6,2,0.53,58,3,2,0,0,normal,
2026-09-15T11:45,Telkom,Gauteng,Johannesburg,JHB-CBD-003,JHB-CBD-003-A,RAN,95.65,97.03,-1.38,97.22,1.5,96.2,29.35,33.52,12.45,11.51,67.6,-86.8,-11.1,15.0,71.27,56,20,11,6,1.41,134,7,5,3,0,normal,
2026-09-15T11:45,Telkom,Gauteng,Johannesburg,JHB-CBD-003,JHB-CBD-003-B,RAN,80.67,87.69,-7.02,88.31,6.89,91.8,4.62,17.69,73.89,3.25,139.2,-93.6,-14.9,8.8,94.87,49,108,52,37,4.93,1172,7,5,3,0,cell_degradation,INC-20260915-JHB-CBD-003-B
2026-09-15T11:45,Telkom,Gauteng,Johannesburg,JHB-CBD-003,JHB-CBD-003-C,RAN,96.73,96.91,-0.18,97.25,1.77,97.71,26.55,31.14,14.73,10.91,59.8,-90.2,-10.9,15.3,63.99,52,18,6,8,2.29,228,7,5,1,0,normal,
2026-09-15T11:45,Telkom,Gauteng,Soweto,JHB-SOW-018,JHB-SOW-018-A,RAN,98.88,99.07,-0.19,98.81,0.54,98.26,35.89,38.52,6.84,11.9,58.6,-83.5,-12.3,19.0,64.27,57,7,6,4,0.81,92,3,2,0,0,normal,
2026-09-15T11:45,Telkom,Gauteng,Soweto,JHB-SOW-018,JHB-SOW-018-B,RAN,99.01,98.99,0.02,99.04,0.26,97.03,38.99,36.22,-7.65,14.6,42.8,-85.7,-10.7,17.7,57.77,56,6,4,3,0.42,198,3,2,0,0,normal,
2026-09-15T11:45,Telkom,Gauteng,Soweto,JHB-SOW-018,JHB-SOW-018-C,RAN,99.24,99.18,0.06,98.32,0.43,98.85,41.19,37.78,-9.02,13.61,63.8,-88.3,-9.3,14.7,57.33,55,6,6,2,0.93,57,3,2,0,0,normal,
2026-09-15T11:45,Telkom,Gauteng,Pretoria,PTA-HAT-011,PTA-HAT-011-A,RAN,98.24,99.1,-0.86,98.91,0.11,97.65,36.49,33.5,-8.92,12.25,47.6,-89.0,-9.0,20.5,66.06,65,5,10,0,1.15,144,3,2,0,0,normal,
2026-09-15T11:45,Telkom,Gauteng,Pretoria,PTA-HAT-011,PTA-HAT-011-B,RAN,99.8,99.13,0.67,98.91,0.42,98.28,40.53,34.87,-16.24,8.7,52.4,-81.6,-10.5,18.7,60.91,61,0,3,3,0.63,159,3,2,0,0,normal,
2026-09-15T11:45,Telkom,Gauteng,Pretoria,PTA-HAT-011,PTA-HAT-011-C,RAN,98.82,99.17,-0.35,99.03,0.37,98.57,25.03,35.54,29.58,10.15,58.9,-84.7,-9.7,17.8,69.09,63,6,5,1,0.64,82,3,2,1,0,normal,
2026-09-15T12:00,Telkom,Western Cape,Cape Town,CPT-BEL-007,CPT-BEL-007-A,RAN,99.45,99.08,0.37,98.8,0.23,99.26,44.12,36.6,-20.54,14.98,63.1,-85.4,-9.9,15.1,47.25,62,5,9,0,0.76,0,3,2,0,0,normal,
2026-09-15T12:00,Telkom,Western Cape,Cape Town,CPT-BEL-007,CPT-BEL-007-B,RAN,99.55,99.13,0.42,99.15,0.59,98.38,44.48,38.05,-16.91,7.66,50.9,-87.4,-9.9,16.7,59.49,48,3,0,3,0.84,72,3,2,0,0,normal,
2026-09-15T12:00,Telkom,Western Cape,Cape Town,CPT-BEL-007,CPT-BEL-007-C,RAN,99.03,99.21,-0.18,98.9,0.45,98.61,33.78,34.92,3.26,14.49,49.5,-87.6,-10.0,17.0,51.77,52,4,6,3,1.44,0,3,2,0,0,normal,
2026-09-15T12:00,Telkom,Gauteng,Johannesburg,JHB-CBD-003,JHB-CBD-003-A,RAN,96.46,96.81,-0.35,97.24,1.24,97.31,34.78,32.96,-5.53,9.62,66.0,-85.4,-9.1,16.5,57.17,49,22,12,5,1.48,376,7,5,3,0,normal,
2026-09-15T12:00,Telkom,Gauteng,Johannesburg,JHB-CBD-003,JHB-CBD-003-B,RAN,80.09,86.53,-6.44,88.27,6.91,90.87,11.51,15.44,25.47,4.35,142.1,-91.7,-14.6,8.4,97.82,50,78,37,27,4.75,1160,7,5,4,0,cell_degradation,INC-20260915-JHB-CBD-003-B
2026-09-15T12:00,Telkom,Gauteng,Johannesburg,JHB-CBD-003,JHB-CBD-003-C,RAN,96.16,96.79,-0.63,97.1,1.11,98.15,32.85,30.4,-8.04,12.83,73.5,-82.9,-9.6,15.9,65.41,55,14,13,4,1.29,230,7,5,0,0,normal,
2026-09-15T12:00,Telkom,Gauteng,Soweto,JHB-SOW-018,JHB-SOW-018-A,RAN,99.06,99.06,0.0,98.3,0.05,99.47,32.85,38.31,14.26,12.27,44.2,-89.9,-11.3,14.3,58.64,53,5,9,0,0.63,0,3,2,0,0,normal,
2026-09-15T12:00,Telkom,Gauteng,Soweto,JHB-SOW-018,JHB-SOW-018-B,RAN,98.93,99.01,-0.08,98.15,0.62,98.63,41.42,36.51,-13.44,12.87,49.0,-84.3,-10.4,24.2,49.15,44,4,7,1,0.61,43,3,2,0,0,normal,
2026-09-15T12:00,Telkom,Gauteng,Soweto,JHB-SOW-018,JHB-SOW-018-C,RAN,99.3,99.22,0.08,99.42,0.64,98.39,39.28,38.03,-3.28,14.28,65.5,-82.7,-10.7,17.9,61.14,63,5,2,5,0.72,44,3,2,0,0,normal,
2026-09-15T12:00,Telkom,Gauteng,Pretoria,PTA-HAT-011,PTA-HAT-011-A,RAN,99.08,99.08,0.0,98.77,0.44,98.93,38.39,33.4,-14.96,13.04,56.3,-89.7,-10.0,14.5,55.02,56,3,0,1,0.27,0,3,2,0,0,normal,
2026-09-15T12:00,Telkom,Gauteng,Pretoria,PTA-HAT-011,PTA-HAT-011-B,RAN,99.28,99.18,0.1,99.29,0.31,98.46,32.83,35.37,7.18,12.44,55.5,-87.9,-10.7,19.5,54.77,54,1,8,2,0.86,47,3,2,0,0,normal,
2026-09-15T12:00,Telkom,Gauteng,Pretoria,PTA-HAT-011,PTA-HAT-011-C,RAN,99.14,99.13,0.01,98.66,0.44,98.67,36.69,34.68,-5.8,12.62,57.6,-87.9,-10.3,17.7,60.3,51,3,7,4,0.83,93,3,2,1,0,normal,
2026-09-15T12:15,Telkom,Western Cape,Cape Town,CPT-BEL-007,CPT-BEL-007-A,RAN,99.13,99.12,0.01,98.82,0.77,98.82,37.24,36.34,-2.47,11.72,53.8,-85.9,-10.7,18.3,58.09,50,5,6,2,0.86,51,3,2,0,0,normal,
2026-09-15T12:15,Telkom,Western Cape,Cape Town,CPT-BEL-007,CPT-BEL-007-B,RAN,98.86,99.16,-0.3,98.48,0.82,98.5,40.56,38.32,-5.85,12.97,57.6,-81.7,-10.7,15.7,53.3,47,7,8,4,1.09,0,3,2,0,0,normal,
2026-09-15T12:15,Telkom,Western Cape,Cape Town,CPT-BEL-007,CPT-BEL-007-C,RAN,99.9,99.22,0.68,98.91,0.7,97.99,36.35,34.79,-4.47,11.33,62.5,-91.1,-9.3,18.2,54.08,43,0,3,4,0.54,96,3,2,0,0,normal,
2026-09-15T12:15,Telkom,Gauteng,Johannesburg,JHB-CBD-003,JHB-CBD-003-A,RAN,96.06,96.69,-0.63,97.75,1.58,97.81,26.11,32.48,19.61,12.31,72.2,-89.4,-11.2,17.0,64.14,62,19,11,9,1.78,180,7,5,3,0,normal,
2026-09-15T12:15,Telkom,Gauteng,Johannesburg,JHB-CBD-003,JHB-CBD-003-B,RAN,82.94,85.31,-2.37,89.47,6.63,92.39,13.79,13.73,-0.43,5.17,129.8,-92.2,-14.4,8.8,82.81,55,90,44,36,4.85,1200,7,5,7,0,cell_degradation,INC-20260915-JHB-CBD-003-B
2026-09-15T12:15,Telkom,Gauteng,Johannesburg,JHB-CBD-003,JHB-CBD-003-C,RAN,97.1,96.61,0.49,97.42,2.0,96.95,25.66,29.71,13.63,10.74,73.2,-84.5,-10.4,17.9,67.06,62,15,11,13,1.55,374,7,5,0,0,normal,
2026-09-15T12:15,Telkom,Gauteng,Soweto,JHB-SOW-018,JHB-SOW-018-A,RAN,99.12,99.11,0.01,99.0,0.63,98.18,32.74,37.92,13.66,14.21,56.1,-87.0,-8.9,18.7,57.53,50,4,3,3,1.02,60,3,2,0,0,normal,
2026-09-15T12:15,Telkom,Gauteng,Soweto,JHB-SOW-018,JHB-SOW-018-B,RAN,98.87,99.01,-0.14,98.62,0.77,98.57,37.46,37.04,-1.13,14.44,48.6,-89.0,-9.9,16.3,50.6,42,2,0,2,1.3,10,3,2,0,0,normal,
2026-09-15T12:15,Telkom,Gauteng,Soweto,JHB-SOW-018,JHB-SOW-018-C,RAN,98.89,99.22,-0.33,98.74,0.76,98.74,38.99,38.0,-2.61,10.78,52.2,-91.6,-11.4,17.5,55.31,55,4,2,3,0.73,112,3,2,0,0,normal,
2026-09-15T12:15,Telkom,Gauteng,Pretoria,PTA-HAT-011,PTA-HAT-011-A,RAN,99.71,99.09,0.62,98.59,0.72,98.51,35.02,33.46,-4.66,9.99,56.1,-86.7,-13.6,13.9,62.05,61,0,8,6,0.55,0,3,2,0,0,normal,
2026-09-15T12:15,Telkom,Gauteng,Pretoria,PTA-HAT-011,PTA-HAT-011-B,RAN,99.9,99.21,0.69,99.09,0.86,98.72,29.44,35.54,17.16,8.5,61.0,-82.1,-9.1,15.9,65.98,60,0,2,3,0.58,70,3,2,0,0,normal,
2026-09-15T12:15,Telkom,Gauteng,Pretoria,PTA-HAT-011,PTA-HAT-011-C,RAN,99.28,99.14,0.14,98.87,0.15,98.08,40.04,35.09,-14.11,8.62,50.7,-86.6,-12.9,15.9,52.24,55,0,2,0,0.4,148,3,2,1,0,normal,
2026-09-15T12:30,Telkom,Western Cape,Cape Town,CPT-BEL-007,CPT-BEL-007-A,RAN,99.18,99.12,0.06,98.87,0.56,98.06,45.2,36.22,-24.8,10.23,69.6,-89.7,-9.4,15.9,59.13,44,4,3,2,0.28,46,2,2,0,0,normal,
2026-09-15T12:30,Telkom,Western Cape,Cape Town,CPT-BEL-007,CPT-BEL-007-B,RAN,99.17,99.11,0.06,98.28,0.39,97.81,50.01,38.48,-29.96,11.3,55.4,-82.1,-7.4,17.8,48.7,41,0,8,0,0.6,98,2,2,0,0,normal,
2026-09-15T12:30,Telkom,Western Cape,Cape Town,CPT-BEL-007,CPT-BEL-007-C,RAN,98.99,99.27,-0.28,98.9,0.41,99.38,32.28,34.79,7.22,11.02,57.6,-87.5,-9.1,18.6,48.61,53,5,5,3,0.65,0,2,2,0,0,normal,
2026-09-15T12:30,Telkom,Gauteng,Johannesburg,JHB-CBD-003,JHB-CBD-003-A,RAN,96.6,96.51,0.09,96.82,1.65,97.41,29.21,32.3,9.56,7.73,61.5,-92.0,-10.2,15.6,65.46,58,20,16,9,1.51,129,6,5,2,0,normal,
2026-09-15T12:30,Telkom,Gauteng,Johannesburg,JHB-CBD-003,JHB-CBD-003-B,RAN,83.68,84.32,-0.64,89.6,5.96,92.43,16.27,12.57,-29.43,4.86,115.5,-89.3,-14.1,8.9,91.14,49,63,31,23,4.3,1026,6,5,7,0,cell_degradation,INC-20260915-JHB-CBD-003-B
2026-09-15T12:30,Telkom,Gauteng,Johannesburg,JHB-CBD-003,JHB-CBD-003-C,RAN,96.85,96.51,0.34,97.18,1.05,97.18,27.23,29.09,6.39,9.59,68.1,-84.1,-9.0,15.5,64.7,57,15,6,6,1.44,174,6,5,0,0,normal,
2026-09-15T12:30,Telkom,Gauteng,Soweto,JHB-SOW-018,JHB-SOW-018-A,RAN,99.21,99.12,0.09,98.3,0.25,99.22,42.35,37.63,-12.54,10.15,56.4,-88.0,-9.2,14.0,58.04,50,4,6,1,0.61,163,2,2,0,0,normal,
2026-09-15T12:30,Telkom,Gauteng,Soweto,JHB-SOW-018,JHB-SOW-018-B,RAN,98.98,98.98,0.0,98.56,0.14,99.1,40.11,36.94,-8.58,11.24,51.1,-87.1,-11.1,16.6,50.1,43,5,5,0,0.44,52,2,2,0,0,normal,
2026-09-15T12:30,Telkom,Gauteng,Soweto,JHB-SOW-018,JHB-SOW-018-C,RAN,98.41,99.17,-0.76,98.59,0.39,97.95,29.53,37.81,21.9,12.64,74.4,-82.8,-9.8,18.3,63.43,50,6,4,3,1.05,0,2,2,0,0,normal,
2026-09-15T12:30,Telkom,Gauteng,Pretoria,PTA-HAT-011,PTA-HAT-011-A,RAN,99.13,99.15,-0.02,98.72,0.39,97.91,38.52,33.66,-14.45,12.03,57.9,-81.5,-9.7,15.0,58.33,58,8,8,1,0.55,51,2,2,0,0,normal,
2026-09-15T12:30,Telkom,Gauteng,Pretoria,PTA-HAT-011,PTA-HAT-011-B,RAN,99.03,99.28,-0.25,99.02,0.35,98.71,41.33,34.83,-18.66,9.21,56.4,-84.8,-10.2,18.0,55.48,61,4,2,0,1.78,72,2,2,1,0,normal,
2026-09-15T12:30,Telkom,Gauteng,Pretoria,PTA-HAT-011,PTA-HAT-011-C,RAN,98.97,99.16,-0.19,98.38,0.1,98.94,41.41,35.36,-17.1,11.16,63.2,-87.7,-10.1,18.2,62.91,58,3,8,1,1.4,16,2,2,1,0,normal,
2026-09-15T12:45,Telkom,Western Cape,Cape Town,CPT-BEL-007,CPT-BEL-007-A,RAN,98.99,99.13,-0.14,98.85,0.68,97.2,37.57,36.88,-1.88,12.84,61.4,-85.5,-9.8,17.2,60.27,49,6,3,2,0.93,8,2,2,0,0,normal,
2026-09-15T12:45,Telkom,Western Cape,Cape Town,CPT-BEL-007,CPT-BEL-007-B,RAN,99.45,99.13,0.32,98.35,0.64,98.9,33.85,39.44,14.17,13.68,49.7,-86.1,-9.4,19.2,50.4,46,2,4,1,0.51,18,2,2,0,0,normal,
2026-09-15T12:45,Telkom,Western Cape,Cape Town,CPT-BEL-007,CPT-BEL-007-C,RAN,99.02,99.24,-0.22,98.93,0.05,98.73,31.43,34.68,9.38,13.6,51.9,-87.3,-10.7,16.2,66.54,56,7,7,0,1.05,0,2,2,0,0,normal,
2026-09-15T12:45,Telkom,Gauteng,Johannesburg,JHB-CBD-003,JHB-CBD-003-A,RAN,96.55,96.36,0.19,97.3,1.34,97.51,41.13,31.23,-31.68,10.75,68.7,-85.6,-11.6,19.6,61.16,61,19,11,7,1.5,302,6,5,1,0,normal,
2026-09-15T12:45,Telkom,Gauteng,Johannesburg,JHB-CBD-003,JHB-CBD-003-B,RAN,85.38,83.33,2.05,90.55,5.25,93.06,13.14,10.98,-19.62,4.53,127.8,-87.9,-12.9,12.0,87.14,42,60,35,20,4.57,896,6,5,7,0,cell_degradation,INC-20260915-JHB-CBD-003-B
2026-09-15T12:45,Telkom,Gauteng,Johannesburg,JHB-CBD-003,JHB-CBD-003-C,RAN,96.25,96.37,-0.12,96.88,1.65,97.63,31.35,28.48,-10.09,9.1,70.0,-87.6,-13.7,14.8,65.98,52,7,10,3,1.2,263,6,5,0,0,normal,
2026-09-15T12:45,Telkom,Gauteng,Soweto,JHB-SOW-018,JHB-SOW-018-A,RAN,98.52,99.14,-0.62,98.72,0.39,98.41,37.96,38.42,1.19,14.0,56.5,-84.5,-10.5,17.5,54.31,42,3,4,0,0.64,0,2,2,0,0,normal,
2026-09-15T12:45,Telkom,Gauteng,Soweto,JHB-SOW-018,JHB-SOW-018-B,RAN,98.85,99.01,-0.16,98.76,0.73,98.18,34.92,37.02,5.66,10.52,66.3,-86.5,-8.7,20.2,61.7,49,8,3,5,0.1,113,2,2,0,0,normal,
2026-09-15T12:45,Telkom,Gauteng,Soweto,JHB-SOW-018,JHB-SOW-018-C,RAN,99.28,99.1,0.18,98.64,0.42,97.73,45.84,36.94,-24.09,10.96,51.3,-89.2,-10.5,15.3,52.25,46,2,4,1,0.58,17,2,2,0,0,normal,
2026-09-15T12:45,Telkom,Gauteng,Pretoria,PTA-HAT-011,PTA-HAT-011-A,RAN,99.09,99.11,-0.02,98.4,1.15,98.33,26.53,34.15,22.31,11.66,57.0,-83.1,-9.8,18.3,64.36,68,3,8,10,0.13,0,2,2,0,0,normal,
2026-09-15T12:45,Telkom,Gauteng,Pretoria,PTA-HAT-011,PTA-HAT-011-B,RAN,98.7,99.28,-0.58,99.14,0.66,98.23,32.71,35.18,7.03,13.66,57.4,-84.0,-10.0,16.9,58.56,62,8,4,2,0.73,0,2,2,1,0,normal,
2026-09-15T12:45,Telkom,Gauteng,Pretoria,PTA-HAT-011,PTA-HAT-011-C,RAN,99.51,99.17,0.34,98.47,0.6,98.13,40.81,36.03,-13.28,10.31,52.3,-86.0,-6.9,16.4,51.53,48,3,6,3,0.35,127,2,2,0,0,normal,
2026-09-15T13:00,Telkom,Western Cape,Cape Town,CPT-BEL-007,CPT-BEL-007-A,RAN,99.46,99.1,0.36,99.36,1.02,98.41,31.4,37.2,15.6,11.64,61.8,-86.0,-11.2,18.5,62.32,55,1,2,5,1.31,201,2,2,1,0,normal,
2026-09-15T13:00,Telkom,Western Cape,Cape Town,CPT-BEL-007,CPT-BEL-007-B,RAN,99.2,99.14,0.06,99.15,0.54,98.25,30.66,38.49,20.34,13.3,52.1,-89.5,-8.6,16.8,56.45,55,0,4,1,0.68,67,2,2,0,0,normal,
2026-09-15T13:00,Telkom,Western Cape,Cape Town,CPT-BEL-007,CPT-BEL-007-C,RAN,98.75,99.23,-0.48,98.18,0.51,98.87,37.76,34.29,-10.12,10.18,61.1,-82.1,-10.4,19.1,57.16,50,5,6,3,0.68,131,2,2,0,0,normal,
2026-09-15T13:00,Telkom,Gauteng,Johannesburg,JHB-CBD-003,JHB-CBD-003-A,RAN,96.48,96.41,0.08,96.91,1.37,97.39,36.16,31.35,-15.33,11.61,66.4,-85.6,-12.3,19.4,54.99,48,15,11,6,1.07,80,6,5,0,0,normal,
2026-09-15T13:00,Telkom,Gauteng,Johannesburg,JHB-CBD-003,JHB-CBD-003-B,RAN,85.85,82.96,2.89,91.34,5.21,93.58,12.21,10.67,-14.41,4.0,127.4,-92.3,-14.1,7.4,90.22,47,68,33,25,4.2,826,6,5,6,0,cell_degradation,INC-20260915-JHB-CBD-003-B
2026-09-15T13:00,Telkom,Gauteng,Johannesburg,JHB-CBD-003,JHB-CBD-003-C,RAN,96.35,96.34,0.01,96.9,1.72,97.51,36.7,28.58,-28.39,10.26,64.1,-83.9,-10.7,14.9,59.72,54,20,14,9,1.53,166,6,5,0,0,normal,
2026-09-15T13:00,Telkom,Gauteng,Soweto,JHB-SOW-018,JHB-SOW-018-A,RAN,98.74,99.07,-0.33,98.74,0.72,98.71,46.85,37.72,-24.19,12.79,57.5,-89.7,-10.0,15.3,49.74,45,2,1,1,0.28,0,2,2,0,0,normal,
2026-09-15T13:00,Telkom,Gauteng,Soweto,JHB-SOW-018,JHB-SOW-018-B,RAN,98.71,99.0,-0.29,98.99,0.38,98.25,33.03,36.37,9.17,9.79,48.5,-83.6,-10.3,17.7,57.21,49,5,5,2,0.47,61,2,2,0,0,normal,
2026-09-15T13:00,Telkom,Gauteng,Soweto,JHB-SOW-018,JHB-SOW-018-C,RAN,99.32,99.09,0.23,98.05,0.35,98.0,31.2,37.71,17.27,11.24,64.2,-89.5,-8.1,15.8,61.7,61,2,9,1,0.1,149,2,2,0,0,normal,
2026-09-15T13:00,Telkom,Gauteng,Pretoria,PTA-HAT-011,PTA-HAT-011-A,RAN,99.25,99.1,0.15,98.82,0.76,99.1,29.34,33.29,11.86,10.71,54.6,-82.6,-10.6,15.7,62.05,58,3,2,5,1.48,66,2,2,0,0,normal,
2026-09-15T13:00,Telkom,Gauteng,Pretoria,PTA-HAT-011,PTA-HAT-011-B,RAN,99.16,99.26,-0.1,97.95,1.01,98.68,39.68,35.01,-13.33,11.55,39.5,-89.6,-10.7,18.3,49.91,52,4,12,6,0.52,82,2,2,1,0,normal,
2026-09-15T13:00,Telkom,Gauteng,Pretoria,PTA-HAT-011,PTA-HAT-011-C,RAN,99.26,99.18,0.08,98.56,0.45,98.44,33.27,36.03,7.65,13.08,59.3,-90.6,-9.2,17.5,47.63,53,1,8,4,0.85,89,2,2,0,0,normal,
2026-09-15T13:15,Telkom,Western Cape,Cape Town,CPT-BEL-007,CPT-BEL-007-A,RAN,98.55,99.14,-0.59,98.78,0.05,98.57,40.07,37.38,-7.2,13.55,50.5,-85.1,-8.4,18.7,53.29,46,5,8,0,1.06,0,3,2,1,0,normal,
2026-09-15T13:15,Telkom,Western Cape,Cape Town,CPT-BEL-007,CPT-BEL-007-B,RAN,98.63,99.13,-0.5,98.82,0.44,98.51,35.9,37.94,5.38,9.45,45.0,-83.1,-8.9,18.4,51.0,47,3,8,2,1.22,49,3,2,0,0,normal,
2026-09-15T13:15,Telkom,Western Cape,Cape Town,CPT-BEL-007,CPT-BEL-007-C,RAN,98.98,99.19,-0.21,98.96,0.24,98.27,38.52,34.57,-11.41,12.71,47.1,-86.7,-10.7,17.5,47.17,50,2,5,0,0.45,0,3,2,0,0,normal,
2026-09-15T13:15,Telkom,Gauteng,Johannesburg,JHB-CBD-003,JHB-CBD-003-A,RAN,96.17,96.41,-0.24,97.48,1.32,97.0,37.27,31.73,-17.47,9.63,67.0,-90.7,-12.4,15.0,56.7,50,11,10,2,1.08,142,7,5,0,0,normal,
2026-09-15T13:15,Telkom,Gauteng,Johannesburg,JHB-CBD-003,JHB-CBD-003-B,RAN,88.2,82.71,5.49,92.14,4.57,94.44,15.41,9.96,-54.69,5.89,103.0,-84.2,-11.8,9.6,86.17,58,64,36,26,3.89,844,7,5,9,0,cell_degradation,INC-20260915-JHB-CBD-003-B
2026-09-15T13:15,Telkom,Gauteng,Johannesburg,JHB-CBD-003,JHB-CBD-003-C,RAN,96.6,96.35,0.25,96.87,1.9,97.35,37.11,28.98,-28.05,13.21,64.0,-83.6,-11.0,16.0,55.5,55,22,16,11,1.69,331,7,5,0,0,normal,
2026-09-15T13:15,Telkom,Gauteng,Soweto,JHB-SOW-018,JHB-SOW-018-A,RAN,99.45,99.03,0.42,98.58,0.3,98.61,37.86,38.24,1.01,11.56,63.2,-86.8,-9.9,16.3,49.75,45,2,7,1,0.49,0,3,2,0,0,normal,
2026-09-15T13:15,Telkom,Gauteng,Soweto,JHB-SOW-018,JHB-SOW-018-B,RAN,99.24,98.97,0.27,99.01,0.65,98.76,36.63,36.55,-0.23,13.88,54.7,-84.4,-8.1,14.5,52.43,54,1,6,2,0.99,82,3,2,0,0,normal,
2026-09-15T13:15,Telkom,Gauteng,Soweto,JHB-SOW-018,JHB-SOW-018-C,RAN,99.08,99.12,-0.04,99.08,0.33,99.14,33.28,37.39,11.0,11.07,56.9,-86.0,-9.6,16.1,48.62,36,4,0,0,1.01,121,3,2,0,0,normal,
2026-09-15T13:15,Telkom,Gauteng,Pretoria,PTA-HAT-011,PTA-HAT-011-A,RAN,98.28,99.1,-0.82,98.34,0.64,97.94,33.96,33.51,-1.34,13.94,51.4,-87.1,-10.7,17.4,67.76,62,12,8,4,0.45,141,3,2,0,0,normal,
2026-09-15T13:15,Telkom,Gauteng,Pretoria,PTA-HAT-011,PTA-HAT-011-B,RAN,98.83,99.25,-0.42,98.83,0.8,99.05,36.27,35.41,-2.44,12.98,56.9,-86.9,-10.0,20.0,54.56,46,3,2,3,0.75,91,3,2,1,0,normal,
2026-09-15T13:15,Telkom,Gauteng,Pretoria,PTA-HAT-011,PTA-HAT-011-C,RAN,99.08,99.16,-0.08,98.49,0.26,97.99,23.49,35.76,34.3,10.74,56.2,-87.6,-10.1,18.0,62.49,60,4,4,2,0.67,68,3,2,0,0,normal,
2026-09-15T13:30,Telkom,Western Cape,Cape Town,CPT-BEL-007,CPT-BEL-007-A,RAN,98.9,99.13,-0.23,99.1,0.1,98.42,43.59,37.4,-16.54,11.76,49.9,-89.2,-10.3,18.9,51.83,53,8,3,0,0.55,54,3,2,1,0,normal,
2026-09-15T13:30,Telkom,Western Cape,Cape Town,CPT-BEL-007,CPT-BEL-007-B,RAN,99.21,99.12,0.09,99.07,0.52,97.88,41.77,37.65,-10.95,8.18,53.3,-85.9,-9.2,15.7,51.51,45,1,0,2,0.54,152,3,2,0,0,normal,
2026-09-15T13:30,Telkom,Western Cape,Cape Town,CPT-BEL-007,CPT-BEL-007-C,RAN,99.45,99.2,0.25,99.31,0.16,97.63,40.73,34.69,-17.4,12.26,58.3,-85.5,-10.2,16.2,53.07,48,4,2,0,0.39,13,3,2,0,0,normal,
2026-09-15T13:30,Telkom,Gauteng,Johannesburg,JHB-CBD-003,JHB-CBD-003-A,RAN,96.3,96.4,-0.1,97.19,1.72,97.31,36.28,32.13,-12.9,10.97,71.0,-85.5,-9.4,10.0,61.33,47,14,10,6,0.94,128,7,5,1,0,normal,
2026-09-15T13:30,Telkom,Gauteng,Johannesburg,JHB-CBD-003,JHB-CBD-003-B,RAN,89.23,82.77,6.46,93.21,3.42,95.41,22.94,10.26,-123.55,6.83,102.4,-89.6,-13.3,8.9,73.76,54,59,30,17,3.68,609,7,5,11,0,cell_degradation,INC-20260915-JHB-CBD-003-B
2026-09-15T13:30,Telkom,Gauteng,Johannesburg,JHB-CBD-003,JHB-CBD-003-C,RAN,96.1,96.31,-0.21,97.14,1.53,98.14,33.05,29.76,-11.06,10.56,69.3,-89.4,-10.7,14.4,56.25,45,15,4,4,1.11,212,7,5,0,0,normal,
2026-09-15T13:30,Telkom,Gauteng,Soweto,JHB-SOW-018,JHB-SOW-018-A,RAN,98.53,99.06,-0.53,98.81,0.89,99.02,32.54,38.07,14.52,11.01,69.3,-85.5,-10.1,17.2,59.8,46,2,6,3,0.37,89,3,2,0,0,normal,
2026-09-15T13:30,Telkom,Gauteng,Soweto,JHB-SOW-018,JHB-SOW-018-B,RAN,99.1,98.97,0.13,99.27,0.57,98.41,37.51,36.0,-4.19,14.02,56.1,-88.1,-12.4,16.1,57.05,40,5,1,2,0.77,0,3,2,0,0,normal,
2026-09-15T13:30,Telkom,Gauteng,Soweto,JHB-SOW-018,JHB-SOW-018-C,RAN,99.18,99.15,0.03,99.12,0.96,98.56,36.96,37.52,1.5,10.78,56.1,-87.4,-10.4,13.6,57.74,50,2,1,3,0.26,81,3,2,0,0,normal,
2026-09-15T13:30,Telkom,Gauteng,Pretoria,PTA-HAT-011,PTA-HAT-011-A,RAN,99.1,99.02,0.08,98.85,0.41,97.66,38.45,33.58,-14.49,11.94,59.3,-86.4,-8.9,16.5,56.56,48,4,4,0,0.3,0,3,2,0,0,normal,
2026-09-15T13:30,Telkom,Gauteng,Pretoria,PTA-HAT-011,PTA-HAT-011-B,RAN,98.38,99.23,-0.85,99.01,0.21,99.19,34.69,35.32,1.8,10.07,60.3,-86.6,-9.2,14.9,59.74,56,12,5,1,0.36,0,3,2,0,0,normal,
2026-09-15T13:30,Telkom,Gauteng,Pretoria,PTA-HAT-011,PTA-HAT-011-C,RAN,98.77,99.17,-0.4,98.59,0.65,99.64,38.49,35.11,-9.62,10.89,46.8,-86.9,-9.0,17.2,52.4,50,5,4,3,0.82,77,3,2,0,0,normal,
2026-09-15T13:45,Telkom,Western Cape,Cape Town,CPT-BEL-007,CPT-BEL-007-A,RAN,99.04,99.09,-0.05,98.99,0.61,98.36,42.89,38.22,-12.21,14.45,51.0,-85.8,-10.7,16.1,51.48,44,4,3,1,0.28,0,3,2,1,0,normal,
2026-09-15T13:45,Telkom,Western Cape,Cape Town,CPT-BEL-007,CPT-BEL-007-B,RAN,99.46,99.12,0.34,98.67,0.43,97.83,33.58,37.59,10.66,12.23,46.9,-87.4,-9.7,20.2,55.25,46,6,8,1,0.85,29,3,2,0,0,normal,
2026-09-15T13:45,Telkom,Western Cape,Cape Town,CPT-BEL-007,CPT-BEL-007-C,RAN,99.16,99.19,-0.03,98.71,0.66,98.56,36.46,35.05,-4.03,12.55,53.4,-87.5,-9.2,16.9,46.04,44,2,6,3,1.04,102,3,2,0,0,normal,
2026-09-15T13:45,Telkom,Gauteng,Johannesburg,JHB-CBD-003,JHB-CBD-003-A,RAN,96.42,96.4,0.02,97.58,1.49,97.13,36.69,32.06,-14.44,10.08,64.5,-86.3,-11.7,13.9,62.38,51,14,9,6,1.41,155,7,5,1,0,normal,
2026-09-15T13:45,Telkom,Gauteng,Johannesburg,JHB-CBD-003,JHB-CBD-003-B,RAN,90.93,82.99,7.94,93.85,3.52,95.01,29.57,10.68,-176.92,7.46,101.0,-88.9,-12.9,14.1,69.6,47,44,25,15,2.66,528,7,5,13,0,cell_degradation,INC-20260915-JHB-CBD-003-B
2026-09-15T13:45,Telkom,Gauteng,Johannesburg,JHB-CBD-003,JHB-CBD-003-C,RAN,95.88,96.32,-0.44,97.34,2.27,97.07,30.45,30.36,-0.3,8.91,62.5,-89.6,-12.5,15.4,64.72,45,18,11,9,1.37,298,7,5,0,0,normal,
2026-09-15T13:45,Telkom,Gauteng,Soweto,JHB-SOW-018,JHB-SOW-018-A,RAN,98.84,99.05,-0.21,98.48,0.59,98.5,30.25,37.55,19.44,9.65,51.8,-83.7,-9.1,17.4,65.22,45,0,0,0,1.36,0,3,2,0,0,normal,
2026-09-15T13:45,Telkom,Gauteng,Soweto,JHB-SOW-018,JHB-SOW-018-B,RAN,99.43,98.95,0.48,99.33,0.44,97.39,40.27,35.98,-11.91,11.79,48.1,-85.3,-9.4,18.9,51.64,41,3,3,3,0.23,35,3,2,0,0,normal,
2026-09-15T13:45,Telkom,Gauteng,Soweto,JHB-SOW-018,JHB-SOW-018-C,RAN,98.67,99.15,-0.48,99.39,0.31,98.94,35.17,37.76,6.86,11.15,59.9,-83.3,-8.3,17.0,54.99,43,2,0,0,0.94,58,3,2,0,0,normal,
2026-09-15T13:45,Telkom,Gauteng,Pretoria,PTA-HAT-011,PTA-HAT-011-A,RAN,99.26,99.07,0.19,97.87,0.26,99.13,36.54,33.83,-8.02,9.53,59.0,-88.9,-10.9,14.3,62.22,59,2,7,1,0.32,114,3,2,0,0,normal,
2026-09-15T13:45,Telkom,Gauteng,Pretoria,PTA-HAT-011,PTA-HAT-011-B,RAN,99.47,99.2,0.27,98.93,0.47,98.48,38.24,35.08,-9.01,8.62,58.5,-86.1,-9.4,14.5,55.1,55,0,0,1,0.99,74,3,2,0,0,normal,
2026-09-15T13:45,Telkom,Gauteng,Pretoria,PTA-HAT-011,PTA-HAT-011-C,RAN,99.36,99.17,0.19,98.69,0.8,98.26,41.03,35.51,-15.54,12.89,65.2,-84.4,-9.2,21.9,52.43,47,5,5,3,0.74,98,3,2,0,0,normal,
2026-09-15T14:00,Telkom,Western Cape,Cape Town,CPT-BEL-007,CPT-BEL-007-A,RAN,99.9,99.07,0.83,97.9,0.49,98.36,36.18,38.41,5.79,11.49,62.9,-87.5,-9.8,16.0,52.92,45,0,7,3,0.97,0,2,2,0,0,normal,
2026-09-15T14:00,Telkom,Western Cape,Cape Town,CPT-BEL-007,CPT-BEL-007-B,RAN,99.22,99.13,0.09,98.8,0.8,98.09,41.11,37.55,-9.47,12.77,52.6,-87.4,-10.1,19.2,53.19,51,3,8,6,0.58,0,2,2,0,0,normal,
2026-09-15T14:00,Telkom,Western Cape,Cape Town,CPT-BEL-007,CPT-BEL-007-C,RAN,99.0,99.22,-0.22,99.19,0.37,98.34,36.46,35.51,-2.68,11.97,59.8,-88.4,-9.1,20.3,58.61,49,5,2,1,0.98,0,2,2,0,0,normal,
2026-09-15T14:00,Telkom,Gauteng,Johannesburg,JHB-CBD-003,JHB-CBD-003-A,RAN,99.17,96.41,2.76,98.71,0.68,97.93,39.36,32.68,-20.43,9.88,48.9,-84.3,-11.2,16.8,58.64,50,5,5,2,0.53,8,5,5,1,0,normal,
2026-09-15T14:00,Telkom,Gauteng,Johannesburg,JHB-CBD-003,JHB-CBD-003-B,RAN,99.18,83.47,15.71,98.75,0.41,99.03,37.46,12.26,-205.48,11.41,56.8,-84.4,-7.8,17.7,61.08,48,4,3,3,0.82,57,5,5,11,0,normal,
2026-09-15T14:00,Telkom,Gauteng,Johannesburg,JHB-CBD-003,JHB-CBD-003-C,RAN,99.34,96.28,3.06,98.92,1.0,98.48,43.45,31.19,-39.32,12.88,56.8,-88.1,-9.7,19.6,48.66,50,4,5,4,0.48,115,5,5,0,0,normal,
2026-09-15T14:00,Telkom,Gauteng,Soweto,JHB-SOW-018,JHB-SOW-018-A,RAN,99.25,99.03,0.22,98.97,0.71,98.58,42.3,37.12,-13.96,11.68,46.3,-83.9,-10.5,14.8,51.34,35,0,3,0,0.95,84,2,2,0,0,normal,
2026-09-15T14:00,Telkom,Gauteng,Soweto,JHB-SOW-018,JHB-SOW-018-B,RAN,99.45,98.96,0.49,98.72,0.64,99.06,42.78,36.4,-17.53,11.55,56.0,-82.0,-9.7,21.2,45.68,44,1,3,3,0.74,146,2,2,0,0,normal,
2026-09-15T14:00,Telkom,Gauteng,Soweto,JHB-SOW-018,JHB-SOW-018-C,RAN,99.18,99.13,0.05,99.01,0.74,98.21,41.53,37.66,-10.29,12.0,47.3,-82.2,-7.7,12.8,44.18,54,6,6,4,0.69,0,2,2,0,0,normal,
2026-09-15T14:00,Telkom,Gauteng,Pretoria,PTA-HAT-011,PTA-HAT-011-A,RAN,99.24,99.05,0.19,98.47,0.83,98.71,42.03,33.96,-23.76,8.74,67.5,-87.8,-10.5,16.5,59.43,57,3,6,4,0.79,29,2,2,0,0,normal,
2026-09-15T14:00,Telkom,Gauteng,Pretoria,PTA-HAT-011,PTA-HAT-011-B,RAN,99.01,99.2,-0.19,99.02,1.07,98.88,30.59,35.83,14.62,14.02,49.0,-86.4,-10.2,17.9,59.0,57,5,3,4,1.13,102,2,2,0,0,normal,
2026-09-15T14:00,Telkom,Gauteng,Pretoria,PTA-HAT-011,PTA-HAT-011-C,RAN,98.26,99.18,-0.92,98.8,0.05,98.26,32.83,35.91,8.58,11.12,58.2,-84.6,-10.0,17.3,60.34,61,5,2,0,1.22,0,2,2,0,0,normal,
2026-09-15T14:15,Telkom,Western Cape,Cape Town,CPT-BEL-007,CPT-BEL-007-A,RAN,99.09,99.18,-0.09,98.57,0.72,97.92,36.0,38.14,5.61,15.33,51.2,-88.6,-10.0,19.2,49.44,54,5,6,3,0.83,0,1,1,0,0,normal,
2026-09-15T14:15,Telkom,Western Cape,Cape Town,CPT-BEL-007,CPT-BEL-007-B,RAN,98.61,99.15,-0.54,98.7,0.53,98.32,42.53,38.21,-11.31,11.71,44.7,-82.8,-11.3,16.3,50.9,46,9,2,3,0.77,0,1,1,0,0,normal,
2026-09-15T14:15,Telkom,Western Cape,Cape Town,CPT-BEL-007,CPT-BEL-007-C,RAN,98.83,99.2,-0.37,98.95,0.56,97.63,32.97,35.61,7.42,12.4,62.9,-85.9,-10.2,19.2,59.53,46,7,2,1,0.32,49,1,1,0,0,normal,
2026-09-15T14:15,Telkom,Gauteng,Johannesburg,JHB-CBD-003,JHB-CBD-003-A,RAN,99.27,96.59,2.68,98.7,0.13,98.31,40.36,33.73,-19.64,13.34,59.8,-84.1,-9.7,18.5,47.84,40,1,4,0,0.6,31,2,2,1,0,normal,
2026-09-15T14:15,Telkom,Gauteng,Johannesburg,JHB-CBD-003,JHB-CBD-003-B,RAN,98.64,84.41,14.23,98.4,0.85,98.45,35.41,13.52,-161.88,14.22,52.9,-82.5,-9.0,18.7,47.76,41,3,4,2,0.96,44,2,2,6,0,normal,
2026-09-15T14:15,Telkom,Gauteng,Johannesburg,JHB-CBD-003,JHB-CBD-003-C,RAN,98.87,96.46,2.41,98.53,0.32,97.76,42.58,32.1,-32.63,15.46,55.3,-84.2,-11.1,17.7,51.84,45,6,4,1,1.01,38,2,2,0,0,normal,
2026-09-15T14:15,Telkom,Gauteng,Soweto,JHB-SOW-018,JHB-SOW-018-A,RAN,99.57,99.05,0.52,99.11,0.55,97.92,39.28,36.98,-6.23,12.68,43.1,-84.6,-12.8,14.2,49.89,42,0,3,2,0.94,92,2,1,0,0,normal,
2026-09-15T14:15,Telkom,Gauteng,Soweto,JHB-SOW-018,JHB-SOW-018-B,RAN,99.62,99.0,0.62,99.13,0.59,98.77,41.11,36.77,-11.79,13.02,53.5,-83.1,-10.6,19.7,54.21,45,0,0,2,0.92,178,2,1,0,0,normal,
2026-09-15T14:15,Telkom,Gauteng,Soweto,JHB-SOW-018,JHB-SOW-018-C,RAN,98.91,99.14,-0.23,99.23,0.59,98.59,47.21,37.55,-25.73,12.49,61.6,-87.3,-9.5,22.5,47.32,38,0,7,0,0.34,0,2,1,0,0,normal,
2026-09-15T14:15,Telkom,Gauteng,Pretoria,PTA-HAT-011,PTA-HAT-011-A,RAN,99.32,99.03,0.29,98.82,0.56,98.54,39.0,34.68,-12.47,11.54,49.8,-87.3,-10.0,18.0,61.36,53,3,7,2,0.92,0,1,1,0,0,normal,
2026-09-15T14:15,Telkom,Gauteng,Pretoria,PTA-HAT-011,PTA-HAT-011-B,RAN,98.95,99.22,-0.27,99.05,0.59,98.51,44.71,35.59,-25.63,11.48,40.8,-88.6,-10.7,15.0,50.72,48,3,5,3,0.8,74,1,1,0,0,normal,
2026-09-15T14:15,Telkom,Gauteng,Pretoria,PTA-HAT-011,PTA-HAT-011-C,RAN,98.44,99.13,-0.69,99.22,0.63,98.06,38.37,35.9,-6.9,12.79,58.3,-83.0,-10.8,17.4,54.23,47,7,1,3,0.72,84,1,1,0,0,normal,
2026-09-15T14:30,Telkom,Western Cape,Cape Town,CPT-BEL-007,CPT-BEL-007-A,RAN,99.35,99.21,0.14,99.24,0.75,98.71,40.99,38.47,-6.56,14.06,55.4,-82.0,-10.3,19.2,55.41,42,5,3,2,0.7,65,0,0,0,0,normal,
2026-09-15T14:30,Telkom,Western Cape,Cape Town,CPT-BEL-007,CPT-BEL-007-B,RAN,99.12,99.12,0.0,98.48,0.06,98.26,40.18,38.29,-4.93,13.4,61.6,-87.1,-10.7,19.8,56.98,47,5,6,0,0.1,90,0,0,0,0,normal,
2026-09-15T14:30,Telkom,Western Cape,Cape Town,CPT-BEL-007,CPT-BEL-007-C,RAN,99.35,99.22,0.13,99.05,0.72,98.65,33.26,35.55,6.44,14.79,54.1,-88.3,-5.7,14.9,51.91,42,3,2,3,0.74,0,0,0,0,0,normal,
2026-09-15T14:30,Telkom,Gauteng,Johannesburg,JHB-CBD-003,JHB-CBD-003-A,RAN,99.1,96.79,2.31,98.75,0.31,99.09,41.64,34.05,-22.3,11.34,47.6,-87.3,-10.2,17.6,52.61,47,2,5,0,0.29,47,0,0,0,0,normal,
2026-09-15T14:30,Telkom,Gauteng,Johannesburg,JHB-CBD-003,JHB-CBD-003-B,RAN,98.88,85.36,13.52,98.86,0.28,98.65,38.05,14.48,-162.84,13.36,54.2,-86.8,-8.7,16.4,56.35,57,6,1,3,1.43,0,0,0,4,0,normal,
2026-09-15T14:30,Telkom,Gauteng,Johannesburg,JHB-CBD-003,JHB-CBD-003-C,RAN,98.91,96.62,2.29,98.47,0.51,97.89,39.71,32.83,-20.95,14.96,63.8,-86.8,-11.8,19.8,50.48,42,3,7,2,0.66,7,0,0,0,0,normal,
2026-09-15T14:30,Telkom,Gauteng,Soweto,JHB-SOW-018,JHB-SOW-018-A,RAN,98.67,99.06,-0.39,99.27,0.16,97.98,38.18,37.05,-3.05,14.29,44.3,-84.4,-11.6,19.1,37.81,39,1,0,0,0.78,0,1,0,0,0,normal,
2026-09-15T14:30,Telkom,Gauteng,Soweto,JHB-SOW-018,JHB-SOW-018-B,RAN,99.14,99.04,0.1,98.56,0.44,98.2,40.11,37.37,-7.32,13.44,59.5,-80.5,-10.6,17.1,51.9,45,2,9,1,0.98,0,1,0,0,0,normal,
2026-09-15T14:30,Telkom,Gauteng,Soweto,JHB-SOW-018,JHB-SOW-018-C,RAN,98.95,99.09,-0.14,98.53,0.55,99.5,47.56,38.26,-24.32,10.45,46.0,-81.0,-9.7,15.6,52.97,47,6,2,1,0.89,153,1,0,0,0,normal,
2026-09-15T14:30,Telkom,Gauteng,Pretoria,PTA-HAT-011,PTA-HAT-011-A,RAN,98.94,99.05,-0.11,98.77,0.06,97.85,32.34,35.14,7.97,13.91,54.4,-80.2,-8.9,15.3,52.9,51,6,5,0,0.87,56,0,0,0,0,normal,
2026-09-15T14:30,Telkom,Gauteng,Pretoria,PTA-HAT-011,PTA-HAT-011-B,RAN,99.81,99.2,0.61,98.92,0.27,98.43,42.41,36.6,-15.86,13.75,52.8,-90.6,-10.7,14.9,55.07,44,3,5,3,0.7,0,0,0,0,0,normal,
2026-09-15T14:30,Telkom,Gauteng,Pretoria,PTA-HAT-011,PTA-HAT-011-C,RAN,99.52,99.1,0.42,98.83,0.46,97.51,43.58,35.8,-21.72,11.4,49.9,-85.5,-10.5,20.4,50.5,45,3,7,1,1.01,134,0,0,0,0,normal,
2026-09-15T14:45,Telkom,Western Cape,Cape Town,CPT-BEL-007,CPT-BEL-007-A,RAN,99.21,99.25,-0.04,98.49,0.46,98.84,47.94,39.08,-22.68,10.16,44.7,-87.8,-10.7,18.2,55.21,49,3,4,1,0.98,0,0,0,0,0,normal,
2026-09-15T14:45,Telkom,Western Cape,Cape Town,CPT-BEL-007,CPT-BEL-007-B,RAN,99.48,99.12,0.36,98.7,0.39,98.94,38.33,38.36,0.08,14.54,53.5,-83.8,-9.3,17.5,45.67,36,1,3,1,0.31,47,0,0,0,0,normal,
2026-09-15T14:45,Telkom,Western Cape,Cape Town,CPT-BEL-007,CPT-BEL-007-C,RAN,98.2,99.2,-1.0,98.47,1.01,98.66,42.77,35.33,-21.06,11.83,49.0,-87.5,-9.6,15.8,46.94,47,3,3,2,0.81,204,0,0,0,0,normal,
2026-09-15T14:45,Telkom,Gauteng,Johannesburg,JHB-CBD-003,JHB-CBD-003-A,RAN,99.18,96.92,2.26,99.07,0.3,98.54,26.91,34.74,22.55,9.01,44.2,-83.6,-11.2,17.2,59.72,45,2,3,2,0.76,41,0,0,0,0,normal,
2026-09-15T14:45,Telkom,Gauteng,Johannesburg,JHB-CBD-003,JHB-CBD-003-B,RAN,99.41,86.49,12.92,98.48,0.35,98.58,40.05,16.54,-142.09,11.45,48.8,-89.1,-13.0,18.7,52.1,49,4,3,3,0.31,58,0,0,0,0,normal,
2026-09-15T14:45,Telkom,Gauteng,Johannesburg,JHB-CBD-003,JHB-CBD-003-C,RAN,99.33,96.81,2.52,98.35,0.54,98.91,33.05,32.99,-0.17,13.06,43.8,-85.9,-7.5,15.6,61.38,44,1,7,2,0.57,107,0,0,0,0,normal,
2026-09-15T14:45,Telkom,Gauteng,Soweto,JHB-SOW-018,JHB-SOW-018-A,RAN,99.28,99.07,0.21,99.11,0.12,98.06,44.69,37.37,-19.6,12.19,54.7,-86.8,-10.0,18.0,54.54,42,5,4,0,0.55,27,1,0,0,0,normal,
2026-09-15T14:45,Telkom,Gauteng,Soweto,JHB-SOW-018,JHB-SOW-018-B,RAN,98.96,99.09,-0.13,99.04,0.79,98.61,37.96,37.76,-0.53,13.74,52.9,-86.4,-8.7,17.9,49.31,53,2,3,4,0.62,160,1,0,0,0,normal,
2026-09-15T14:45,Telkom,Gauteng,Soweto,JHB-SOW-018,JHB-SOW-018-C,RAN,99.07,99.11,-0.04,99.24,0.05,98.41,37.16,38.8,4.23,12.7,54.8,-83.7,-10.2,17.5,54.26,43,1,1,0,0.15,95,1,0,0,0,normal,
2026-09-15T14:45,Telkom,Gauteng,Pretoria,PTA-HAT-011,PTA-HAT-011-A,RAN,98.65,99.05,-0.4,98.56,0.13,98.96,32.0,34.97,8.49,9.82,64.5,-86.1,-11.0,19.7,61.87,56,11,7,0,0.96,66,0,0,0,0,normal,
2026-09-15T14:45,Telkom,Gauteng,Pretoria,PTA-HAT-011,PTA-HAT-011-B,RAN,99.31,99.2,0.11,98.58,0.27,98.0,39.23,37.08,-5.8,9.59,51.8,-86.8,-8.3,18.1,56.29,52,6,5,2,0.69,62,0,0,0,0,normal,
2026-09-15T14:45,Telkom,Gauteng,Pretoria,PTA-HAT-011,PTA-HAT-011-C,RAN,99.67,99.1,0.57,99.12,0.05,98.76,36.45,36.26,-0.53,9.9,56.9,-88.0,-12.2,17.1,68.67,62,6,6,0,0.14,0,0,0,0,0,normal,
2026-09-15T15:00,Telkom,Western Cape,Cape Town,CPT-BEL-007,CPT-BEL-007-A,RAN,98.92,99.24,-0.32,98.21,0.74,98.5,40.41,39.6,-2.05,14.43,55.1,-82.6,-9.9,20.4,46.92,46,4,3,3,0.27,84,0,0,0,0,normal,
2026-09-15T15:00,Telkom,Western Cape,Cape Town,CPT-BEL-007,CPT-BEL-007-B,RAN,99.3,99.18,0.12,98.7,0.56,99.51,32.42,37.93,14.53,10.05,43.1,-83.3,-9.0,18.7,48.66,48,4,4,4,1.03,66,0,0,0,0,normal,
2026-09-15T15:00,Telkom,Western Cape,Cape Town,CPT-BEL-007,CPT-BEL-007-C,RAN,99.51,99.15,0.36,99.09,0.27,99.27,32.62,35.56,8.26,11.51,49.3,-83.3,-12.8,16.7,54.43,40,2,2,1,0.37,228,0,0,0,0,normal,
2026-09-15T15:00,Telkom,Gauteng,Johannesburg,JHB-CBD-003,JHB-CBD-003-A,RAN,98.73,97.07,1.66,98.35,0.5,98.23,35.13,34.72,-1.18,12.1,50.9,-87.5,-11.6,17.1,58.13,40,6,7,1,0.77,0,0,0,0,0,normal,
2026-09-15T15:00,Telkom,Gauteng,Johannesburg,JHB-CBD-003,JHB-CBD-003-B,RAN,98.93,87.67,11.26,98.46,0.75,99.11,38.01,18.74,-102.81,12.64,60.4,-90.1,-9.8,18.0,57.23,49,6,3,4,0.66,55,0,0,0,0,normal,
2026-09-15T15:00,Telkom,Gauteng,Johannesburg,JHB-CBD-003,JHB-CBD-003-C,RAN,98.89,97.03,1.86,98.61,0.83,98.45,41.95,33.18,-26.45,13.38,64.6,-88.8,-9.3,14.8,56.96,50,5,5,3,0.59,150,0,0,0,0,normal,
2026-09-15T15:00,Telkom,Gauteng,Soweto,JHB-SOW-018,JHB-SOW-018-A,RAN,98.83,99.07,-0.24,98.77,0.92,98.35,45.98,37.8,-21.63,13.62,53.1,-85.8,-11.8,19.2,43.87,41,3,4,5,0.31,0,1,0,0,0,normal,
2026-09-15T15:00,Telkom,Gauteng,Soweto,JHB-SOW-018,JHB-SOW-018-B,RAN,98.75,99.08,-0.33,99.35,0.68,98.68,37.19,37.91,1.9,12.01,57.0,-85.7,-10.3,15.4,57.24,42,7,1,2,1.24,109,1,0,0,0,normal,
2026-09-15T15:00,Telkom,Gauteng,Soweto,JHB-SOW-018,JHB-SOW-018-C,RAN,99.79,99.09,0.7,98.09,0.49,98.11,38.94,38.45,-1.28,11.33,64.1,-82.6,-9.1,14.2,55.13,43,2,8,2,0.63,200,1,0,0,0,normal,
2026-09-15T15:00,Telkom,Gauteng,Pretoria,PTA-HAT-011,PTA-HAT-011-A,RAN,99.27,99.02,0.25,98.6,0.52,98.18,35.51,34.7,-2.34,14.84,53.3,-89.1,-10.6,17.2,52.7,46,6,3,4,0.67,74,0,0,0,0,normal,
2026-09-15T15:00,Telkom,Gauteng,Pretoria,PTA-HAT-011,PTA-HAT-011-B,RAN,98.64,99.19,-0.55,98.73,0.2,98.98,44.03,37.32,-17.97,12.41,66.2,-86.7,-12.8,21.4,46.52,40,5,2,0,0.63,0,0,0,0,0,normal,
2026-09-15T15:00,Telkom,Gauteng,Pretoria,PTA-HAT-011,PTA-HAT-011-C,RAN,99.36,99.12,0.24,98.99,0.43,99.17,45.29,36.26,-24.91,12.42,63.3,-82.9,-8.9,20.7,58.65,51,3,1,0,0.99,22,0,0,0,0,normal,
2026-09-15T15:15,Telkom,Western Cape,Cape Town,CPT-BEL-007,CPT-BEL-007-A,RAN,99.21,99.2,0.01,98.34,0.11,98.43,41.86,39.87,-4.98,9.99,51.7,-86.1,-9.9,21.6,53.09,42,4,8,1,0.66,0,1,0,0,0,normal,
2026-09-15T15:15,Telkom,Western Cape,Cape Town,CPT-BEL-007,CPT-BEL-007-B,RAN,99.48,99.18,0.3,98.97,0.32,98.1,34.87,37.71,7.53,10.47,64.4,-85.5,-10.9,20.2,66.89,44,2,4,3,0.22,0,1,0,0,0,normal,
2026-09-15T15:15,Telkom,Western Cape,Cape Town,CPT-BEL-007,CPT-BEL-007-C,RAN,99.47,99.13,0.34,98.25,0.21,99.36,41.95,35.54,-18.05,12.42,41.7,-86.2,-11.0,16.5,55.1,53,4,6,1,0.59,0,1,0,0,0,normal,
2026-09-15T15:15,Telkom,Gauteng,Johannesburg,JHB-CBD-003,JHB-CBD-003-A,RAN,98.84,97.19,1.65,99.32,0.5,98.31,44.79,35.16,-27.4,14.78,43.4,-83.2,-10.2,18.2,38.49,38,3,3,2,0.93,0,0,0,0,0,normal,
2026-09-15T15:15,Telkom,Gauteng,Johannesburg,JHB-CBD-003,JHB-CBD-003-B,RAN,99.39,88.87,10.52,98.34,0.5,98.4,34.85,20.82,-67.4,10.48,53.9,-88.6,-10.0,17.2,60.47,52,3,6,2,1.26,5,0,0,0,0,normal,
2026-09-15T15:15,Telkom,Gauteng,Johannesburg,JHB-CBD-003,JHB-CBD-003-C,RAN,99.35,97.19,2.16,98.91,0.7,98.52,43.22,33.5,-29.01,13.62,53.1,-91.5,-8.9,19.3,53.13,54,0,2,2,0.3,38,0,0,0,0,normal,
2026-09-15T15:15,Telkom,Gauteng,Soweto,JHB-SOW-018,JHB-SOW-018-A,RAN,98.9,99.05,-0.15,98.7,0.05,99.05,35.63,38.23,6.8,15.14,49.6,-84.6,-8.9,14.1,49.12,46,6,4,1,1.0,28,1,0,0,0,normal,
2026-09-15T15:15,Telkom,Gauteng,Soweto,JHB-SOW-018,JHB-SOW-018-B,RAN,99.38,99.09,0.29,99.06,0.05,98.11,36.01,37.97,5.17,10.22,56.7,-89.0,-10.6,18.6,60.66,46,4,1,0,0.83,0,1,0,0,0,normal,
2026-09-15T15:15,Telkom,Gauteng,Soweto,JHB-SOW-018,JHB-SOW-018-C,RAN,98.4,99.13,-0.73,98.64,0.52,98.73,36.96,38.39,3.73,9.92,51.5,-84.7,-8.2,15.2,55.56,46,6,5,1,0.1,31,1,0,0,0,normal,
2026-09-15T15:15,Telkom,Gauteng,Pretoria,PTA-HAT-011,PTA-HAT-011-A,RAN,98.83,99.03,-0.2,98.52,0.28,98.92,37.49,34.61,-8.33,12.22,65.2,-87.2,-10.9,17.3,52.27,53,8,10,0,0.56,91,0,0,0,0,normal,
2026-09-15T15:15,Telkom,Gauteng,Pretoria,PTA-HAT-011,PTA-HAT-011-B,RAN,99.52,99.16,0.36,98.99,0.81,98.03,30.87,37.19,16.99,10.08,68.4,-83.2,-10.1,19.5,59.48,59,1,4,3,0.19,51,0,0,0,0,normal,
2026-09-15T15:15,Telkom,Gauteng,Pretoria,PTA-HAT-011,PTA-HAT-011-C,RAN,98.7,99.15,-0.45,98.92,0.48,99.3,39.34,37.06,-6.14,14.06,55.6,-83.9,-7.7,16.9,56.55,51,7,1,2,0.86,45,0,0,0,0,normal,
2026-09-15T15:30,Telkom,Western Cape,Cape Town,CPT-BEL-007,CPT-BEL-007-A,RAN,99.33,99.2,0.13,98.55,0.22,98.98,42.45,39.88,-6.43,13.49,50.3,-80.5,-10.5,15.5,46.63,43,2,5,0,0.22,12,1,0,0,0,normal,
2026-09-15T15:30,Telkom,Western Cape,Cape Town,CPT-BEL-007,CPT-BEL-007-B,RAN,98.51,99.22,-0.71,98.46,0.63,98.48,32.83,38.09,13.81,13.38,61.8,-89.6,-8.7,18.4,54.62,41,5,3,1,0.39,99,1,0,0,0,normal,
2026-09-15T15:30,Telkom,Western Cape,Cape Town,CPT-BEL-007,CPT-BEL-007-C,RAN,99.09,99.13,-0.04,99.47,0.47,98.95,32.04,36.29,11.72,10.69,58.8,-82.4,-10.5,17.3,55.69,41,2,1,0,0.67,0,1,0,0,0,normal,
2026-09-15T15:30,Telkom,Gauteng,Johannesburg,JHB-CBD-003,JHB-CBD-003-A,RAN,99.35,97.34,2.01,99.03,0.32,99.15,29.83,35.64,16.29,11.1,57.9,-85.2,-12.0,19.7,53.57,47,1,2,3,0.99,0,0,0,0,0,normal,
2026-09-15T15:30,Telkom,Gauteng,Johannesburg,JHB-CBD-003,JHB-CBD-003-B,RAN,99.25,90.06,9.19,98.93,0.6,98.11,33.71,22.92,-47.06,10.14,51.3,-84.7,-8.1,16.1,55.44,47,3,3,3,0.66,135,0,0,0,0,normal,
2026-09-15T15:30,Telkom,Gauteng,Johannesburg,JHB-CBD-003,JHB-CBD-003-C,RAN,98.9,97.42,1.48,99.0,0.05,98.29,46.5,34.39,-35.22,13.97,36.5,-84.5,-8.9,15.5,48.4,40,7,5,1,0.85,52,0,0,0,0,normal,
2026-09-15T15:30,Telkom,Gauteng,Soweto,JHB-SOW-018,JHB-SOW-018-A,RAN,99.48,99.01,0.47,99.08,0.95,98.16,35.65,38.36,7.05,12.61,58.5,-84.5,-7.9,19.0,54.08,42,3,2,3,0.89,42,1,0,0,0,normal,
2026-09-15T15:30,Telkom,Gauteng,Soweto,JHB-SOW-018,JHB-SOW-018-B,RAN,99.33,99.08,0.25,98.94,0.99,98.4,39.95,38.17,-4.66,11.09,57.5,-90.0,-11.6,14.8,56.09,42,0,2,4,0.64,43,1,0,0,0,normal,
2026-09-15T15:30,Telkom,Gauteng,Soweto,JHB-SOW-018,JHB-SOW-018-C,RAN,99.63,99.1,0.53,98.18,0.88,98.65,39.46,38.46,-2.59,13.74,58.7,-84.1,-9.5,19.0,53.57,38,0,6,1,0.63,0,1,0,0,0,normal,
2026-09-15T15:30,Telkom,Gauteng,Pretoria,PTA-HAT-011,PTA-HAT-011-A,RAN,98.5,99.03,-0.53,98.8,0.78,98.22,32.78,35.3,7.13,7.97,59.7,-87.5,-10.5,16.9,66.03,55,7,6,3,1.17,226,0,0,0,0,normal,
2026-09-15T15:30,Telkom,Gauteng,Pretoria,PTA-HAT-011,PTA-HAT-011-B,RAN,98.95,99.17,-0.22,98.64,0.48,98.95,41.36,37.18,-11.23,14.84,50.6,-84.5,-11.7,16.4,47.42,43,6,1,2,0.56,0,0,0,0,0,normal,
2026-09-15T15:30,Telkom,Gauteng,Pretoria,PTA-HAT-011,PTA-HAT-011-C,RAN,98.81,99.08,-0.27,98.56,0.56,98.23,40.39,37.28,-8.34,14.12,51.0,-93.2,-9.8,21.7,57.43,54,0,2,3,0.78,94,0,0,0,0,normal,
2026-09-15T15:45,Telkom,Western Cape,Cape Town,CPT-BEL-007,CPT-BEL-007-A,RAN,99.33,99.22,0.11,97.92,0.8,99.7,43.64,39.97,-9.2,13.41,53.6,-83.2,-10.5,20.4,48.24,48,4,7,1,1.02,106,1,0,0,0,normal,
2026-09-15T15:45,Telkom,Western Cape,Cape Town,CPT-BEL-007,CPT-BEL-007-B,RAN,98.69,99.16,-0.47,99.0,0.97,98.56,37.51,38.0,1.29,10.98,39.0,-90.1,-9.3,16.6,53.39,50,5,2,4,1.29,0,1,0,0,0,normal,
2026-09-15T15:45,Telkom,Western Cape,Cape Town,CPT-BEL-007,CPT-BEL-007-C,RAN,98.95,99.13,-0.18,98.64,0.97,98.63,39.48,35.65,-10.73,11.72,44.0,-83.2,-10.4,20.4,50.81,39,6,3,3,0.79,0,1,0,0,0,normal,
2026-09-15T15:45,Telkom,Gauteng,Johannesburg,JHB-CBD-003,JHB-CBD-003-A,RAN,99.17,97.52,1.65,99.03,0.71,98.42,43.7,35.31,-23.75,14.89,54.5,-88.3,-10.2,14.6,46.67,39,2,2,3,0.9,80,0,0,0,0,normal,
2026-09-15T15:45,Telkom,Gauteng,Johannesburg,JHB-CBD-003,JHB-CBD-003-B,RAN,99.31,91.29,8.02,98.42,0.64,98.47,31.93,24.81,-28.69,13.37,48.5,-84.8,-10.9,20.5,54.02,52,4,6,3,0.44,0,0,0,0,0,normal,
2026-09-15T15:45,Telkom,Gauteng,Johannesburg,JHB-CBD-003,JHB-CBD-003-C,RAN,99.38,97.6,1.78,98.93,0.45,98.66,39.85,35.71,-11.58,10.0,51.9,-83.7,-10.7,13.1,63.53,47,3,8,2,1.0,45,0,0,0,0,normal,
2026-09-15T15:45,Telkom,Gauteng,Soweto,JHB-SOW-018,JHB-SOW-018-A,RAN,98.84,99.02,-0.18,98.74,0.64,99.6,39.52,38.19,-3.49,12.4,48.7,-85.3,-10.1,16.6,47.89,38,4,5,1,1.14,0,1,0,0,0,normal,
2026-09-15T15:45,Telkom,Gauteng,Soweto,JHB-SOW-018,JHB-SOW-018-B,RAN,98.67,99.11,-0.44,99.02,0.52,98.32,34.64,38.47,9.95,11.58,49.8,-85.5,-10.2,15.0,53.14,46,4,7,2,0.16,71,1,0,0,0,normal,
2026-09-15T15:45,Telkom,Gauteng,Soweto,JHB-SOW-018,JHB-SOW-018-C,RAN,99.01,99.08,-0.07,98.96,0.43,98.76,47.0,38.77,-21.24,14.76,47.7,-87.6,-8.8,16.5,41.64,34,4,0,2,0.93,0,1,0,0,0,normal,
2026-09-15T15:45,Telkom,Gauteng,Pretoria,PTA-HAT-011,PTA-HAT-011-A,RAN,99.45,98.99,0.46,98.7,0.5,98.54,40.04,35.27,-13.51,12.27,58.1,-87.3,-9.9,20.1,54.37,47,7,1,2,0.45,66,0,0,0,0,normal,
2026-09-15T15:45,Telkom,Gauteng,Pretoria,PTA-HAT-011,PTA-HAT-011-B,RAN,98.35,99.17,-0.82,99.1,0.14,98.5,40.66,37.43,-8.62,12.11,61.4,-84.3,-8.8,17.6,47.14,46,6,3,0,0.93,210,0,0,0,0,normal,
2026-09-15T15:45,Telkom,Gauteng,Pretoria,PTA-HAT-011,PTA-HAT-011-C,RAN,98.93,99.06,-0.13,98.72,0.2,98.57,35.42,37.28,4.99,13.84,52.4,-87.1,-9.1,17.8,53.21,46,4,4,1,0.1,53,0,0,0,0,normal,
2026-09-15T16:00,Telkom,Western Cape,Cape Town,CPT-BEL-007,CPT-BEL-007-A,RAN,99.5,99.19,0.31,98.31,0.67,99.01,35.8,40.72,12.09,12.86,41.4,-86.5,-9.4,18.2,55.21,40,3,1,2,0.58,9,1,0,0,0,normal,
2026-09-15T16:00,Telkom,Western Cape,Cape Town,CPT-BEL-007,CPT-BEL-007-B,RAN,99.9,99.12,0.78,98.97,1.14,99.28,34.05,38.16,10.77,12.34,59.8,-83.6,-8.6,18.9,57.73,63,2,5,8,0.51,134,1,0,0,0,normal,
2026-09-15T16:00,Telkom,Western Cape,Cape Town,CPT-BEL-007,CPT-BEL-007-C,RAN,98.9,99.11,-0.2,98.55,0.51,97.95,39.42,36.18,-8.96,12.63,58.2,-85.5,-9.3,17.2,52.69,37,4,3,4,0.9,0,1,0,0,0,normal,
2026-09-15T16:00,Telkom,Gauteng,Johannesburg,JHB-CBD-003,JHB-CBD-003-A,RAN,98.89,97.74,1.15,99.11,0.31,97.58,31.86,36.21,12.01,10.73,57.5,-89.9,-10.1,19.9,60.78,55,10,7,1,1.04,42,0,0,0,0,normal,
2026-09-15T16:00,Telkom,Gauteng,Johannesburg,JHB-CBD-003,JHB-CBD-003-B,RAN,99.63,92.46,7.17,98.45,0.34,98.92,33.23,26.52,-25.3,14.52,56.8,-84.7,-7.6,15.4,54.33,44,0,5,2,0.86,0,0,0,0,0,normal,
2026-09-15T16:00,Telkom,Gauteng,Johannesburg,JHB-CBD-003,JHB-CBD-003-C,RAN,98.84,97.77,1.07,98.86,0.6,98.62,38.12,36.54,-4.31,13.75,56.0,-85.0,-10.4,18.8,61.48,50,6,3,3,0.52,99,0,0,0,0,normal,
2026-09-15T16:00,Telkom,Gauteng,Soweto,JHB-SOW-018,JHB-SOW-018-A,RAN,99.13,99.02,0.11,98.77,0.05,98.73,46.35,38.41,-20.66,11.9,58.6,-89.7,-8.7,20.8,45.06,37,4,3,0,0.8,0,1,0,0,0,normal,
2026-09-15T16:00,Telkom,Gauteng,Soweto,JHB-SOW-018,JHB-SOW-018-B,RAN,98.76,99.09,-0.33,98.82,0.47,98.1,38.99,38.19,-2.08,11.47,51.1,-85.3,-9.2,15.0,42.9,38,4,6,0,0.39,0,1,0,0,0,normal,
2026-09-15T16:00,Telkom,Gauteng,Soweto,JHB-SOW-018,JHB-SOW-018-C,RAN,98.63,99.07,-0.44,98.97,0.63,98.76,38.27,39.13,2.2,14.52,58.5,-85.4,-10.0,18.5,49.14,44,5,5,1,0.86,59,1,0,0,0,normal,
2026-09-15T16:00,Telkom,Gauteng,Pretoria,PTA-HAT-011,PTA-HAT-011-A,RAN,99.38,99.07,0.31,98.19,0.08,97.95,40.43,35.5,-13.9,12.1,56.7,-78.3,-8.3,14.2,48.25,46,0,4,1,0.28,192,0,0,0,0,normal,
2026-09-15T16:00,Telkom,Gauteng,Pretoria,PTA-HAT-011,PTA-HAT-011-B,RAN,99.41,99.08,0.33,98.48,0.72,98.33,42.32,37.44,-13.03,8.75,59.2,-82.8,-9.3,13.9,57.07,50,3,7,4,0.55,84,0,0,0,0,normal,
2026-09-15T16:00,Telkom,Gauteng,Pretoria,PTA-HAT-011,PTA-HAT-011-C,RAN,99.55,99.07,0.48,99.13,0.49,99.47,38.14,37.93,-0.55,10.22,62.8,-88.9,-9.8,13.9,58.51,55,0,3,2,0.2,0,0,0,0,0,normal,
2026-09-15T16:15,Telkom,Western Cape,Cape Town,CPT-BEL-007,CPT-BEL-007-A,RAN,99.36,99.19,0.17,98.26,0.65,98.14,42.16,40.2,-4.87,12.25,50.7,-82.3,-11.8,15.2,51.15,40,3,3,2,0.57,0,1,0,0,0,normal,
2026-09-15T16:15,Telkom,Western Cape,Cape Town,CPT-BEL-007,CPT-BEL-007-B,RAN,99.29,99.14,0.15,99.0,1.05,98.57,36.45,37.51,2.83,8.89,53.4,-86.5,-9.3,16.6,58.61,47,0,4,4,0.59,0,1,0,0,0,normal,
2026-09-15T16:15,Telkom,Western Cape,Cape Town,CPT-BEL-007,CPT-BEL-007-C,RAN,99.24,99.1,0.14,99.0,0.36,99.22,39.2,36.53,-7.31,7.16,46.5,-81.7,-10.9,14.7,58.47,45,0,2,1,0.88,12,1,0,0,0,normal,
2026-09-15T16:15,Telkom,Gauteng,Johannesburg,JHB-CBD-003,JHB-CBD-003-A,RAN,98.88,97.89,0.99,98.82,1.35,99.02,36.62,36.03,-1.65,13.48,55.9,-88.3,-9.5,16.7,48.89,41,7,7,5,1.06,69,0,0,0,0,normal,
2026-09-15T16:15,Telkom,Gauteng,Johannesburg,JHB-CBD-003,JHB-CBD-003-B,RAN,99.19,93.68,5.51,98.69,0.39,99.28,45.45,27.88,-63.04,13.16,40.8,-84.8,-8.5,22.6,47.73,46,4,3,1,0.92,80,0,0,0,0,normal,
2026-09-15T16:15,Telkom,Gauteng,Johannesburg,JHB-CBD-003,JHB-CBD-003-C,RAN,98.8,97.93,0.87,99.16,0.24,98.77,38.01,36.87,-3.08,12.29,52.5,-85.1,-10.3,16.3,49.47,40,7,4,1,0.47,162,0,0,0,0,normal,
2026-09-15T16:15,Telkom,Gauteng,Soweto,JHB-SOW-018,JHB-SOW-018-A,RAN,99.49,99.02,0.47,99.22,0.7,98.16,40.25,39.26,-2.53,11.22,49.5,-85.8,-11.1,15.4,42.97,42,5,3,1,0.92,36,0,0,0,0,normal,
2026-09-15T16:15,Telkom,Gauteng,Soweto,JHB-SOW-018,JHB-SOW-018-B,RAN,99.18,99.08,0.1,98.96,0.58,98.69,30.22,38.04,20.56,12.74,64.7,-86.0,-11.2,15.2,59.22,49,6,3,3,0.9,81,0,0,0,0,normal,
2026-09-15T16:15,Telkom,Gauteng,Soweto,JHB-SOW-018,JHB-SOW-018-C,RAN,98.65,99.03,-0.38,99.04,0.51,98.11,33.81,39.07,13.45,11.21,44.6,-84.7,-8.9,18.4,50.41,37,2,2,2,0.58,0,0,0,0,0,normal,
2026-09-15T16:15,Telkom,Gauteng,Pretoria,PTA-HAT-011,PTA-HAT-011-A,RAN,99.72,99.09,0.63,98.85,0.75,98.15,39.9,35.62,-12.0,8.15,52.3,-85.2,-10.5,20.6,57.72,52,2,6,4,1.05,58,0,0,0,0,normal,
2026-09-15T16:15,Telkom,Gauteng,Pretoria,PTA-HAT-011,PTA-HAT-011-B,RAN,98.53,99.09,-0.56,98.99,0.64,98.64,29.37,38.03,22.78,10.04,59.8,-86.2,-9.0,16.4,62.85,56,10,3,4,1.64,0,0,0,0,0,normal,
2026-09-15T16:15,Telkom,Gauteng,Pretoria,PTA-HAT-011,PTA-HAT-011-C,RAN,99.15,99.09,0.06,98.94,1.04,99.47,42.41,38.02,-11.54,13.27,60.9,-86.8,-8.4,16.5,52.94,44,3,2,3,0.94,1,0,0,0,0,normal,
2026-09-15T16:30,Telkom,Western Cape,Cape Town,CPT-BEL-007,CPT-BEL-007-A,RAN,99.03,99.21,-0.18,98.53,1.01,98.0,52.76,40.51,-30.24,11.28,43.4,-83.9,-11.2,16.1,47.91,51,4,8,4,0.91,0,1,0,0,0,normal,
2026-09-15T16:30,Telkom,Western Cape,Cape Town,CPT-BEL-007,CPT-BEL-007-B,RAN,98.31,99.17,-0.86,99.22,0.6,98.21,30.83,37.25,17.24,12.61,54.0,-84.1,-12.0,17.2,54.89,44,8,2,2,0.29,35,1,0,0,0,normal,
2026-09-15T16:30,Telkom,Western Cape,Cape Town,CPT-BEL-007,CPT-BEL-007-C,RAN,99.25,99.06,0.19,98.65,0.54,98.22,44.04,36.71,-19.97,9.24,42.9,-82.8,-10.0,15.8,59.1,55,4,0,1,0.9,19,1,0,0,0,normal,
2026-09-15T16:30,Telkom,Gauteng,Johannesburg,JHB-CBD-003,JHB-CBD-003-A,RAN,99.29,98.07,1.22,98.26,0.25,98.96,44.93,36.68,-22.48,13.71,53.6,-88.2,-9.0,16.1,51.13,46,4,5,0,1.2,54,0,0,1,0,normal,
2026-09-15T16:30,Telkom,Gauteng,Johannesburg,JHB-CBD-003,JHB-CBD-003-B,RAN,98.7,94.69,4.01,98.73,0.93,98.12,32.97,29.86,-10.43,11.85,54.3,-83.7,-10.2,17.8,56.63,47,6,7,3,0.26,0,0,0,0,0,normal,
2026-09-15T16:30,Telkom,Gauteng,Johannesburg,JHB-CBD-003,JHB-CBD-003-C,RAN,98.62,98.04,0.58,98.72,0.49,98.32,37.99,37.65,-0.91,12.84,52.4,-84.9,-9.2,15.6,61.23,51,4,6,2,0.19,102,0,0,0,0,normal,
2026-09-15T16:30,Telkom,Gauteng,Soweto,JHB-SOW-018,JHB-SOW-018-A,RAN,99.51,99.05,0.46,97.98,0.76,98.89,42.97,39.73,-8.16,14.6,50.4,-84.0,-11.3,20.1,47.33,42,1,5,0,0.87,126,0,0,0,0,normal,
2026-09-15T16:30,Telkom,Gauteng,Soweto,JHB-SOW-018,JHB-SOW-018-B,RAN,98.84,99.1,-0.26,98.61,0.52,97.75,41.5,37.59,-10.4,11.58,56.0,-83.5,-10.4,18.0,47.99,43,0,6,0,0.85,3,0,0,0,0,normal,
2026-09-15T16:30,Telkom,Gauteng,Soweto,JHB-SOW-018,JHB-SOW-018-C,RAN,99.43,99.01,0.42,99.12,0.56,98.06,39.7,38.74,-2.47,13.33,49.2,-84.0,-8.8,17.5,56.74,41,3,2,2,0.72,0,0,0,0,0,normal,
2026-09-15T16:30,Telkom,Gauteng,Pretoria,PTA-HAT-011,PTA-HAT-011-A,RAN,99.76,99.09,0.67,99.03,0.3,97.51,41.04,35.93,-14.23,12.05,57.5,-87.0,-11.7,16.8,50.15,53,0,5,1,0.54,64,0,0,0,0,normal,
2026-09-15T16:30,Telkom,Gauteng,Pretoria,PTA-HAT-011,PTA-HAT-011-B,RAN,99.11,99.0,0.11,98.58,0.67,98.2,38.95,38.03,-2.42,13.21,48.1,-83.4,-12.9,13.3,57.41,48,7,7,1,0.8,95,0,0,0,0,normal,
2026-09-15T16:30,Telkom,Gauteng,Pretoria,PTA-HAT-011,PTA-HAT-011-C,RAN,99.22,99.08,0.14,98.3,0.54,99.52,39.91,38.17,-4.56,13.6,62.0,-87.6,-9.2,15.8,52.94,54,3,6,2,0.81,27,0,0,0,0,normal,
2026-09-15T16:45,Telkom,Western Cape,Cape Town,CPT-BEL-007,CPT-BEL-007-A,RAN,99.37,99.2,0.17,98.93,0.38,98.34,32.54,40.98,20.6,12.0,51.3,-83.8,-9.7,18.3,56.94,51,4,5,0,1.08,0,2,0,0,0,normal,
2026-09-15T16:45,Telkom,Western Cape,Cape Town,CPT-BEL-007,CPT-BEL-007-B,RAN,98.48,99.12,-0.64,99.11,0.27,97.64,42.5,36.05,-17.88,14.06,59.6,-83.2,-8.0,12.5,49.19,46,6,1,0,0.69,59,2,0,0,0,normal,
2026-09-15T16:45,Telkom,Western Cape,Cape Town,CPT-BEL-007,CPT-BEL-007-C,RAN,98.89,99.07,-0.18,98.87,0.91,97.82,34.09,37.44,8.96,13.87,44.7,-89.1,-10.9,13.6,47.99,53,4,3,3,0.78,0,2,0,0,0,normal,
2026-09-15T16:45,Telkom,Gauteng,Johannesburg,JHB-CBD-003,JHB-CBD-003-A,RAN,99.44,98.24,1.2,98.67,0.67,99.6,36.24,37.67,3.79,12.35,48.5,-85.5,-8.7,16.3,61.8,50,0,6,4,1.51,0,1,0,1,0,normal,
2026-09-15T16:45,Telkom,Gauteng,Johannesburg,JHB-CBD-003,JHB-CBD-003-B,RAN,98.42,95.63,2.79,99.23,0.05,98.45,34.49,30.9,-11.62,12.25,46.2,-87.4,-9.8,17.0,53.59,50,6,2,0,0.34,207,1,0,0,0,normal,
2026-09-15T16:45,Telkom,Gauteng,Johannesburg,JHB-CBD-003,JHB-CBD-003-C,RAN,98.83,98.15,0.68,98.7,0.31,97.44,36.54,38.32,4.64,13.09,38.6,-86.4,-10.4,14.1,48.19,36,4,5,2,0.2,25,1,0,0,0,normal,
2026-09-15T16:45,Telkom,Gauteng,Soweto,JHB-SOW-018,JHB-SOW-018-A,RAN,99.52,99.06,0.46,98.72,0.88,98.25,29.63,39.77,25.49,8.98,53.7,-88.1,-10.2,18.1,51.43,46,0,2,2,0.47,2,1,0,0,0,normal,
2026-09-15T16:45,Telkom,Gauteng,Soweto,JHB-SOW-018,JHB-SOW-018-B,RAN,99.26,99.09,0.17,98.89,0.38,99.04,39.99,37.68,-6.14,13.03,54.8,-86.8,-11.0,17.7,54.82,41,4,1,0,0.44,136,1,0,0,0,normal,
2026-09-15T16:45,Telkom,Gauteng,Soweto,JHB-SOW-018,JHB-SOW-018-C,RAN,99.32,99.07,0.25,98.83,0.57,97.71,41.07,39.38,-4.3,12.38,41.6,-89.3,-10.5,17.8,38.82,43,0,3,2,0.62,201,1,0,0,0,normal,
2026-09-15T16:45,Telkom,Gauteng,Pretoria,PTA-HAT-011,PTA-HAT-011-A,RAN,99.68,99.13,0.55,98.88,0.61,99.13,44.44,36.09,-23.15,10.61,53.2,-90.0,-11.6,12.1,56.46,58,1,4,1,0.74,176,1,0,0,0,normal,
2026-09-15T16:45,Telkom,Gauteng,Pretoria,PTA-HAT-011,PTA-HAT-011-B,RAN,98.94,99.01,-0.07,98.21,0.29,98.8,38.78,37.88,-2.37,10.34,54.0,-85.0,-9.3,16.9,56.13,44,3,1,2,0.83,0,1,0,0,0,normal,
2026-09-15T16:45,Telkom,Gauteng,Pretoria,PTA-HAT-011,PTA-HAT-011-C,RAN,99.54,99.1,0.44,99.03,0.7,98.92,42.24,38.08,-10.94,13.54,46.7,-88.2,-10.6,14.3,47.79,54,3,6,6,0.87,0,1,0,0,0,normal,
2026-09-15T17:00,Telkom,Western Cape,Cape Town,CPT-BEL-007,CPT-BEL-007-A,RAN,99.52,99.22,0.3,98.71,1.03,97.83,42.95,40.67,-5.61,14.68,54.7,-86.4,-9.7,17.9,52.15,39,0,1,3,0.95,5,3,0,0,0,normal,
2026-09-15T17:00,Telkom,Western Cape,Cape Town,CPT-BEL-007,CPT-BEL-007-B,RAN,99.74,99.06,0.68,98.76,0.36,99.21,45.02,36.59,-23.02,14.05,57.1,-85.4,-9.8,16.1,50.23,42,1,0,1,1.01,29,3,0,0,0,normal,
2026-09-15T17:00,Telkom,Western Cape,Cape Town,CPT-BEL-007,CPT-BEL-007-C,RAN,99.34,99.06,0.28,99.51,0.24,98.56,45.26,37.61,-20.34,15.7,61.1,-85.4,-9.7,21.0,46.99,50,3,1,1,0.67,33,3,0,0,0,normal,
2026-09-15T17:00,Telkom,Gauteng,Johannesburg,JHB-CBD-003,JHB-CBD-003-A,RAN,98.77,98.42,0.35,98.95,0.42,97.84,29.69,37.36,20.53,12.33,55.2,-85.4,-9.0,12.6,62.6,52,7,2,2,1.41,0,2,0,1,0,normal,
2026-09-15T17:00,Telkom,Gauteng,Johannesburg,JHB-CBD-003,JHB-CBD-003-B,RAN,98.83,96.45,2.38,98.54,0.8,98.62,40.72,32.23,-26.33,10.65,50.1,-89.1,-8.2,14.4,59.53,45,9,7,4,1.33,44,2,0,0,0,normal,
2026-09-15T17:00,Telkom,Gauteng,Johannesburg,JHB-CBD-003,JHB-CBD-003-C,RAN,99.05,98.31,0.74,98.46,0.68,99.3,43.19,38.64,-11.77,11.11,63.4,-93.6,-10.5,18.3,53.57,55,0,6,2,0.47,0,2,0,0,0,normal,
2026-09-15T17:00,Telkom,Gauteng,Soweto,JHB-SOW-018,JHB-SOW-018-A,RAN,98.97,99.13,-0.16,98.78,1.25,98.5,39.51,39.25,-0.67,12.56,40.7,-86.6,-9.9,14.5,49.39,42,1,4,4,0.79,33,2,0,0,0,normal,
2026-09-15T17:00,Telkom,Gauteng,Soweto,JHB-SOW-018,JHB-SOW-018-B,RAN,99.45,99.11,0.34,98.42,0.16,98.99,38.97,37.99,-2.57,13.62,45.3,-87.7,-10.5,16.7,45.73,50,6,5,0,1.01,105,2,0,0,0,normal,
2026-09-15T17:00,Telkom,Gauteng,Soweto,JHB-SOW-018,JHB-SOW-018-C,RAN,98.94,99.08,-0.14,98.31,1.01,97.53,41.02,39.08,-4.96,12.16,59.1,-82.3,-8.7,19.1,59.65,50,8,9,6,0.62,0,2,0,0,0,normal,
2026-09-15T17:00,Telkom,Gauteng,Pretoria,PTA-HAT-011,PTA-HAT-011-A,RAN,99.3,99.16,0.14,99.22,0.47,98.35,44.49,37.21,-19.58,13.38,57.8,-83.5,-10.7,20.2,56.75,53,1,4,2,1.43,0,2,0,0,0,normal,
2026-09-15T17:00,Telkom,Gauteng,Pretoria,PTA-HAT-011,PTA-HAT-011-B,RAN,98.7,99.02,-0.32,98.19,0.69,98.41,34.04,38.26,11.03,12.09,50.3,-87.4,-11.7,19.6,66.2,49,9,6,4,0.99,165,2,0,0,0,normal,
2026-09-15T17:00,Telkom,Gauteng,Pretoria,PTA-HAT-011,PTA-HAT-011-C,RAN,99.11,99.1,0.01,99.35,0.5,97.69,30.47,38.17,20.16,12.67,52.0,-84.8,-10.9,14.5,58.9,48,4,6,3,0.77,0,2,0,0,0,normal,
2026-09-15T17:15,Telkom,Western Cape,Cape Town,CPT-BEL-007,CPT-BEL-007-A,RAN,98.54,99.23,-0.69,99.59,0.28,97.26,41.73,41.39,-0.82,13.17,61.0,-87.7,-9.2,15.2,53.24,50,4,2,0,0.1,0,4,0,0,0,normal,
2026-09-15T17:15,Telkom,Western Cape,Cape Town,CPT-BEL-007,CPT-BEL-007-B,RAN,98.8,99.09,-0.29,98.7,0.36,99.2,32.85,37.49,12.38,13.01,50.3,-84.8,-10.2,16.0,55.17,54,7,3,2,0.63,2,4,0,0,0,normal,
2026-09-15T17:15,Telkom,Western Cape,Cape Town,CPT-BEL-007,CPT-BEL-007-C,RAN,99.46,99.1,0.36,97.99,0.4,99.06,41.93,38.08,-10.11,14.23,52.1,-88.9,-7.6,17.6,56.77,51,1,9,3,0.51,55,4,0,0,0,normal,
2026-09-15T17:15,Telkom,Gauteng,Johannesburg,JHB-CBD-003,JHB-CBD-003-A,RAN,99.01,98.56,0.45,98.77,0.15,98.58,34.79,36.96,5.86,12.55,57.1,-88.2,-11.9,15.9,52.46,44,2,6,0,1.12,50,4,0,1,0,normal,
2026-09-15T17:15,Telkom,Gauteng,Johannesburg,JHB-CBD-003,JHB-CBD-003-B,RAN,98.91,97.26,1.65,99.34,0.51,98.54,44.5,34.02,-30.82,10.54,49.8,-86.5,-10.1,16.8,52.31,46,2,7,2,0.1,0,4,0,0,0,normal,
2026-09-15T17:15,Telkom,Gauteng,Johannesburg,JHB-CBD-003,JHB-CBD-003-C,RAN,99.38,98.48,0.9,98.51,0.24,97.99,33.59,39.05,13.98,12.88,63.9,-83.2,-10.6,19.8,57.45,58,3,3,1,1.04,48,4,0,0,0,normal,
2026-09-15T17:15,Telkom,Gauteng,Soweto,JHB-SOW-018,JHB-SOW-018-A,RAN,98.66,99.14,-0.48,98.62,0.41,98.96,43.55,38.79,-12.28,12.2,44.0,-84.8,-10.1,17.0,41.49,37,6,2,1,1.47,0,4,0,0,0,normal,
2026-09-15T17:15,Telkom,Gauteng,Soweto,JHB-SOW-018,JHB-SOW-018-B,RAN,99.1,99.16,-0.06,98.27,0.38,98.46,42.03,38.36,-9.55,12.25,52.9,-83.7,-10.4,17.1,47.09,43,4,5,1,0.1,79,4,0,0,0,normal,
2026-09-15T17:15,Telkom,Gauteng,Soweto,JHB-SOW-018,JHB-SOW-018-C,RAN,99.33,99.05,0.28,98.28,0.06,98.56,46.18,39.69,-16.34,13.92,52.5,-88.1,-9.0,19.3,50.93,44,0,9,0,0.84,82,4,0,0,0,normal,
2026-09-15T17:15,Telkom,Gauteng,Pretoria,PTA-HAT-011,PTA-HAT-011-A,RAN,99.02,99.17,-0.15,98.94,0.3,98.94,34.33,38.15,10.02,7.94,52.9,-83.4,-11.5,17.8,60.3,64,8,6,1,0.96,0,4,0,0,0,normal,
2026-09-15T17:15,Telkom,Gauteng,Pretoria,PTA-HAT-011,PTA-HAT-011-B,RAN,99.27,98.99,0.28,99.14,0.52,99.25,42.27,37.91,-11.51,12.07,54.7,-85.3,-9.9,19.5,58.79,53,3,3,0,0.78,137,4,0,0,0,normal,
2026-09-15T17:15,Telkom,Gauteng,Pretoria,PTA-HAT-011,PTA-HAT-011-C,RAN,99.13,99.09,0.04,98.57,0.61,98.92,44.43,37.99,-16.95,14.66,52.5,-84.1,-10.7,18.0,53.35,49,5,4,3,0.41,50,4,0,0,0,normal,
2026-09-15T17:30,Telkom,Western Cape,Cape Town,CPT-BEL-007,CPT-BEL-007-A,RAN,99.66,99.22,0.44,98.58,0.56,98.41,35.77,41.49,13.79,10.19,54.5,-88.8,-9.8,14.8,60.78,54,4,4,2,0.8,12,3,0,0,0,normal,
2026-09-15T17:30,Telkom,Western Cape,Cape Town,CPT-BEL-007,CPT-BEL-007-B,RAN,98.97,99.1,-0.13,98.54,0.23,98.64,34.43,37.3,7.7,12.41,56.3,-87.8,-8.3,14.3,65.96,57,6,4,0,0.5,71,3,0,0,0,normal,
2026-09-15T17:30,Telkom,Western Cape,Cape Town,CPT-BEL-007,CPT-BEL-007-C,RAN,98.71,99.13,-0.42,99.1,0.24,98.96,43.13,38.29,-12.63,10.98,53.5,-86.5,-9.4,17.3,60.13,55,3,5,1,1.07,21,3,0,0,0,normal,
2026-09-15T17:30,Telkom,Gauteng,Johannesburg,JHB-CBD-003,JHB-CBD-003-A,RAN,99.21,98.74,0.47,99.25,0.05,98.51,25.77,36.8,29.98,12.64,66.7,-86.5,-11.0,17.9,61.94,56,7,5,0,0.92,65,3,0,0,0,normal,
2026-09-15T17:30,Telkom,Gauteng,Johannesburg,JHB-CBD-003,JHB-CBD-003-B,RAN,99.0,97.93,1.07,99.39,0.05,98.57,30.97,35.83,13.57,12.6,51.9,-84.9,-8.9,17.1,62.94,53,4,5,0,0.69,145,3,0,0,0,normal,
2026-09-15T17:30,Telkom,Gauteng,Johannesburg,JHB-CBD-003,JHB-CBD-003-C,RAN,98.47,98.65,-0.18,99.18,0.8,98.56,44.21,38.83,-13.86,12.0,55.0,-86.2,-10.5,16.8,51.97,51,7,3,3,0.1,17,3,0,0,0,normal,
2026-09-15T17:30,Telkom,Gauteng,Soweto,JHB-SOW-018,JHB-SOW-018-A,RAN,99.22,99.09,0.13,99.21,0.34,98.88,40.38,39.14,-3.16,12.68,58.8,-84.3,-9.2,17.7,58.4,46,6,2,1,1.05,19,3,0,0,0,normal,
2026-09-15T17:30,Telkom,Gauteng,Soweto,JHB-SOW-018,JHB-SOW-018-B,RAN,98.99,99.15,-0.16,98.52,1.03,98.95,39.19,38.7,-1.26,12.49,52.6,-85.1,-9.0,16.3,40.83,42,3,3,6,0.86,0,3,0,0,0,normal,
2026-09-15T17:30,Telkom,Gauteng,Soweto,JHB-SOW-018,JHB-SOW-018-C,RAN,99.19,99.07,0.12,98.87,0.66,98.55,36.96,40.5,8.74,11.05,49.1,-90.5,-12.5,21.0,51.27,45,1,5,3,1.07,0,3,0,0,0,normal,
2026-09-15T17:30,Telkom,Gauteng,Pretoria,PTA-HAT-011,PTA-HAT-011-A,RAN,98.77,99.21,-0.44,98.89,0.44,98.61,26.28,38.18,31.16,10.39,54.2,-84.1,-9.5,18.8,59.15,53,7,2,1,1.07,0,3,0,0,0,normal,
2026-09-15T17:30,Telkom,Gauteng,Pretoria,PTA-HAT-011,PTA-HAT-011-B,RAN,99.33,99.02,0.31,98.89,0.31,98.86,35.55,38.28,7.14,9.25,52.8,-84.6,-9.4,18.2,65.91,64,5,8,1,0.92,35,3,0,0,0,normal,
2026-09-15T17:30,Telkom,Gauteng,Pretoria,PTA-HAT-011,PTA-HAT-011-C,RAN,99.17,99.09,0.08,98.63,0.1,97.95,32.11,39.3,18.29,11.5,61.0,-90.6,-10.5,17.3,66.6,51,3,4,0,1.04,0,3,0,0,0,normal,
2026-09-15T17:45,Telkom,Western Cape,Cape Town,CPT-BEL-007,CPT-BEL-007-A,RAN,99.08,99.27,-0.19,99.2,0.14,99.23,39.2,41.0,4.4,9.6,54.7,-85.6,-11.1,18.3,51.82,42,1,2,0,1.25,152,1,0,0,0,normal,
2026-09-15T17:45,Telkom,Western Cape,Cape Town,CPT-BEL-007,CPT-BEL-007-B,RAN,99.07,99.09,-0.02,98.67,0.49,98.73,40.88,36.84,-10.96,11.8,47.6,-89.8,-9.1,18.6,48.97,48,4,4,0,0.1,129,1,0,0,0,normal,
2026-09-15T17:45,Telkom,Western Cape,Cape Town,CPT-BEL-007,CPT-BEL-007-C,RAN,98.95,99.08,-0.13,98.7,0.29,98.93,36.73,38.44,4.45,11.47,50.5,-85.6,-10.5,18.7,58.12,60,5,4,1,0.57,5,1,0,0,0,normal,
2026-09-15T17:45,Telkom,Gauteng,Johannesburg,JHB-CBD-003,JHB-CBD-003-A,RAN,99.45,98.92,0.53,98.78,0.82,98.53,42.16,36.14,-16.64,13.22,60.3,-87.7,-11.7,14.3,58.5,51,4,5,4,0.51,30,1,0,0,0,normal,
2026-09-15T17:45,Telkom,Gauteng,Johannesburg,JHB-CBD-003,JHB-CBD-003-B,RAN,98.73,98.54,0.19,98.63,0.84,97.94,42.25,36.34,-16.28,12.09,61.5,-84.4,-9.3,22.1,57.55,56,5,5,4,0.43,30,1,0,0,0,normal,
2026-09-15T17:45,Telkom,Gauteng,Johannesburg,JHB-CBD-003,JHB-CBD-003-C,RAN,98.81,98.8,0.01,98.93,0.54,98.35,29.83,39.53,24.53,12.25,61.1,-85.2,-10.0,14.2,59.11,61,3,5,1,0.55,130,1,0,0,0,normal,
2026-09-15T17:45,Telkom,Gauteng,Soweto,JHB-SOW-018,JHB-SOW-018-A,RAN,99.18,99.14,0.05,98.38,0.37,97.67,40.58,39.63,-2.39,11.86,60.2,-88.2,-9.4,19.3,56.3,54,7,10,2,0.71,33,1,0,0,0,normal,
2026-09-15T17:45,Telkom,Gauteng,Soweto,JHB-SOW-018,JHB-SOW-018-B,RAN,99.13,99.14,-0.01,99.13,0.66,98.32,43.15,38.81,-11.19,12.86,44.4,-86.4,-10.9,15.8,53.75,47,4,7,4,0.55,68,1,0,0,0,normal,
2026-09-15T17:45,Telkom,Gauteng,Soweto,JHB-SOW-018,JHB-SOW-018-C,RAN,99.06,99.07,-0.01,98.33,0.32,98.59,47.35,40.5,-16.91,14.49,64.8,-88.4,-10.6,13.9,42.28,49,3,6,3,0.37,75,1,0,0,0,normal,
2026-09-15T17:45,Telkom,Gauteng,Pretoria,PTA-HAT-011,PTA-HAT-011-A,RAN,99.9,99.19,0.71,99.26,0.48,99.18,35.46,37.41,5.23,13.37,48.4,-83.1,-10.0,13.8,55.31,56,0,2,4,0.23,73,1,0,0,0,normal,
2026-09-15T17:45,Telkom,Gauteng,Pretoria,PTA-HAT-011,PTA-HAT-011-B,RAN,99.19,99.08,0.11,99.39,1.04,98.49,40.6,38.34,-5.9,15.76,53.1,-85.3,-8.9,17.9,62.43,59,4,2,6,0.2,89,1,0,0,0,normal,
2026-09-15T17:45,Telkom,Gauteng,Pretoria,PTA-HAT-011,PTA-HAT-011-C,RAN,99.82,99.12,0.7,98.76,0.59,99.01,38.95,38.9,-0.13,12.38,56.5,-89.8,-9.9,13.4,59.31,60,1,0,3,1.06,42,1,0,0,0,normal,
2026-09-15T18:00,Telkom,Western Cape,Cape Town,CPT-BEL-007,CPT-BEL-007-A,RAN,98.6,99.28,-0.68,98.83,0.84,99.23,31.47,40.77,22.82,12.25,45.5,-83.9,-9.8,19.7,52.52,45,7,1,1,0.59,0,0,0,0,0,normal,
2026-09-15T18:00,Telkom,Western Cape,Cape Town,CPT-BEL-007,CPT-BEL-007-B,RAN,99.53,99.06,0.47,98.69,0.66,98.78,41.86,37.3,-12.23,9.81,62.5,-88.4,-9.2,15.2,57.76,45,2,8,4,0.46,80,0,0,0,0,normal,
2026-09-15T18:00,Telkom,Western Cape,Cape Town,CPT-BEL-007,CPT-BEL-007-C,RAN,99.18,99.07,0.11,98.7,0.61,98.08,31.28,38.46,18.67,10.34,58.5,-86.4,-13.4,17.3,62.92,61,7,6,3,1.05,83,0,0,0,0,normal,
2026-09-15T18:00,Telkom,Gauteng,Johannesburg,JHB-CBD-003,JHB-CBD-003-A,RAN,98.95,99.11,-0.16,98.56,0.42,98.48,38.05,36.49,-4.29,13.17,48.8,-83.4,-10.2,21.1,49.54,55,3,4,2,0.67,0,0,0,0,0,normal,
2026-09-15T18:00,Telkom,Gauteng,Johannesburg,JHB-CBD-003,JHB-CBD-003-B,RAN,99.27,99.03,0.24,98.5,1.06,98.87,38.25,37.13,-3.02,12.81,47.1,-80.6,-11.1,12.0,59.59,49,1,5,5,0.72,36,0,0,0,0,normal,
2026-09-15T18:00,Telkom,Gauteng,Johannesburg,JHB-CBD-003,JHB-CBD-003-C,RAN,99.38,98.99,0.39,99.15,0.27,99.36,31.44,39.49,20.38,10.01,57.1,-86.0,-9.0,15.4,61.88,49,1,3,1,0.1,124,0,0,0,0,normal,
2026-09-15T18:00,Telkom,Gauteng,Soweto,JHB-SOW-018,JHB-SOW-018-A,RAN,99.9,99.16,0.74,98.78,0.3,98.99,38.12,40.28,5.36,11.89,50.4,-89.0,-10.1,17.4,55.72,54,0,3,0,0.88,0,0,0,0,0,normal,
2026-09-15T18:00,Telkom,Gauteng,Soweto,JHB-SOW-018,JHB-SOW-018-B,RAN,98.92,99.13,-0.21,98.93,0.62,98.67,32.34,38.99,17.05,8.59,60.1,-84.5,-11.5,13.7,61.47,52,8,5,4,0.29,175,0,0,0,0,normal,
2026-09-15T18:00,Telkom,Gauteng,Soweto,JHB-SOW-018,JHB-SOW-018-C,RAN,99.34,99.09,0.25,99.13,0.48,98.5,42.13,41.26,-2.11,13.0,56.2,-89.4,-11.2,20.8,47.44,50,5,1,3,0.74,0,0,0,0,0,normal,
2026-09-15T18:00,Telkom,Gauteng,Pretoria,PTA-HAT-011,PTA-HAT-011-A,RAN,98.91,99.23,-0.32,98.68,0.26,98.41,32.55,37.35,12.85,11.69,55.0,-87.1,-9.8,19.3,63.89,63,4,4,1,0.72,0,0,0,0,0,normal,
2026-09-15T18:00,Telkom,Gauteng,Pretoria,PTA-HAT-011,PTA-HAT-011-B,RAN,99.46,99.06,0.4,98.51,0.5,98.53,41.28,38.48,-7.27,13.51,49.7,-81.4,-8.9,14.9,51.14,48,1,1,1,0.68,6,0,0,0,0,normal,
2026-09-15T18:00,Telkom,Gauteng,Pretoria,PTA-HAT-011,PTA-HAT-011-C,RAN,98.88,99.15,-0.27,98.6,0.62,98.63,37.71,38.77,2.74,12.07,66.3,-80.5,-10.1,14.1,54.85,52,6,3,6,0.64,3,0,0,0,0,normal,
2026-09-15T18:15,Telkom,Western Cape,Cape Town,CPT-BEL-007,CPT-BEL-007-A,RAN,99.61,99.19,0.42,98.93,0.28,98.42,35.17,40.48,13.12,11.79,55.9,-87.7,-10.8,15.2,49.54,50,7,4,1,0.39,0,0,0,0,0,normal,
2026-09-15T18:15,Telkom,Western Cape,Cape Town,CPT-BEL-007,CPT-BEL-007-B,RAN,98.84,99.08,-0.24,98.35,0.72,98.24,45.34,37.35,-21.4,11.24,57.6,-85.3,-9.2,17.0,52.5,50,4,9,4,1.29,40,0,0,0,0,normal,
2026-09-15T18:15,Telkom,Western Cape,Cape Town,CPT-BEL-007,CPT-BEL-007-C,RAN,98.47,99.08,-0.61,98.83,1.01,97.72,37.65,38.14,1.27,13.23,65.3,-85.4,-9.0,15.8,70.75,60,6,4,5,0.76,0,0,0,0,0,normal,
2026-09-15T18:15,Telkom,Gauteng,Johannesburg,JHB-CBD-003,JHB-CBD-003-A,RAN,99.54,99.1,0.44,98.56,0.88,98.53,35.2,36.4,3.31,10.39,57.0,-90.7,-11.2,15.8,63.86,52,0,5,4,0.27,0,0,0,0,0,normal,
2026-09-15T18:15,Telkom,Gauteng,Johannesburg,JHB-CBD-003,JHB-CBD-003-B,RAN,99.02,99.03,-0.01,98.59,0.91,99.42,36.23,37.18,2.55,11.51,53.8,-83.9,-8.7,15.3,54.71,51,5,1,3,1.07,201,0,0,0,0,normal,
2026-09-15T18:15,Telkom,Gauteng,Johannesburg,JHB-CBD-003,JHB-CBD-003-C,RAN,98.28,98.99,-0.71,98.73,0.69,98.37,37.06,38.74,4.33,10.71,59.1,-82.1,-7.4,14.8,62.27,57,5,0,2,0.75,0,0,0,0,0,normal,
2026-09-15T18:15,Telkom,Gauteng,Soweto,JHB-SOW-018,JHB-SOW-018-A,RAN,99.1,99.2,-0.1,99.04,0.23,98.68,48.62,40.02,-21.5,12.05,52.8,-86.4,-9.3,16.4,39.34,37,3,2,0,0.72,81,0,0,0,0,normal,
2026-09-15T18:15,Telkom,Gauteng,Soweto,JHB-SOW-018,JHB-SOW-018-B,RAN,99.29,99.09,0.2,98.65,0.68,98.65,35.03,38.33,8.62,13.49,63.1,-87.7,-9.5,15.2,63.18,50,3,5,3,0.28,68,0,0,0,0,normal,
2026-09-15T18:15,Telkom,Gauteng,Soweto,JHB-SOW-018,JHB-SOW-018-C,RAN,98.56,99.1,-0.54,99.01,0.34,98.46,41.0,41.3,0.72,13.25,49.7,-86.6,-9.1,21.5,58.61,49,2,3,1,0.9,78,0,0,0,0,normal,
2026-09-15T18:15,Telkom,Gauteng,Pretoria,PTA-HAT-011,PTA-HAT-011-A,RAN,98.47,99.21,-0.74,98.52,1.26,97.56,31.81,36.76,13.45,12.41,69.9,-86.4,-8.1,16.2,60.78,47,6,5,5,0.78,0,0,0,0,0,normal,
2026-09-15T18:15,Telkom,Gauteng,Pretoria,PTA-HAT-011,PTA-HAT-011-B,RAN,98.76,99.09,-0.33,99.19,0.25,99.04,35.96,39.15,8.15,10.73,43.7,-84.5,-8.7,14.5,54.48,51,9,4,2,0.78,241,0,0,0,0,normal,
2026-09-15T18:15,Telkom,Gauteng,Pretoria,PTA-HAT-011,PTA-HAT-011-C,RAN,99.02,99.19,-0.17,98.36,0.14,98.85,33.35,39.08,14.65,12.39,52.6,-87.9,-10.7,17.4,59.46,56,6,4,2,0.95,0,0,0,0,0,normal,
2026-09-15T18:30,Telkom,Western Cape,Cape Town,CPT-BEL-007,CPT-BEL-007-A,RAN,98.84,99.23,-0.39,98.93,0.35,99.07,34.38,40.43,14.96,13.52,58.6,-84.2,-9.4,17.7,61.1,50,4,3,1,0.76,164,0,0,0,0,normal,
2026-09-15T18:30,Telkom,Western Cape,Cape Town,CPT-BEL-007,CPT-BEL-007-B,RAN,99.15,99.09,0.06,99.18,0.4,98.04,34.8,37.52,7.25,11.01,58.0,-86.1,-9.0,15.4,61.14,48,2,3,1,0.31,13,0,0,0,0,normal,
2026-09-15T18:30,Telkom,Western Cape,Cape Town,CPT-BEL-007,CPT-BEL-007-C,RAN,98.8,99.06,-0.26,98.57,0.38,99.37,41.25,38.43,-7.34,13.67,62.8,-83.8,-10.7,14.5,52.79,50,3,9,2,0.3,43,0,0,0,0,normal,
2026-09-15T18:30,Telkom,Gauteng,Johannesburg,JHB-CBD-003,JHB-CBD-003-A,RAN,99.84,99.11,0.73,99.06,0.51,98.0,32.78,36.08,9.15,12.81,63.4,-87.6,-11.0,16.5,58.78,50,1,4,2,0.33,56,0,0,0,0,normal,
2026-09-15T18:30,Telkom,Gauteng,Johannesburg,JHB-CBD-003,JHB-CBD-003-B,RAN,99.25,99.05,0.2,98.51,1.21,98.37,35.4,37.23,4.91,10.18,65.7,-86.6,-10.5,21.9,60.67,59,1,6,7,0.86,155,0,0,0,0,normal,
2026-09-15T18:30,Telkom,Gauteng,Johannesburg,JHB-CBD-003,JHB-CBD-003-C,RAN,98.83,98.95,-0.12,98.86,0.42,98.85,34.84,38.39,9.25,13.62,57.2,-87.1,-11.5,19.1,53.2,61,6,2,1,0.64,0,0,0,0,0,normal,
2026-09-15T18:30,Telkom,Gauteng,Soweto,JHB-SOW-018,JHB-SOW-018-A,RAN,99.16,99.17,-0.01,98.92,0.38,97.97,33.16,40.6,18.33,11.07,56.8,-86.5,-8.4,22.7,54.72,51,5,2,1,0.78,0,0,0,0,0,normal,
2026-09-15T18:30,Telkom,Gauteng,Soweto,JHB-SOW-018,JHB-SOW-018-B,RAN,98.54,99.07,-0.53,99.75,0.05,99.38,40.96,37.95,-7.92,13.63,48.0,-85.0,-10.0,14.9,52.47,43,6,0,1,1.0,0,0,0,0,0,normal,
2026-09-15T18:30,Telkom,Gauteng,Soweto,JHB-SOW-018,JHB-SOW-018-C,RAN,98.98,99.08,-0.1,98.46,0.88,98.27,37.47,40.91,8.41,9.92,61.2,-82.7,-10.4,18.0,52.25,52,6,7,5,1.05,48,0,0,0,0,normal,
2026-09-15T18:30,Telkom,Gauteng,Pretoria,PTA-HAT-011,PTA-HAT-011-A,RAN,99.21,99.16,0.05,98.63,0.67,99.36,36.3,36.31,0.02,9.16,56.0,-83.2,-11.6,14.5,69.25,57,3,4,1,0.89,0,0,0,0,0,normal,
2026-09-15T18:30,Telkom,Gauteng,Pretoria,PTA-HAT-011,PTA-HAT-011-B,RAN,99.03,99.08,-0.05,99.11,0.31,98.44,31.44,38.6,18.56,12.55,66.4,-88.2,-9.6,19.7,58.1,63,6,1,1,0.71,36,0,0,0,0,normal,
2026-09-15T18:30,Telkom,Gauteng,Pretoria,PTA-HAT-011,PTA-HAT-011-C,RAN,99.43,99.22,0.21,98.58,0.71,98.86,33.61,38.76,13.29,8.76,64.9,-85.0,-8.2,14.9,65.93,53,4,5,4,0.85,182,0,0,0,0,normal,
2026-09-15T18:45,Telkom,Western Cape,Cape Town,CPT-BEL-007,CPT-BEL-007-A,RAN,98.57,99.19,-0.62,98.7,0.47,97.83,34.35,40.01,14.16,12.45,62.0,-91.6,-10.0,18.1,65.01,42,8,5,1,0.42,116,0,0,0,0,normal,
2026-09-15T18:45,Telkom,Western Cape,Cape Town,CPT-BEL-007,CPT-BEL-007-B,RAN,98.95,99.1,-0.15,99.11,0.57,98.44,44.4,37.19,-19.4,14.68,55.1,-89.1,-10.1,16.8,45.15,41,4,2,3,0.63,0,0,0,0,0,normal,
2026-09-15T18:45,Telkom,Western Cape,Cape Town,CPT-BEL-007,CPT-BEL-007-C,RAN,99.37,99.03,0.34,99.25,0.14,98.97,41.32,38.93,-6.15,13.96,40.3,-86.5,-8.7,14.5,48.56,48,2,4,1,0.55,104,0,0,0,0,normal,
2026-09-15T18:45,Telkom,Gauteng,Johannesburg,JHB-CBD-003,JHB-CBD-003-A,RAN,99.65,99.16,0.49,99.01,0.46,98.49,34.35,35.53,3.32,12.32,54.1,-85.4,-8.6,17.5,59.0,60,2,5,3,0.86,32,0,0,0,0,normal,
2026-09-15T18:45,Telkom,Gauteng,Johannesburg,JHB-CBD-003,JHB-CBD-003-B,RAN,98.92,99.08,-0.16,98.27,0.59,97.49,35.98,37.06,2.92,11.66,60.3,-87.9,-9.7,14.0,53.51,46,2,2,2,1.02,53,0,0,0,0,normal,
2026-09-15T18:45,Telkom,Gauteng,Johannesburg,JHB-CBD-003,JHB-CBD-003-C,RAN,98.68,98.95,-0.27,98.46,0.14,97.89,35.56,38.09,6.63,8.15,63.5,-85.7,-11.5,14.5,59.6,61,10,10,0,0.8,184,0,0,0,0,normal,
2026-09-15T18:45,Telkom,Gauteng,Soweto,JHB-SOW-018,JHB-SOW-018-A,RAN,98.77,99.2,-0.43,98.69,0.05,98.33,29.68,40.29,26.33,11.73,39.2,-86.4,-9.5,15.8,55.55,54,5,7,2,1.09,32,0,0,0,0,normal,
2026-09-15T18:45,Telkom,Gauteng,Soweto,JHB-SOW-018,JHB-SOW-018-B,RAN,99.66,99.03,0.63,98.75,0.87,98.58,42.35,38.01,-11.43,12.21,53.4,-86.4,-9.2,16.2,56.43,43,1,0,4,1.29,72,0,0,0,0,normal,
2026-09-15T18:45,Telkom,Gauteng,Soweto,JHB-SOW-018,JHB-SOW-018-C,RAN,99.9,99.08,0.82,98.2,0.44,98.83,39.87,40.28,1.02,12.91,46.7,-81.6,-9.4,19.1,52.68,50,0,8,1,0.84,0,0,0,0,0,normal,
2026-09-15T18:45,Telkom,Gauteng,Pretoria,PTA-HAT-011,PTA-HAT-011-A,RAN,99.04,99.18,-0.14,98.73,0.19,97.95,39.79,36.55,-8.86,13.29,51.5,-80.6,-8.8,16.4,46.6,52,7,5,0,1.02,147,0,0,0,0,normal,
2026-09-15T18:45,Telkom,Gauteng,Pretoria,PTA-HAT-011,PTA-HAT-011-B,RAN,99.45,99.03,0.42,98.49,0.77,98.35,38.31,37.92,-1.03,12.06,50.5,-88.3,-12.3,17.6,58.82,52,4,7,4,0.1,87,0,0,0,0,normal,
2026-09-15T18:45,Telkom,Gauteng,Pretoria,PTA-HAT-011,PTA-HAT-011-C,RAN,99.43,99.22,0.21,98.88,0.99,98.39,36.53,38.14,4.22,12.42,36.6,-85.8,-9.3,18.0,55.64,48,3,8,3,0.1,80,0,0,0,0,normal,
2026-09-15T19:00,Telkom,Western Cape,Cape Town,CPT-BEL-007,CPT-BEL-007-A,RAN,99.55,99.15,0.4,99.07,0.45,98.34,42.96,39.16,-9.69,10.51,59.7,-86.1,-11.6,17.6,57.77,47,3,3,1,1.03,122,0,0,0,0,normal,
2026-09-15T19:00,Telkom,Western Cape,Cape Town,CPT-BEL-007,CPT-BEL-007-B,RAN,98.09,99.06,-0.97,98.2,0.65,98.57,38.17,37.56,-1.61,11.11,46.5,-82.7,-8.6,10.4,66.04,52,10,9,2,0.1,0,0,0,0,0,normal,
2026-09-15T19:00,Telkom,Western Cape,Cape Town,CPT-BEL-007,CPT-BEL-007-C,RAN,99.32,99.1,0.22,98.32,0.59,99.28,43.55,38.84,-12.14,11.55,56.1,-85.1,-9.9,18.1,59.99,50,4,2,2,0.24,44,0,0,0,0,normal,
2026-09-15T19:00,Telkom,Gauteng,Johannesburg,JHB-CBD-003,JHB-CBD-003-A,RAN,99.35,99.19,0.16,98.76,0.58,98.23,34.15,35.99,5.12,10.93,56.4,-82.8,-9.5,17.1,58.62,59,0,1,0,0.77,0,0,0,0,0,normal,
2026-09-15T19:00,Telkom,Gauteng,Johannesburg,JHB-CBD-003,JHB-CBD-003-B,RAN,99.13,99.05,0.08,99.21,0.5,98.33,43.34,36.81,-17.74,13.05,42.4,-83.8,-11.8,14.4,48.62,57,7,4,2,0.65,0,0,0,0,0,normal,
2026-09-15T19:00,Telkom,Gauteng,Johannesburg,JHB-CBD-003,JHB-CBD-003-C,RAN,98.71,98.91,-0.2,99.36,0.5,98.61,36.62,38.24,4.25,13.6,52.7,-86.3,-7.9,17.4,51.81,53,7,1,1,0.8,27,0,0,0,0,normal,
2026-09-15T19:00,Telkom,Gauteng,Soweto,JHB-SOW-018,JHB-SOW-018-A,RAN,99.25,99.17,0.08,98.96,0.85,98.52,48.75,39.35,-23.89,14.49,52.6,-86.0,-10.0,15.3,49.43,44,5,0,3,0.38,0,0,0,0,0,normal,
2026-09-15T19:00,Telkom,Gauteng,Soweto,JHB-SOW-018,JHB-SOW-018-B,RAN,98.94,99.08,-0.14,99.01,0.25,97.25,44.21,38.28,-15.49,13.78,68.9,-88.7,-10.9,13.7,57.43,40,1,2,2,0.34,0,0,0,0,0,normal,
2026-09-15T19:00,Telkom,Gauteng,Soweto,JHB-SOW-018,JHB-SOW-018-C,RAN,99.23,99.14,0.09,99.38,0.63,97.88,41.78,40.45,-3.29,11.98,57.6,-87.5,-7.6,13.1,57.7,57,6,8,5,0.63,16,0,0,0,0,normal,
2026-09-15T19:00,Telkom,Gauteng,Pretoria,PTA-HAT-011,PTA-HAT-011-A,RAN,99.11,99.2,-0.09,98.6,0.73,98.82,34.0,37.04,8.21,9.61,49.6,-77.8,-11.4,15.9,60.72,54,3,7,3,0.5,139,0,0,0,0,normal,
2026-09-15T19:00,Telkom,Gauteng,Pretoria,PTA-HAT-011,PTA-HAT-011-B,RAN,98.56,99.04,-0.48,98.56,0.42,98.74,38.18,37.86,-0.84,10.41,59.1,-89.1,-9.3,14.7,55.5,55,8,5,4,0.1,0,0,0,0,0,normal,
2026-09-15T19:00,Telkom,Gauteng,Pretoria,PTA-HAT-011,PTA-HAT-011-C,RAN,99.04,99.2,-0.16,98.55,0.63,99.14,31.69,38.14,16.92,10.86,54.9,-86.6,-11.1,18.7,56.47,54,7,9,4,1.16,78,0,0,0,0,normal,
2026-09-15T19:15,Telkom,Western Cape,Cape Town,CPT-BEL-007,CPT-BEL-007-A,RAN,98.93,99.19,-0.26,98.82,0.2,98.16,39.29,39.32,0.09,11.1,53.6,-85.9,-8.4,16.1,52.92,38,4,4,1,1.42,45,0,0,0,0,normal,
2026-09-15T19:15,Telkom,Western Cape,Cape Town,CPT-BEL-007,CPT-BEL-007-B,RAN,98.89,98.99,-0.1,98.88,0.52,98.55,33.06,37.92,12.83,12.61,47.6,-86.2,-9.4,15.6,47.72,53,8,5,4,0.65,79,0,0,0,0,normal,
2026-09-15T19:15,Telkom,Western Cape,Cape Town,CPT-BEL-007,CPT-BEL-007-C,RAN,99.32,99.09,0.23,98.82,0.47,98.32,39.19,39.52,0.84,13.78,49.3,-80.9,-8.9,19.7,46.13,41,2,1,1,0.8,83,0,0,0,0,normal,
2026-09-15T19:15,Telkom,Gauteng,Johannesburg,JHB-CBD-003,JHB-CBD-003-A,RAN,99.41,99.23,0.18,99.28,0.49,96.95,38.34,35.93,-6.7,8.11,48.3,-87.3,-8.0,16.7,58.58,49,1,0,3,0.92,0,0,0,0,0,normal,
2026-09-15T19:15,Telkom,Gauteng,Johannesburg,JHB-CBD-003,JHB-CBD-003-B,RAN,99.03,99.06,-0.03,98.76,0.09,98.83,39.71,37.14,-6.91,11.02,63.2,-86.8,-9.1,14.0,57.94,49,4,5,1,0.93,5,0,0,0,0,normal,
2026-09-15T19:15,Telkom,Gauteng,Johannesburg,JHB-CBD-003,JHB-CBD-003-C,RAN,99.55,98.89,0.66,98.5,1.07,98.68,42.88,37.91,-13.11,11.27,53.2,-86.1,-10.1,20.6,55.59,54,3,7,6,0.1,3,0,0,1,0,normal,
2026-09-15T19:15,Telkom,Gauteng,Soweto,JHB-SOW-018,JHB-SOW-018-A,RAN,99.07,99.19,-0.12,98.68,0.78,98.55,40.61,39.52,-2.75,13.29,47.8,-84.5,-11.0,18.1,57.36,55,2,1,3,0.39,108,0,0,0,0,normal,
2026-09-15T19:15,Telkom,Gauteng,Soweto,JHB-SOW-018,JHB-SOW-018-B,RAN,99.11,99.09,0.02,98.77,0.59,97.82,43.1,38.72,-11.31,12.08,48.8,-87.6,-11.8,20.6,42.98,36,3,1,2,1.27,38,0,0,0,0,normal,
2026-09-15T19:15,Telkom,Gauteng,Soweto,JHB-SOW-018,JHB-SOW-018-C,RAN,99.21,99.1,0.11,98.59,0.48,98.79,34.42,40.63,15.28,12.46,55.2,-87.6,-9.7,17.3,57.41,52,0,6,3,0.33,83,0,0,0,0,normal,
2026-09-15T19:15,Telkom,Gauteng,Pretoria,PTA-HAT-011,PTA-HAT-011-A,RAN,99.07,99.19,-0.12,98.74,0.31,98.0,34.59,36.95,6.38,13.6,59.1,-83.6,-9.7,17.7,61.33,61,3,6,3,0.38,167,0,0,0,0,normal,
2026-09-15T19:15,Telkom,Gauteng,Pretoria,PTA-HAT-011,PTA-HAT-011-B,RAN,99.1,99.03,0.06,98.96,0.5,97.78,33.46,37.5,10.76,11.79,56.0,-78.7,-10.7,16.5,64.73,62,6,4,4,0.91,52,0,0,0,0,normal,
2026-09-15T19:15,Telkom,Gauteng,Pretoria,PTA-HAT-011,PTA-HAT-011-C,RAN,99.36,99.18,0.18,99.12,0.34,98.09,38.8,37.29,-4.04,11.0,47.6,-86.7,-8.2,18.8,62.09,60,2,1,2,0.1,80,0,0,0,0,normal,
2026-09-15T19:30,Telkom,Western Cape,Cape Town,CPT-BEL-007,CPT-BEL-007-A,RAN,98.9,99.18,-0.28,98.98,0.46,97.62,39.69,39.16,-1.34,13.5,50.4,-84.5,-9.3,18.1,54.01,49,6,0,2,0.78,0,0,0,0,0,normal,
2026-09-15T19:30,Telkom,Western Cape,Cape Town,CPT-BEL-007,CPT-BEL-007-B,RAN,99.24,98.95,0.29,99.07,0.1,98.8,38.32,37.81,-1.35,13.34,61.5,-86.0,-10.7,17.4,61.5,49,4,8,1,1.37,0,0,0,0,0,normal,
2026-09-15T19:30,Telkom,Western Cape,Cape Town,CPT-BEL-007,CPT-BEL-007-C,RAN,99.0,99.08,-0.08,98.82,0.44,99.23,33.09,39.35,15.9,9.99,53.1,-84.0,-9.0,18.2,56.94,45,2,4,3,0.59,104,0,0,0,0,normal,
2026-09-15T19:30,Telkom,Gauteng,Johannesburg,JHB-CBD-003,JHB-CBD-003-A,RAN,99.38,99.26,0.12,99.16,0.38,98.35,42.43,35.53,-19.42,12.57,58.5,-90.9,-9.8,14.8,47.93,41,3,3,1,0.49,140,0,0,0,0,normal,
2026-09-15T19:30,Telkom,Gauteng,Johannesburg,JHB-CBD-003,JHB-CBD-003-B,RAN,99.52,99.04,0.48,98.65,0.49,99.08,42.48,37.45,-13.44,13.63,59.1,-81.4,-8.7,14.8,55.28,56,3,7,2,0.79,0,0,0,0,0,normal,
2026-09-15T19:30,Telkom,Gauteng,Johannesburg,JHB-CBD-003,JHB-CBD-003-C,RAN,99.9,98.91,0.99,98.58,0.55,98.65,33.04,37.89,12.8,10.31,58.6,-85.0,-10.1,15.8,62.02,52,3,7,2,0.88,34,0,0,1,0,normal,
2026-09-15T19:30,Telkom,Gauteng,Soweto,JHB-SOW-018,JHB-SOW-018-A,RAN,99.29,99.2,0.09,98.79,0.89,97.72,45.11,39.83,-13.25,13.88,54.0,-91.4,-11.7,15.5,44.78,36,0,2,3,0.87,18,0,0,0,0,normal,
2026-09-15T19:30,Telkom,Gauteng,Soweto,JHB-SOW-018,JHB-SOW-018-B,RAN,99.02,99.07,-0.05,99.05,0.59,99.12,34.81,39.16,11.12,12.16,61.4,-83.9,-11.9,14.5,52.72,41,3,3,1,1.14,33,0,0,0,0,normal,
2026-09-15T19:30,Telkom,Gauteng,Soweto,JHB-SOW-018,JHB-SOW-018-C,RAN,99.43,99.15,0.28,98.92,0.14,98.5,30.03,40.47,25.79,13.67,59.2,-86.8,-6.4,13.4,54.15,39,5,3,1,0.73,0,0,0,0,0,normal,
2026-09-15T19:30,Telkom,Gauteng,Pretoria,PTA-HAT-011,PTA-HAT-011-A,RAN,98.82,99.21,-0.39,98.64,0.82,98.92,42.82,36.76,-16.47,10.79,61.0,-81.2,-10.1,20.4,59.94,56,4,3,3,0.67,212,0,0,0,0,normal,
2026-09-15T19:30,Telkom,Gauteng,Pretoria,PTA-HAT-011,PTA-HAT-011-B,RAN,99.74,99.01,0.73,99.69,1.04,99.27,35.1,37.66,6.79,12.66,62.4,-88.2,-11.2,18.7,71.21,66,1,2,7,0.96,170,0,0,0,0,normal,
2026-09-15T19:30,Telkom,Gauteng,Pretoria,PTA-HAT-011,PTA-HAT-011-C,RAN,98.34,99.22,-0.88,98.48,0.29,99.57,31.48,37.26,15.51,11.23,55.5,-83.6,-10.6,13.9,61.65,53,9,7,1,0.85,0,0,0,0,0,normal,
2026-09-15T19:45,Telkom,Western Cape,Cape Town,CPT-BEL-007,CPT-BEL-007-A,RAN,98.84,99.15,-0.31,98.55,0.35,98.75,38.84,38.99,0.39,12.08,50.1,-88.5,-10.7,16.6,48.33,41,7,4,1,0.78,0,0,0,0,0,normal,
2026-09-15T19:45,Telkom,Western Cape,Cape Town,CPT-BEL-007,CPT-BEL-007-B,RAN,98.67,99.0,-0.33,98.55,0.65,98.99,41.84,38.15,-9.66,10.58,53.3,-86.2,-9.0,19.5,63.24,55,6,2,2,0.46,93,0,0,0,0,normal,
2026-09-15T19:45,Telkom,Western Cape,Cape Town,CPT-BEL-007,CPT-BEL-007-C,RAN,98.91,99.07,-0.16,99.09,0.45,98.36,32.46,39.41,17.64,9.49,57.8,-87.4,-11.4,16.8,62.61,55,2,0,1,0.74,0,0,0,0,0,normal,
2026-09-15T19:45,Telkom,Gauteng,Johannesburg,JHB-CBD-003,JHB-CBD-003-A,RAN,98.48,99.26,-0.78,98.98,0.38,98.34,48.24,36.32,-32.83,10.6,59.1,-85.9,-9.4,14.0,46.92,46,2,1,1,0.95,97,0,0,0,0,normal,
2026-09-15T19:45,Telkom,Gauteng,Johannesburg,JHB-CBD-003,JHB-CBD-003-B,RAN,99.39,99.05,0.34,98.73,0.79,98.45,46.71,37.99,-22.94,10.53,52.9,-84.0,-9.8,18.2,47.33,43,0,1,2,0.8,61,0,0,0,0,normal,
2026-09-15T19:45,Telkom,Gauteng,Johannesburg,JHB-CBD-003,JHB-CBD-003-C,RAN,99.34,98.97,0.37,98.99,0.54,98.88,46.9,37.05,-26.59,10.85,58.8,-86.8,-6.9,18.3,56.11,52,2,6,3,0.22,236,0,0,1,0,normal,
2026-09-15T19:45,Telkom,Gauteng,Soweto,JHB-SOW-018,JHB-SOW-018-A,RAN,98.97,99.19,-0.22,98.43,0.63,97.6,40.18,40.42,0.6,11.79,51.3,-88.8,-9.2,18.7,49.37,49,8,7,3,0.33,0,0,0,0,0,normal,
2026-09-15T19:45,Telkom,Gauteng,Soweto,JHB-SOW-018,JHB-SOW-018-B,RAN,98.62,99.05,-0.43,98.2,0.72,98.14,49.6,38.84,-27.7,15.57,46.6,-86.8,-8.9,16.3,47.34,40,7,7,2,0.53,142,0,0,0,0,normal,
2026-09-15T19:45,Telkom,Gauteng,Soweto,JHB-SOW-018,JHB-SOW-018-C,RAN,98.82,99.14,-0.32,98.63,0.59,97.9,33.59,39.88,15.77,11.72,57.6,-86.0,-8.8,12.5,62.83,46,4,2,0,0.71,0,0,0,0,0,normal,
2026-09-15T19:45,Telkom,Gauteng,Pretoria,PTA-HAT-011,PTA-HAT-011-A,RAN,98.97,99.23,-0.26,99.03,0.47,97.97,27.14,37.39,27.42,13.55,53.0,-86.9,-11.7,17.4,67.4,59,4,2,3,0.79,28,0,0,0,0,normal,
2026-09-15T19:45,Telkom,Gauteng,Pretoria,PTA-HAT-011,PTA-HAT-011-B,RAN,99.32,99.06,0.26,98.59,0.13,99.43,36.96,37.27,0.82,10.89,58.7,-87.0,-11.0,16.7,65.6,54,0,1,1,0.52,0,0,0,0,0,normal,
2026-09-15T19:45,Telkom,Gauteng,Pretoria,PTA-HAT-011,PTA-HAT-011-C,RAN,99.22,99.2,0.02,98.46,0.46,98.9,43.9,36.7,-19.61,12.4,55.4,-86.2,-11.8,15.4,57.39,46,3,6,2,1.18,9,0,0,0,0,normal,
2026-09-15T20:00,Telkom,Western Cape,Cape Town,CPT-BEL-007,CPT-BEL-007-A,RAN,98.72,99.12,-0.4,98.72,0.53,99.42,40.21,38.69,-3.93,11.88,58.8,-85.1,-10.8,16.6,58.29,44,2,3,1,1.38,55,0,0,0,0,normal,
2026-09-15T20:00,Telkom,Western Cape,Cape Town,CPT-BEL-007,CPT-BEL-007-B,RAN,99.21,99.0,0.21,98.98,0.11,98.96,39.63,38.42,-3.14,11.78,62.9,-87.5,-9.2,11.3,55.79,53,1,2,0,0.6,0,0,0,0,0,normal,
2026-09-15T20:00,Telkom,Western Cape,Cape Town,CPT-BEL-007,CPT-BEL-007-C,RAN,98.42,99.07,-0.65,98.51,0.11,99.2,43.12,38.97,-10.64,11.26,48.1,-86.9,-8.2,19.3,59.01,50,2,7,1,1.15,0,0,0,0,0,normal,
2026-09-15T20:00,Telkom,Gauteng,Johannesburg,JHB-CBD-003,JHB-CBD-003-A,RAN,99.6,99.22,0.38,98.95,0.1,98.54,33.42,36.6,8.69,11.28,48.9,-83.9,-9.8,17.9,51.64,42,3,2,0,0.95,77,0,0,0,0,normal,
2026-09-15T20:00,Telkom,Gauteng,Johannesburg,JHB-CBD-003,JHB-CBD-003-B,RAN,98.99,99.06,-0.07,99.24,0.32,98.81,34.35,38.92,11.74,11.45,59.4,-83.1,-10.3,15.5,58.34,51,8,8,2,1.03,110,0,0,0,0,normal,
2026-09-15T20:00,Telkom,Gauteng,Johannesburg,JHB-CBD-003,JHB-CBD-003-C,RAN,99.18,98.97,0.21,98.65,0.05,98.05,36.53,37.49,2.56,11.75,48.2,-88.9,-8.8,13.4,54.05,42,5,4,1,0.28,0,0,0,1,0,normal,
2026-09-15T20:00,Telkom,Gauteng,Soweto,JHB-SOW-018,JHB-SOW-018-A,RAN,99.35,99.2,0.15,99.73,0.46,98.15,46.07,40.47,-13.85,14.11,46.3,-87.3,-10.6,17.7,47.02,42,3,0,1,0.86,71,0,0,0,0,normal,
2026-09-15T20:00,Telkom,Gauteng,Soweto,JHB-SOW-018,JHB-SOW-018-B,RAN,98.98,99.05,-0.07,98.63,0.85,98.58,44.22,39.78,-11.17,10.43,55.2,-90.1,-11.9,14.4,43.45,35,2,5,3,0.79,0,0,0,0,0,normal,
2026-09-15T20:00,Telkom,Gauteng,Soweto,JHB-SOW-018,JHB-SOW-018-C,RAN,98.93,99.13,-0.2,98.6,0.33,98.34,37.87,39.04,3.0,13.58,65.5,-85.6,-9.9,15.9,55.58,52,4,5,2,0.29,35,0,0,0,0,normal,
2026-09-15T20:00,Telkom,Gauteng,Pretoria,PTA-HAT-011,PTA-HAT-011-A,RAN,99.03,99.2,-0.17,99.24,0.19,98.27,37.64,36.59,-2.88,11.74,55.1,-87.2,-9.6,18.2,63.96,58,0,3,0,0.9,64,0,0,0,0,normal,
2026-09-15T20:00,Telkom,Gauteng,Pretoria,PTA-HAT-011,PTA-HAT-011-B,RAN,99.3,99.12,0.18,98.98,0.28,98.49,41.74,37.04,-12.7,10.72,58.7,-89.5,-8.2,15.9,50.19,54,2,6,0,0.61,22,0,0,0,0,normal,
2026-09-15T20:00,Telkom,Gauteng,Pretoria,PTA-HAT-011,PTA-HAT-011-C,RAN,99.32,99.21,0.11,98.65,0.3,98.45,38.49,37.23,-3.38,11.77,56.5,-84.9,-8.7,15.9,59.22,51,0,6,3,0.75,58,0,0,0,0,normal,
2026-09-15T20:15,Telkom,Western Cape,Cape Town,CPT-BEL-007,CPT-BEL-007-A,RAN,99.37,99.07,0.3,98.98,0.26,98.02,36.99,38.97,5.07,14.16,49.8,-86.2,-9.2,16.3,54.93,47,3,4,1,0.79,0,0,0,0,0,normal,
2026-09-15T20:15,Telkom,Western Cape,Cape Town,CPT-BEL-007,CPT-BEL-007-B,RAN,98.55,98.95,-0.4,98.7,0.05,98.32,32.05,38.77,17.34,10.78,55.2,-89.1,-10.8,17.9,60.72,44,2,4,0,0.94,124,0,0,0,0,normal,
2026-09-15T20:15,Telkom,Western Cape,Cape Town,CPT-BEL-007,CPT-BEL-007-C,RAN,99.0,99.04,-0.04,98.82,0.72,98.07,43.41,39.21,-10.72,11.73,61.2,-86.5,-9.5,16.3,50.14,47,1,2,3,0.96,0,0,0,0,0,normal,
2026-09-15T20:15,Telkom,Gauteng,Johannesburg,JHB-CBD-003,JHB-CBD-003-A,RAN,99.37,99.27,0.1,98.6,0.86,98.75,37.34,36.7,-1.75,9.39,63.6,-85.2,-10.2,15.3,61.86,53,2,6,2,0.81,0,0,0,0,0,normal,
2026-09-15T20:15,Telkom,Gauteng,Johannesburg,JHB-CBD-003,JHB-CBD-003-B,RAN,98.91,99.02,-0.11,98.94,0.46,98.1,43.13,38.99,-10.63,13.88,45.8,-85.4,-9.0,18.0,50.29,42,2,5,4,0.62,75,0,0,1,0,normal,
2026-09-15T20:15,Telkom,Gauteng,Johannesburg,JHB-CBD-003,JHB-CBD-003-C,RAN,99.31,98.99,0.32,98.48,0.4,98.62,32.62,37.39,12.76,12.13,49.3,-83.6,-10.3,18.8,53.29,43,3,8,1,1.31,0,0,0,1,0,normal,
2026-09-15T20:15,Telkom,Gauteng,Soweto,JHB-SOW-018,JHB-SOW-018-A,RAN,98.41,99.21,-0.8,98.88,1.13,98.56,43.32,40.45,-7.1,14.59,48.3,-83.0,-9.8,25.0,43.38,44,6,4,3,0.61,27,0,0,0,0,normal,
2026-09-15T20:15,Telkom,Gauteng,Soweto,JHB-SOW-018,JHB-SOW-018-B,RAN,99.17,99.06,0.11,98.9,0.29,97.95,38.4,40.1,4.25,12.66,50.8,-90.5,-10.6,19.2,51.91,43,2,1,0,0.96,33,0,0,0,0,normal,
2026-09-15T20:15,Telkom,Gauteng,Soweto,JHB-SOW-018,JHB-SOW-018-C,RAN,99.17,99.14,0.03,98.88,0.49,98.48,43.18,39.02,-10.67,12.89,52.5,-85.3,-10.5,18.3,49.11,36,1,0,2,0.9,55,0,0,0,0,normal,
2026-09-15T20:15,Telkom,Gauteng,Pretoria,PTA-HAT-011,PTA-HAT-011-A,RAN,99.07,99.17,-0.1,99.32,0.23,99.52,39.6,36.41,-8.76,12.56,56.3,-89.8,-9.0,15.1,57.82,56,3,1,1,0.1,0,0,0,0,0,normal,
2026-09-15T20:15,Telkom,Gauteng,Pretoria,PTA-HAT-011,PTA-HAT-011-B,RAN,99.25,99.11,0.14,99.04,0.41,99.66,34.92,37.0,5.62,12.78,43.6,-88.1,-12.2,18.5,55.53,48,4,0,0,0.66,0,0,0,0,0,normal,
2026-09-15T20:15,Telkom,Gauteng,Pretoria,PTA-HAT-011,PTA-HAT-011-C,RAN,98.96,99.2,-0.24,98.33,0.53,98.32,32.99,37.26,11.45,11.24,57.2,-88.8,-9.5,19.0,66.03,62,7,4,3,0.7,88,0,0,0,0,normal,
2026-09-15T20:30,Telkom,Western Cape,Cape Town,CPT-BEL-007,CPT-BEL-007-A,RAN,99.08,99.07,0.01,99.08,0.79,99.3,40.73,38.64,-5.4,13.72,49.4,-83.7,-9.4,17.2,52.04,40,2,3,4,0.1,0,0,0,0,0,normal,
2026-09-15T20:30,Telkom,Western Cape,Cape Town,CPT-BEL-007,CPT-BEL-007-B,RAN,99.24,98.91,0.33,98.34,0.42,98.01,42.66,38.5,-10.81,13.05,42.6,-85.1,-9.7,14.9,46.1,42,2,5,1,0.55,89,0,0,0,0,normal,
2026-09-15T20:30,Telkom,Western Cape,Cape Town,CPT-BEL-007,CPT-BEL-007-C,RAN,99.53,99.02,0.51,98.95,0.53,98.86,39.52,39.47,-0.13,10.82,53.5,-86.9,-10.2,19.9,53.01,44,4,5,3,1.43,186,0,0,0,0,normal,
2026-09-15T20:30,Telkom,Gauteng,Johannesburg,JHB-CBD-003,JHB-CBD-003-A,RAN,98.8,99.3,-0.5,98.58,0.91,98.05,29.87,36.74,18.7,9.79,54.9,-82.1,-10.5,19.4,63.7,54,5,9,3,0.76,28,0,0,0,0,normal,
2026-09-15T20:30,Telkom,Gauteng,Johannesburg,JHB-CBD-003,JHB-CBD-003-B,RAN,99.06,99.0,0.06,98.66,0.63,98.02,34.17,38.84,12.03,9.42,59.6,-87.9,-10.5,17.4,54.06,48,4,1,1,0.42,224,0,0,1,0,normal,
2026-09-15T20:30,Telkom,Gauteng,Johannesburg,JHB-CBD-003,JHB-CBD-003-C,RAN,99.04,99.02,0.02,98.55,0.52,97.82,40.37,37.05,-8.95,9.98,60.5,-87.7,-11.2,18.4,57.61,43,5,3,2,0.36,10,0,0,0,0,normal,
2026-09-15T20:30,Telkom,Gauteng,Soweto,JHB-SOW-018,JHB-SOW-018-A,RAN,99.25,99.15,0.1,99.18,0.59,98.7,34.5,40.64,15.11,12.27,62.1,-83.7,-10.6,17.6,50.42,39,6,4,1,1.22,46,0,0,0,0,normal,
2026-09-15T20:30,Telkom,Gauteng,Soweto,JHB-SOW-018,JHB-SOW-018-B,RAN,99.09,99.06,0.03,98.79,0.95,99.18,39.72,40.62,2.21,8.96,58.7,-88.1,-10.2,15.7,56.57,43,5,4,6,0.1,72,0,0,0,0,normal,
2026-09-15T20:30,Telkom,Gauteng,Soweto,JHB-SOW-018,JHB-SOW-018-C,RAN,99.01,99.18,-0.17,99.33,0.34,98.87,46.33,39.6,-16.99,10.91,58.2,-87.1,-9.7,14.7,51.77,43,2,2,0,0.6,4,0,0,0,0,normal,
2026-09-15T20:30,Telkom,Gauteng,Pretoria,PTA-HAT-011,PTA-HAT-011-A,RAN,98.88,99.13,-0.25,97.69,0.42,99.35,43.83,36.39,-20.44,12.34,50.2,-87.8,-10.4,18.7,49.23,46,3,11,2,1.45,23,0,0,0,0,normal,
2026-09-15T20:30,Telkom,Gauteng,Pretoria,PTA-HAT-011,PTA-HAT-011-B,RAN,98.63,99.16,-0.53,98.47,0.33,99.11,38.4,37.35,-2.82,10.76,53.1,-87.3,-10.3,16.4,63.28,47,8,7,1,1.05,79,0,0,0,0,normal,
2026-09-15T20:30,Telkom,Gauteng,Pretoria,PTA-HAT-011,PTA-HAT-011-C,RAN,99.56,99.19,0.37,99.17,0.67,98.74,35.46,36.67,3.29,11.77,56.6,-86.4,-11.0,16.2,55.67,46,0,2,1,0.1,0,0,0,0,0,normal,
2026-09-15T20:45,Telkom,Western Cape,Cape Town,CPT-BEL-007,CPT-BEL-007-A,RAN,99.37,99.07,0.3,99.09,0.09,98.4,38.67,37.89,-2.05,12.5,52.3,-90.1,-8.9,15.3,55.17,45,6,7,1,0.55,0,0,0,0,0,normal,
2026-09-15T20:45,Telkom,Western Cape,Cape Town,CPT-BEL-007,CPT-BEL-007-B,RAN,99.7,98.96,0.74,99.05,0.48,99.47,42.68,39.24,-8.77,13.84,48.2,-89.5,-10.1,14.6,38.05,40,3,2,0,0.68,84,0,0,0,0,normal,
2026-09-15T20:45,Telkom,Western Cape,Cape Town,CPT-BEL-007,CPT-BEL-007-C,RAN,98.99,99.04,-0.05,98.65,0.34,99.49,32.78,39.19,16.35,13.43,62.3,-86.6,-9.5,17.5,60.79,50,7,8,1,0.69,9,0,0,0,0,normal,
2026-09-15T20:45,Telkom,Gauteng,Johannesburg,JHB-CBD-003,JHB-CBD-003-A,RAN,99.47,99.27,0.2,98.74,0.59,98.17,41.49,35.8,-15.89,12.26,50.3,-85.1,-8.8,18.3,53.11,48,0,5,2,0.79,160,0,0,0,0,normal,
2026-09-15T20:45,Telkom,Gauteng,Johannesburg,JHB-CBD-003,JHB-CBD-003-B,RAN,99.05,99.02,0.03,98.66,0.6,97.75,35.75,38.92,8.14,11.89,49.5,-83.3,-10.3,16.5,52.57,38,0,1,2,0.89,272,0,0,1,0,normal,
2026-09-15T20:45,Telkom,Gauteng,Johannesburg,JHB-CBD-003,JHB-CBD-003-C,RAN,98.97,99.05,-0.08,98.88,0.56,97.86,44.06,37.2,-18.44,12.07,47.5,-87.0,-10.8,18.9,45.36,46,5,8,1,0.58,0,0,0,0,0,normal,
2026-09-15T20:45,Telkom,Gauteng,Soweto,JHB-SOW-018,JHB-SOW-018-A,RAN,98.48,99.13,-0.65,98.99,0.51,98.73,48.34,40.11,-20.52,16.67,42.6,-84.7,-12.7,13.4,43.07,33,6,2,0,0.94,40,0,0,0,0,normal,
2026-09-15T20:45,Telkom,Gauteng,Soweto,JHB-SOW-018,JHB-SOW-018-B,RAN,99.08,99.08,0.0,98.74,0.5,98.7,43.24,40.5,-6.75,11.58,49.5,-83.6,-10.1,19.7,47.45,35,3,5,2,0.1,35,0,0,0,0,normal,
2026-09-15T20:45,Telkom,Gauteng,Soweto,JHB-SOW-018,JHB-SOW-018-C,RAN,99.09,99.15,-0.06,98.77,0.39,99.17,32.82,40.02,17.98,12.67,60.4,-88.4,-10.2,16.6,55.53,41,4,3,1,1.46,146,0,0,0,0,normal,
2026-09-15T20:45,Telkom,Gauteng,Pretoria,PTA-HAT-011,PTA-HAT-011-A,RAN,98.47,99.08,-0.61,98.47,0.32,98.15,32.32,36.57,11.61,12.31,55.9,-88.5,-10.7,18.3,62.63,49,5,5,2,0.67,0,0,0,0,0,normal,
2026-09-15T20:45,Telkom,Gauteng,Pretoria,PTA-HAT-011,PTA-HAT-011-B,RAN,98.6,99.13,-0.53,99.37,0.79,99.1,25.78,37.31,30.91,8.76,59.4,-89.3,-9.7,14.2,64.21,57,2,0,4,1.05,0,0,0,0,0,normal,
2026-09-15T20:45,Telkom,Gauteng,Pretoria,PTA-HAT-011,PTA-HAT-011-C,RAN,99.39,99.21,0.18,98.73,0.51,98.55,38.51,36.39,-5.83,12.41,46.5,-85.5,-8.8,15.5,55.19,44,3,4,3,0.5,147,0,0,0,0,normal,
2026-09-15T21:00,Telkom,Western Cape,Cape Town,CPT-BEL-007,CPT-BEL-007-A,RAN,98.83,99.07,-0.24,98.79,0.56,97.64,39.2,38.27,-2.42,11.82,51.4,-88.3,-12.1,17.2,51.57,46,4,1,1,0.84,0,1,0,0,0,normal,
2026-09-15T21:00,Telkom,Western Cape,Cape Town,CPT-BEL-007,CPT-BEL-007-B,RAN,99.34,99.04,0.3,99.11,0.39,98.51,37.23,39.25,5.14,12.29,57.5,-83.8,-11.9,15.0,56.83,46,3,0,1,0.18,0,1,0,0,0,normal,
2026-09-15T21:00,Telkom,Western Cape,Cape Town,CPT-BEL-007,CPT-BEL-007-C,RAN,99.9,99.05,0.85,98.52,0.47,98.92,37.08,39.1,5.18,10.82,55.3,-86.2,-11.6,12.3,62.54,43,0,2,1,0.1,176,1,0,0,0,normal,
2026-09-15T21:00,Telkom,Gauteng,Johannesburg,JHB-CBD-003,JHB-CBD-003-A,RAN,99.33,99.27,0.06,99.47,0.45,97.95,37.96,36.13,-5.07,10.93,54.3,-82.3,-9.4,13.5,49.46,49,3,1,3,1.05,88,1,0,0,0,normal,
2026-09-15T21:00,Telkom,Gauteng,Johannesburg,JHB-CBD-003,JHB-CBD-003-B,RAN,99.15,99.06,0.09,98.99,0.56,98.35,33.68,39.0,13.63,11.66,59.9,-85.5,-9.8,17.1,52.11,36,4,0,1,0.68,91,1,0,1,0,normal,
2026-09-15T21:00,Telkom,Gauteng,Johannesburg,JHB-CBD-003,JHB-CBD-003-C,RAN,99.05,99.06,-0.01,98.82,0.56,98.26,39.23,37.67,-4.14,12.32,50.5,-86.2,-10.7,17.9,54.39,41,0,2,3,0.7,0,1,0,0,0,normal,
2026-09-15T21:00,Telkom,Gauteng,Soweto,JHB-SOW-018,JHB-SOW-018-A,RAN,99.04,99.06,-0.02,98.31,0.55,98.34,34.41,41.28,16.64,14.04,52.2,-85.4,-9.5,16.0,54.4,43,3,7,3,0.55,119,1,0,0,0,normal,
2026-09-15T21:00,Telkom,Gauteng,Soweto,JHB-SOW-018,JHB-SOW-018-B,RAN,98.85,99.07,-0.22,99.13,0.39,98.58,35.22,40.71,13.48,12.06,44.9,-85.3,-11.3,16.8,53.61,39,4,0,2,1.23,0,1,0,0,0,normal,
2026-09-15T21:00,Telkom,Gauteng,Soweto,JHB-SOW-018,JHB-SOW-018-C,RAN,98.95,99.14,-0.19,99.14,0.49,98.83,35.79,39.5,9.39,11.17,48.6,-84.8,-10.5,18.5,50.36,39,0,2,1,1.2,0,1,0,0,0,normal,
2026-09-15T21:00,Telkom,Gauteng,Pretoria,PTA-HAT-011,PTA-HAT-011-A,RAN,99.22,99.0,0.22,98.42,0.49,99.04,30.5,35.81,14.83,10.29,57.8,-85.5,-10.4,17.5,59.63,46,2,7,3,0.43,106,1,0,0,0,normal,
2026-09-15T21:00,Telkom,Gauteng,Pretoria,PTA-HAT-011,PTA-HAT-011-B,RAN,99.09,99.11,-0.02,99.26,0.63,99.0,43.15,36.5,-18.22,10.7,49.4,-88.9,-9.0,18.5,47.95,51,7,1,2,0.34,92,1,0,0,0,normal,
2026-09-15T21:00,Telkom,Gauteng,Pretoria,PTA-HAT-011,PTA-HAT-011-C,RAN,99.1,99.2,-0.1,98.77,0.61,98.36,41.81,36.16,-15.64,12.97,47.4,-84.9,-12.4,16.7,45.26,43,4,5,4,0.54,0,1,0,0,0,normal,
2026-09-15T21:15,Telkom,Western Cape,Cape Town,CPT-BEL-007,CPT-BEL-007-A,RAN,98.58,99.03,-0.45,98.87,0.8,99.2,38.56,38.04,-1.37,11.8,57.1,-83.0,-11.0,15.7,55.55,40,6,6,3,1.36,133,1,0,0,0,normal,
2026-09-15T21:15,Telkom,Western Cape,Cape Town,CPT-BEL-007,CPT-BEL-007-B,RAN,99.37,99.02,0.36,99.49,0.97,97.92,45.1,38.76,-16.35,14.18,54.9,-85.1,-10.8,14.6,43.05,37,1,1,3,0.95,71,1,0,0,0,normal,
2026-09-15T21:15,Telkom,Western Cape,Cape Town,CPT-BEL-007,CPT-BEL-007-C,RAN,99.19,99.08,0.11,98.59,0.76,98.67,45.69,38.59,-18.39,11.87,41.4,-81.8,-10.6,17.5,47.96,43,3,3,3,0.92,0,1,0,0,0,normal,
2026-09-15T21:15,Telkom,Gauteng,Johannesburg,JHB-CBD-003,JHB-CBD-003-A,RAN,99.23,99.3,-0.07,98.81,0.72,98.71,34.2,36.65,6.68,10.63,54.4,-83.5,-11.2,15.8,58.08,47,3,5,2,0.55,19,1,0,0,0,normal,
2026-09-15T21:15,Telkom,Gauteng,Johannesburg,JHB-CBD-003,JHB-CBD-003-B,RAN,98.53,99.08,-0.55,99.03,0.69,98.24,41.73,38.56,-8.23,12.9,50.6,-86.0,-10.0,14.3,36.72,34,6,3,3,1.02,12,1,0,0,0,normal,
2026-09-15T21:15,Telkom,Gauteng,Johannesburg,JHB-CBD-003,JHB-CBD-003-C,RAN,98.66,99.06,-0.4,99.41,0.54,98.07,33.68,37.42,10.0,13.47,54.4,-83.3,-10.4,17.7,58.37,43,3,0,2,0.74,47,1,0,0,0,normal,
2026-09-15T21:15,Telkom,Gauteng,Soweto,JHB-SOW-018,JHB-SOW-018-A,RAN,99.18,99.07,0.11,99.05,0.72,99.12,35.01,40.96,14.53,12.52,52.5,-86.1,-11.0,16.6,53.24,38,4,1,2,1.15,0,1,0,0,0,normal,
2026-09-15T21:15,Telkom,Gauteng,Soweto,JHB-SOW-018,JHB-SOW-018-B,RAN,99.37,99.03,0.34,98.99,0.65,97.74,41.93,40.47,-3.6,12.11,50.2,-89.0,-9.4,17.1,46.49,46,0,2,2,0.62,88,1,0,0,0,normal,
2026-09-15T21:15,Telkom,Gauteng,Soweto,JHB-SOW-018,JHB-SOW-018-C,RAN,99.15,99.14,0.01,98.87,0.52,98.58,35.92,39.17,8.3,14.35,53.9,-85.8,-10.7,17.0,45.27,36,3,1,0,1.34,129,1,0,0,0,normal,
2026-09-15T21:15,Telkom,Gauteng,Pretoria,PTA-HAT-011,PTA-HAT-011-A,RAN,99.53,99.0,0.53,98.49,0.48,98.73,47.2,34.94,-35.11,11.98,55.6,-83.2,-11.6,18.9,47.27,43,2,6,2,1.59,0,1,0,0,0,normal,
2026-09-15T21:15,Telkom,Gauteng,Pretoria,PTA-HAT-011,PTA-HAT-011-B,RAN,99.19,99.13,0.06,99.29,0.29,98.24,41.02,37.07,-10.66,12.91,44.4,-87.4,-10.6,22.2,51.41,43,3,4,0,0.34,55,1,0,0,0,normal,
2026-09-15T21:15,Telkom,Gauteng,Pretoria,PTA-HAT-011,PTA-HAT-011-C,RAN,99.32,99.2,0.12,98.92,0.52,98.17,38.04,36.86,-3.19,10.07,48.9,-91.3,-10.6,15.5,59.44,48,1,4,3,0.61,17,1,0,0,0,normal,
2026-09-15T21:30,Telkom,Western Cape,Cape Town,CPT-BEL-007,CPT-BEL-007-A,RAN,98.87,99.03,-0.16,98.16,0.74,98.68,42.61,37.84,-12.6,12.89,60.8,-83.1,-9.3,20.0,52.53,43,5,7,3,1.11,95,2,0,0,0,normal,
2026-09-15T21:30,Telkom,Western Cape,Cape Town,CPT-BEL-007,CPT-BEL-007-B,RAN,99.25,99.05,0.2,98.92,0.91,98.18,36.48,39.53,7.71,14.33,43.7,-90.0,-8.3,14.8,56.21,43,3,2,5,0.89,21,2,0,0,0,normal,
2026-09-15T21:30,Telkom,Western Cape,Cape Town,CPT-BEL-007,CPT-BEL-007-C,RAN,98.9,99.07,-0.17,98.54,0.88,98.39,39.66,38.83,-2.14,13.65,52.3,-87.4,-10.6,20.5,40.16,38,3,5,3,1.02,1,2,0,0,0,normal,
2026-09-15T21:30,Telkom,Gauteng,Johannesburg,JHB-CBD-003,JHB-CBD-003-A,RAN,99.16,99.32,-0.16,99.46,0.57,98.31,34.59,36.61,5.52,11.92,57.8,-84.5,-9.2,15.6,66.18,49,6,1,1,1.07,42,2,0,0,0,normal,
2026-09-15T21:30,Telkom,Gauteng,Johannesburg,JHB-CBD-003,JHB-CBD-003-B,RAN,99.18,99.06,0.12,98.72,0.4,98.07,46.98,38.38,-22.4,11.18,38.5,-84.1,-6.5,17.9,43.84,35,4,5,2,0.64,61,2,0,0,0,normal,
2026-09-15T21:30,Telkom,Gauteng,Johannesburg,JHB-CBD-003,JHB-CBD-003-C,RAN,99.46,99.01,0.45,98.98,0.51,98.48,46.36,37.43,-23.86,11.74,48.0,-84.8,-10.4,17.7,49.84,48,1,2,2,0.74,9,2,0,0,0,normal,
2026-09-15T21:30,Telkom,Gauteng,Soweto,JHB-SOW-018,JHB-SOW-018-A,RAN,98.93,99.1,-0.17,98.49,0.52,98.3,37.29,40.43,7.76,12.62,58.2,-87.9,-11.7,15.3,48.1,38,1,3,2,0.47,41,2,0,0,0,normal,
2026-09-15T21:30,Telkom,Gauteng,Soweto,JHB-SOW-018,JHB-SOW-018-B,RAN,99.37,99.05,0.32,99.15,0.62,98.06,38.39,40.47,5.13,12.92,44.0,-83.3,-10.2,16.4,50.92,42,0,0,1,0.58,114,2,0,0,0,normal,
2026-09-15T21:30,Telkom,Gauteng,Soweto,JHB-SOW-018,JHB-SOW-018-C,RAN,99.56,99.13,0.43,98.77,0.54,98.67,47.57,38.53,-23.46,14.09,56.6,-83.2,-10.6,13.1,48.21,34,3,1,3,0.79,0,2,0,0,0,normal,
2026-09-15T21:30,Telkom,Gauteng,Pretoria,PTA-HAT-011,PTA-HAT-011-A,RAN,99.32,99.03,0.29,98.63,0.21,99.22,43.95,35.74,-22.97,14.21,58.9,-87.3,-11.3,20.1,51.56,44,2,4,0,0.1,4,2,0,0,0,normal,
2026-09-15T21:30,Telkom,Gauteng,Pretoria,PTA-HAT-011,PTA-HAT-011-B,RAN,99.51,99.12,0.39,98.72,0.05,98.06,47.9,36.99,-29.49,13.92,54.4,-86.8,-10.4,19.9,38.63,35,0,0,0,0.56,150,2,0,0,0,normal,
2026-09-15T21:30,Telkom,Gauteng,Pretoria,PTA-HAT-011,PTA-HAT-011-C,RAN,99.12,99.21,-0.09,99.06,0.67,97.96,42.11,36.46,-15.48,9.86,52.4,-85.9,-12.1,14.3,48.44,40,3,4,0,0.73,0,2,0,0,0,normal,
2026-09-15T21:45,Telkom,Western Cape,Cape Town,CPT-BEL-007,CPT-BEL-007-A,RAN,99.13,98.98,0.15,98.95,0.6,99.03,40.2,38.27,-5.04,13.44,46.4,-82.3,-8.9,15.3,44.82,44,4,3,3,0.69,5,1,0,0,0,normal,
2026-09-15T21:45,Telkom,Western Cape,Cape Town,CPT-BEL-007,CPT-BEL-007-B,RAN,98.6,99.07,-0.47,98.75,0.37,98.49,40.35,39.66,-1.75,13.72,55.1,-84.6,-8.4,17.4,45.78,37,6,5,2,0.48,0,1,0,0,0,normal,
2026-09-15T21:45,Telkom,Western Cape,Cape Town,CPT-BEL-007,CPT-BEL-007-C,RAN,99.23,99.08,0.15,98.3,0.31,98.38,47.3,38.61,-22.5,11.57,42.0,-89.3,-11.8,15.2,46.28,31,1,7,0,0.61,43,1,0,0,0,normal,
2026-09-15T21:45,Telkom,Gauteng,Johannesburg,JHB-CBD-003,JHB-CBD-003-A,RAN,99.72,99.31,0.41,98.93,0.83,99.34,38.8,37.16,-4.41,8.93,53.1,-86.7,-9.0,16.6,53.96,42,1,0,1,0.63,26,1,0,0,0,normal,
2026-09-15T21:45,Telkom,Gauteng,Johannesburg,JHB-CBD-003,JHB-CBD-003-B,RAN,99.1,99.07,0.03,98.49,0.57,98.54,38.29,39.38,2.78,13.44,57.4,-85.1,-11.3,18.6,42.6,40,0,0,1,0.86,79,1,0,0,0,normal,
2026-09-15T21:45,Telkom,Gauteng,Johannesburg,JHB-CBD-003,JHB-CBD-003-C,RAN,99.49,99.07,0.42,98.57,0.38,98.25,45.08,37.56,-20.01,14.69,45.9,-85.4,-9.8,15.1,49.62,49,4,3,1,0.11,37,1,0,0,0,normal,
2026-09-15T21:45,Telkom,Gauteng,Soweto,JHB-SOW-018,JHB-SOW-018-A,RAN,99.65,99.08,0.57,98.99,0.57,98.58,38.08,40.23,5.35,11.69,54.3,-86.7,-11.1,14.3,45.66,32,0,4,1,1.26,95,1,0,0,0,normal,
2026-09-15T21:45,Telkom,Gauteng,Soweto,JHB-SOW-018,JHB-SOW-018-B,RAN,99.62,99.07,0.55,99.31,0.45,99.34,43.36,40.42,-7.28,13.51,46.1,-85.8,-10.8,16.5,52.8,42,2,4,0,0.1,0,1,0,0,0,normal,
2026-09-15T21:45,Telkom,Gauteng,Soweto,JHB-SOW-018,JHB-SOW-018-C,RAN,99.28,99.15,0.13,99.12,0.54,98.47,32.2,39.2,17.85,11.25,56.1,-84.0,-10.7,17.1,56.3,38,3,2,1,0.91,51,1,0,0,0,normal,
2026-09-15T21:45,Telkom,Gauteng,Pretoria,PTA-HAT-011,PTA-HAT-011-A,RAN,99.74,99.06,0.68,98.87,0.16,98.35,41.44,36.84,-12.47,14.35,49.4,-85.0,-10.8,16.7,49.75,43,1,0,0,0.54,0,1,0,0,0,normal,
2026-09-15T21:45,Telkom,Gauteng,Pretoria,PTA-HAT-011,PTA-HAT-011-B,RAN,98.45,99.14,-0.69,99.42,0.66,98.36,40.58,37.76,-7.46,10.73,51.9,-82.7,-8.9,16.0,56.16,37,8,4,1,0.84,40,1,0,0,0,normal,
2026-09-15T21:45,Telkom,Gauteng,Pretoria,PTA-HAT-011,PTA-HAT-011-C,RAN,99.36,99.21,0.15,99.01,0.66,99.33,39.86,37.09,-7.47,12.28,55.4,-86.0,-8.4,19.3,55.27,45,5,3,1,0.55,0,1,0,0,0,normal,
2026-09-15T22:00,Telkom,Western Cape,Cape Town,CPT-BEL-007,CPT-BEL-007-A,RAN,99.19,98.99,0.2,98.84,0.36,98.9,45.78,38.33,-19.43,12.73,58.3,-87.5,-8.6,19.5,48.51,41,0,6,0,0.89,72,2,0,0,0,normal,
2026-09-15T22:00,Telkom,Western Cape,Cape Town,CPT-BEL-007,CPT-BEL-007-B,RAN,99.1,99.04,0.06,99.06,0.18,98.52,34.36,39.62,13.28,7.96,59.7,-88.7,-9.1,15.7,53.28,35,5,2,0,1.04,0,2,0,0,0,normal,
2026-09-15T22:00,Telkom,Western Cape,Cape Town,CPT-BEL-007,CPT-BEL-007-C,RAN,98.73,99.1,-0.37,98.76,0.26,99.06,39.67,39.27,-1.01,11.8,52.1,-90.8,-11.0,13.8,51.62,31,4,2,1,0.1,94,2,0,0,0,normal,
2026-09-15T22:00,Telkom,Gauteng,Johannesburg,JHB-CBD-003,JHB-CBD-003-A,RAN,99.6,99.33,0.27,98.31,0.63,98.84,41.3,36.95,-11.77,11.05,53.0,-85.2,-9.9,18.4,43.03,31,0,6,5,1.0,0,2,0,0,0,normal,
2026-09-15T22:00,Telkom,Gauteng,Johannesburg,JHB-CBD-003,JHB-CBD-003-B,RAN,98.88,99.09,-0.21,98.88,0.48,98.06,41.3,39.14,-5.53,15.69,53.1,-85.5,-9.8,19.4,48.49,37,3,3,0,0.27,48,2,0,0,0,normal,
2026-09-15T22:00,Telkom,Gauteng,Johannesburg,JHB-CBD-003,JHB-CBD-003-C,RAN,99.15,99.11,0.04,98.39,0.63,98.33,35.44,38.52,7.99,14.35,54.9,-84.2,-10.3,17.3,49.87,34,4,5,2,0.6,48,2,0,0,0,normal,
2026-09-15T22:00,Telkom,Gauteng,Soweto,JHB-SOW-018,JHB-SOW-018-A,RAN,99.03,99.11,-0.08,98.71,1.07,99.3,49.54,40.08,-23.61,15.29,42.7,-88.8,-10.7,16.5,36.82,29,4,3,2,0.66,0,2,0,0,0,normal,
2026-09-15T22:00,Telkom,Gauteng,Soweto,JHB-SOW-018,JHB-SOW-018-B,RAN,98.97,99.1,-0.13,99.27,0.24,98.26,34.37,40.43,14.99,15.15,52.7,-83.5,-10.7,14.4,48.81,32,0,3,0,0.29,17,2,0,0,0,normal,
2026-09-15T22:00,Telkom,Gauteng,Soweto,JHB-SOW-018,JHB-SOW-018-C,RAN,99.18,99.16,0.02,98.81,0.31,98.78,43.48,38.25,-13.68,13.99,57.2,-85.2,-11.9,19.6,47.12,40,3,3,0,0.72,22,2,0,0,0,normal,
2026-09-15T22:00,Telkom,Gauteng,Pretoria,PTA-HAT-011,PTA-HAT-011-A,RAN,99.61,99.05,0.56,98.88,0.4,98.5,43.06,37.22,-15.7,12.12,51.3,-86.3,-9.7,18.3,50.89,33,0,2,2,1.01,0,2,0,0,0,normal,
2026-09-15T22:00,Telkom,Gauteng,Pretoria,PTA-HAT-011,PTA-HAT-011-B,RAN,98.06,99.09,-1.03,99.39,0.21,98.62,42.48,37.76,-12.5,10.14,43.4,-81.9,-9.4,14.0,40.47,33,8,2,0,0.11,0,2,0,0,0,normal,
2026-09-15T22:00,Telkom,Gauteng,Pretoria,PTA-HAT-011,PTA-HAT-011-C,RAN,99.68,99.18,0.5,98.9,0.43,97.16,38.28,37.15,-3.05,10.6,44.0,-89.4,-8.7,15.4,47.75,39,1,2,1,0.2,0,2,0,0,0,normal,
2026-09-15T22:15,Telkom,Western Cape,Cape Town,CPT-BEL-007,CPT-BEL-007-A,RAN,98.37,99.02,-0.65,98.69,0.05,97.51,31.08,39.23,20.77,11.62,56.0,-90.9,-11.9,16.1,62.47,38,11,3,0,1.48,76,2,0,0,0,normal,
2026-09-15T22:15,Telkom,Western Cape,Cape Town,CPT-BEL-007,CPT-BEL-007-B,RAN,99.47,99.01,0.46,99.27,0.81,99.35,43.25,39.15,-10.46,13.12,46.6,-85.8,-9.4,17.8,47.97,28,2,1,3,0.77,14,2,0,0,0,normal,
2026-09-15T22:15,Telkom,Western Cape,Cape Town,CPT-BEL-007,CPT-BEL-007-C,RAN,98.9,99.07,-0.17,98.78,0.42,98.4,41.84,39.8,-5.14,11.33,34.5,-84.9,-10.6,15.6,43.21,36,6,4,3,0.76,66,2,0,0,0,normal,
2026-09-15T22:15,Telkom,Gauteng,Johannesburg,JHB-CBD-003,JHB-CBD-003-A,RAN,99.56,99.37,0.19,98.82,0.27,97.82,46.48,37.15,-25.1,12.54,55.2,-87.6,-11.8,17.7,48.76,32,3,2,0,1.07,65,2,0,0,0,normal,
2026-09-15T22:15,Telkom,Gauteng,Johannesburg,JHB-CBD-003,JHB-CBD-003-B,RAN,98.75,99.07,-0.32,98.09,0.39,98.64,39.5,39.33,-0.44,12.39,51.3,-86.2,-10.5,15.3,49.07,38,3,5,0,0.63,8,2,0,0,0,normal,
2026-09-15T22:15,Telkom,Gauteng,Johannesburg,JHB-CBD-003,JHB-CBD-003-C,RAN,99.23,99.1,0.13,98.62,0.49,99.09,38.75,38.77,0.04,13.9,36.9,-84.2,-10.9,21.8,45.94,31,0,5,0,0.58,82,2,0,0,0,normal,
2026-09-15T22:15,Telkom,Gauteng,Soweto,JHB-SOW-018,JHB-SOW-018-A,RAN,99.11,99.06,0.05,99.5,0.52,98.01,43.38,40.79,-6.34,12.74,55.0,-88.3,-9.4,20.4,49.24,40,5,0,4,1.14,30,2,0,0,0,normal,
2026-09-15T22:15,Telkom,Gauteng,Soweto,JHB-SOW-018,JHB-SOW-018-B,RAN,98.46,99.11,-0.65,98.77,0.3,98.87,44.58,40.56,-9.92,13.73,56.0,-87.3,-10.4,18.6,41.6,37,2,7,0,0.68,0,2,0,0,0,normal,
2026-09-15T22:15,Telkom,Gauteng,Soweto,JHB-SOW-018,JHB-SOW-018-C,RAN,99.36,99.15,0.21,98.62,0.26,98.84,43.74,38.33,-14.11,14.14,47.6,-84.9,-11.1,17.5,39.54,22,0,3,0,1.18,111,2,0,0,0,normal,
2026-09-15T22:15,Telkom,Gauteng,Pretoria,PTA-HAT-011,PTA-HAT-011-A,RAN,99.42,99.1,0.32,98.25,0.39,98.51,44.33,37.87,-17.04,12.17,52.5,-86.9,-9.7,15.3,43.68,34,5,0,1,0.48,0,2,0,0,0,normal,
2026-09-15T22:15,Telkom,Gauteng,Pretoria,PTA-HAT-011,PTA-HAT-011-B,RAN,98.7,99.0,-0.3,99.38,0.53,99.13,40.07,37.84,-5.9,11.29,51.5,-83.4,-10.3,15.6,56.76,47,8,5,3,1.33,52,2,0,0,0,normal,
2026-09-15T22:15,Telkom,Gauteng,Pretoria,PTA-HAT-011,PTA-HAT-011-C,RAN,99.2,99.23,-0.03,98.71,0.76,98.16,37.69,37.18,-1.37,11.14,57.2,-90.3,-8.5,16.9,54.38,36,0,4,3,0.96,89,2,0,0,0,normal,
2026-09-15T22:30,Telkom,Western Cape,Cape Town,CPT-BEL-007,CPT-BEL-007-A,RAN,99.1,98.95,0.15,99.17,0.31,99.48,43.12,38.97,-10.65,14.42,47.1,-87.6,-10.3,18.4,48.69,35,2,5,1,1.03,0,1,0,0,0,normal,
2026-09-15T22:30,Telkom,Western Cape,Cape Town,CPT-BEL-007,CPT-BEL-007-B,RAN,99.53,99.05,0.48,98.89,0.28,99.08,41.56,39.02,-6.5,12.84,47.5,-86.5,-12.1,13.7,48.08,29,3,3,0,0.28,5,1,0,0,0,normal,
2026-09-15T22:30,Telkom,Western Cape,Cape Town,CPT-BEL-007,CPT-BEL-007-C,RAN,99.44,99.09,0.35,99.11,0.88,98.78,42.11,40.06,-5.12,12.48,56.5,-92.4,-10.4,16.5,48.82,38,3,5,4,0.42,77,1,0,0,0,normal,
2026-09-15T22:30,Telkom,Gauteng,Johannesburg,JHB-CBD-003,JHB-CBD-003-A,RAN,99.05,99.37,-0.32,99.09,0.05,98.53,46.83,37.86,-23.7,14.42,50.2,-86.7,-11.8,13.9,42.13,35,0,0,0,0.31,43,1,0,0,0,normal,
2026-09-15T22:30,Telkom,Gauteng,Johannesburg,JHB-CBD-003,JHB-CBD-003-B,RAN,99.45,99.05,0.4,98.65,1.07,98.1,45.95,39.53,-16.24,11.79,50.7,-83.7,-11.9,21.9,45.31,32,1,0,4,0.57,0,1,0,0,0,normal,
2026-09-15T22:30,Telkom,Gauteng,Johannesburg,JHB-CBD-003,JHB-CBD-003-C,RAN,98.87,99.16,-0.29,98.62,0.58,98.86,43.08,38.87,-10.82,12.75,58.5,-87.6,-10.7,16.3,46.75,31,2,6,3,0.42,95,1,0,0,0,normal,
2026-09-15T22:30,Telkom,Gauteng,Soweto,JHB-SOW-018,JHB-SOW-018-A,RAN,99.42,99.06,0.36,98.61,0.24,97.7,41.4,40.46,-2.31,10.09,51.6,-87.2,-8.8,21.0,45.71,35,3,2,0,0.85,0,1,0,0,0,normal,
2026-09-15T22:30,Telkom,Gauteng,Soweto,JHB-SOW-018,JHB-SOW-018-B,RAN,98.91,99.05,-0.14,98.62,0.05,98.26,44.05,41.15,-7.04,12.09,41.9,-89.3,-9.7,16.6,51.0,37,4,4,0,0.55,143,1,0,0,0,normal,
2026-09-15T22:30,Telkom,Gauteng,Soweto,JHB-SOW-018,JHB-SOW-018-C,RAN,98.77,99.2,-0.43,98.37,0.68,97.37,37.96,38.5,1.41,12.31,50.5,-84.1,-11.2,18.5,45.21,32,7,3,3,0.13,158,1,0,0,0,normal,
2026-09-15T22:30,Telkom,Gauteng,Pretoria,PTA-HAT-011,PTA-HAT-011-A,RAN,98.86,99.16,-0.3,98.72,0.7,98.81,41.49,38.66,-7.33,9.67,32.9,-81.3,-10.5,18.8,45.52,39,5,7,3,0.31,124,1,0,0,0,normal,
2026-09-15T22:30,Telkom,Gauteng,Pretoria,PTA-HAT-011,PTA-HAT-011-B,RAN,99.53,99.0,0.53,98.43,0.23,97.99,38.6,38.09,-1.33,13.44,57.5,-79.8,-10.5,16.8,49.61,41,0,7,0,0.34,85,1,0,0,0,normal,
2026-09-15T22:30,Telkom,Gauteng,Pretoria,PTA-HAT-011,PTA-HAT-011-C,RAN,99.04,99.24,-0.2,98.6,0.7,99.46,33.11,37.45,11.6,12.69,50.0,-87.1,-10.5,19.4,45.59,34,3,5,2,0.72,0,1,0,0,0,normal,
2026-09-15T22:45,Telkom,Western Cape,Cape Town,CPT-BEL-007,CPT-BEL-007-A,RAN,99.68,98.96,0.72,98.49,0.37,98.31,43.81,39.52,-10.86,13.98,39.7,-82.6,-9.0,17.1,52.44,25,4,2,1,1.35,0,1,0,0,0,normal,
2026-09-15T22:45,Telkom,Western Cape,Cape Town,CPT-BEL-007,CPT-BEL-007-B,RAN,98.67,99.08,-0.41,98.76,0.42,98.11,40.07,39.45,-1.58,13.07,49.3,-82.5,-10.0,16.2,49.63,32,3,2,2,0.1,0,1,0,0,0,normal,
2026-09-15T22:45,Telkom,Western Cape,Cape Town,CPT-BEL-007,CPT-BEL-007-C,RAN,99.63,99.13,0.5,98.95,0.47,98.4,42.53,40.11,-6.03,13.54,47.7,-79.7,-10.5,19.5,40.5,30,0,2,0,0.81,69,1,0,0,0,normal,
2026-09-15T22:45,Telkom,Gauteng,Johannesburg,JHB-CBD-003,JHB-CBD-003-A,RAN,99.43,99.32,0.11,98.8,0.91,99.02,47.95,38.74,-23.78,12.92,54.4,-87.6,-9.5,21.0,47.76,36,0,0,3,0.54,30,1,0,0,0,normal,
2026-09-15T22:45,Telkom,Gauteng,Johannesburg,JHB-CBD-003,JHB-CBD-003-B,RAN,99.08,99.06,0.02,98.61,0.69,98.21,40.63,40.19,-1.09,12.6,57.6,-85.0,-9.2,20.3,56.94,38,0,5,4,0.54,99,1,0,0,0,normal,
2026-09-15T22:45,Telkom,Gauteng,Johannesburg,JHB-CBD-003,JHB-CBD-003-C,RAN,98.89,99.16,-0.27,98.74,0.45,98.71,47.14,39.39,-19.68,14.31,41.5,-90.9,-11.1,16.0,45.37,33,2,3,0,0.48,0,1,0,0,0,normal,
2026-09-15T22:45,Telkom,Gauteng,Soweto,JHB-SOW-018,JHB-SOW-018-A,RAN,99.06,99.08,-0.02,98.59,0.86,97.48,43.54,40.98,-6.25,13.68,57.0,-87.8,-8.7,20.1,41.85,35,0,5,3,0.45,84,1,0,0,0,normal,
2026-09-15T22:45,Telkom,Gauteng,Soweto,JHB-SOW-018,JHB-SOW-018-B,RAN,99.0,99.08,-0.08,98.17,0.8,98.53,46.95,41.35,-13.55,14.39,51.6,-84.7,-10.8,19.5,39.94,37,2,4,2,0.62,0,1,0,0,0,normal,
2026-09-15T22:45,Telkom,Gauteng,Soweto,JHB-SOW-018,JHB-SOW-018-C,RAN,99.36,99.19,0.17,98.8,0.69,98.57,43.99,38.53,-14.16,15.06,49.1,-88.2,-11.3,17.0,41.69,22,2,7,1,0.47,29,1,0,0,0,normal,
2026-09-15T22:45,Telkom,Gauteng,Pretoria,PTA-HAT-011,PTA-HAT-011-A,RAN,99.34,99.13,0.21,98.74,0.65,98.54,42.04,38.98,-7.85,9.66,53.6,-86.4,-10.2,13.7,51.61,35,6,2,2,0.81,50,1,0,0,0,normal,
2026-09-15T22:45,Telkom,Gauteng,Pretoria,PTA-HAT-011,PTA-HAT-011-B,RAN,99.14,99.03,0.11,98.66,0.41,98.64,30.75,38.54,20.21,12.21,63.5,-82.1,-10.1,16.9,64.11,40,0,3,2,0.31,19,1,0,0,0,normal,
2026-09-15T22:45,Telkom,Gauteng,Pretoria,PTA-HAT-011,PTA-HAT-011-C,RAN,98.81,99.22,-0.41,99.75,0.49,98.65,42.68,37.42,-14.05,11.0,49.6,-86.1,-10.3,18.9,44.18,30,4,0,0,0.71,63,1,0,0,0,normal,
2026-09-15T23:00,Telkom,Western Cape,Cape Town,CPT-BEL-007,CPT-BEL-007-A,RAN,99.05,99.03,0.02,99.31,0.3,98.41,36.91,40.11,7.98,15.15,56.1,-84.8,-11.0,16.6,47.13,33,3,3,1,0.37,70,1,0,0,0,normal,
2026-09-15T23:00,Telkom,Western Cape,Cape Town,CPT-BEL-007,CPT-BEL-007-B,RAN,99.25,99.06,0.19,98.75,0.49,98.66,37.42,39.18,4.48,12.44,58.1,-85.1,-10.5,19.0,47.8,34,0,2,0,0.1,0,1,0,0,0,normal,
2026-09-15T23:00,Telkom,Western Cape,Cape Town,CPT-BEL-007,CPT-BEL-007-C,RAN,99.26,99.15,0.11,99.4,0.34,98.29,42.43,40.19,-5.58,12.25,43.3,-86.5,-11.6,20.8,37.6,27,2,0,0,0.7,0,1,0,0,0,normal,
2026-09-15T23:00,Telkom,Gauteng,Johannesburg,JHB-CBD-003,JHB-CBD-003-A,RAN,98.88,99.31,-0.43,98.6,1.05,97.95,44.83,39.59,-13.24,17.56,43.6,-90.4,-9.1,13.9,42.33,28,5,7,3,0.1,188,1,0,0,0,normal,
2026-09-15T23:00,Telkom,Gauteng,Johannesburg,JHB-CBD-003,JHB-CBD-003-B,RAN,99.33,99.08,0.25,99.07,0.75,98.54,43.22,40.48,-6.77,13.74,46.6,-86.2,-10.3,17.2,34.3,35,1,5,1,0.69,26,1,0,0,0,normal,
2026-09-15T23:00,Telkom,Gauteng,Johannesburg,JHB-CBD-003,JHB-CBD-003-C,RAN,99.44,99.17,0.27,99.62,0.39,98.22,42.05,40.11,-4.83,12.48,42.0,-89.1,-8.6,16.0,42.81,30,0,4,0,0.67,0,1,0,0,0,normal,
2026-09-15T23:00,Telkom,Gauteng,Soweto,JHB-SOW-018,JHB-SOW-018-A,RAN,98.74,99.09,-0.35,99.11,0.39,99.1,42.82,41.85,-2.33,12.6,45.7,-84.3,-10.6,16.0,36.57,22,3,2,0,0.54,26,1,0,0,0,normal,
2026-09-15T23:00,Telkom,Gauteng,Soweto,JHB-SOW-018,JHB-SOW-018-B,RAN,98.9,99.03,-0.13,99.51,0.28,98.09,34.53,41.63,17.06,13.73,61.0,-84.7,-11.0,18.6,45.19,32,2,4,0,0.47,65,1,0,1,0,normal,
2026-09-15T23:00,Telkom,Gauteng,Soweto,JHB-SOW-018,JHB-SOW-018-C,RAN,99.49,99.16,0.33,98.73,0.46,98.24,45.12,38.79,-16.31,12.78,48.3,-83.7,-10.1,14.8,49.15,32,0,1,0,1.07,41,1,0,0,0,normal,
2026-09-15T23:00,Telkom,Gauteng,Pretoria,PTA-HAT-011,PTA-HAT-011-A,RAN,99.64,99.15,0.49,98.62,0.4,98.13,38.44,39.12,1.74,12.83,53.6,-92.5,-10.2,17.8,39.95,29,0,3,0,0.58,19,1,0,0,0,normal,
2026-09-15T23:00,Telkom,Gauteng,Pretoria,PTA-HAT-011,PTA-HAT-011-B,RAN,99.04,99.01,0.03,98.75,0.63,99.36,37.88,38.07,0.49,11.79,52.5,-82.7,-8.6,15.8,58.18,45,2,5,2,0.1,23,1,0,0,0,normal,
2026-09-15T23:00,Telkom,Gauteng,Pretoria,PTA-HAT-011,PTA-HAT-011-C,RAN,99.32,99.18,0.14,98.67,0.82,98.69,40.02,37.81,-5.86,13.45,46.7,-92.3,-11.5,13.1,44.22,43,2,4,2,0.1,105,1,0,0,0,normal,
2026-09-15T23:15,Telkom,Western Cape,Cape Town,CPT-BEL-007,CPT-BEL-007-A,RAN,98.75,99.0,-0.25,99.02,0.46,97.69,38.7,39.73,2.59,12.35,47.6,-83.4,-10.6,16.8,46.95,31,4,3,2,0.54,0,1,0,0,0,normal,
2026-09-15T23:15,Telkom,Western Cape,Cape Town,CPT-BEL-007,CPT-BEL-007-B,RAN,99.05,99.13,-0.08,98.87,0.4,97.48,44.4,39.13,-13.47,12.77,52.1,-93.5,-10.2,15.2,43.76,29,5,2,1,0.5,0,1,0,0,0,normal,
2026-09-15T23:15,Telkom,Western Cape,Cape Town,CPT-BEL-007,CPT-BEL-007-C,RAN,98.95,99.15,-0.2,99.08,0.38,97.42,42.98,40.12,-7.14,11.41,49.9,-85.4,-7.7,17.0,44.67,40,0,0,3,0.33,139,1,0,1,0,normal,
2026-09-15T23:15,Telkom,Gauteng,Johannesburg,JHB-CBD-003,JHB-CBD-003-A,RAN,99.19,99.28,-0.09,98.4,0.5,98.69,44.14,40.25,-9.65,11.84,52.1,-84.6,-9.5,15.2,46.75,40,0,5,0,0.17,0,1,0,0,0,normal,
2026-09-15T23:15,Telkom,Gauteng,Johannesburg,JHB-CBD-003,JHB-CBD-003-B,RAN,98.91,99.09,-0.18,98.72,0.33,98.78,46.28,40.47,-14.35,12.78,41.4,-87.6,-9.5,18.9,43.39,24,1,5,0,0.33,175,1,0,0,0,normal,
2026-09-15T23:15,Telkom,Gauteng,Johannesburg,JHB-CBD-003,JHB-CBD-003-C,RAN,99.67,99.22,0.45,99.46,0.36,98.16,45.08,40.45,-11.44,12.39,50.6,-88.0,-7.8,16.5,44.66,33,1,3,1,1.74,110,1,0,0,0,normal,
2026-09-15T23:15,Telkom,Gauteng,Soweto,JHB-SOW-018,JHB-SOW-018-A,RAN,98.75,99.06,-0.31,98.67,0.58,99.01,34.5,41.48,16.82,13.69,60.8,-86.9,-10.9,16.6,51.33,30,2,3,0,0.97,0,1,0,0,0,normal,
2026-09-15T23:15,Telkom,Gauteng,Soweto,JHB-SOW-018,JHB-SOW-018-B,RAN,99.81,99.03,0.78,99.14,0.66,98.82,38.74,41.03,5.58,11.73,58.2,-79.7,-8.8,15.3,55.13,27,0,0,2,0.54,0,1,0,1,0,normal,
2026-09-15T23:15,Telkom,Gauteng,Soweto,JHB-SOW-018,JHB-SOW-018-C,RAN,98.75,99.17,-0.42,98.89,0.44,97.95,35.81,39.0,8.18,10.92,57.6,-84.3,-11.1,21.2,47.01,37,0,0,2,0.94,0,1,0,0,0,normal,
2026-09-15T23:15,Telkom,Gauteng,Pretoria,PTA-HAT-011,PTA-HAT-011-A,RAN,98.84,99.19,-0.35,98.69,0.32,98.92,40.45,39.4,-2.67,13.12,49.0,-86.6,-8.5,20.5,51.43,42,7,0,1,0.85,187,1,0,0,0,normal,
2026-09-15T23:15,Telkom,Gauteng,Pretoria,PTA-HAT-011,PTA-HAT-011-B,RAN,99.1,99.04,0.06,99.24,0.52,98.15,45.98,38.05,-20.84,10.21,53.5,-84.2,-10.1,16.1,49.72,48,0,2,2,1.57,0,1,0,0,0,normal,
2026-09-15T23:15,Telkom,Gauteng,Pretoria,PTA-HAT-011,PTA-HAT-011-C,RAN,99.28,99.19,0.09,99.12,0.53,99.0,39.7,38.33,-3.58,12.61,42.1,-86.5,-10.0,17.8,44.34,27,0,2,2,1.12,24,1,0,0,0,normal,
2026-09-15T23:30,Telkom,Western Cape,Cape Town,CPT-BEL-007,CPT-BEL-007-A,RAN,99.41,98.99,0.42,98.8,0.41,98.03,39.65,39.69,0.11,13.75,47.4,-86.4,-8.9,18.4,44.77,29,1,2,0,0.47,100,2,0,0,0,normal,
2026-09-15T23:30,Telkom,Western Cape,Cape Town,CPT-BEL-007,CPT-BEL-007-B,RAN,99.37,99.14,0.23,99.1,0.52,98.68,45.97,39.84,-15.39,13.1,49.9,-84.2,-11.9,15.4,50.42,34,3,1,0,1.11,28,2,0,0,0,normal,
2026-09-15T23:30,Telkom,Western Cape,Cape Town,CPT-BEL-007,CPT-BEL-007-C,RAN,99.78,99.12,0.66,98.97,0.79,99.12,46.71,40.35,-15.75,10.86,48.1,-86.3,-10.1,16.0,44.34,33,0,0,2,0.22,23,2,0,1,0,normal,
2026-09-15T23:30,Telkom,Gauteng,Johannesburg,JHB-CBD-003,JHB-CBD-003-A,RAN,99.9,99.27,0.63,99.04,0.61,98.3,40.35,40.62,0.66,12.93,44.0,-88.0,-9.0,17.3,43.67,37,0,3,0,0.96,19,2,0,0,0,normal,
2026-09-15T23:30,Telkom,Gauteng,Johannesburg,JHB-CBD-003,JHB-CBD-003-B,RAN,99.32,99.08,0.24,98.48,0.19,98.04,49.33,40.88,-20.66,13.39,47.5,-87.7,-11.1,15.1,41.67,35,4,3,0,0.45,70,2,0,0,0,normal,
2026-09-15T23:30,Telkom,Gauteng,Johannesburg,JHB-CBD-003,JHB-CBD-003-C,RAN,99.24,99.23,0.01,98.5,0.35,98.41,43.46,40.59,-7.08,10.97,39.1,-87.3,-10.3,16.8,44.98,27,2,3,0,0.71,0,2,0,0,0,normal,
2026-09-15T23:30,Telkom,Gauteng,Soweto,JHB-SOW-018,JHB-SOW-018-A,RAN,98.75,99.04,-0.29,98.62,0.38,99.53,38.08,41.09,7.33,15.89,53.6,-84.2,-8.7,16.4,51.25,32,4,5,1,0.73,27,2,0,0,0,normal,
2026-09-15T23:30,Telkom,Gauteng,Soweto,JHB-SOW-018,JHB-SOW-018-B,RAN,98.74,99.08,-0.34,98.81,0.65,98.45,32.15,40.76,21.12,10.94,56.9,-89.7,-11.2,17.7,49.55,31,4,0,2,1.17,52,2,0,1,0,normal,
2026-09-15T23:30,Telkom,Gauteng,Soweto,JHB-SOW-018,JHB-SOW-018-C,RAN,98.83,99.14,-0.31,98.77,0.89,98.72,33.05,39.09,15.45,10.22,52.2,-83.6,-9.7,23.0,49.98,28,3,2,1,0.43,75,2,0,0,0,normal,
2026-09-15T23:30,Telkom,Gauteng,Pretoria,PTA-HAT-011,PTA-HAT-011-A,RAN,99.35,99.17,0.18,98.31,0.34,97.85,44.97,39.77,-13.09,15.37,58.1,-86.2,-10.5,14.0,45.22,29,3,0,0,0.22,0,2,0,0,0,normal,
2026-09-15T23:30,Telkom,Gauteng,Pretoria,PTA-HAT-011,PTA-HAT-011-B,RAN,99.07,99.04,0.03,98.68,0.27,97.94,45.37,38.83,-16.84,14.55,41.0,-83.1,-9.3,18.5,45.3,36,2,3,2,1.27,0,2,0,0,0,normal,
2026-09-15T23:30,Telkom,Gauteng,Pretoria,PTA-HAT-011,PTA-HAT-011-C,RAN,98.9,99.19,-0.29,98.94,0.37,97.14,41.57,38.38,-8.3,13.48,62.3,-85.3,-10.2,16.8,49.92,42,3,0,0,0.64,14,2,0,0,0,normal,
2026-09-15T23:45,Telkom,Western Cape,Cape Town,CPT-BEL-007,CPT-BEL-007-A,RAN,99.29,99.02,0.27,98.99,0.05,98.55,41.26,39.69,-3.95,12.32,42.4,-85.6,-10.6,13.9,40.91,26,1,0,0,0.83,0,2,0,0,0,normal,
2026-09-15T23:45,Telkom,Western Cape,Cape Town,CPT-BEL-007,CPT-BEL-007-B,RAN,99.45,99.15,0.3,98.89,0.56,98.35,41.07,40.32,-1.87,13.55,40.9,-84.8,-7.7,16.8,39.72,34,2,3,3,0.1,64,2,0,0,0,normal,
2026-09-15T23:45,Telkom,Western Cape,Cape Town,CPT-BEL-007,CPT-BEL-007-C,RAN,98.98,99.17,-0.19,97.78,0.24,98.43,47.18,41.21,-14.5,10.89,42.2,-84.8,-11.4,14.0,43.46,27,1,4,0,0.5,114,2,0,1,0,normal,
2026-09-15T23:45,Telkom,Gauteng,Johannesburg,JHB-CBD-003,JHB-CBD-003-A,RAN,98.41,99.3,-0.89,99.15,0.32,97.84,32.88,40.49,18.79,9.62,49.0,-86.1,-11.1,11.9,62.57,48,9,4,2,1.12,0,2,0,0,0,normal,
2026-09-15T23:45,Telkom,Gauteng,Johannesburg,JHB-CBD-003,JHB-CBD-003-B,RAN,98.77,99.07,-0.3,98.62,0.15,97.97,34.71,41.31,15.98,12.09,55.2,-87.1,-8.5,20.1,50.96,27,4,0,0,0.75,33,2,0,0,0,normal,
2026-09-15T23:45,Telkom,Gauteng,Johannesburg,JHB-CBD-003,JHB-CBD-003-C,RAN,98.94,99.19,-0.25,99.47,0.88,98.63,45.65,41.24,-10.7,11.86,40.9,-84.9,-8.6,18.7,53.42,39,3,0,4,0.43,6,2,0,0,0,normal,
2026-09-15T23:45,Telkom,Gauteng,Soweto,JHB-SOW-018,JHB-SOW-018-A,RAN,98.92,99.01,-0.09,99.1,0.63,97.49,36.29,40.65,10.73,12.01,55.6,-83.5,-10.8,12.2,47.0,33,2,1,0,0.41,28,2,0,0,0,normal,
2026-09-15T23:45,Telkom,Gauteng,Soweto,JHB-SOW-018,JHB-SOW-018-B,RAN,98.83,99.06,-0.23,98.96,0.59,98.46,45.13,40.59,-11.18,10.7,59.5,-84.2,-8.4,17.0,52.4,35,1,3,2,0.11,107,2,0,1,0,normal,
2026-09-15T23:45,Telkom,Gauteng,Soweto,JHB-SOW-018,JHB-SOW-018-C,RAN,99.09,99.11,-0.02,99.49,0.67,98.23,41.39,39.28,-5.38,12.98,54.2,-83.8,-11.9,18.6,45.39,32,0,1,3,1.3,70,2,0,0,0,normal,
2026-09-15T23:45,Telkom,Gauteng,Pretoria,PTA-HAT-011,PTA-HAT-011-A,RAN,99.45,99.21,0.24,98.18,0.66,98.61,37.36,39.9,6.37,13.27,62.7,-82.8,-9.2,18.7,52.13,35,1,6,1,0.66,43,2,0,0,0,normal,
2026-09-15T23:45,Telkom,Gauteng,Pretoria,PTA-HAT-011,PTA-HAT-011-B,RAN,99.22,99.0,0.22,99.09,0.18,98.02,47.7,39.47,-20.84,13.4,57.6,-90.8,-8.5,21.0,47.73,33,0,0,0,0.1,0,2,0,0,0,normal,
2026-09-15T23:45,Telkom,Gauteng,Pretoria,PTA-HAT-011,PTA-HAT-011-C,RAN,99.03,99.22,-0.19,99.5,0.29,98.67,46.21,39.01,-18.45,15.39,44.6,-85.5,-8.0,17.9,41.57,40,0,2,1,0.83,31,2,0,0,0,normal,
