timestamp,operator,region,city,site_id,cell_id,domain,accessibility_pct,baseline_accessibility_pct,accessibility_delta_pct,retainability_pct,drop_call_rate_pct,handover_success_pct,dl_throughput_mbps,baseline_dl_throughput_mbps,throughput_drop_pct,ul_throughput_mbps,latency_ms,rsrp_dbm,rsrq_db,sinr_db,prb_utilization_pct,connected_users,rrc_connection_failures,erab_setup_failures,data_session_drops,packet_loss_pct,transport_discard_packets,active_alarm_count,active_major_critical_alarms,complaints_last_60min,config_changes_last_90min,degradation_label,incident_id,detection_score,detected_severity
2026-09-14 00:00:00,Telkom,Western Cape,Cape Town,CPT-BEL-007,CPT-BEL-007-A,RAN,99.2,99.2,0.0,98.11,0.7,98.08,44.63,44.63,0.0,14.96,46.2,-88.8,-9.9,17.7,35.93,28,1,4,1,0.94,29,0,0,0,0,normal,,0.0,normal
2026-09-14 00:15:00,Telkom,Western Cape,Cape Town,CPT-BEL-007,CPT-BEL-007-A,RAN,98.86,99.2,-0.3400000000000034,99.45,0.53,98.21,42.64,44.63,4.458884158637692,13.85,50.0,-88.5,-8.6,17.8,49.77,34,2,0,2,1.29,26,0,0,0,0,normal,,0.0,normal
2026-09-14 00:30:00,Telkom,Western Cape,Cape Town,CPT-BEL-007,CPT-BEL-007-A,RAN,98.54,99.03,-0.4899999999999949,98.96,0.23,98.28,43.17,43.635000000000005,1.0656583018219394,11.64,50.6,-85.2,-9.1,14.8,40.69,25,5,0,1,0.73,106,0,0,0,0,normal,,0.0,normal
2026-09-14 00:45:00,Telkom,Western Cape,Cape Town,CPT-BEL-007,CPT-BEL-007-A,RAN,98.16,98.86666666666667,-0.7066666666666777,98.64,0.78,98.15,41.91,43.48,3.6108555657773698,10.95,50.4,-85.0,-9.2,15.5,46.98,29,5,3,5,0.76,127,0,0,0,0,normal,,0.0,normal
2026-09-14 01:00:00,Telkom,Western Cape,Cape Town,CPT-BEL-007,CPT-BEL-007-A,RAN,99.01,98.69,0.3200000000000074,99.17,0.08,98.94,44.67,43.0875,-3.672758920800703,14.48,54.8,-86.7,-9.2,15.8,39.93,28,0,1,0,1.28,128,0,0,0,0,normal,,0.0,normal
2026-09-14 01:15:00,Telkom,Western Cape,Cape Town,CPT-BEL-007,CPT-BEL-007-A,RAN,98.81,98.75399999999999,0.056000000000011596,98.63,0.05,99.11,45.63,43.404,-5.128559579762231,11.8,41.8,-89.1,-10.0,15.1,37.55,22,2,2,0,0.78,101,0,0,0,0,normal,,0.0,normal
2026-09-14 01:30:00,Telkom,Western Cape,Cape Town,CPT-BEL-007,CPT-BEL-007-A,RAN,99.01,98.76333333333334,0.2466666666666697,98.87,0.48,97.75,35.41,43.775,19.109080525414054,14.53,46.5,-84.9,-9.9,17.8,53.48,40,5,5,1,1.28,81,0,0,0,0,normal,,0.0,normal
2026-09-14 01:45:00,Telkom,Western Cape,Cape Town,CPT-BEL-007,CPT-BEL-007-A,RAN,99.18,98.79857142857144,0.38142857142857167,98.98,0.79,97.93,33.2,42.58,22.029121653358374,12.0,49.3,-81.3,-8.7,16.3,51.63,36,2,3,0,1.11,4,0,0,0,0,normal,,0.0,normal
2026-09-14 02:00:00,Telkom,Western Cape,Cape Town,CPT-BEL-007,CPT-BEL-007-A,RAN,99.26,98.84625,0.4137500000000074,99.04,0.44,98.15,39.7,41.4075,4.12364909738573,14.99,52.4,-82.6,-11.2,16.2,37.5,30,3,2,1,1.12,0,0,0,0,0,normal,,0.0,normal
2026-09-14 02:15:00,Telkom,Western Cape,Cape Town,CPT-BEL-007,CPT-BEL-007-A,RAN,99.42,98.89222222222222,0.5277777777777857,98.99,0.29,98.81,42.69,41.21777777777778,-3.5718136726331484,16.23,53.2,-90.2,-11.1,20.4,49.11,37,0,3,1,0.45,0,0,0,0,0,normal,,0.0,normal
2026-09-14 02:30:00,Telkom,Western Cape,Cape Town,CPT-BEL-007,CPT-BEL-007-A,RAN,99.01,98.94500000000001,0.06499999999999773,98.75,0.54,98.29,38.46,41.364999999999995,7.022845400701063,14.32,50.2,-80.5,-11.5,16.5,43.43,26,0,0,1,0.47,126,0,0,0,0,normal,,0.0,normal
2026-09-14 02:45:00,Telkom,Western Cape,Cape Town,CPT-BEL-007,CPT-BEL-007-A,RAN,98.63,98.9509090909091,-0.32090909090909747,98.82,0.4,98.78,35.31,41.10090909090909,14.089491495432524,15.01,51.8,-88.8,-10.5,15.5,51.4,30,6,3,1,0.71,71,0,0,0,0,normal,,0.0,normal
2026-09-14 03:00:00,Telkom,Western Cape,Cape Town,CPT-BEL-007,CPT-BEL-007-A,RAN,99.26,98.92416666666668,0.3358333333333263,98.76,0.66,98.55,34.69,40.61833333333333,14.59521562512823,11.66,60.8,-83.7,-9.5,14.9,54.42,37,1,0,2,0.34,37,0,0,0,0,normal,,0.0,normal
2026-09-14 03:15:00,Telkom,Western Cape,Cape Town,CPT-BEL-007,CPT-BEL-007-A,RAN,99.08,98.95000000000002,0.12999999999998124,98.77,0.48,98.58,48.66,40.16230769230769,-21.15837658730918,12.87,43.9,-87.6,-10.7,15.9,41.01,21,0,1,0,0.38,0,0,0,0,0,normal,,0.0,normal
2026-09-14 03:30:00,Telkom,Western Cape,Cape Town,CPT-BEL-007,CPT-BEL-007-A,RAN,99.35,98.95928571428571,0.3907142857142816,98.51,0.13,98.32,36.3,40.769285714285715,10.962384147730269,11.95,51.3,-84.6,-10.1,19.6,51.23,30,3,0,2,0.99,117,0,0,0,0,normal,,0.0,normal
2026-09-14 03:45:00,Telkom,Western Cape,Cape Town,CPT-BEL-007,CPT-BEL-007-A,RAN,99.31,98.98533333333333,0.32466666666667265,98.36,0.74,97.99,44.06,40.471333333333334,-8.867181708863892,13.43,59.1,-83.9,-8.6,14.6,47.65,39,6,1,3,0.45,0,0,0,0,0,normal,,0.0,normal
2026-09-14 04:00:00,Telkom,Western Cape,Cape Town,CPT-BEL-007,CPT-BEL-007-A,RAN,99.19,99.00562500000001,0.18437499999998863,99.28,0.19,98.3,48.93,40.695625,-20.234054643465974,15.01,47.3,-84.0,-7.0,18.2,38.7,31,0,2,0,0.47,0,0,0,0,0,normal,,0.0,normal
2026-09-14 04:15:00,Telkom,Western Cape,Cape Town,CPT-BEL-007,CPT-BEL-007-A,RAN,99.18,99.005,0.17500000000001137,98.47,0.4,98.29,42.0,40.964375000000004,-2.5281113162351336,13.81,45.1,-85.5,-11.2,16.1,43.57,32,3,0,0,0.7,122,0,0,0,0,normal,,0.0,normal
2026-09-14 04:30:00,Telkom,Western Cape,Cape Town,CPT-BEL-007,CPT-BEL-007-A,RAN,99.15,99.025,0.125,98.9,0.6,98.52,34.96,40.924375,14.574138273339537,10.98,55.9,-85.2,-9.2,13.7,52.23,32,0,4,1,0.83,5,0,0,0,0,normal,,0.0,normal
2026-09-14 04:45:00,Telkom,Western Cape,Cape Town,CPT-BEL-007,CPT-BEL-007-A,RAN,98.23,99.06312500000001,-0.8331250000000097,98.6,0.42,98.31,35.41,40.411249999999995,12.37588542794395,11.92,53.5,-88.3,-10.6,16.3,53.14,35,3,1,1,0.18,81,0,0,0,0,normal,,0.0,normal
2026-09-14 05:00:00,Telkom,Western Cape,Cape Town,CPT-BEL-007,CPT-BEL-007-A,RAN,99.68,99.06750000000001,0.6124999999999972,98.87,0.31,99.42,40.81,40.004999999999995,-2.0122484689414,14.76,49.6,-87.4,-9.0,21.3,48.08,28,0,3,0,0.96,2,0,0,0,0,normal,,0.0,normal
2026-09-14 05:15:00,Telkom,Western Cape,Cape Town,CPT-BEL-007,CPT-BEL-007-A,RAN,98.51,99.109375,-0.5993749999999949,98.87,0.51,98.48,32.37,39.76375,18.594196975888856,8.23,63.5,-87.1,-11.9,20.1,58.53,48,9,6,3,1.08,57,0,0,0,0,normal,,0.0,normal
2026-09-14 05:30:00,Telkom,Western Cape,Cape Town,CPT-BEL-007,CPT-BEL-007-A,RAN,99.31,99.090625,0.21937499999999943,98.61,0.58,99.25,52.05,38.935,-33.684345704379076,14.36,48.1,-83.8,-10.3,17.6,35.6,29,1,0,1,0.43,44,0,0,0,0,normal,,0.0,normal
2026-09-14 05:45:00,Telkom,Western Cape,Cape Town,CPT-BEL-007,CPT-BEL-007-A,RAN,98.95,99.10937500000001,-0.15937500000001137,98.57,0.43,98.55,37.0,39.974999999999994,7.442151344590356,14.38,56.9,-84.8,-10.6,17.7,49.4,40,2,5,0,1.18,59,0,0,0,0,normal,,0.0,normal
2026-09-14 06:00:00,Telkom,Western Cape,Cape Town,CPT-BEL-007,CPT-BEL-007-A,RAN,99.45,99.095,0.355000000000004,99.2,0.56,98.81,31.92,40.2125,20.621697233447303,11.35,64.8,-84.0,-10.2,14.8,61.08,43,2,2,1,1.23,0,0,0,0,0,normal,,0.0,normal
2026-09-14 06:15:00,Telkom,Western Cape,Cape Town,CPT-BEL-007,CPT-BEL-007-A,RAN,98.96,99.106875,-0.14687500000000853,98.23,0.66,98.51,36.75,39.72625,7.491897674711306,10.01,54.3,-85.5,-9.7,17.6,63.61,51,5,8,3,0.36,76,0,0,0,0,normal,,0.0,normal
2026-09-14 06:30:00,Telkom,Western Cape,Cape Town,CPT-BEL-007,CPT-BEL-007-A,RAN,99.06,99.078125,-0.018124999999997726,98.57,0.22,98.04,37.12,39.355000000000004,5.679075085757861,13.97,50.5,-81.1,-10.0,19.3,58.26,43,2,2,0,1.54,0,0,0,0,0,normal,,0.0,normal
2026-09-14 06:45:00,Telkom,Western Cape,Cape Town,CPT-BEL-007,CPT-BEL-007-A,RAN,99.14,99.08125,0.05875000000000341,99.3,0.77,98.34,38.7,39.27125,1.454626476111657,12.78,53.8,-88.2,-11.2,14.2,53.79,36,4,2,3,0.59,144,0,0,0,0,normal,,0.0,normal
2026-09-14 07:00:00,Telkom,Western Cape,Cape Town,CPT-BEL-007,CPT-BEL-007-A,RAN,98.67,99.11312500000001,-0.4431250000000091,98.77,0.95,98.69,41.09,39.483125,-4.069776645085723,11.72,51.2,-87.3,-8.2,15.1,52.99,51,9,7,4,1.04,0,0,0,0,0,normal,,0.0,normal
2026-09-14 07:15:00,Telkom,Western Cape,Cape Town,CPT-BEL-007,CPT-BEL-007-A,RAN,99.15,99.07625,0.07375000000000398,98.93,0.56,98.52,40.0,39.883125,-0.29304373716954296,12.15,42.3,-85.2,-11.0,21.3,50.61,42,5,2,1,0.53,20,0,0,0,0,normal,,0.0,normal
2026-09-14 07:30:00,Telkom,Western Cape,Cape Town,CPT-BEL-007,CPT-BEL-007-A,RAN,99.07,99.080625,-0.010625000000004547,98.95,0.55,99.41,33.12,39.341875,15.814891893179986,13.18,61.6,-90.9,-9.8,17.2,53.42,45,1,4,2,0.36,210,0,0,0,0,normal,,0.0,normal
2026-09-14 07:45:00,Telkom,Western Cape,Cape Town,CPT-BEL-007,CPT-BEL-007-A,RAN,99.1,99.063125,0.036874999999994884,99.3,0.58,98.88,38.82,39.143125,0.8254961758929504,13.98,57.1,-88.1,-10.8,19.3,51.92,46,2,4,2,0.89,11,0,0,0,0,normal,,0.0,normal
2026-09-14 08:00:00,Telkom,Western Cape,Cape Town,CPT-BEL-007,CPT-BEL-007-A,RAN,99.5,99.05,0.45000000000000284,98.53,0.97,98.8,39.48,38.815625,-1.7116174221077203,13.02,52.0,-93.7,-10.1,15.3,46.91,46,3,2,4,1.46,38,0,0,0,0,normal,,0.0,normal
2026-09-14 08:15:00,Telkom,Western Cape,Cape Town,CPT-BEL-007,CPT-BEL-007-A,RAN,99.53,99.06937500000001,0.4606249999999932,98.34,0.07,99.27,41.89,38.224999999999994,-9.587965990843706,9.25,44.3,-82.0,-11.1,18.8,45.63,40,3,10,0,0.75,149,0,0,0,0,normal,,0.0,normal
2026-09-14 08:30:00,Telkom,Western Cape,Cape Town,CPT-BEL-007,CPT-BEL-007-A,RAN,99.15,99.09125,0.05875000000000341,98.72,0.89,97.87,36.74,38.21812499999999,3.8676020867062206,9.08,57.9,-86.1,-11.0,17.1,57.1,56,5,6,4,0.46,17,1,0,0,0,normal,,0.0,normal
2026-09-14 08:45:00,Telkom,Western Cape,Cape Town,CPT-BEL-007,CPT-BEL-007-A,RAN,98.64,99.09125,-0.4512500000000017,98.47,0.95,99.49,32.23,38.329375,15.913056239502998,13.66,52.5,-88.2,-10.4,14.1,61.1,56,3,1,5,0.44,65,1,0,0,0,normal,,0.0,normal
2026-09-14 09:00:00,Telkom,Western Cape,Cape Town,CPT-BEL-007,CPT-BEL-007-A,RAN,98.43,99.116875,-0.6868749999999864,98.52,0.38,98.14,40.29,38.130625,-5.663098887049444,10.57,50.8,-88.3,-7.6,13.9,59.3,55,5,4,0,0.34,0,1,0,0,0,normal,,0.0,normal
2026-09-14 09:15:00,Telkom,Western Cape,Cape Town,CPT-BEL-007,CPT-BEL-007-A,RAN,98.92,99.03875000000001,-0.11875000000000568,99.17,0.3,98.4,40.05,38.098124999999996,-5.123283626162708,13.14,54.9,-86.9,-10.5,18.8,56.01,59,2,0,0,0.62,77,1,0,0,0,normal,,0.0,normal
2026-09-14 09:30:00,Telkom,Western Cape,Cape Town,CPT-BEL-007,CPT-BEL-007-A,RAN,99.16,99.06437500000001,0.09562499999998408,98.78,0.44,98.2,30.3,38.578125,21.45808019441069,9.59,59.4,-83.7,-7.5,17.9,68.32,61,1,1,1,0.4,3,0,0,0,0,normal,,0.0,normal
2026-09-14 09:45:00,Telkom,Western Cape,Cape Town,CPT-BEL-007,CPT-BEL-007-A,RAN,99.59,99.05499999999999,0.5350000000000108,99.1,0.48,98.8,37.78,37.21875,-1.5079764903442516,12.09,58.6,-85.2,-9.6,15.4,59.4,54,2,2,3,1.07,0,0,0,0,0,normal,,0.0,normal
2026-09-14 10:00:00,Telkom,Western Cape,Cape Town,CPT-BEL-007,CPT-BEL-007-A,RAN,99.1,99.09500000000001,0.004999999999981242,98.65,0.58,98.77,32.96,37.2675,11.558328302139929,11.55,57.2,-85.1,-10.9,19.6,53.68,53,2,2,2,0.4,70,0,0,0,0,normal,,0.0,normal
2026-09-14 10:15:00,Telkom,Western Cape,Cape Town,CPT-BEL-007,CPT-BEL-007-A,RAN,99.48,99.073125,0.40687499999999943,99.2,0.16,98.42,41.64,37.332499999999996,-11.538203977767374,8.22,66.4,-83.7,-10.2,18.7,50.11,53,2,5,1,0.44,0,0,0,0,0,normal,,0.0,normal
2026-09-14 10:30:00,Telkom,Western Cape,Cape Town,CPT-BEL-007,CPT-BEL-007-A,RAN,99.51,99.105625,0.4043750000000017,98.28,0.25,98.2,33.75,37.638124999999995,10.330283455937286,10.6,47.7,-86.8,-7.6,18.8,64.59,64,1,8,1,0.28,18,0,0,0,0,normal,,0.0,normal
2026-09-14 10:45:00,Telkom,Western Cape,Cape Town,CPT-BEL-007,CPT-BEL-007-A,RAN,99.2,99.13375,0.06624999999999659,99.15,0.67,98.77,41.31,37.427499999999995,-10.373388551199007,12.53,53.0,-83.1,-10.6,17.4,52.9,57,2,3,2,1.37,148,0,0,0,0,normal,,0.0,normal
2026-09-14 11:00:00,Telkom,Western Cape,Cape Town,CPT-BEL-007,CPT-BEL-007-A,RAN,98.7,99.1375,-0.4375,98.04,0.89,97.84,42.58,37.590625,-13.272923767561712,11.37,53.1,-87.7,-9.1,20.8,58.24,55,6,8,5,0.61,34,0,0,0,0,normal,,0.0,normal
2026-09-14 11:15:00,Telkom,Western Cape,Cape Town,CPT-BEL-007,CPT-BEL-007-A,RAN,98.62,99.139375,-0.5193749999999966,99.48,0.74,97.98,39.66,37.683749999999996,-5.244302915713008,14.01,70.9,-88.2,-10.1,19.5,52.41,59,11,4,3,0.97,183,0,0,0,0,normal,,0.0,normal
2026-09-14 11:30:00,Telkom,Western Cape,Cape Town,CPT-BEL-007,CPT-BEL-007-A,RAN,99.12,99.10625,0.013750000000001705,99.03,0.8,98.63,35.83,37.6625,4.865582475937612,10.43,56.3,-87.1,-10.7,17.8,60.52,54,6,0,3,1.09,69,0,0,0,0,normal,,0.0,normal
2026-09-14 11:45:00,Telkom,Western Cape,Cape Town,CPT-BEL-007,CPT-BEL-007-A,RAN,98.92,99.10937500000001,-0.1893750000000125,98.51,0.54,97.93,40.38,37.831875,-6.735391782722918,10.81,63.5,-89.0,-9.6,20.0,65.39,57,9,6,3,1.0,1,0,0,0,0,normal,,0.0,normal
2026-09-14 12:00:00,Telkom,Western Cape,Cape Town,CPT-BEL-007,CPT-BEL-007-A,RAN,98.53,99.098125,-0.5681249999999949,98.95,0.71,97.91,38.47,37.929375,-1.4253464498162667,12.18,41.6,-87.4,-9.9,15.6,41.5,46,6,3,4,0.32,22,0,0,0,0,normal,,0.0,normal
2026-09-14 12:15:00,Telkom,Western Cape,Cape Town,CPT-BEL-007,CPT-BEL-007-A,RAN,99.09,99.0375,0.052500000000009095,99.18,0.3,98.38,32.91,37.86625,13.088832403525577,11.31,66.4,-82.0,-9.8,20.2,64.64,48,2,6,2,0.72,76,0,0,0,0,normal,,0.0,normal
2026-09-14 12:30:00,Telkom,Western Cape,Cape Town,CPT-BEL-007,CPT-BEL-007-A,RAN,99.84,99.01,0.8299999999999983,98.65,0.71,98.99,46.53,37.305,-24.7285886610374,15.43,45.5,-83.8,-9.5,15.4,47.28,56,1,8,4,0.3,1,0,0,0,0,normal,,0.0,normal
2026-09-14 12:45:00,Telkom,Western Cape,Cape Town,CPT-BEL-007,CPT-BEL-007-A,RAN,99.41,99.053125,0.3568750000000023,98.76,0.82,98.8,44.45,37.916875000000005,-17.23012510920269,9.44,51.4,-88.5,-8.1,17.0,54.07,56,2,5,2,1.33,97,0,0,0,0,normal,,0.0,normal
2026-09-14 13:00:00,Telkom,Western Cape,Cape Town,CPT-BEL-007,CPT-BEL-007-A,RAN,99.12,99.10125000000001,0.018749999999997158,98.81,1.02,98.6,36.05,38.680625,6.800885456220013,13.57,52.1,-82.8,-9.6,19.4,56.16,50,3,0,6,0.1,25,0,0,0,0,normal,,0.0,normal
2026-09-14 13:15:00,Telkom,Western Cape,Cape Town,CPT-BEL-007,CPT-BEL-007-A,RAN,99.18,99.144375,0.03562500000001023,98.97,0.54,98.9,38.2,38.415625000000006,0.5612950459611233,9.27,56.6,-82.6,-10.4,16.3,57.62,46,1,0,0,0.48,87,0,0,0,0,normal,,0.0,normal
2026-09-14 13:30:00,Telkom,Western Cape,Cape Town,CPT-BEL-007,CPT-BEL-007-A,RAN,99.5,99.160625,0.339375000000004,98.76,0.3,98.34,39.13,38.3,-2.1671018276762544,12.51,44.1,-79.6,-10.1,15.9,49.4,54,0,2,0,0.83,0,0,0,0,0,normal,,0.0,normal
2026-09-14 13:45:00,Telkom,Western Cape,Cape Town,CPT-BEL-007,CPT-BEL-007-A,RAN,98.79,99.181875,-0.39187499999999886,98.92,0.73,98.45,41.71,38.851875,-7.356466065022604,12.3,56.8,-85.9,-8.0,15.4,59.98,48,3,4,3,0.2,93,0,0,0,0,normal,,0.0,normal
2026-09-14 14:00:00,Telkom,Western Cape,Cape Town,CPT-BEL-007,CPT-BEL-007-A,RAN,99.38,99.131875,0.2481250000000017,98.69,0.74,98.93,40.93,39.0975,-4.687000447598959,12.07,51.3,-87.8,-10.0,11.2,48.79,51,5,4,2,0.74,161,0,0,0,0,normal,,0.0,normal
2026-09-14 14:15:00,Telkom,Western Cape,Cape Town,CPT-BEL-007,CPT-BEL-007-A,RAN,99.22,99.149375,0.07062499999999261,99.21,0.49,98.03,34.85,39.595625,11.985225640459007,10.92,48.9,-85.7,-10.9,17.3,50.8,37,0,1,0,0.37,99,0,0,0,0,normal,,0.0,normal
2026-09-14 14:30:00,Telkom,Western Cape,Cape Town,CPT-BEL-007,CPT-BEL-007-A,RAN,99.28,99.133125,0.14687499999999432,99.2,0.58,98.72,38.69,39.17125,1.2285796342981212,10.98,61.6,-88.7,-9.9,13.9,60.39,45,2,2,3,1.52,0,0,0,0,0,normal,,0.0,normal
2026-09-14 14:45:00,Telkom,Western Cape,Cape Town,CPT-BEL-007,CPT-BEL-007-A,RAN,99.26,99.11875,0.14124999999999943,98.6,0.33,97.46,44.61,39.480000000000004,-12.993920972644363,10.13,64.9,-83.0,-7.0,17.0,53.31,49,2,1,2,0.25,58,0,0,0,0,normal,,0.0,normal
2026-09-14 15:00:00,Telkom,Western Cape,Cape Town,CPT-BEL-007,CPT-BEL-007-A,RAN,99.55,99.1225,0.4274999999999949,98.79,0.05,97.93,40.43,39.68625,-1.8740747740086265,11.37,41.8,-84.9,-10.2,20.7,50.4,42,2,4,0,0.39,50,0,0,0,0,normal,,0.0,normal
2026-09-14 15:15:00,Telkom,Western Cape,Cape Town,CPT-BEL-007,CPT-BEL-007-A,RAN,99.6,99.175625,0.4243749999999977,98.77,0.09,98.94,39.0,39.551875,1.3953194380797433,12.43,51.2,-86.8,-10.3,15.8,42.02,40,1,2,0,1.06,0,0,0,0,0,normal,,0.0,normal
2026-09-14 15:30:00,Telkom,Western Cape,Cape Town,CPT-BEL-007,CPT-BEL-007-A,RAN,98.74,99.236875,-0.49687500000000284,98.77,0.24,98.68,37.73,39.510625,4.506699147381244,11.85,53.4,-83.3,-9.4,17.1,53.38,47,5,5,0,0.71,127,0,0,0,0,normal,,0.0,normal
2026-09-14 15:45:00,Telkom,Western Cape,Cape Town,CPT-BEL-007,CPT-BEL-007-A,RAN,99.31,99.21312499999999,0.09687500000001137,98.62,0.4,98.32,45.82,39.629375,-15.621303641553762,15.53,52.7,-83.9,-10.2,18.6,54.19,50,4,4,0,0.8,106,0,0,0,0,normal,,0.0,normal
2026-09-14 16:00:00,Telkom,Western Cape,Cape Town,CPT-BEL-007,CPT-BEL-007-A,RAN,98.91,99.23750000000001,-0.3275000000000148,98.83,0.47,98.61,50.29,39.969375,-25.821331957279792,12.62,51.3,-82.1,-11.3,15.2,38.27,38,0,4,3,0.47,0,0,0,0,0,normal,,0.0,normal
2026-09-14 16:15:00,Telkom,Western Cape,Cape Town,CPT-BEL-007,CPT-BEL-007-A,RAN,98.52,99.26125,-0.741250000000008,98.47,0.4,98.58,44.37,40.708125,-8.995440099488725,10.97,61.6,-86.9,-11.1,17.6,54.33,43,2,3,0,0.41,91,0,0,0,0,normal,,0.0,normal
2026-09-14 16:30:00,Telkom,Western Cape,Cape Town,CPT-BEL-007,CPT-BEL-007-A,RAN,99.47,99.225625,0.24437500000000512,98.95,0.52,98.53,46.09,41.424375000000005,-11.262994311923832,11.1,55.3,-89.8,-10.7,22.6,53.24,52,0,3,3,0.57,168,0,0,0,0,normal,,0.0,normal
2026-09-14 16:45:00,Telkom,Western Cape,Cape Town,CPT-BEL-007,CPT-BEL-007-A,RAN,98.96,99.2025,-0.24250000000000682,98.82,0.51,98.32,43.82,41.396874999999994,-5.853400769985672,14.84,61.3,-82.4,-10.4,15.8,54.59,48,7,2,1,0.69,36,0,0,0,0,normal,,0.0,normal
2026-09-14 17:00:00,Telkom,Western Cape,Cape Town,CPT-BEL-007,CPT-BEL-007-A,RAN,99.33,99.174375,0.15562500000000057,99.32,0.37,97.96,40.05,41.3575,3.1614580184972603,12.87,49.3,-90.1,-10.9,15.1,51.68,47,4,9,0,1.01,0,0,0,0,0,normal,,0.0,normal
2026-09-14 17:15:00,Telkom,Western Cape,Cape Town,CPT-BEL-007,CPT-BEL-007-A,RAN,98.4,99.1875,-0.7874999999999943,98.73,0.69,99.05,37.11,41.607499999999995,10.80934927597187,12.13,51.3,-83.2,-10.1,13.3,50.63,45,8,0,2,0.34,39,0,0,0,0,normal,,0.0,normal
2026-09-14 17:30:00,Telkom,Western Cape,Cape Town,CPT-BEL-007,CPT-BEL-007-A,RAN,98.89,99.13875,-0.24875000000000114,98.63,0.55,98.61,30.46,41.539375,26.671982907783274,10.48,59.8,-82.6,-10.5,15.9,65.23,59,6,2,3,0.35,13,0,0,0,0,normal,,0.0,normal
2026-09-14 17:45:00,Telkom,Western Cape,Cape Town,CPT-BEL-007,CPT-BEL-007-A,RAN,99.19,99.100625,0.08937500000000398,98.44,0.34,98.28,34.43,40.9975,16.01926946765047,9.9,66.0,-85.8,-9.4,16.2,65.36,54,5,6,0,0.64,91,0,0,0,0,normal,,0.0,normal
2026-09-14 18:00:00,Telkom,Western Cape,Cape Town,CPT-BEL-007,CPT-BEL-007-A,RAN,98.38,99.125625,-0.745625000000004,99.24,0.74,98.31,35.54,40.5425,12.338903619658378,10.04,50.8,-85.5,-9.2,18.1,54.44,56,7,3,5,0.7,23,0,0,0,0,normal,,0.0,normal
2026-09-14 18:15:00,Telkom,Western Cape,Cape Town,CPT-BEL-007,CPT-BEL-007-A,RAN,99.22,99.063125,0.15687499999999943,99.0,0.47,99.25,40.68,40.205625000000005,-1.1798722193722764,10.25,42.4,-83.8,-10.6,19.7,60.14,56,3,0,0,0.51,0,0,0,0,0,normal,,0.0,normal
2026-09-14 18:30:00,Telkom,Western Cape,Cape Town,CPT-BEL-007,CPT-BEL-007-A,RAN,99.21,99.06312499999999,0.14687500000000853,98.92,0.44,97.95,31.96,40.57,21.222578259797878,12.15,57.7,-86.3,-8.6,16.7,61.45,46,3,2,3,0.53,60,0,0,0,0,normal,,0.0,normal
2026-09-14 18:45:00,Telkom,Western Cape,Cape Town,CPT-BEL-007,CPT-BEL-007-A,RAN,98.72,99.05874999999999,-0.33874999999999034,98.73,0.12,97.63,33.39,40.149375,16.835567178816603,11.95,57.4,-83.1,-9.8,14.1,55.71,47,5,7,0,0.56,0,0,0,0,0,normal,,0.0,normal
2026-09-14 19:00:00,Telkom,Western Cape,Cape Town,CPT-BEL-007,CPT-BEL-007-A,RAN,99.01,99.02499999999999,-0.014999999999986358,98.86,0.47,98.22,38.02,39.448125,3.6202607855252804,11.42,53.5,-85.5,-10.8,16.9,53.26,45,3,3,1,0.1,50,0,0,0,0,normal,,0.0,normal
2026-09-14 19:15:00,Telkom,Western Cape,Cape Town,CPT-BEL-007,CPT-BEL-007-A,RAN,99.14,98.99125,0.14875000000000682,99.12,0.31,98.39,39.37,39.2975,-0.18449010751319553,10.41,47.0,-85.5,-8.7,14.9,53.55,49,3,4,0,0.66,141,0,0,0,0,normal,,0.0,normal
2026-09-14 19:30:00,Telkom,Western Cape,Cape Town,CPT-BEL-007,CPT-BEL-007-A,RAN,98.66,98.9625,-0.3025000000000091,99.01,0.35,98.6,38.65,39.320625,1.7055298586937546,14.92,54.4,-85.2,-10.2,17.6,49.51,43,4,5,1,0.62,137,0,0,0,0,normal,,0.0,normal
2026-09-14 19:45:00,Telkom,Western Cape,Cape Town,CPT-BEL-007,CPT-BEL-007-A,RAN,99.42,98.9575,0.4625000000000057,99.14,0.6,98.17,39.34,39.378125,0.09681771287991428,11.17,39.2,-82.2,-10.0,17.5,45.67,45,0,2,2,0.7,88,0,0,0,0,normal,,0.0,normal
2026-09-14 20:00:00,Telkom,Western Cape,Cape Town,CPT-BEL-007,CPT-BEL-007-A,RAN,99.11,98.96437499999999,0.14562500000000966,98.7,0.44,98.49,32.04,38.973125,17.789502381448763,12.54,61.2,-87.6,-10.1,17.2,52.24,45,4,4,2,0.83,0,0,0,0,0,normal,,0.0,normal
2026-09-14 20:15:00,Telkom,Western Cape,Cape Town,CPT-BEL-007,CPT-BEL-007-A,RAN,98.58,98.976875,-0.3968750000000085,98.76,0.4,98.03,32.42,37.832499999999996,14.306482521641431,8.75,63.7,-85.1,-9.7,19.0,54.6,43,6,0,1,0.23,54,0,0,0,0,normal,,0.0,normal
2026-09-14 20:30:00,Telkom,Western Cape,Cape Town,CPT-BEL-007,CPT-BEL-007-A,RAN,99.15,98.980625,0.16937500000000227,98.23,0.35,98.3,29.7,37.085625,19.91506142878811,11.49,51.2,-87.1,-12.8,16.1,60.84,42,4,9,1,0.5,172,0,0,0,0,normal,,0.0,normal
2026-09-14 20:45:00,Telkom,Western Cape,Cape Town,CPT-BEL-007,CPT-BEL-007-A,RAN,99.37,98.960625,0.40937500000001137,99.03,0.44,99.42,46.26,36.06125,-28.281742868037014,11.55,57.2,-81.8,-9.5,17.2,47.23,45,0,4,4,0.1,0,0,0,0,0,normal,,0.0,normal
2026-09-14 21:00:00,Telkom,Western Cape,Cape Town,CPT-BEL-007,CPT-BEL-007-A,RAN,99.26,98.98625,0.2737500000000068,99.08,0.75,98.63,30.73,36.21375,15.142728935832379,10.34,68.6,-84.7,-11.1,18.9,68.42,46,0,1,3,0.36,47,0,0,0,0,normal,,0.0,normal
2026-09-14 21:15:00,Telkom,Western Cape,Cape Town,CPT-BEL-007,CPT-BEL-007-A,RAN,99.36,98.981875,0.37812499999999716,98.48,0.24,98.29,40.81,35.63125,-14.534292229433435,10.88,48.8,-87.1,-11.6,16.6,53.51,35,2,7,2,0.5,67,0,0,0,0,normal,,0.0,normal
2026-09-14 21:30:00,Telkom,Western Cape,Cape Town,CPT-BEL-007,CPT-BEL-007-A,RAN,99.15,99.041875,0.10812500000000114,98.84,0.25,98.25,41.42,35.862500000000004,-15.496688741721846,11.65,55.7,-84.2,-8.8,12.4,45.65,42,2,4,2,0.16,0,1,0,0,0,normal,,0.0,normal
2026-09-14 21:45:00,Telkom,Western Cape,Cape Town,CPT-BEL-007,CPT-BEL-007-A,RAN,99.27,99.058125,0.21187499999999204,98.89,0.28,99.02,51.59,36.5475,-41.15876598946577,12.82,54.7,-86.8,-10.2,13.5,43.84,41,1,2,1,0.49,34,1,0,0,0,normal,,0.0,normal
2026-09-14 22:00:00,Telkom,Western Cape,Cape Town,CPT-BEL-007,CPT-BEL-007-A,RAN,99.02,99.063125,-0.04312500000000341,99.27,0.34,98.54,33.08,37.620000000000005,12.06804891015419,11.15,47.4,-84.6,-9.4,10.9,47.46,37,0,0,2,1.09,95,1,0,0,0,normal,,0.0,normal
2026-09-14 22:15:00,Telkom,Western Cape,Cape Town,CPT-BEL-007,CPT-BEL-007-A,RAN,98.6,99.10312499999999,-0.5031249999999972,99.01,0.35,98.49,42.13,37.46625,-12.447869749441164,12.97,51.5,-81.5,-8.4,18.5,44.65,37,4,4,2,1.05,0,1,0,0,0,normal,,0.0,normal
2026-09-14 22:30:00,Telkom,Western Cape,Cape Town,CPT-BEL-007,CPT-BEL-007-A,RAN,99.16,99.064375,0.0956249999999983,98.81,0.05,97.44,46.54,37.556875000000005,-23.91872326970759,9.84,51.6,-81.7,-10.0,15.1,48.84,29,4,2,0,0.67,111,1,0,0,0,normal,,0.0,normal
2026-09-14 22:45:00,Telkom,Western Cape,Cape Town,CPT-BEL-007,CPT-BEL-007-A,RAN,99.0,99.06125,-0.06125000000000114,98.78,0.59,98.79,35.92,38.468125,6.623990641602623,10.88,51.6,-85.4,-9.9,18.1,49.08,32,4,3,0,0.29,125,1,0,0,0,normal,,0.0,normal
2026-09-14 23:00:00,Telkom,Western Cape,Cape Town,CPT-BEL-007,CPT-BEL-007-A,RAN,99.05,99.07875,-0.028750000000002274,98.53,0.74,98.74,44.12,38.62625,-14.22284068476748,13.26,56.2,-90.1,-11.1,19.1,44.52,36,5,6,1,0.66,129,1,0,0,0,normal,,0.0,normal
2026-09-14 23:15:00,Telkom,Western Cape,Cape Town,CPT-BEL-007,CPT-BEL-007-A,RAN,99.67,99.08125,0.5887500000000045,98.59,0.54,98.14,51.65,39.0075,-32.41043389091841,16.03,57.6,-85.5,-9.9,16.4,33.7,27,0,2,2,0.94,16,1,0,0,0,normal,,0.0,normal
2026-09-14 23:30:00,Telkom,Western Cape,Cape Town,CPT-BEL-007,CPT-BEL-007-A,RAN,98.64,99.114375,-0.4743749999999949,98.75,0.41,98.33,44.53,39.775,-11.954745443117542,12.24,48.1,-85.0,-10.8,17.5,50.21,30,3,3,0,0.3,36,0,0,0,0,normal,,0.0,normal
2026-09-14 23:45:00,Telkom,Western Cape,Cape Town,CPT-BEL-007,CPT-BEL-007-A,RAN,98.85,99.11312500000001,-0.2631250000000165,98.8,0.5,98.71,37.83,40.142500000000005,5.760727408606855,13.38,55.0,-81.6,-11.5,16.5,52.56,35,5,3,2,0.53,102,0,0,0,0,normal,,0.0,normal
2026-09-15 00:00:00,Telkom,Western Cape,Cape Town,CPT-BEL-007,CPT-BEL-007-A,RAN,98.96,99.0775,-0.11750000000000682,99.24,0.57,99.38,44.01,40.048125,-9.892785242754808,14.29,48.5,-85.1,-10.2,18.3,53.15,32,3,0,3,0.81,67,0,0,0,0,normal,,0.0,normal
2026-09-15 00:15:00,Telkom,Western Cape,Cape Town,CPT-BEL-007,CPT-BEL-007-A,RAN,99.03,99.068125,-0.03812499999999375,98.8,0.68,98.4,39.34,40.79625,3.569568281398406,12.8,51.4,-88.0,-10.6,18.0,50.09,37,2,4,0,0.56,48,0,0,0,0,normal,,0.0,normal
2026-09-15 00:30:00,Telkom,Western Cape,Cape Town,CPT-BEL-007,CPT-BEL-007-A,RAN,98.96,99.09625,-0.13625000000000398,98.93,0.68,99.44,32.4,41.22875,21.414061789406663,10.26,56.0,-86.1,-9.5,15.3,47.7,27,1,3,1,0.27,22,0,0,0,0,normal,,0.0,normal
2026-09-15 00:45:00,Telkom,Western Cape,Cape Town,CPT-BEL-007,CPT-BEL-007-A,RAN,99.11,99.084375,0.025625000000005116,98.5,0.5,98.98,33.99,41.3975,17.893592608249286,10.83,56.7,-89.5,-11.0,19.4,51.36,40,3,8,0,0.44,0,0,0,0,0,normal,,0.0,normal
2026-09-15 01:00:00,Telkom,Western Cape,Cape Town,CPT-BEL-007,CPT-BEL-007-A,RAN,99.34,99.068125,0.2718750000000085,98.18,0.46,99.0,38.75,40.630625,4.628589887554035,14.76,58.2,-83.7,-9.6,15.7,47.52,32,0,3,1,1.2,17,0,0,0,0,normal,,0.0,normal
2026-09-15 01:15:00,Telkom,Western Cape,Cape Town,CPT-BEL-007,CPT-BEL-007-A,RAN,99.68,99.073125,0.6068750000000023,97.47,0.29,98.49,56.0,41.131875,-36.14745255352448,15.98,49.9,-89.1,-10.7,17.6,36.76,31,0,2,1,0.73,174,1,0,0,0,normal,,0.0,normal
2026-09-15 01:30:00,Telkom,Western Cape,Cape Town,CPT-BEL-007,CPT-BEL-007-A,RAN,98.9,99.09312499999999,-0.19312499999998067,98.58,0.78,98.03,43.3,42.08125,-2.8961829793554137,11.88,55.3,-84.8,-9.0,19.1,52.38,30,2,2,0,0.88,90,1,0,0,0,normal,,0.0,normal
2026-09-15 01:45:00,Telkom,Western Cape,Cape Town,CPT-BEL-007,CPT-BEL-007-A,RAN,99.77,99.0775,0.6924999999999955,99.46,0.48,98.57,35.07,42.198750000000004,16.89327290500312,9.69,54.9,-88.8,-9.6,18.3,48.28,33,3,0,1,1.01,0,0,0,0,0,normal,,0.0,normal
2026-09-15 02:00:00,Telkom,Western Cape,Cape Town,CPT-BEL-007,CPT-BEL-007-A,RAN,99.9,99.10875,0.7912500000000051,98.89,0.44,98.5,35.57,41.16625,13.594267148452916,9.95,54.1,-83.8,-9.0,18.0,44.4,27,0,1,0,0.92,63,0,0,0,0,normal,,0.0,normal
2026-09-15 02:15:00,Telkom,Western Cape,Cape Town,CPT-BEL-007,CPT-BEL-007-A,RAN,99.07,99.16375000000001,-0.09375000000001421,98.75,1.01,98.07,39.58,41.321875,4.215382288436816,12.53,42.8,-85.2,-11.9,14.3,50.45,30,1,1,1,0.29,0,0,0,0,0,normal,,0.0,normal
2026-09-15 02:30:00,Telkom,Western Cape,Cape Town,CPT-BEL-007,CPT-BEL-007-A,RAN,99.24,99.193125,0.046875,99.27,0.25,99.15,36.28,41.162499999999994,11.861524445794094,11.05,42.8,-85.1,-11.0,14.5,48.07,37,5,7,1,0.74,0,0,0,0,0,normal,,0.0,normal
2026-09-15 02:45:00,Telkom,Western Cape,Cape Town,CPT-BEL-007,CPT-BEL-007-A,RAN,99.23,99.198125,0.03187499999999943,98.04,0.56,98.84,46.24,40.52125,-14.112965419378721,12.26,46.9,-85.1,-9.7,18.9,49.01,32,1,3,3,0.82,72,0,0,0,0,normal,,0.0,normal
2026-09-15 03:00:00,Telkom,Western Cape,Cape Town,CPT-BEL-007,CPT-BEL-007-A,RAN,99.37,99.2125,0.15749999999999886,99.04,0.88,97.7,49.29,41.166250000000005,-19.73400540491299,13.11,50.0,-86.2,-9.4,20.0,41.6,39,0,2,3,0.87,15,0,0,0,0,normal,,0.0,normal
2026-09-15 03:15:00,Telkom,Western Cape,Cape Town,CPT-BEL-007,CPT-BEL-007-A,RAN,99.06,99.2325,-0.17249999999999943,98.55,0.32,97.39,39.4,41.489375,5.03592787310005,12.32,47.7,-87.4,-8.9,14.7,50.13,36,1,2,1,0.84,15,0,0,0,0,normal,,0.0,normal
2026-09-15 03:30:00,Telkom,Western Cape,Cape Town,CPT-BEL-007,CPT-BEL-007-A,RAN,98.22,99.19437500000001,-0.9743750000000091,98.53,0.98,98.84,38.82,40.72375,4.6747905092237385,12.37,50.2,-85.6,-10.5,14.6,47.46,29,4,2,3,0.69,115,0,0,0,0,normal,,0.0,normal
2026-09-15 03:45:00,Telkom,Western Cape,Cape Town,CPT-BEL-007,CPT-BEL-007-A,RAN,98.89,99.16812499999999,-0.27812499999998863,98.46,0.37,98.07,37.09,40.366875,8.11773267066127,10.12,57.2,-82.7,-8.6,15.5,55.11,29,3,6,0,0.62,47,0,0,0,0,normal,,0.0,normal
2026-09-15 04:00:00,Telkom,Western Cape,Cape Town,CPT-BEL-007,CPT-BEL-007-A,RAN,98.68,99.170625,-0.4906249999999943,98.58,0.46,98.75,40.11,40.320625,0.5223753352037581,12.92,50.2,-82.2,-11.0,19.9,44.27,34,5,4,2,0.51,123,0,0,0,0,normal,,0.0,normal
2026-09-15 04:15:00,Telkom,Western Cape,Cape Town,CPT-BEL-007,CPT-BEL-007-A,RAN,98.69,99.153125,-0.4631250000000051,99.55,0.56,98.08,35.09,40.076875,12.443273084540643,12.27,53.0,-86.8,-10.2,18.8,56.15,32,0,0,2,1.03,63,0,0,0,0,normal,,0.0,normal
2026-09-15 04:30:00,Telkom,Western Cape,Cape Town,CPT-BEL-007,CPT-BEL-007-A,RAN,99.29,99.13187500000001,0.1581249999999983,98.81,0.05,97.9,46.22,39.81125,-16.09783666677132,13.43,64.2,-85.6,-10.1,19.6,47.27,36,2,5,0,0.17,2,0,0,0,0,normal,,0.0,normal
2026-09-15 04:45:00,Telkom,Western Cape,Cape Town,CPT-BEL-007,CPT-BEL-007-A,RAN,99.49,99.1525,0.3374999999999915,99.37,0.49,98.93,44.88,40.675000000000004,-10.338045482483093,14.65,56.0,-85.3,-9.2,18.7,45.52,37,0,1,1,1.06,83,0,0,0,0,normal,,0.0,normal
2026-09-15 05:00:00,Telkom,Western Cape,Cape Town,CPT-BEL-007,CPT-BEL-007-A,RAN,99.15,99.17625000000001,-0.026250000000004547,98.52,0.5,98.91,55.41,41.355625,-33.98419199322944,15.46,46.3,-84.2,-10.2,13.0,36.56,33,4,1,0,0.84,0,0,0,0,0,normal,,0.0,normal
2026-09-15 05:15:00,Telkom,Western Cape,Cape Town,CPT-BEL-007,CPT-BEL-007-A,RAN,98.05,99.16437499999999,-1.1143749999999955,98.82,0.27,98.01,44.57,42.396875,-5.125672587897101,14.54,49.8,-84.7,-9.7,14.7,38.33,30,6,0,1,0.67,47,0,0,0,0,normal,,0.0,normal
2026-09-15 05:30:00,Telkom,Western Cape,Cape Town,CPT-BEL-007,CPT-BEL-007-A,RAN,98.28,99.0625,-0.7824999999999989,98.44,0.78,99.67,42.18,41.682500000000005,-1.1935464523480959,12.87,55.2,-85.8,-10.0,17.9,52.29,47,7,4,1,0.32,159,0,0,0,0,normal,,0.0,normal
2026-09-15 05:45:00,Telkom,Western Cape,Cape Town,CPT-BEL-007,CPT-BEL-007-A,RAN,98.81,99.02375,-0.21375000000000455,99.26,0.53,98.0,38.3,41.6125,7.960348452988885,11.98,61.0,-85.9,-9.4,16.7,60.82,42,6,0,2,0.37,0,0,0,0,0,normal,,0.0,normal
2026-09-15 06:00:00,Telkom,Western Cape,Cape Town,CPT-BEL-007,CPT-BEL-007-A,RAN,99.61,98.96375,0.6462499999999949,98.64,0.66,99.62,42.62,41.814375,-1.9266699550094895,13.95,40.3,-86.9,-10.0,17.1,43.4,33,0,6,2,0.77,50,0,0,0,0,normal,,0.0,normal
2026-09-15 06:15:00,Telkom,Western Cape,Cape Town,CPT-BEL-007,CPT-BEL-007-A,RAN,98.82,98.94562499999999,-0.12562499999999943,99.16,0.33,98.26,42.63,42.254999999999995,-0.8874689385871665,13.23,60.6,-84.0,-10.5,15.4,53.92,44,8,5,0,0.3,116,0,0,0,0,normal,,0.0,normal
2026-09-15 06:30:00,Telkom,Western Cape,Cape Town,CPT-BEL-007,CPT-BEL-007-A,RAN,99.88,98.93,0.9499999999999886,98.9,0.47,99.02,40.74,42.445625,4.018376452225636,14.59,44.9,-84.4,-11.0,19.9,43.91,33,0,4,0,0.27,17,0,0,0,0,normal,,0.0,normal
2026-09-15 06:45:00,Telkom,Western Cape,Cape Town,CPT-BEL-007,CPT-BEL-007-A,RAN,99.54,98.97,0.5700000000000074,98.38,0.38,97.84,32.75,42.724374999999995,23.345865211603435,12.36,50.2,-84.9,-10.9,18.6,47.55,44,0,1,2,0.7,167,0,0,0,0,normal,,0.0,normal
2026-09-15 07:00:00,Telkom,Western Cape,Cape Town,CPT-BEL-007,CPT-BEL-007-A,RAN,99.43,98.989375,0.44062500000001137,98.59,0.4,98.8,44.88,41.881249999999994,-7.160125354424733,10.49,60.9,-88.7,-9.0,15.2,50.78,45,4,2,1,0.58,0,0,0,0,0,normal,,0.0,normal
2026-09-15 07:15:00,Telkom,Western Cape,Cape Town,CPT-BEL-007,CPT-BEL-007-A,RAN,98.85,98.993125,-0.14312500000001194,99.29,0.14,99.4,47.78,41.605624999999996,-14.840240952996153,14.22,52.2,-82.0,-10.5,23.1,52.45,47,1,0,1,0.61,0,0,0,0,0,normal,,0.0,normal
2026-09-15 07:30:00,Telkom,Western Cape,Cape Town,CPT-BEL-007,CPT-BEL-007-A,RAN,99.48,98.97999999999999,0.5000000000000142,99.43,0.29,98.12,42.88,42.129375,-1.781714065304789,10.83,59.6,-85.6,-10.4,19.1,58.12,45,2,2,1,1.05,26,0,0,0,0,normal,,0.0,normal
2026-09-15 07:45:00,Telkom,Western Cape,Cape Town,CPT-BEL-007,CPT-BEL-007-A,RAN,99.23,99.05875,0.17125000000000057,98.61,0.48,99.14,30.38,42.383125,28.32052851223217,11.53,57.6,-85.7,-10.3,17.0,61.84,52,4,2,0,0.52,10,0,0,0,0,normal,,0.0,normal
2026-09-15 08:00:00,Telkom,Western Cape,Cape Town,CPT-BEL-007,CPT-BEL-007-A,RAN,98.9,99.08,-0.1799999999999926,98.11,0.41,98.16,48.26,41.963750000000005,-15.004021327931829,10.72,49.2,-86.7,-7.8,15.3,50.77,49,6,6,2,0.52,29,0,0,0,0,normal,,0.0,normal
2026-09-15 08:15:00,Telkom,Western Cape,Cape Town,CPT-BEL-007,CPT-BEL-007-A,RAN,99.14,99.09375,0.04625000000000057,98.5,0.8,98.21,39.22,42.473125,7.659255117206479,10.35,65.6,-83.2,-9.1,18.2,60.53,47,5,3,3,0.81,0,0,0,0,0,normal,,0.0,normal
2026-09-15 08:30:00,Telkom,Western Cape,Cape Town,CPT-BEL-007,CPT-BEL-007-A,RAN,98.95,99.12187499999999,-0.1718749999999858,98.88,0.13,97.92,34.7,42.73125,18.79479303788211,13.87,55.7,-84.9,-9.5,19.1,62.06,60,8,3,2,0.35,0,0,0,0,0,normal,,0.0,normal
2026-09-15 08:45:00,Telkom,Western Cape,Cape Town,CPT-BEL-007,CPT-BEL-007-A,RAN,99.43,99.100625,0.3293750000000131,98.48,0.13,98.03,32.33,42.01125,23.044422624892142,12.94,58.0,-84.2,-11.7,21.4,59.5,54,4,9,2,0.9,0,0,0,0,0,normal,,0.0,normal
2026-09-15 09:00:00,Telkom,Western Cape,Cape Town,CPT-BEL-007,CPT-BEL-007-A,RAN,98.83,99.096875,-0.26687499999999886,98.73,0.47,97.94,28.58,41.226875,30.676288222185168,12.57,68.9,-85.2,-11.3,16.4,64.3,54,3,6,2,0.86,184,0,0,0,0,normal,,0.23,normal
2026-09-15 09:15:00,Telkom,Western Cape,Cape Town,CPT-BEL-007,CPT-BEL-007-A,RAN,98.77,99.076875,-0.3068750000000051,98.82,0.84,98.06,39.7,39.55,-0.37926675094818124,9.84,59.3,-84.8,-8.9,19.2,67.06,54,2,3,5,0.33,0,0,0,0,0,normal,,0.0,normal
2026-09-15 09:30:00,Telkom,Western Cape,Cape Town,CPT-BEL-007,CPT-BEL-007-A,RAN,99.43,99.121875,0.308125000000004,98.38,0.63,98.13,30.46,39.245625,22.386253244788424,11.59,48.5,-89.6,-11.6,16.9,57.53,52,1,7,3,0.69,146,0,0,0,0,normal,,0.0,normal
2026-09-15 09:45:00,Telkom,Western Cape,Cape Town,CPT-BEL-007,CPT-BEL-007-A,RAN,99.47,99.19375,0.27625000000000455,98.39,0.44,98.41,39.97,38.513125,-3.782801317732582,11.8,44.8,-85.4,-9.7,16.5,50.38,50,0,1,3,0.95,0,0,0,0,0,normal,,0.0,normal
2026-09-15 10:00:00,Telkom,Western Cape,Cape Town,CPT-BEL-007,CPT-BEL-007-A,RAN,98.08,99.235,-1.1550000000000011,99.03,0.69,97.91,40.44,38.6175,-4.71936298310351,13.18,60.5,-84.1,-10.1,13.8,53.36,55,12,2,4,0.51,22,0,0,0,0,normal,,0.0,normal
2026-09-15 10:15:00,Telkom,Western Cape,Cape Town,CPT-BEL-007,CPT-BEL-007-A,RAN,98.64,99.139375,-0.49937500000000057,98.68,0.53,98.08,30.74,38.48125,20.11694006821505,11.0,57.2,-84.4,-10.9,21.6,62.02,65,6,4,4,0.81,84,0,0,0,0,normal,,0.0,normal
2026-09-15 10:30:00,Telkom,Western Cape,Cape Town,CPT-BEL-007,CPT-BEL-007-A,RAN,98.72,99.128125,-0.4081249999999983,99.2,0.76,97.74,31.24,37.738125000000004,17.218992729501014,10.81,50.7,-82.2,-10.4,19.3,56.21,55,5,3,5,0.89,141,0,0,0,0,normal,,0.0,normal
2026-09-15 10:45:00,Telkom,Western Cape,Cape Town,CPT-BEL-007,CPT-BEL-007-A,RAN,99.34,99.055625,0.28437499999999716,98.59,0.59,98.86,39.61,37.144375000000004,-6.637949891470769,12.18,63.2,-87.7,-10.1,16.1,54.03,56,4,3,3,0.74,11,0,0,0,0,normal,,0.0,normal
2026-09-15 11:00:00,Telkom,Western Cape,Cape Town,CPT-BEL-007,CPT-BEL-007-A,RAN,99.61,99.043125,0.566874999999996,98.38,0.56,99.04,35.99,37.573125000000005,4.213450438311964,14.92,46.4,-84.8,-10.3,15.0,49.21,62,1,5,1,0.1,90,0,0,0,0,normal,,0.0,normal
2026-09-15 11:15:00,Telkom,Western Cape,Cape Town,CPT-BEL-007,CPT-BEL-007-A,RAN,99.25,99.054375,0.19562500000000682,98.63,0.55,98.32,41.68,37.017500000000005,-12.595394070372103,12.71,48.3,-90.9,-12.1,15.1,56.19,54,3,1,3,0.63,191,0,0,0,0,normal,,0.0,normal
2026-09-15 11:30:00,Telkom,Western Cape,Cape Town,CPT-BEL-007,CPT-BEL-007-A,RAN,98.95,99.079375,-0.12937499999999602,99.04,1.05,99.35,41.17,36.63625,-12.37503838411411,14.26,56.8,-85.9,-10.0,18.4,52.12,52,5,2,5,1.04,76,0,0,0,0,normal,,0.0,normal
2026-09-15 11:45:00,Telkom,Western Cape,Cape Town,CPT-BEL-007,CPT-BEL-007-A,RAN,99.8,99.04625,0.7537499999999966,99.2,0.6,99.36,31.53,36.529374999999995,13.685903468099289,10.62,53.7,-84.4,-10.6,17.9,65.0,59,2,2,1,0.45,87,0,0,0,0,normal,,0.0,normal
2026-09-15 12:00:00,Telkom,Western Cape,Cape Town,CPT-BEL-007,CPT-BEL-007-A,RAN,99.45,99.081875,0.36812500000000625,98.8,0.23,99.26,44.12,36.60125,-20.542331204535355,14.98,63.1,-85.4,-9.9,15.1,47.25,62,5,9,0,0.76,0,0,0,0,0,normal,,0.0,normal
2026-09-15 12:15:00,Telkom,Western Cape,Cape Town,CPT-BEL-007,CPT-BEL-007-A,RAN,99.13,99.11625,0.013750000000001705,98.82,0.77,98.82,37.24,36.3425,-2.469560432001103,11.72,53.8,-85.9,-10.7,18.3,58.09,50,5,6,2,0.86,51,0,0,0,0,normal,,0.0,normal
2026-09-15 12:30:00,Telkom,Western Cape,Cape Town,CPT-BEL-007,CPT-BEL-007-A,RAN,99.18,99.11562500000001,0.0643749999999983,98.87,0.56,98.06,45.2,36.21875,-24.797238999137193,10.23,69.6,-89.7,-9.4,15.9,59.13,44,4,3,2,0.28,46,0,0,0,0,normal,,0.0,normal
2026-09-15 12:45:00,Telkom,Western Cape,Cape Town,CPT-BEL-007,CPT-BEL-007-A,RAN,98.99,99.13000000000001,-0.14000000000001478,98.85,0.68,97.2,37.57,36.875,-1.8847457627118651,12.84,61.4,-85.5,-9.8,17.2,60.27,49,6,3,2,0.93,8,0,0,0,0,normal,,0.0,normal
2026-09-15 13:00:00,Telkom,Western Cape,Cape Town,CPT-BEL-007,CPT-BEL-007-A,RAN,99.46,99.10249999999999,0.3575000000000017,99.36,1.02,98.41,31.4,37.2025,15.59707008937572,11.64,61.8,-86.0,-11.2,18.5,62.32,55,1,2,5,1.31,201,0,0,1,0,normal,,0.0,normal
2026-09-15 13:15:00,Telkom,Western Cape,Cape Town,CPT-BEL-007,CPT-BEL-007-A,RAN,98.55,99.141875,-0.5918750000000017,98.78,0.05,98.57,40.07,37.378750000000004,-7.199946493662833,13.55,50.5,-85.1,-8.4,18.7,53.29,46,5,8,0,1.06,0,0,0,1,0,normal,,0.0,normal
2026-09-15 13:30:00,Telkom,Western Cape,Cape Town,CPT-BEL-007,CPT-BEL-007-A,RAN,98.9,99.12812500000001,-0.22812500000000568,99.1,0.1,98.42,43.59,37.401875,-16.54495931019503,11.76,49.9,-89.2,-10.3,18.9,51.83,53,8,3,0,0.55,54,0,0,1,0,normal,,0.0,normal
2026-09-15 13:45:00,Telkom,Western Cape,Cape Town,CPT-BEL-007,CPT-BEL-007-A,RAN,99.04,99.095,-0.05499999999999261,98.99,0.61,98.36,42.89,38.2225,-12.211393812544978,14.45,51.0,-85.8,-10.7,16.1,51.48,44,4,3,1,0.28,0,0,0,1,0,normal,,0.0,normal
2026-09-15 14:00:00,Telkom,Western Cape,Cape Town,CPT-BEL-007,CPT-BEL-007-A,RAN,99.9,99.068125,0.8318750000000108,97.9,0.49,98.36,36.18,38.405,5.793516469209742,11.49,62.9,-87.5,-9.8,16.0,52.92,45,0,7,3,0.97,0,0,0,0,0,normal,,0.0,normal
2026-09-15 14:15:00,Telkom,Western Cape,Cape Town,CPT-BEL-007,CPT-BEL-007-A,RAN,99.09,99.181875,-0.0918750000000017,98.57,0.72,97.92,36.0,38.13875,5.607813575431816,15.33,51.2,-88.6,-10.0,19.2,49.44,54,5,6,3,0.83,0,0,0,0,0,normal,,0.0,normal
2026-09-15 14:30:00,Telkom,Western Cape,Cape Town,CPT-BEL-007,CPT-BEL-007-A,RAN,99.35,99.21,0.14000000000000057,99.24,0.75,98.71,40.99,38.4675,-6.557483590043544,14.06,55.4,-82.0,-10.3,19.2,55.41,42,5,3,2,0.7,65,0,0,0,0,normal,,0.0,normal
2026-09-15 14:45:00,Telkom,Western Cape,Cape Town,CPT-BEL-007,CPT-BEL-007-A,RAN,99.21,99.249375,-0.03937500000000682,98.49,0.46,98.84,47.94,39.076875,-22.681253298786036,10.16,44.7,-87.8,-10.7,18.2,55.21,49,3,4,1,0.98,0,0,0,0,0,normal,,0.0,normal
2026-09-15 15:00:00,Telkom,Western Cape,Cape Town,CPT-BEL-007,CPT-BEL-007-A,RAN,98.92,99.24125000000001,-0.32125000000000625,98.21,0.74,98.5,40.41,39.5975,-2.051897215733317,14.43,55.1,-82.6,-9.9,20.4,46.92,46,4,3,3,0.27,84,0,0,0,0,normal,,0.0,normal
2026-09-15 15:15:00,Telkom,Western Cape,Cape Town,CPT-BEL-007,CPT-BEL-007-A,RAN,99.21,99.19812499999999,0.01187500000000341,98.34,0.11,98.43,41.86,39.873749999999994,-4.981347377660756,9.99,51.7,-86.1,-9.9,21.6,53.09,42,4,8,1,0.66,0,1,0,0,0,normal,,0.0,normal
2026-09-15 15:30:00,Telkom,Western Cape,Cape Town,CPT-BEL-007,CPT-BEL-007-A,RAN,99.33,99.195625,0.13437499999999147,98.55,0.22,98.98,42.45,39.885,-6.430989093644239,13.49,50.3,-80.5,-10.5,15.5,46.63,43,2,5,0,0.22,12,1,0,0,0,normal,,0.0,normal
2026-09-15 15:45:00,Telkom,Western Cape,Cape Town,CPT-BEL-007,CPT-BEL-007-A,RAN,99.33,99.219375,0.11062499999999886,97.92,0.8,99.7,43.64,39.965,-9.195546102839977,13.41,53.6,-83.2,-10.5,20.4,48.24,48,4,7,1,1.02,106,1,0,0,0,normal,,0.0,normal
2026-09-15 16:00:00,Telkom,Western Cape,Cape Town,CPT-BEL-007,CPT-BEL-007-A,RAN,99.5,99.19000000000001,0.30999999999998806,98.31,0.67,99.01,35.8,40.721875,12.08656281175658,12.86,41.4,-86.5,-9.4,18.2,55.21,40,3,1,2,0.58,9,1,0,0,0,normal,,0.0,normal
2026-09-15 16:15:00,Telkom,Western Cape,Cape Town,CPT-BEL-007,CPT-BEL-007-A,RAN,99.36,99.19312500000001,0.16687499999999034,98.26,0.65,98.14,42.16,40.201874999999994,-4.870730531847092,12.25,50.7,-82.3,-11.8,15.2,51.15,40,3,3,2,0.57,0,1,0,0,0,normal,,0.0,normal
2026-09-15 16:30:00,Telkom,Western Cape,Cape Town,CPT-BEL-007,CPT-BEL-007-A,RAN,99.03,99.2075,-0.17749999999999488,98.53,1.01,98.0,52.76,40.509375000000006,-30.24145645298154,11.28,43.4,-83.9,-11.2,16.1,47.91,51,4,8,4,0.91,0,1,0,0,0,normal,,0.0,normal
2026-09-15 16:45:00,Telkom,Western Cape,Cape Town,CPT-BEL-007,CPT-BEL-007-A,RAN,99.37,99.19812499999999,0.1718750000000142,98.93,0.38,98.34,32.54,40.981875,20.59904530966434,12.0,51.3,-83.8,-9.7,18.3,56.94,51,4,5,0,1.08,0,2,0,0,0,normal,,0.0,normal
2026-09-15 17:00:00,Telkom,Western Cape,Cape Town,CPT-BEL-007,CPT-BEL-007-A,RAN,99.52,99.221875,0.29812499999999886,98.71,1.03,97.83,42.95,40.6675,-5.612589905944565,14.68,54.7,-86.4,-9.7,17.9,52.15,39,0,1,3,0.95,5,2,0,0,0,normal,,0.0,normal
2026-09-15 17:15:00,Telkom,Western Cape,Cape Town,CPT-BEL-007,CPT-BEL-007-A,RAN,98.54,99.22562500000001,-0.6856250000000017,99.59,0.28,97.26,41.73,41.389375,-0.8229769113449907,13.17,61.0,-87.7,-9.2,15.2,53.24,50,4,2,0,0.1,0,2,0,0,0,normal,,0.0,normal
2026-09-15 17:30:00,Telkom,Western Cape,Cape Town,CPT-BEL-007,CPT-BEL-007-A,RAN,99.66,99.225,0.4350000000000023,98.58,0.56,98.41,35.77,41.493125000000006,13.792947626865901,10.19,54.5,-88.8,-9.8,14.8,60.78,54,4,4,2,0.8,12,1,0,0,0,normal,,0.0,normal
2026-09-15 17:45:00,Telkom,Western Cape,Cape Town,CPT-BEL-007,CPT-BEL-007-A,RAN,99.08,99.27250000000001,-0.19250000000000966,99.2,0.14,99.23,39.2,41.004375,4.400445074458519,9.6,54.7,-85.6,-11.1,18.3,51.82,42,1,2,0,1.25,152,0,0,0,0,normal,,0.0,normal
2026-09-15 18:00:00,Telkom,Western Cape,Cape Town,CPT-BEL-007,CPT-BEL-007-A,RAN,98.6,99.275,-0.6750000000000114,98.83,0.84,99.23,31.47,40.77375,22.817989515313165,12.25,45.5,-83.9,-9.8,19.7,52.52,45,7,1,1,0.59,0,0,0,0,0,normal,,0.0,normal
2026-09-15 18:15:00,Telkom,Western Cape,Cape Town,CPT-BEL-007,CPT-BEL-007-A,RAN,99.61,99.19375,0.4162500000000051,98.93,0.28,98.42,35.17,40.479375,13.116247471706261,11.79,55.9,-87.7,-10.8,15.2,49.54,50,7,4,1,0.39,0,0,0,0,0,normal,,0.0,normal
2026-09-15 18:30:00,Telkom,Western Cape,Cape Town,CPT-BEL-007,CPT-BEL-007-A,RAN,98.84,99.22625000000001,-0.386250000000004,98.93,0.35,99.07,34.38,40.427499999999995,14.958877002040674,13.52,58.6,-84.2,-9.4,17.7,61.1,50,4,3,1,0.76,164,0,0,0,0,normal,,0.0,normal
2026-09-15 18:45:00,Telkom,Western Cape,Cape Town,CPT-BEL-007,CPT-BEL-007-A,RAN,98.57,99.194375,-0.6243750000000006,98.7,0.47,97.83,34.35,40.014375,14.155850241319525,12.45,62.0,-91.6,-10.0,18.1,65.01,42,8,5,1,0.42,116,0,0,0,0,normal,,0.0,normal
2026-09-15 19:00:00,Telkom,Western Cape,Cape Town,CPT-BEL-007,CPT-BEL-007-A,RAN,99.55,99.154375,0.39562499999999545,99.07,0.45,98.34,42.96,39.165,-9.689774032937576,10.51,59.7,-86.1,-11.6,17.6,57.77,47,3,3,1,1.03,122,0,0,0,0,normal,,0.0,normal
2026-09-15 19:15:00,Telkom,Western Cape,Cape Town,CPT-BEL-007,CPT-BEL-007-A,RAN,98.93,99.19375,-0.2637499999999875,98.82,0.2,98.16,39.29,39.324375,0.08741397670021267,11.1,53.6,-85.9,-8.4,16.1,52.92,38,4,4,1,1.42,45,0,0,0,0,normal,,0.0,normal
2026-09-15 19:30:00,Telkom,Western Cape,Cape Town,CPT-BEL-007,CPT-BEL-007-A,RAN,98.9,99.17625,-0.27624999999999034,98.98,0.46,97.62,39.69,39.16375,-1.3437170853148572,13.5,50.4,-84.5,-9.3,18.1,54.01,49,6,0,2,0.78,0,0,0,0,0,normal,,0.0,normal
2026-09-15 19:45:00,Telkom,Western Cape,Cape Town,CPT-BEL-007,CPT-BEL-007-A,RAN,98.84,99.149375,-0.30937500000000284,98.55,0.35,98.75,38.84,38.99125,0.3879075433590804,12.08,50.1,-88.5,-10.7,16.6,48.33,41,7,4,1,0.78,0,0,0,0,0,normal,,0.0,normal
2026-09-15 20:00:00,Telkom,Western Cape,Cape Town,CPT-BEL-007,CPT-BEL-007-A,RAN,98.72,99.11874999999999,-0.3987499999999926,98.72,0.53,99.42,40.21,38.691250000000004,-3.9253061092624226,11.88,58.8,-85.1,-10.8,16.6,58.29,44,2,3,1,1.38,55,0,0,0,0,normal,,0.0,normal
2026-09-15 20:15:00,Telkom,Western Cape,Cape Town,CPT-BEL-007,CPT-BEL-007-A,RAN,99.37,99.07,0.30000000000001137,98.98,0.26,98.02,36.99,38.966875,5.073219240701236,14.16,49.8,-86.2,-9.2,16.3,54.93,47,3,4,1,0.79,0,0,0,0,0,normal,,0.0,normal
2026-09-15 20:30:00,Telkom,Western Cape,Cape Town,CPT-BEL-007,CPT-BEL-007-A,RAN,99.08,99.070625,0.009374999999991473,99.08,0.79,99.3,40.73,38.64375,-5.398673782953259,13.72,49.4,-83.7,-9.4,17.2,52.04,40,2,3,4,0.1,0,0,0,0,0,normal,,0.0,normal
2026-09-15 20:45:00,Telkom,Western Cape,Cape Town,CPT-BEL-007,CPT-BEL-007-A,RAN,99.37,99.07375,0.29625000000000057,99.09,0.09,98.4,38.67,37.891875,-2.053540501756651,12.5,52.3,-90.1,-8.9,15.3,55.17,45,6,7,1,0.55,0,0,0,0,0,normal,,0.0,normal
2026-09-15 21:00:00,Telkom,Western Cape,Cape Town,CPT-BEL-007,CPT-BEL-007-A,RAN,98.83,99.07374999999999,-0.24374999999999147,98.79,0.56,97.64,39.2,38.275,-2.4167210973220232,11.82,51.4,-88.3,-12.1,17.2,51.57,46,4,1,1,0.84,0,0,0,0,0,normal,,0.0,normal
2026-09-15 21:15:00,Telkom,Western Cape,Cape Town,CPT-BEL-007,CPT-BEL-007-A,RAN,98.58,99.030625,-0.4506250000000023,98.87,0.8,99.2,38.56,38.040625,-1.3653166844656304,11.8,57.1,-83.0,-11.0,15.7,55.55,40,6,6,3,1.36,133,0,0,0,0,normal,,0.0,normal
2026-09-15 21:30:00,Telkom,Western Cape,Cape Town,CPT-BEL-007,CPT-BEL-007-A,RAN,98.87,99.033125,-0.16312499999999375,98.16,0.74,98.68,42.61,37.8425,-12.598269141837875,12.89,60.8,-83.1,-9.3,20.0,52.53,43,5,7,3,1.11,95,0,0,0,0,normal,,0.0,normal
2026-09-15 21:45:00,Telkom,Western Cape,Cape Town,CPT-BEL-007,CPT-BEL-007-A,RAN,99.13,98.98375,0.14624999999999488,98.95,0.6,99.03,40.2,38.269999999999996,-5.0431147112621035,13.44,46.4,-82.3,-8.9,15.3,44.82,44,4,3,3,0.69,5,0,0,0,0,normal,,0.0,normal
2026-09-15 22:00:00,Telkom,Western Cape,Cape Town,CPT-BEL-007,CPT-BEL-007-A,RAN,99.19,98.986875,0.203125,98.84,0.36,98.9,45.78,38.3325,-19.428683232244172,12.73,58.3,-87.5,-8.6,19.5,48.51,41,0,6,0,0.89,72,1,0,0,0,normal,,0.0,normal
2026-09-15 22:15:00,Telkom,Western Cape,Cape Town,CPT-BEL-007,CPT-BEL-007-A,RAN,98.37,99.02375,-0.6537500000000023,98.69,0.05,97.51,31.08,39.226875,20.76860570718417,11.62,56.0,-90.9,-11.9,16.1,62.47,38,11,3,0,1.48,76,1,0,0,0,normal,,0.0,normal
2026-09-15 22:30:00,Telkom,Western Cape,Cape Town,CPT-BEL-007,CPT-BEL-007-A,RAN,99.1,98.94624999999999,0.15375000000000227,99.17,0.31,99.48,43.12,38.971250000000005,-10.64566828110464,14.42,47.1,-87.6,-10.3,18.4,48.69,35,2,5,1,1.03,0,0,0,0,0,normal,,0.0,normal
2026-09-15 22:45:00,Telkom,Western Cape,Cape Town,CPT-BEL-007,CPT-BEL-007-A,RAN,99.68,98.9625,0.7175000000000011,98.49,0.37,98.31,43.81,39.517500000000005,-10.86227620674384,13.98,39.7,-82.6,-9.0,17.1,52.44,25,4,2,1,1.35,0,0,0,0,0,normal,,0.0,normal
2026-09-15 23:00:00,Telkom,Western Cape,Cape Town,CPT-BEL-007,CPT-BEL-007-A,RAN,99.05,99.031875,0.018124999999997726,99.31,0.3,98.41,36.91,40.10875,7.975192445538702,15.15,56.1,-84.8,-11.0,16.6,47.13,33,3,3,1,0.37,70,0,0,0,0,normal,,0.0,normal
2026-09-15 23:15:00,Telkom,Western Cape,Cape Town,CPT-BEL-007,CPT-BEL-007-A,RAN,98.75,99.00062500000001,-0.25062500000001364,99.02,0.46,97.69,38.7,39.730625,2.5940316821092053,12.35,47.6,-83.4,-10.6,16.8,46.95,31,4,3,2,0.54,0,0,0,0,0,normal,,0.0,normal
2026-09-15 23:30:00,Telkom,Western Cape,Cape Town,CPT-BEL-007,CPT-BEL-007-A,RAN,99.41,98.98937500000001,0.4206249999999869,98.8,0.41,98.03,39.65,39.69375,0.1102188631711613,13.75,47.4,-86.4,-8.9,18.4,44.77,29,1,2,0,0.47,100,0,0,0,0,normal,,0.0,normal
2026-09-15 23:45:00,Telkom,Western Cape,Cape Town,CPT-BEL-007,CPT-BEL-007-A,RAN,99.29,99.02125,0.26875000000001137,98.99,0.05,98.55,41.26,39.69125,-3.9523824520517787,12.32,42.4,-85.6,-10.6,13.9,40.91,26,1,0,0,0.83,0,0,0,0,0,normal,,0.0,normal
2026-09-14 00:00:00,Telkom,Western Cape,Cape Town,CPT-BEL-007,CPT-BEL-007-B,RAN,98.95,98.95,0.0,99.17,0.69,98.48,49.89,49.89,0.0,14.74,44.4,-88.0,-8.9,16.9,33.8,28,2,0,0,0.5,31,0,0,0,0,normal,,0.0,normal
2026-09-14 00:15:00,Telkom,Western Cape,Cape Town,CPT-BEL-007,CPT-BEL-007-B,RAN,98.94,98.95,-0.010000000000005116,99.0,0.18,98.18,40.02,49.89,19.783523752254954,11.25,52.9,-88.7,-9.1,17.0,50.16,28,5,3,1,0.63,0,0,0,0,0,normal,,0.0,normal
2026-09-14 00:30:00,Telkom,Western Cape,Cape Town,CPT-BEL-007,CPT-BEL-007-B,RAN,98.93,98.945,-0.014999999999986358,98.84,0.45,97.72,44.19,44.955,1.7017017017017029,12.77,45.1,-90.3,-8.4,16.8,43.25,39,7,2,0,0.4,111,0,0,0,0,normal,,0.0,normal
2026-09-14 00:45:00,Telkom,Western Cape,Cape Town,CPT-BEL-007,CPT-BEL-007-B,RAN,98.44,98.94,-0.5,99.29,0.61,98.41,44.04,44.699999999999996,1.4765100671140865,14.47,48.0,-88.0,-7.9,20.7,37.4,40,6,1,2,0.19,113,0,0,0,0,normal,,0.0,normal
2026-09-14 01:00:00,Telkom,Western Cape,Cape Town,CPT-BEL-007,CPT-BEL-007-B,RAN,98.92,98.815,0.10500000000000398,98.24,0.72,98.78,41.59,44.535,6.612776467946543,11.04,49.5,-86.2,-8.7,17.3,43.57,32,2,4,2,0.97,35,0,0,0,0,normal,,0.0,normal
2026-09-14 01:15:00,Telkom,Western Cape,Cape Town,CPT-BEL-007,CPT-BEL-007-B,RAN,98.86,98.836,0.02400000000000091,99.34,0.65,97.9,43.17,43.946000000000005,1.7658034860965806,13.48,51.3,-80.1,-10.3,16.5,47.02,37,2,2,2,0.71,55,0,0,0,0,normal,,0.0,normal
2026-09-14 01:30:00,Telkom,Western Cape,Cape Town,CPT-BEL-007,CPT-BEL-007-B,RAN,99.24,98.83999999999999,0.4000000000000057,98.69,0.76,99.14,44.86,43.81666666666666,-2.3811335108406313,12.3,57.6,-86.7,-11.1,16.2,45.45,21,0,0,1,0.62,0,0,0,0,0,normal,,0.0,normal
2026-09-14 01:45:00,Telkom,Western Cape,Cape Town,CPT-BEL-007,CPT-BEL-007-B,RAN,99.72,98.89714285714285,0.8228571428571456,99.2,0.27,99.19,44.44,43.965714285714284,-1.078762672212111,14.56,55.5,-92.2,-9.7,15.3,44.14,28,0,0,0,0.89,51,0,0,0,0,normal,,0.0,normal
2026-09-14 02:00:00,Telkom,Western Cape,Cape Town,CPT-BEL-007,CPT-BEL-007-B,RAN,99.68,99.0,0.6800000000000068,99.07,0.07,98.48,45.35,44.025,-3.0096536059057417,11.88,52.9,-87.5,-10.1,17.8,48.84,35,2,2,0,0.12,140,0,0,0,0,normal,,0.0,normal
2026-09-14 02:15:00,Telkom,Western Cape,Cape Town,CPT-BEL-007,CPT-BEL-007-B,RAN,99.43,99.07555555555557,0.35444444444443945,99.05,0.56,98.49,33.39,44.172222222222224,24.409508237957493,10.7,48.6,-90.3,-10.1,14.2,47.52,36,2,2,2,0.37,28,0,0,0,0,normal,,0.0,normal
2026-09-14 02:30:00,Telkom,Western Cape,Cape Town,CPT-BEL-007,CPT-BEL-007-B,RAN,99.32,99.111,0.20899999999998897,98.88,0.59,97.97,49.87,43.094,-15.723766649649596,14.39,36.4,-89.5,-9.3,13.3,34.25,22,0,0,1,1.04,41,0,0,0,0,normal,,0.0,normal
2026-09-14 02:45:00,Telkom,Western Cape,Cape Town,CPT-BEL-007,CPT-BEL-007-B,RAN,99.3,99.13000000000001,0.1699999999999875,98.51,0.51,98.27,42.36,43.71,3.088538091969804,11.08,53.7,-85.5,-9.6,16.2,49.38,27,2,5,2,0.95,0,0,0,0,0,normal,,0.0,normal
2026-09-14 03:00:00,Telkom,Western Cape,Cape Town,CPT-BEL-007,CPT-BEL-007-B,RAN,99.07,99.14416666666666,-0.07416666666667027,98.27,0.56,98.05,47.27,43.5975,-8.423648144962456,12.86,55.0,-84.9,-11.7,19.8,38.7,29,3,1,2,0.1,97,0,0,0,0,normal,,0.0,normal
2026-09-14 03:15:00,Telkom,Western Cape,Cape Town,CPT-BEL-007,CPT-BEL-007-B,RAN,99.48,99.13846153846154,0.34153846153846246,98.74,0.44,99.06,47.49,43.88,-8.22698268003646,12.88,54.1,-91.4,-7.5,15.2,47.06,38,0,1,0,0.8,115,0,0,0,0,normal,,0.0,normal
2026-09-14 03:30:00,Telkom,Western Cape,Cape Town,CPT-BEL-007,CPT-BEL-007-B,RAN,98.96,99.16285714285713,-0.20285714285714107,98.59,0.6,98.6,41.16,44.13785714285715,6.746718884016012,9.32,54.0,-85.9,-9.2,19.4,55.13,41,6,5,1,0.59,20,0,0,0,0,normal,,0.0,normal
2026-09-14 03:45:00,Telkom,Western Cape,Cape Town,CPT-BEL-007,CPT-BEL-007-B,RAN,98.67,99.14933333333333,-0.4793333333333294,98.63,0.7,98.37,46.0,43.93933333333334,-4.689799572137331,12.82,55.6,-82.5,-8.8,15.2,38.5,31,5,2,3,0.35,0,0,0,0,0,normal,,0.0,normal
2026-09-14 04:00:00,Telkom,Western Cape,Cape Town,CPT-BEL-007,CPT-BEL-007-B,RAN,99.58,99.119375,0.4606249999999932,98.71,0.51,98.08,39.22,44.068125,11.001432441248642,13.48,51.8,-85.4,-10.9,15.8,49.77,36,2,2,2,0.44,14,0,0,0,0,normal,,0.0,normal
2026-09-14 04:15:00,Telkom,Western Cape,Cape Town,CPT-BEL-007,CPT-BEL-007-B,RAN,99.27,99.15875,0.1112499999999983,99.2,0.39,98.33,40.56,43.401250000000005,6.546470435759344,12.59,53.6,-85.4,-8.8,17.5,40.33,39,1,3,0,0.74,109,0,0,0,0,normal,,0.0,normal
2026-09-14 04:30:00,Telkom,Western Cape,Cape Town,CPT-BEL-007,CPT-BEL-007-B,RAN,98.94,99.179375,-0.23937499999999545,98.55,0.4,97.41,43.09,43.435,0.7942903188672703,13.33,52.2,-84.1,-10.4,14.4,43.23,29,4,2,1,1.65,0,0,0,0,0,normal,,0.0,normal
2026-09-14 04:45:00,Telkom,Western Cape,Cape Town,CPT-BEL-007,CPT-BEL-007-B,RAN,99.25,99.18,0.06999999999999318,98.44,0.27,98.16,48.32,43.36625,-11.42305364194506,13.18,53.0,-84.7,-10.1,18.4,45.91,42,2,2,1,0.42,238,0,0,0,0,normal,,0.0,normal
2026-09-14 05:00:00,Telkom,Western Cape,Cape Town,CPT-BEL-007,CPT-BEL-007-B,RAN,98.74,99.230625,-0.4906250000000085,98.76,0.81,98.6,42.95,43.63375,1.5670209413584584,13.56,47.6,-88.5,-12.2,16.1,51.65,39,3,2,5,0.46,0,0,0,0,0,normal,,0.0,normal
2026-09-14 05:15:00,Telkom,Western Cape,Cape Town,CPT-BEL-007,CPT-BEL-007-B,RAN,99.32,99.219375,0.10062499999999375,98.73,0.44,99.58,37.9,43.71875,13.309506790564694,12.91,49.3,-88.2,-9.2,14.3,51.63,37,1,6,2,0.91,71,0,0,0,0,normal,,0.0,normal
2026-09-14 05:30:00,Telkom,Western Cape,Cape Town,CPT-BEL-007,CPT-BEL-007-B,RAN,98.87,99.248125,-0.37812499999999716,99.14,0.77,97.74,45.81,43.389375,-5.578842746640165,13.1,54.7,-83.5,-8.1,14.9,43.45,35,5,0,5,0.88,0,0,0,0,0,normal,,0.0,normal
2026-09-14 05:45:00,Telkom,Western Cape,Cape Town,CPT-BEL-007,CPT-BEL-007-B,RAN,99.18,99.225,-0.044999999999987494,98.54,0.62,98.16,43.01,43.448750000000004,1.0098104088149968,9.46,42.8,-84.6,-11.4,17.0,50.77,37,3,4,2,0.91,60,0,0,0,0,normal,,0.0,normal
2026-09-14 06:00:00,Telkom,Western Cape,Cape Town,CPT-BEL-007,CPT-BEL-007-B,RAN,99.01,99.19125,-0.18124999999999147,98.7,0.4,98.92,37.59,43.359375,13.305945945945938,12.01,68.1,-82.1,-8.7,17.9,48.6,35,5,3,2,1.1,110,0,0,0,0,normal,,0.0,normal
2026-09-14 06:15:00,Telkom,Western Cape,Cape Town,CPT-BEL-007,CPT-BEL-007-B,RAN,98.86,99.14937499999999,-0.2893749999999926,99.3,0.5,99.61,48.31,42.874375,-12.678027376492373,12.26,41.4,-83.5,-9.5,19.8,43.44,37,4,2,3,0.85,38,0,0,0,0,normal,,0.0,normal
2026-09-14 06:30:00,Telkom,Western Cape,Cape Town,CPT-BEL-007,CPT-BEL-007-B,RAN,99.01,99.11375000000001,-0.10375000000000512,99.67,0.47,97.92,40.61,43.806875,7.297655904467047,12.86,48.0,-87.9,-10.1,14.9,45.76,32,4,0,2,0.73,13,0,0,0,0,normal,,0.0,normal
2026-09-14 06:45:00,Telkom,Western Cape,Cape Town,CPT-BEL-007,CPT-BEL-007-B,RAN,99.53,99.094375,0.4356250000000017,98.48,0.84,98.87,46.88,43.228125,-8.447914407576096,12.74,44.4,-89.7,-10.4,14.7,49.66,44,0,4,3,0.56,72,0,0,0,0,normal,,0.0,normal
2026-09-14 07:00:00,Telkom,Western Cape,Cape Town,CPT-BEL-007,CPT-BEL-007-B,RAN,99.16,99.10875,0.05124999999999602,98.69,0.35,99.59,31.65,43.510625000000005,27.259146472844286,11.47,53.3,-89.4,-12.8,16.3,51.01,38,3,5,0,1.0,74,0,0,0,0,normal,,0.0,normal
2026-09-14 07:15:00,Telkom,Western Cape,Cape Town,CPT-BEL-007,CPT-BEL-007-B,RAN,99.26,99.114375,0.14562500000000966,98.96,0.59,98.12,41.06,42.534375,3.466314010726607,12.38,55.4,-85.0,-8.9,15.8,46.06,38,1,5,1,0.28,0,0,0,0,0,normal,,0.0,normal
2026-09-14 07:30:00,Telkom,Western Cape,Cape Town,CPT-BEL-007,CPT-BEL-007-B,RAN,99.06,99.10062500000001,-0.040625000000005684,99.15,0.37,98.77,33.13,42.1325,21.3671156470658,9.7,54.2,-86.0,-10.6,17.4,53.86,48,1,0,2,0.52,0,0,0,0,0,normal,,0.0,normal
2026-09-14 07:45:00,Telkom,Western Cape,Cape Town,CPT-BEL-007,CPT-BEL-007-B,RAN,99.08,99.106875,-0.02687500000000398,98.19,0.76,98.73,41.04,41.630625,1.4187271990271653,12.77,51.3,-85.2,-10.5,19.6,49.27,44,4,12,5,0.88,16,0,0,0,0,normal,,0.0,normal
2026-09-14 08:00:00,Telkom,Western Cape,Cape Town,CPT-BEL-007,CPT-BEL-007-B,RAN,99.02,99.1325,-0.11249999999999716,98.75,0.67,98.29,40.71,41.320625,1.4777729039674468,13.47,69.2,-87.2,-10.1,18.3,54.85,48,3,1,1,1.32,30,0,0,0,0,normal,,0.0,normal
2026-09-14 08:15:00,Telkom,Western Cape,Cape Town,CPT-BEL-007,CPT-BEL-007-B,RAN,99.01,99.0975,-0.08749999999999147,99.39,0.45,99.76,44.53,41.41375000000001,-7.5246747758896335,12.14,45.4,-85.4,-10.0,13.7,51.81,47,6,1,1,0.49,0,0,0,0,0,normal,,0.0,normal
2026-09-14 08:30:00,Telkom,Western Cape,Cape Town,CPT-BEL-007,CPT-BEL-007-B,RAN,99.2,99.08125,0.11875000000000568,98.74,0.46,98.53,37.06,41.661875,11.04577026358031,9.65,67.0,-84.5,-8.3,15.0,64.42,47,4,2,3,0.38,0,1,0,0,0,normal,,0.0,normal
2026-09-14 08:45:00,Telkom,Western Cape,Cape Town,CPT-BEL-007,CPT-BEL-007-B,RAN,99.41,99.0975,0.3125,98.95,0.51,97.91,37.93,41.285,8.126438173670818,12.31,54.1,-87.4,-9.1,19.2,53.08,45,3,3,2,1.38,55,1,0,0,0,normal,,0.0,normal
2026-09-14 09:00:00,Telkom,Western Cape,Cape Town,CPT-BEL-007,CPT-BEL-007-B,RAN,99.6,99.1075,0.4924999999999926,97.75,0.21,98.56,38.27,40.635625000000005,5.821554362705141,13.64,49.5,-85.9,-8.0,15.7,55.61,55,3,6,1,0.6,63,1,0,0,0,normal,,0.0,normal
2026-09-14 09:15:00,Telkom,Western Cape,Cape Town,CPT-BEL-007,CPT-BEL-007-B,RAN,99.9,99.16125,0.7387500000000102,98.67,0.53,98.4,39.41,40.343125,2.3129715409998703,14.6,50.7,-85.4,-9.6,16.3,54.84,57,0,6,3,0.67,0,1,0,0,0,normal,,0.0,normal
2026-09-14 09:30:00,Telkom,Western Cape,Cape Town,CPT-BEL-007,CPT-BEL-007-B,RAN,99.28,99.1975,0.08249999999999602,99.61,1.16,99.5,28.72,40.4375,28.976816074188566,9.52,56.3,-82.3,-10.3,12.5,66.55,64,6,3,7,0.81,80,0,0,0,0,normal,,0.0,normal
2026-09-14 09:45:00,Telkom,Western Cape,Cape Town,CPT-BEL-007,CPT-BEL-007-B,RAN,99.48,99.22312500000001,0.25687499999999375,98.75,0.83,98.05,35.82,39.369375,9.015573653379048,10.8,56.9,-90.2,-11.0,18.7,50.08,52,1,7,4,0.89,68,0,0,0,0,normal,,0.0,normal
2026-09-14 10:00:00,Telkom,Western Cape,Cape Town,CPT-BEL-007,CPT-BEL-007-B,RAN,98.58,99.24187500000001,-0.6618750000000091,99.2,0.67,97.77,44.23,38.92,-13.643371017471722,10.15,48.5,-84.8,-9.4,16.9,59.49,53,11,4,5,0.1,111,0,0,0,0,normal,,0.0,normal
2026-09-14 10:15:00,Telkom,Western Cape,Cape Town,CPT-BEL-007,CPT-BEL-007-B,RAN,99.42,99.215,0.2049999999999983,98.74,0.54,98.3,43.89,39.335,-11.580017795856106,13.13,47.1,-92.3,-11.5,21.6,51.92,49,0,3,1,1.24,0,0,0,0,0,normal,,0.0,normal
2026-09-14 10:30:00,Telkom,Western Cape,Cape Town,CPT-BEL-007,CPT-BEL-007-B,RAN,98.69,99.25,-0.5600000000000023,98.86,0.09,98.57,41.84,39.05875,-7.12068358562422,11.27,56.0,-87.1,-11.2,15.4,50.48,52,9,6,0,0.9,4,0,0,0,0,normal,,0.0,normal
2026-09-14 10:45:00,Telkom,Western Cape,Cape Town,CPT-BEL-007,CPT-BEL-007-B,RAN,99.41,99.22999999999999,0.18000000000000682,99.06,0.42,98.71,35.46,39.135625,9.392018142038097,11.24,57.5,-90.2,-10.9,16.7,60.06,57,1,3,0,0.45,31,0,0,0,0,normal,,0.0,normal
2026-09-14 11:00:00,Telkom,Western Cape,Cape Town,CPT-BEL-007,CPT-BEL-007-B,RAN,98.88,99.2225,-0.34250000000000114,98.34,0.31,98.24,39.35,38.421875,-2.4156161041073645,8.37,54.8,-89.5,-8.8,16.9,60.38,58,4,3,1,1.25,0,0,0,0,0,normal,,0.0,normal
2026-09-14 11:15:00,Telkom,Western Cape,Cape Town,CPT-BEL-007,CPT-BEL-007-B,RAN,99.34,99.20500000000001,0.1349999999999909,98.65,0.52,98.47,36.13,38.903125,7.128283396256728,12.0,65.8,-87.5,-9.2,16.1,68.54,62,3,9,4,0.87,58,0,0,0,0,normal,,0.0,normal
2026-09-14 11:30:00,Telkom,Western Cape,Cape Town,CPT-BEL-007,CPT-BEL-007-B,RAN,99.43,99.21,0.22000000000001307,98.5,0.42,98.05,37.72,38.595,2.2671330483223215,10.21,58.7,-86.3,-9.4,14.1,61.21,63,5,7,3,0.51,219,0,0,0,0,normal,,0.0,normal
2026-09-14 11:45:00,Telkom,Western Cape,Cape Town,CPT-BEL-007,CPT-BEL-007-B,RAN,98.94,99.233125,-0.2931250000000034,99.43,0.31,98.37,41.65,38.881875,-7.119319734452101,12.74,48.7,-87.1,-9.0,20.1,50.09,51,7,6,0,1.18,0,0,0,0,0,normal,,0.0,normal
2026-09-14 12:00:00,Telkom,Western Cape,Cape Town,CPT-BEL-007,CPT-BEL-007-B,RAN,99.61,99.22437500000001,0.38562499999999034,99.39,0.11,98.2,45.81,38.92,-17.702980472764647,13.85,60.1,-87.3,-8.8,15.5,54.94,48,0,0,0,1.07,69,0,0,0,0,normal,,0.0,normal
2026-09-14 12:15:00,Telkom,Western Cape,Cape Town,CPT-BEL-007,CPT-BEL-007-B,RAN,99.32,99.26125,0.0587499999999892,98.53,0.12,98.95,33.9,39.238749999999996,13.605810582651074,13.2,60.0,-87.2,-10.5,17.5,60.85,54,4,3,0,0.49,132,0,0,1,0,normal,,0.0,normal
2026-09-14 12:30:00,Telkom,Western Cape,Cape Town,CPT-BEL-007,CPT-BEL-007-B,RAN,98.58,99.280625,-0.7006250000000023,98.76,0.88,98.49,36.06,38.574374999999996,6.5182520779662525,9.93,55.7,-86.2,-10.8,16.5,68.38,56,5,4,6,0.68,231,0,0,1,0,normal,,0.0,normal
2026-09-14 12:45:00,Telkom,Western Cape,Cape Town,CPT-BEL-007,CPT-BEL-007-B,RAN,99.09,99.241875,-0.15187499999998977,98.91,0.45,98.89,40.07,38.511875,-4.045830019961367,11.61,59.9,-84.8,-8.5,17.9,50.48,49,2,1,2,0.32,0,0,0,1,0,normal,,0.0,normal
2026-09-14 13:00:00,Telkom,Western Cape,Cape Town,CPT-BEL-007,CPT-BEL-007-B,RAN,99.25,99.221875,0.028125000000002842,98.86,0.69,98.83,42.1,38.645624999999995,-8.938592660876894,14.03,48.0,-84.5,-9.5,18.5,55.04,47,3,2,4,0.76,64,0,0,1,0,normal,,0.0,normal
2026-09-14 13:15:00,Telkom,Western Cape,Cape Town,CPT-BEL-007,CPT-BEL-007-B,RAN,99.9,99.2,0.7000000000000028,98.36,0.36,99.12,36.58,38.885,5.927735630705927,11.06,55.8,-87.2,-11.4,17.3,56.84,49,1,8,0,0.54,130,0,0,0,0,normal,,0.0,normal
2026-09-14 13:30:00,Telkom,Western Cape,Cape Town,CPT-BEL-007,CPT-BEL-007-B,RAN,99.22,99.19999999999999,0.020000000000010232,98.98,0.51,99.4,34.63,38.708125,10.535578770606946,12.35,55.3,-88.1,-12.3,21.0,59.01,46,1,1,1,0.51,129,0,0,0,0,normal,,0.0,normal
2026-09-14 13:45:00,Telkom,Western Cape,Cape Town,CPT-BEL-007,CPT-BEL-007-B,RAN,99.3,99.19624999999999,0.10375000000000512,99.27,0.82,97.93,36.16,39.0775,7.465933081696638,9.43,47.6,-83.4,-9.9,15.3,45.94,42,1,1,2,0.92,135,0,0,0,0,normal,,0.0,normal
2026-09-14 14:00:00,Telkom,Western Cape,Cape Town,CPT-BEL-007,CPT-BEL-007-B,RAN,98.99,99.185,-0.1950000000000074,98.17,0.69,99.05,45.8,39.098749999999995,-17.139294734486402,15.09,53.6,-87.0,-12.2,15.6,44.38,42,0,7,2,0.44,93,0,0,0,0,normal,,0.0,normal
2026-09-14 14:15:00,Telkom,Western Cape,Cape Town,CPT-BEL-007,CPT-BEL-007-B,RAN,98.9,99.210625,-0.3106249999999875,98.93,0.53,98.84,33.34,39.196875000000006,14.94219883600415,12.22,68.3,-82.2,-10.3,18.6,53.61,40,4,1,2,0.19,7,0,0,0,0,normal,,0.0,normal
2026-09-14 14:30:00,Telkom,Western Cape,Cape Town,CPT-BEL-007,CPT-BEL-007-B,RAN,99.26,99.178125,0.0818750000000108,98.19,0.4,98.47,42.0,38.537499999999994,-8.984755108660412,13.71,51.6,-86.7,-9.9,21.3,46.6,45,2,6,3,0.92,0,0,0,0,0,normal,,0.0,normal
2026-09-14 14:45:00,Telkom,Western Cape,Cape Town,CPT-BEL-007,CPT-BEL-007-B,RAN,98.87,99.21374999999999,-0.3437499999999858,98.23,0.65,98.98,43.68,38.5475,-13.314741552629872,16.27,61.6,-83.7,-11.1,16.7,52.96,43,5,3,1,0.44,111,0,0,0,0,normal,,0.0,normal
2026-09-14 15:00:00,Telkom,Western Cape,Cape Town,CPT-BEL-007,CPT-BEL-007-B,RAN,97.89,99.18,-1.2900000000000063,98.9,0.5,98.26,33.73,39.06125,13.648436749976009,12.92,54.0,-87.2,-8.9,14.7,59.38,51,11,3,0,1.08,24,0,0,0,0,normal,,0.0,normal
2026-09-14 15:15:00,Telkom,Western Cape,Cape Town,CPT-BEL-007,CPT-BEL-007-B,RAN,99.68,99.11812499999999,0.5618750000000148,98.95,1.09,98.21,34.11,38.71,11.883234306380784,14.07,58.4,-92.5,-11.0,18.7,59.28,46,0,1,3,0.66,60,0,0,0,0,normal,,0.0,normal
2026-09-14 15:30:00,Telkom,Western Cape,Cape Town,CPT-BEL-007,CPT-BEL-007-B,RAN,98.52,99.139375,-0.6193750000000051,99.09,0.23,98.52,38.33,38.583749999999995,0.6576602844461635,12.62,48.4,-84.0,-11.1,11.1,46.62,50,4,3,0,0.36,0,0,0,0,0,normal,,0.0,normal
2026-09-14 15:45:00,Telkom,Western Cape,Cape Town,CPT-BEL-007,CPT-BEL-007-B,RAN,98.61,99.0825,-0.4724999999999966,98.86,0.23,98.6,37.11,38.621874999999996,3.914556193866808,9.42,44.1,-85.8,-8.6,15.0,51.51,44,6,0,1,0.52,0,0,0,0,0,normal,,0.0,normal
2026-09-14 16:00:00,Telkom,Western Cape,Cape Town,CPT-BEL-007,CPT-BEL-007-B,RAN,99.45,99.06187500000001,0.38812499999998806,98.53,0.47,97.92,31.34,38.338125,18.25369654880096,9.9,58.8,-84.5,-9.6,11.8,68.06,56,3,0,1,0.6,0,0,0,0,0,normal,,0.0,normal
2026-09-14 16:15:00,Telkom,Western Cape,Cape Town,CPT-BEL-007,CPT-BEL-007-B,RAN,99.48,99.051875,0.4281250000000085,98.5,0.49,98.67,38.85,37.43375,-3.783350586035324,9.88,62.8,-83.6,-9.7,18.8,57.55,46,2,4,4,0.65,0,0,0,0,0,normal,,0.0,normal
2026-09-14 16:30:00,Telkom,Western Cape,Cape Town,CPT-BEL-007,CPT-BEL-007-B,RAN,98.78,99.061875,-0.28187499999999943,99.56,0.31,98.82,28.87,37.743125000000006,23.50924837304808,12.43,56.3,-85.7,-8.7,14.3,66.4,57,6,2,1,1.32,77,0,0,0,0,normal,,0.0,normal
2026-09-14 16:45:00,Telkom,Western Cape,Cape Town,CPT-BEL-007,CPT-BEL-007-B,RAN,98.7,99.07437499999999,-0.37437499999998636,99.48,0.59,98.43,37.2,37.293749999999996,0.25138260432376175,15.28,51.1,-83.9,-8.8,19.6,53.91,51,5,2,2,0.55,90,0,0,0,0,normal,,0.0,normal
2026-09-14 17:00:00,Telkom,Western Cape,Cape Town,CPT-BEL-007,CPT-BEL-007-B,RAN,98.03,99.05,-1.019999999999996,98.38,0.6,98.08,45.28,37.114374999999995,-22.00124614788746,11.42,58.1,-83.2,-9.6,15.0,46.09,48,10,4,2,0.45,0,0,0,0,0,normal,,0.0,normal
2026-09-14 17:15:00,Telkom,Western Cape,Cape Town,CPT-BEL-007,CPT-BEL-007-B,RAN,99.1,98.97375,0.12624999999999886,98.75,0.56,99.36,32.33,37.313125,13.35488517780272,11.59,61.8,-86.1,-11.1,18.9,58.64,51,7,6,2,0.97,71,0,0,0,0,normal,,0.0,normal
2026-09-14 17:30:00,Telkom,Western Cape,Cape Town,CPT-BEL-007,CPT-BEL-007-B,RAN,98.45,98.92375,-0.47374999999999545,99.17,0.44,98.65,34.02,37.0475,8.17194142654699,11.23,55.9,-86.5,-9.8,14.8,56.92,54,9,2,3,1.38,138,0,0,0,0,normal,,0.0,normal
2026-09-14 17:45:00,Telkom,Western Cape,Cape Town,CPT-BEL-007,CPT-BEL-007-B,RAN,99.1,98.87562500000001,0.22437499999998067,98.36,1.0,98.48,36.56,37.009375,1.2142193700920276,15.26,40.0,-83.4,-9.0,18.5,51.87,53,3,5,6,0.69,0,0,0,0,0,normal,,0.0,normal
2026-09-14 18:00:00,Telkom,Western Cape,Cape Town,CPT-BEL-007,CPT-BEL-007-B,RAN,99.36,98.863125,0.49687500000000284,98.8,0.51,98.8,32.13,37.034375000000004,13.242764323685769,11.52,47.6,-85.7,-10.1,17.9,63.23,48,0,8,3,0.56,55,0,0,0,0,normal,,0.0,normal
2026-09-14 18:15:00,Telkom,Western Cape,Cape Town,CPT-BEL-007,CPT-BEL-007-B,RAN,98.96,98.88625,0.07374999999998977,99.04,0.58,98.78,37.91,36.18,-4.781647318960744,11.68,56.0,-84.3,-8.9,18.0,50.43,47,5,2,1,0.63,0,0,0,0,0,normal,,0.0,normal
2026-09-14 18:30:00,Telkom,Western Cape,Cape Town,CPT-BEL-007,CPT-BEL-007-B,RAN,98.47,98.89,-0.4200000000000017,99.03,0.25,98.38,37.59,36.465625,-3.083383323335334,12.6,59.5,-86.5,-8.6,17.4,53.5,54,3,0,0,0.75,159,0,0,0,0,normal,,0.0,normal
2026-09-14 18:45:00,Telkom,Western Cape,Cape Town,CPT-BEL-007,CPT-BEL-007-B,RAN,98.76,98.840625,-0.08062499999999773,99.23,0.92,97.3,38.03,36.190000000000005,-5.084277424702946,11.93,53.0,-87.1,-9.1,16.1,61.8,45,7,3,2,0.14,38,0,0,0,0,normal,,0.0,normal
2026-09-14 19:00:00,Telkom,Western Cape,Cape Town,CPT-BEL-007,CPT-BEL-007-B,RAN,99.53,98.83375,0.6962500000000063,99.32,0.56,98.52,26.88,35.836875,24.993459948726,12.13,42.5,-84.5,-9.0,16.9,68.0,47,0,4,0,0.82,0,0,0,0,0,normal,,0.0,normal
2026-09-14 19:15:00,Telkom,Western Cape,Cape Town,CPT-BEL-007,CPT-BEL-007-B,RAN,99.64,98.93625,0.7037499999999994,99.2,0.5,98.7,46.73,35.40875,-31.9730292653652,15.73,59.4,-83.2,-9.8,15.7,52.48,46,0,4,2,0.47,130,0,0,0,0,normal,,0.0,normal
2026-09-14 19:30:00,Telkom,Western Cape,Cape Town,CPT-BEL-007,CPT-BEL-007-B,RAN,98.91,98.93375,-0.02375000000000682,98.51,0.47,99.19,30.0,36.197500000000005,17.121348159403286,12.97,59.8,-89.2,-10.2,14.8,54.93,48,6,5,5,0.78,67,0,0,0,0,normal,,0.0,normal
2026-09-14 19:45:00,Telkom,Western Cape,Cape Town,CPT-BEL-007,CPT-BEL-007-B,RAN,98.69,98.958125,-0.2681249999999977,98.97,0.05,98.63,38.18,35.676875,-7.016099364083869,13.31,47.0,-85.7,-11.3,18.0,54.1,39,0,3,0,0.8,0,0,0,0,0,normal,,0.0,normal
2026-09-14 20:00:00,Telkom,Western Cape,Cape Town,CPT-BEL-007,CPT-BEL-007-B,RAN,99.01,98.96312499999999,0.04687500000001421,98.31,0.95,98.03,47.03,35.74375,-31.575450253540836,15.12,50.2,-87.0,-10.3,19.3,50.01,48,3,4,3,0.35,53,0,0,0,0,normal,,0.0,normal
2026-09-14 20:15:00,Telkom,Western Cape,Cape Town,CPT-BEL-007,CPT-BEL-007-B,RAN,99.05,98.935625,0.11437499999999545,98.34,0.08,98.83,40.45,36.724375,-10.144828877278377,13.45,60.1,-82.7,-9.7,20.7,53.02,43,1,2,2,1.19,60,0,0,0,0,normal,,0.0,normal
2026-09-14 20:30:00,Telkom,Western Cape,Cape Town,CPT-BEL-007,CPT-BEL-007-B,RAN,99.07,98.90875,0.16124999999999545,98.92,0.27,99.66,42.64,36.824374999999996,-15.792868174952066,10.69,59.9,-86.7,-10.2,20.1,52.43,48,1,3,1,1.07,47,0,0,0,0,normal,,0.0,normal
2026-09-14 20:45:00,Telkom,Western Cape,Cape Town,CPT-BEL-007,CPT-BEL-007-B,RAN,99.2,98.92687500000001,0.2731249999999932,98.61,0.78,98.04,45.05,37.685,-19.543584980761562,13.42,54.5,-87.1,-10.7,16.2,49.87,39,2,4,4,0.17,148,0,0,0,0,normal,,0.0,normal
2026-09-14 21:00:00,Telkom,Western Cape,Cape Town,CPT-BEL-007,CPT-BEL-007-B,RAN,99.41,98.958125,0.45187500000000114,98.79,0.37,98.67,38.94,38.175625000000004,-2.0022592950344467,12.25,42.2,-82.1,-9.8,16.8,55.28,42,2,5,0,0.93,55,0,0,0,0,normal,,0.0,normal
2026-09-14 21:15:00,Telkom,Western Cape,Cape Town,CPT-BEL-007,CPT-BEL-007-B,RAN,99.9,99.044375,0.8556250000000034,98.96,0.36,98.83,37.57,37.779375,0.5542045097358054,13.57,51.8,-85.7,-10.4,17.2,49.58,37,0,0,1,1.21,0,0,0,0,0,normal,,0.0,normal
2026-09-14 21:30:00,Telkom,Western Cape,Cape Town,CPT-BEL-007,CPT-BEL-007-B,RAN,99.78,99.094375,0.6856250000000017,98.39,0.58,98.49,48.44,38.106875,-27.11616998245066,13.18,47.2,-82.9,-9.9,16.5,43.97,36,1,4,0,0.14,0,1,0,0,0,normal,,0.0,normal
2026-09-14 21:45:00,Telkom,Western Cape,Cape Town,CPT-BEL-007,CPT-BEL-007-B,RAN,99.66,99.1775,0.4825000000000017,98.57,0.34,98.32,44.57,39.008125,-14.258247480492848,18.93,48.7,-81.9,-10.9,20.5,47.28,39,0,4,0,0.78,50,1,0,0,0,normal,,0.0,normal
2026-09-14 22:00:00,Telkom,Western Cape,Cape Town,CPT-BEL-007,CPT-BEL-007-B,RAN,98.84,99.21249999999999,-0.37249999999998806,99.17,0.56,99.53,35.91,39.50875,9.108741734425925,14.7,58.9,-89.5,-12.5,15.3,60.19,43,2,3,2,1.25,43,1,0,0,0,normal,,0.0,normal
2026-09-14 22:15:00,Telkom,Western Cape,Cape Town,CPT-BEL-007,CPT-BEL-007-B,RAN,98.31,99.18,-0.8700000000000045,99.21,0.31,97.98,42.82,39.745,-7.736822241791427,14.13,53.3,-85.9,-10.2,16.5,40.63,33,4,3,0,0.66,114,1,0,0,0,normal,,0.0,normal
2026-09-14 22:30:00,Telkom,Western Cape,Cape Town,CPT-BEL-007,CPT-BEL-007-B,RAN,98.65,99.139375,-0.48937499999999545,99.49,0.13,97.99,51.65,40.051875,-28.95775790771342,12.52,57.1,-79.9,-11.6,15.8,39.51,34,5,1,0,0.69,0,1,0,0,0,normal,,0.0,normal
2026-09-14 22:45:00,Telkom,Western Cape,Cape Town,CPT-BEL-007,CPT-BEL-007-B,RAN,99.37,99.150625,0.21937499999999943,99.02,0.84,98.74,39.97,40.930625,2.346959031287698,10.97,58.6,-84.8,-9.1,17.3,45.2,34,1,0,2,0.73,0,1,0,0,0,normal,,0.0,normal
2026-09-14 23:00:00,Telkom,Western Cape,Cape Town,CPT-BEL-007,CPT-BEL-007-B,RAN,99.52,99.18875,0.33124999999999716,98.35,0.77,99.27,45.39,41.051875,-10.567422316276657,11.5,45.6,-85.9,-10.6,18.1,39.57,29,1,5,2,1.04,76,1,0,0,0,normal,,0.0,normal
2026-09-14 23:15:00,Telkom,Western Cape,Cape Town,CPT-BEL-007,CPT-BEL-007-B,RAN,99.1,99.188125,-0.08812500000000512,99.63,0.19,97.83,42.84,42.20875,-1.4955429857553266,12.7,57.4,-89.2,-8.7,14.4,46.36,34,0,0,0,0.67,3,1,0,0,0,normal,,0.0,normal
2026-09-14 23:30:00,Telkom,Western Cape,Cape Town,CPT-BEL-007,CPT-BEL-007-B,RAN,98.93,99.154375,-0.22437499999999488,98.74,0.44,98.62,39.5,41.965624999999996,5.875344403901994,9.75,53.1,-84.8,-8.6,14.2,52.18,40,4,5,0,0.64,0,0,0,0,0,normal,,0.0,normal
2026-09-14 23:45:00,Telkom,Western Cape,Cape Town,CPT-BEL-007,CPT-BEL-007-B,RAN,98.95,99.155625,-0.20562499999999773,98.36,0.89,99.04,44.38,42.559374999999996,-4.2778471253396155,15.07,58.1,-84.2,-11.3,16.5,41.26,27,0,2,1,2.05,89,0,0,0,0,normal,,0.2,normal
2026-09-15 00:00:00,Telkom,Western Cape,Cape Town,CPT-BEL-007,CPT-BEL-007-B,RAN,99.5,99.171875,0.328125,98.71,0.72,98.88,38.97,42.946875000000006,9.259986902423066,14.34,46.9,-86.6,-11.0,19.5,52.51,29,2,2,0,0.97,95,0,0,0,0,normal,,0.0,normal
2026-09-15 00:15:00,Telkom,Western Cape,Cape Town,CPT-BEL-007,CPT-BEL-007-B,RAN,99.31,99.2025,0.1075000000000017,98.47,0.27,98.72,46.9,42.443124999999995,-10.500817270170385,12.38,52.5,-90.1,-12.9,17.9,37.4,27,0,1,0,0.34,83,0,0,0,0,normal,,0.0,normal
2026-09-15 00:30:00,Telkom,Western Cape,Cape Town,CPT-BEL-007,CPT-BEL-007-B,RAN,99.36,99.21875,0.14124999999999943,98.6,0.36,97.96,35.97,42.84625,16.048662368351955,10.25,45.9,-86.9,-9.2,17.1,54.58,36,3,0,1,0.72,28,0,0,0,0,normal,,0.0,normal
2026-09-15 00:45:00,Telkom,Western Cape,Cape Town,CPT-BEL-007,CPT-BEL-007-B,RAN,99.21,99.236875,-0.02687500000000398,98.66,0.18,98.21,47.78,42.429375,-12.610661835108344,11.76,56.9,-86.7,-9.0,17.2,43.9,39,2,2,0,0.54,117,0,0,0,0,normal,,0.0,normal
2026-09-15 01:00:00,Telkom,Western Cape,Cape Town,CPT-BEL-007,CPT-BEL-007-B,RAN,98.92,99.23750000000001,-0.31750000000000966,98.81,0.47,98.93,45.23,42.599999999999994,-6.1737089201878,11.64,53.7,-88.5,-9.1,14.2,40.92,29,2,6,1,0.17,0,0,0,0,0,normal,,0.0,normal
2026-09-15 01:15:00,Telkom,Western Cape,Cape Town,CPT-BEL-007,CPT-BEL-007-B,RAN,99.19,99.206875,-0.016874999999998863,99.07,0.52,98.46,47.82,42.993125,-11.227085725915483,13.2,49.4,-86.4,-10.9,16.4,47.16,27,2,2,2,1.24,0,1,0,0,0,normal,,0.0,normal
2026-09-15 01:30:00,Telkom,Western Cape,Cape Town,CPT-BEL-007,CPT-BEL-007-B,RAN,99.22,99.1625,0.05750000000000455,98.67,0.36,97.92,40.77,43.63375,6.563153522216165,12.27,56.1,-84.9,-11.2,16.1,46.43,37,1,2,1,0.68,0,1,0,0,0,normal,,0.0,normal
2026-09-15 01:45:00,Telkom,Western Cape,Cape Town,CPT-BEL-007,CPT-BEL-007-B,RAN,99.11,99.1275,-0.017499999999998295,98.64,0.67,98.71,38.15,43.154375,11.59644879574783,13.06,43.3,-89.2,-9.8,16.1,55.76,39,7,5,0,0.38,0,0,0,0,0,normal,,0.0,normal
2026-09-15 02:00:00,Telkom,Western Cape,Cape Town,CPT-BEL-007,CPT-BEL-007-B,RAN,98.81,99.093125,-0.2831249999999983,98.29,0.61,98.98,39.32,42.753125,8.030114757693143,11.54,60.7,-86.2,-9.9,17.0,43.05,24,2,6,0,0.38,78,0,0,0,0,normal,,0.0,normal
2026-09-15 02:15:00,Telkom,Western Cape,Cape Town,CPT-BEL-007,CPT-BEL-007-B,RAN,99.47,99.09125,0.3787499999999966,98.7,0.22,98.38,47.88,42.96625,-11.436301748465365,13.36,50.2,-85.7,-9.9,12.1,43.03,29,5,5,1,0.72,0,0,0,0,0,normal,,0.0,normal
2026-09-15 02:30:00,Telkom,Western Cape,Cape Town,CPT-BEL-007,CPT-BEL-007-B,RAN,99.1,99.16375000000001,-0.06375000000001307,99.54,0.34,97.57,46.38,43.2825,-7.156472015248666,12.11,39.8,-83.8,-9.9,14.6,47.0,34,2,2,0,0.75,0,0,0,0,0,normal,,0.0,normal
2026-09-15 02:45:00,Telkom,Western Cape,Cape Town,CPT-BEL-007,CPT-BEL-007-B,RAN,99.06,99.191875,-0.13187499999999375,98.67,0.83,99.02,46.06,42.953125,-7.233175700254643,15.25,52.9,-91.1,-12.0,13.7,50.82,35,0,4,2,1.03,0,0,0,0,0,normal,,0.0,normal
2026-09-15 03:00:00,Telkom,Western Cape,Cape Town,CPT-BEL-007,CPT-BEL-007-B,RAN,99.9,99.1725,0.7275000000000063,98.57,0.53,98.26,37.37,43.333749999999995,13.762367669541634,13.3,46.4,-84.4,-9.7,14.9,42.89,37,0,3,0,0.42,25,0,0,0,0,normal,,0.0,normal
2026-09-15 03:15:00,Telkom,Western Cape,Cape Town,CPT-BEL-007,CPT-BEL-007-B,RAN,99.3,99.19625,0.1037499999999909,99.25,0.32,98.38,38.34,42.832499999999996,10.488530905270514,11.26,53.7,-83.8,-10.5,13.2,48.95,33,4,1,0,1.01,0,0,0,0,0,normal,,0.0,normal
2026-09-15 03:30:00,Telkom,Western Cape,Cape Town,CPT-BEL-007,CPT-BEL-007-B,RAN,98.36,99.20875,-0.8487499999999955,98.75,0.72,98.33,46.33,42.55125,-8.880467671337493,12.62,53.3,-88.0,-9.4,16.6,38.68,29,4,1,3,0.7,6,0,0,0,0,normal,,0.0,normal
2026-09-15 03:45:00,Telkom,Western Cape,Cape Town,CPT-BEL-007,CPT-BEL-007-B,RAN,98.72,99.173125,-0.453125,99.32,0.6,98.97,37.36,42.978125000000006,13.072057005744215,15.72,48.9,-82.4,-11.0,17.8,45.27,37,2,1,2,0.12,0,0,0,0,0,normal,,0.0,normal
2026-09-15 04:00:00,Telkom,Western Cape,Cape Town,CPT-BEL-007,CPT-BEL-007-B,RAN,98.72,99.15875,-0.43874999999999886,98.96,0.51,97.92,40.84,42.539375,3.994828320820408,12.13,41.9,-87.3,-10.6,15.2,43.28,32,3,3,0,0.82,83,0,0,0,0,normal,,0.0,normal
2026-09-15 04:15:00,Telkom,Western Cape,Cape Town,CPT-BEL-007,CPT-BEL-007-B,RAN,98.56,99.11,-0.5499999999999972,99.02,0.59,98.79,48.63,42.65625,-14.004395604395611,12.49,47.4,-83.6,-11.1,14.1,41.93,32,4,3,1,0.26,266,0,0,0,0,normal,,0.0,normal
2026-09-15 04:30:00,Telkom,Western Cape,Cape Town,CPT-BEL-007,CPT-BEL-007-B,RAN,99.22,99.063125,0.15687499999999943,99.0,0.39,98.66,43.08,42.764375,-0.7380559168700517,13.59,54.5,-81.5,-9.2,17.3,45.23,34,5,1,1,1.06,0,0,0,0,0,normal,,0.0,normal
2026-09-15 04:45:00,Telkom,Western Cape,Cape Town,CPT-BEL-007,CPT-BEL-007-B,RAN,98.98,99.054375,-0.0743749999999892,99.02,0.29,99.08,45.56,43.20875,-5.4416061561605,11.12,62.0,-87.9,-8.2,18.1,47.81,36,10,4,0,0.91,0,0,0,0,0,normal,,0.0,normal
2026-09-15 05:00:00,Telkom,Western Cape,Cape Town,CPT-BEL-007,CPT-BEL-007-B,RAN,99.29,99.03999999999999,0.2500000000000142,98.68,0.21,97.97,44.15,43.07000000000001,-2.5075458555839125,10.5,51.3,-84.5,-8.9,17.5,47.29,38,0,3,1,0.32,126,0,0,0,0,normal,,0.0,normal
2026-09-15 05:15:00,Telkom,Western Cape,Cape Town,CPT-BEL-007,CPT-BEL-007-B,RAN,99.38,99.063125,0.316874999999996,98.38,0.05,98.88,51.02,43.002500000000005,-18.644264868321603,12.84,50.8,-81.9,-10.0,16.7,41.18,35,0,8,1,0.58,0,0,0,0,0,normal,,0.0,normal
2026-09-15 05:30:00,Telkom,Western Cape,Cape Town,CPT-BEL-007,CPT-BEL-007-B,RAN,99.31,99.075,0.23499999999999943,98.53,0.76,99.08,40.0,43.2025,7.412765464961519,12.88,48.6,-90.2,-9.5,18.6,43.19,25,0,0,2,1.09,80,0,0,0,0,normal,,0.0,normal
2026-09-15 05:45:00,Telkom,Western Cape,Cape Town,CPT-BEL-007,CPT-BEL-007-B,RAN,99.6,99.080625,0.5193749999999966,98.83,0.05,97.89,39.69,43.154375,8.027865077411048,11.02,71.4,-87.8,-9.0,17.0,57.29,42,4,2,0,0.81,6,0,0,0,0,normal,,0.0,normal
2026-09-15 06:00:00,Telkom,Western Cape,Cape Town,CPT-BEL-007,CPT-BEL-007-B,RAN,99.32,99.11125000000001,0.20874999999998067,98.69,0.38,98.1,34.83,43.250625,19.469371829886853,11.5,61.8,-83.1,-9.6,20.2,52.22,48,6,3,2,0.1,73,0,0,0,0,normal,,0.0,normal
2026-09-15 06:15:00,Telkom,Western Cape,Cape Town,CPT-BEL-007,CPT-BEL-007-B,RAN,98.47,99.143125,-0.6731249999999989,99.19,0.46,98.55,40.56,42.97,5.6085641144984795,12.43,56.1,-79.0,-10.5,14.9,49.37,29,7,2,0,0.63,0,0,0,0,0,normal,,0.0,normal
2026-09-15 06:30:00,Telkom,Western Cape,Cape Town,CPT-BEL-007,CPT-BEL-007-B,RAN,98.9,99.080625,-0.18062499999999204,98.99,0.55,98.62,45.56,42.5125,-7.168479858865037,12.79,49.3,-87.4,-10.1,17.5,46.01,33,4,4,2,0.1,80,0,0,0,0,normal,,0.0,normal
2026-09-15 06:45:00,Telkom,Western Cape,Cape Town,CPT-BEL-007,CPT-BEL-007-B,RAN,99.4,99.068125,0.3318750000000108,99.26,0.82,99.37,42.99,42.46125,-1.24525302481675,11.33,52.8,-83.4,-8.0,17.5,46.71,41,2,3,0,0.67,0,0,0,0,0,normal,,0.0,normal
2026-09-15 07:00:00,Telkom,Western Cape,Cape Town,CPT-BEL-007,CPT-BEL-007-B,RAN,98.91,99.089375,-0.1793750000000074,98.73,0.53,98.78,34.74,42.269375000000004,17.812837308334938,9.4,51.1,-89.7,-8.5,15.6,61.39,46,7,8,3,0.9,44,0,0,0,0,normal,,0.0,normal
2026-09-15 07:15:00,Telkom,Western Cape,Cape Town,CPT-BEL-007,CPT-BEL-007-B,RAN,98.77,99.0275,-0.2575000000000074,99.26,0.8,98.83,40.35,42.105000000000004,4.168151050944074,12.42,45.3,-86.0,-10.5,11.5,47.36,41,6,1,4,0.37,138,0,0,0,0,normal,,0.0,normal
2026-09-15 07:30:00,Telkom,Western Cape,Cape Town,CPT-BEL-007,CPT-BEL-007-B,RAN,99.36,98.994375,0.3656249999999943,99.44,0.82,98.29,29.73,42.230625,29.60085246192781,10.47,54.8,-83.2,-11.7,15.4,66.66,45,4,1,1,0.97,186,0,0,0,0,normal,,0.0,normal
2026-09-15 07:45:00,Telkom,Western Cape,Cape Town,CPT-BEL-007,CPT-BEL-007-B,RAN,99.18,99.056875,0.1231250000000017,99.04,0.59,98.88,45.4,41.193125,-10.212565810435592,11.52,43.0,-83.5,-9.8,16.6,49.55,50,5,1,3,0.7,173,0,0,0,0,normal,,0.0,normal
2026-09-15 08:00:00,Telkom,Western Cape,Cape Town,CPT-BEL-007,CPT-BEL-007-B,RAN,99.07,99.08562500000001,-0.01562500000001421,98.74,0.29,98.89,40.12,41.695625,3.778873682790466,12.01,54.7,-85.1,-11.1,16.5,54.61,45,2,2,0,1.65,56,0,0,0,0,normal,,0.0,normal
2026-09-15 08:15:00,Telkom,Western Cape,Cape Town,CPT-BEL-007,CPT-BEL-007-B,RAN,99.78,99.1075,0.6724999999999994,98.6,0.51,98.76,37.99,41.650625000000005,8.788883720232295,12.75,42.3,-89.9,-11.9,12.3,51.69,48,0,3,1,0.96,120,0,0,0,0,normal,,0.0,normal
2026-09-15 08:30:00,Telkom,Western Cape,Cape Town,CPT-BEL-007,CPT-BEL-007-B,RAN,98.85,99.18375,-0.3337500000000091,99.1,0.05,99.35,34.65,40.985625000000006,15.458163685438508,13.64,49.7,-78.9,-8.1,18.2,60.85,57,6,4,1,0.4,10,0,0,0,0,normal,,0.0,normal
2026-09-15 08:45:00,Telkom,Western Cape,Cape Town,CPT-BEL-007,CPT-BEL-007-B,RAN,99.23,99.16062500000001,0.06937499999999375,98.47,0.36,99.47,49.08,40.45875,-21.308740383724153,13.23,51.8,-84.0,-10.5,21.9,42.37,43,0,4,1,0.98,0,0,0,0,0,normal,,0.0,normal
2026-09-15 09:00:00,Telkom,Western Cape,Cape Town,CPT-BEL-007,CPT-BEL-007-B,RAN,99.31,99.17625000000001,0.13374999999999204,99.4,0.92,98.32,39.44,40.678749999999994,3.0452017330915924,8.74,56.0,-88.5,-10.5,22.3,60.6,62,10,0,7,0.79,141,0,0,0,0,normal,,0.0,normal
2026-09-15 09:15:00,Telkom,Western Cape,Cape Town,CPT-BEL-007,CPT-BEL-007-B,RAN,98.8,99.17750000000001,-0.37750000000001194,99.03,0.44,99.14,40.57,40.384375,-0.45964559312853476,11.97,48.7,-87.4,-10.8,15.6,54.06,55,3,2,0,1.22,0,0,0,0,0,normal,,0.0,normal
2026-09-15 09:30:00,Telkom,Western Cape,Cape Town,CPT-BEL-007,CPT-BEL-007-B,RAN,99.18,99.14125,0.03875000000000739,98.36,0.46,99.0,42.71,39.73125,-7.497247129148963,9.27,49.0,-87.4,-8.2,17.8,57.19,61,1,6,2,0.94,203,0,0,0,0,normal,,0.0,normal
2026-09-15 09:45:00,Telkom,Western Cape,Cape Town,CPT-BEL-007,CPT-BEL-007-B,RAN,99.38,99.133125,0.24687499999998863,99.11,0.42,97.98,34.13,39.900625,14.462492755439285,11.08,63.1,-86.9,-10.5,14.9,61.54,62,3,5,1,0.36,122,0,0,0,0,normal,,0.0,normal
2026-09-15 10:00:00,Telkom,Western Cape,Cape Town,CPT-BEL-007,CPT-BEL-007-B,RAN,98.84,99.11937499999999,-0.2793749999999875,99.21,0.14,97.94,30.64,39.553125,22.53456585288773,11.21,47.0,-83.8,-9.3,15.1,62.82,55,8,5,0,0.78,156,0,0,0,0,normal,,0.0,normal
2026-09-15 10:15:00,Telkom,Western Cape,Cape Town,CPT-BEL-007,CPT-BEL-007-B,RAN,99.16,99.089375,0.07062499999999261,98.91,0.7,98.65,41.19,39.29125,-4.832500874876722,12.77,57.5,-86.6,-11.1,15.8,55.62,51,5,4,3,1.12,110,0,0,0,0,normal,,0.0,normal
2026-09-15 10:30:00,Telkom,Western Cape,Cape Town,CPT-BEL-007,CPT-BEL-007-B,RAN,99.09,99.1325,-0.04249999999998977,98.27,0.24,97.96,39.06,39.330625,0.6880770392028996,13.1,52.1,-82.8,-10.0,19.6,54.17,52,5,8,0,0.93,156,0,0,0,0,normal,,0.0,normal
2026-09-15 10:45:00,Telkom,Western Cape,Cape Town,CPT-BEL-007,CPT-BEL-007-B,RAN,98.5,99.14437500000001,-0.6443750000000108,99.33,0.69,99.13,45.2,38.924375,-16.122609547359477,11.01,55.8,-85.6,-11.6,16.0,62.48,60,5,5,2,1.14,163,0,0,0,0,normal,,0.0,normal
2026-09-15 11:00:00,Telkom,Western Cape,Cape Town,CPT-BEL-007,CPT-BEL-007-B,RAN,99.27,99.088125,0.1818749999999909,98.79,0.64,98.08,36.02,39.0625,7.788799999999991,11.12,49.3,-85.8,-9.8,15.7,53.67,59,2,5,2,0.79,1,0,0,0,0,normal,,0.0,normal
2026-09-15 11:15:00,Telkom,Western Cape,Cape Town,CPT-BEL-007,CPT-BEL-007-B,RAN,98.95,99.110625,-0.16062499999999602,99.27,0.6,98.94,28.75,39.1425,26.550424730152645,12.14,57.2,-88.4,-8.9,15.1,68.21,61,6,3,3,0.19,172,0,0,0,0,normal,,0.0,normal
2026-09-15 11:30:00,Telkom,Western Cape,Cape Town,CPT-BEL-007,CPT-BEL-007-B,RAN,99.47,99.12187499999999,0.34812500000001023,98.12,0.52,99.14,34.26,38.4175,10.821891065269732,11.51,48.9,-84.2,-10.5,15.4,59.51,62,3,8,2,0.81,14,0,0,0,0,normal,,0.0,normal
2026-09-15 11:45:00,Telkom,Western Cape,Cape Town,CPT-BEL-007,CPT-BEL-007-B,RAN,99.26,99.12875,0.13125000000000853,98.56,0.05,97.71,34.94,38.700624999999995,9.717220329129047,9.21,55.2,-86.1,-11.0,18.6,60.04,57,3,8,1,1.04,0,0,0,0,0,normal,,0.0,normal
2026-09-15 12:00:00,Telkom,Western Cape,Cape Town,CPT-BEL-007,CPT-BEL-007-B,RAN,99.55,99.13374999999999,0.4162500000000051,99.15,0.59,98.38,44.48,38.046875,-16.908418891170424,7.66,50.9,-87.4,-9.9,16.7,59.49,48,3,0,3,0.84,72,0,0,0,0,normal,,0.0,normal
2026-09-15 12:15:00,Telkom,Western Cape,Cape Town,CPT-BEL-007,CPT-BEL-007-B,RAN,98.86,99.16375000000001,-0.30375000000000796,98.48,0.82,98.5,40.56,38.319375,-5.847237852913836,12.97,57.6,-81.7,-10.7,15.7,53.3,47,7,8,4,1.09,0,0,0,0,0,normal,,0.0,normal
2026-09-15 12:30:00,Telkom,Western Cape,Cape Town,CPT-BEL-007,CPT-BEL-007-B,RAN,99.17,99.10625,0.06374999999999886,98.28,0.39,97.81,50.01,38.48,-29.96361746361747,11.3,55.4,-82.1,-7.4,17.8,48.7,41,0,8,0,0.6,98,0,0,0,0,normal,,0.0,normal
2026-09-15 12:45:00,Telkom,Western Cape,Cape Town,CPT-BEL-007,CPT-BEL-007-B,RAN,99.45,99.12625,0.323750000000004,98.35,0.64,98.9,33.85,39.44,14.1734279918864,13.68,49.7,-86.1,-9.4,19.2,50.4,46,2,4,1,0.51,18,0,0,0,0,normal,,0.0,normal
2026-09-15 13:00:00,Telkom,Western Cape,Cape Town,CPT-BEL-007,CPT-BEL-007-B,RAN,99.2,99.13999999999999,0.060000000000016485,99.15,0.54,98.25,30.66,38.488125000000004,20.339065620889567,13.3,52.1,-89.5,-8.6,16.8,56.45,55,0,4,1,0.68,67,0,0,0,0,normal,,0.0,normal
2026-09-15 13:15:00,Telkom,Western Cape,Cape Town,CPT-BEL-007,CPT-BEL-007-B,RAN,98.63,99.13312499999999,-0.5031249999999972,98.82,0.44,98.51,35.9,37.939375,5.375352124277218,9.45,45.0,-83.1,-8.9,18.4,51.0,47,3,8,2,1.22,49,0,0,0,0,normal,,0.0,normal
2026-09-15 13:30:00,Telkom,Western Cape,Cape Town,CPT-BEL-007,CPT-BEL-007-B,RAN,99.21,99.1225,0.08749999999999147,99.07,0.52,97.88,41.77,37.6475,-10.950262301613659,8.18,53.3,-85.9,-9.2,15.7,51.51,45,1,0,2,0.54,152,0,0,0,0,normal,,0.0,normal
2026-09-15 13:45:00,Telkom,Western Cape,Cape Town,CPT-BEL-007,CPT-BEL-007-B,RAN,99.46,99.124375,0.3356249999999932,98.67,0.43,97.83,33.58,37.588750000000005,10.664760067839461,12.23,46.9,-87.4,-9.7,20.2,55.25,46,6,8,1,0.85,29,0,0,0,0,normal,,0.0,normal
2026-09-15 14:00:00,Telkom,Western Cape,Cape Town,CPT-BEL-007,CPT-BEL-007-B,RAN,99.22,99.129375,0.09062500000000284,98.8,0.8,98.09,41.11,37.554375,-9.46793815633997,12.77,52.6,-87.4,-10.1,19.2,53.19,51,3,8,6,0.58,0,0,0,0,0,normal,,0.0,normal
2026-09-15 14:15:00,Telkom,Western Cape,Cape Town,CPT-BEL-007,CPT-BEL-007-B,RAN,98.61,99.15312499999999,-0.5431249999999892,98.7,0.53,98.32,42.53,38.20875,-11.309582229201423,11.71,44.7,-82.8,-11.3,16.3,50.9,46,9,2,3,0.77,0,0,0,0,0,normal,,0.0,normal
2026-09-15 14:30:00,Telkom,Western Cape,Cape Town,CPT-BEL-007,CPT-BEL-007-B,RAN,99.12,99.11875,0.0012499999999988631,98.48,0.06,98.26,40.18,38.2925,-4.929163674348771,13.4,61.6,-87.1,-10.7,19.8,56.98,47,5,6,0,0.1,90,0,0,0,0,normal,,0.0,normal
2026-09-15 14:45:00,Telkom,Western Cape,Cape Town,CPT-BEL-007,CPT-BEL-007-B,RAN,99.48,99.12062499999999,0.3593750000000142,98.7,0.39,98.94,38.33,38.362500000000004,0.08471814923429381,14.54,53.5,-83.8,-9.3,17.5,45.67,36,1,3,1,0.31,47,0,0,0,0,normal,,0.0,normal
2026-09-15 15:00:00,Telkom,Western Cape,Cape Town,CPT-BEL-007,CPT-BEL-007-B,RAN,99.3,99.18187499999999,0.11812500000000625,98.7,0.56,99.51,32.42,37.933125,14.533801262089522,10.05,43.1,-83.3,-9.0,18.7,48.66,48,4,4,4,1.03,66,0,0,0,0,normal,,0.0,normal
2026-09-15 15:15:00,Telkom,Western Cape,Cape Town,CPT-BEL-007,CPT-BEL-007-B,RAN,99.48,99.18374999999999,0.2962500000000148,98.97,0.32,98.1,34.87,37.708125,7.526560920226092,10.47,64.4,-85.5,-10.9,20.2,66.89,44,2,4,3,0.22,0,0,0,0,0,normal,,0.0,normal
2026-09-15 15:30:00,Telkom,Western Cape,Cape Town,CPT-BEL-007,CPT-BEL-007-B,RAN,98.51,99.216875,-0.7068749999999966,98.46,0.63,98.48,32.83,38.090625,13.810813028140137,13.38,61.8,-89.6,-8.7,18.4,54.62,41,5,3,1,0.39,99,0,0,0,0,normal,,0.0,normal
2026-09-15 15:45:00,Telkom,Western Cape,Cape Town,CPT-BEL-007,CPT-BEL-007-B,RAN,98.69,99.156875,-0.4668750000000017,99.0,0.97,98.56,37.51,38.00125,1.292720634189667,10.98,39.0,-90.1,-9.3,16.6,53.39,50,5,2,4,1.29,0,0,0,0,0,normal,,0.0,normal
2026-09-15 16:00:00,Telkom,Western Cape,Cape Town,CPT-BEL-007,CPT-BEL-007-B,RAN,99.9,99.12125,0.7787500000000023,98.97,1.14,99.28,34.05,38.161874999999995,10.774824350218637,12.34,59.8,-83.6,-8.6,18.9,57.73,63,2,5,8,0.51,134,0,0,0,0,normal,,0.0,normal
2026-09-15 16:15:00,Telkom,Western Cape,Cape Town,CPT-BEL-007,CPT-BEL-007-B,RAN,99.29,99.143125,0.14687500000000853,99.0,1.05,98.57,36.45,37.51,2.825913089842696,8.89,53.4,-86.5,-9.3,16.6,58.61,47,0,4,4,0.59,0,0,0,0,0,normal,,0.0,normal
2026-09-15 16:30:00,Telkom,Western Cape,Cape Town,CPT-BEL-007,CPT-BEL-007-B,RAN,98.31,99.17,-0.8599999999999994,99.22,0.6,98.21,30.83,37.253125,17.24184212733831,12.61,54.0,-84.1,-12.0,17.2,54.89,44,8,2,2,0.29,35,0,0,0,0,normal,,0.0,normal
2026-09-15 16:45:00,Telkom,Western Cape,Cape Town,CPT-BEL-007,CPT-BEL-007-B,RAN,98.48,99.11625,-0.6362499999999898,99.11,0.27,97.64,42.5,36.054375,-17.877511397715256,14.06,59.6,-83.2,-8.0,12.5,49.19,46,6,1,0,0.69,59,1,0,0,0,normal,,0.0,normal
2026-09-15 17:00:00,Telkom,Western Cape,Cape Town,CPT-BEL-007,CPT-BEL-007-B,RAN,99.74,99.05562499999999,0.6843750000000028,98.76,0.36,99.21,45.02,36.595,-23.022270802022145,14.05,57.1,-85.4,-9.8,16.1,50.23,42,1,0,1,1.01,29,1,0,0,0,normal,,0.0,normal
2026-09-15 17:15:00,Telkom,Western Cape,Cape Town,CPT-BEL-007,CPT-BEL-007-B,RAN,98.8,99.089375,-0.2893750000000068,98.7,0.36,99.2,32.85,37.4925,12.382476495299056,13.01,50.3,-84.8,-10.2,16.0,55.17,54,7,3,2,0.63,2,2,0,0,0,normal,,0.0,normal
2026-09-15 17:30:00,Telkom,Western Cape,Cape Town,CPT-BEL-007,CPT-BEL-007-B,RAN,98.97,99.1,-0.12999999999999545,98.54,0.23,98.64,34.43,37.301875,7.69900976827573,12.41,56.3,-87.8,-8.3,14.3,65.96,57,6,4,0,0.5,71,1,0,0,0,normal,,0.0,normal
2026-09-15 17:45:00,Telkom,Western Cape,Cape Town,CPT-BEL-007,CPT-BEL-007-B,RAN,99.07,99.085,-0.015000000000000568,98.67,0.49,98.73,40.88,36.84312499999999,-10.956928870718784,11.8,47.6,-89.8,-9.1,18.6,48.97,48,4,4,0,0.1,129,0,0,0,0,normal,,0.0,normal
2026-09-15 18:00:00,Telkom,Western Cape,Cape Town,CPT-BEL-007,CPT-BEL-007-B,RAN,99.53,99.060625,0.46937499999999943,98.69,0.66,98.78,41.86,37.299375,-12.227081552975088,9.81,62.5,-88.4,-9.2,15.2,57.76,45,2,8,4,0.46,80,0,0,0,0,normal,,0.0,normal
2026-09-15 18:15:00,Telkom,Western Cape,Cape Town,CPT-BEL-007,CPT-BEL-007-B,RAN,98.84,99.08000000000001,-0.2400000000000091,98.35,0.72,98.24,45.34,37.34625,-21.404424808381044,11.24,57.6,-85.3,-9.2,17.0,52.5,50,4,9,4,1.29,40,0,0,0,0,normal,,0.0,normal
2026-09-15 18:30:00,Telkom,Western Cape,Cape Town,CPT-BEL-007,CPT-BEL-007-B,RAN,99.15,99.094375,0.05562500000000625,99.18,0.4,98.04,34.8,37.521875,7.254101773965198,11.01,58.0,-86.1,-9.0,15.4,61.14,48,2,3,1,0.31,13,0,0,0,0,normal,,0.0,normal
2026-09-15 18:45:00,Telkom,Western Cape,Cape Town,CPT-BEL-007,CPT-BEL-007-B,RAN,98.95,99.09625,-0.14624999999999488,99.11,0.57,98.44,44.4,37.185625,-19.400978200581534,14.68,55.1,-89.1,-10.1,16.8,45.15,41,4,2,3,0.63,0,0,0,0,0,normal,,0.0,normal
2026-09-15 19:00:00,Telkom,Western Cape,Cape Town,CPT-BEL-007,CPT-BEL-007-B,RAN,98.09,99.063125,-0.973124999999996,98.2,0.65,98.57,38.17,37.565000000000005,-1.6105417276720264,11.11,46.5,-82.7,-8.6,10.4,66.04,52,10,9,2,0.1,0,0,0,0,0,normal,,0.0,normal
2026-09-15 19:15:00,Telkom,Western Cape,Cape Town,CPT-BEL-007,CPT-BEL-007-B,RAN,98.89,98.98750000000001,-0.0975000000000108,98.88,0.52,98.55,33.06,37.924375,12.826513291253965,12.61,47.6,-86.2,-9.4,15.6,47.72,53,8,5,4,0.65,79,0,0,0,0,normal,,0.0,normal
2026-09-15 19:30:00,Telkom,Western Cape,Cape Town,CPT-BEL-007,CPT-BEL-007-B,RAN,99.24,98.950625,0.2893749999999926,99.07,0.1,98.8,38.32,37.81125,-1.3454990247611467,13.34,61.5,-86.0,-10.7,17.4,61.5,49,4,8,1,1.37,0,0,0,0,0,normal,,0.0,normal
2026-09-15 19:45:00,Telkom,Western Cape,Cape Town,CPT-BEL-007,CPT-BEL-007-B,RAN,98.67,98.99625,-0.3262500000000017,98.55,0.65,98.99,41.84,38.154375,-9.659770340884895,10.58,53.3,-86.2,-9.0,19.5,63.24,55,6,2,2,0.46,93,0,0,0,0,normal,,0.0,normal
2026-09-15 20:00:00,Telkom,Western Cape,Cape Town,CPT-BEL-007,CPT-BEL-007-B,RAN,99.21,98.995,0.2149999999999892,98.98,0.11,98.96,39.63,38.425000000000004,-3.1359791802212054,11.78,62.9,-87.5,-9.2,11.3,55.79,53,1,2,0,0.6,0,0,0,0,0,normal,,0.0,normal
2026-09-15 20:15:00,Telkom,Western Cape,Cape Town,CPT-BEL-007,CPT-BEL-007-B,RAN,98.55,98.951875,-0.401875000000004,98.7,0.05,98.32,32.05,38.77375,17.340984557851648,10.78,55.2,-89.1,-10.8,17.9,60.72,44,2,4,0,0.94,124,0,0,0,0,normal,,0.0,normal
2026-09-15 20:30:00,Telkom,Western Cape,Cape Town,CPT-BEL-007,CPT-BEL-007-B,RAN,99.24,98.905625,0.3343749999999943,98.34,0.42,98.01,42.66,38.49875,-10.808792493262755,13.05,42.6,-85.1,-9.7,14.9,46.1,42,2,5,1,0.55,89,0,0,0,0,normal,,0.0,normal
2026-09-15 20:45:00,Telkom,Western Cape,Cape Town,CPT-BEL-007,CPT-BEL-007-B,RAN,99.7,98.96375,0.7362499999999983,99.05,0.48,99.47,42.68,39.238125000000004,-8.771762157340586,13.84,48.2,-89.5,-10.1,14.6,38.05,40,3,2,0,0.68,84,0,0,0,0,normal,,0.0,normal
2026-09-15 21:00:00,Telkom,Western Cape,Cape Town,CPT-BEL-007,CPT-BEL-007-B,RAN,99.34,99.04,0.29999999999999716,99.11,0.39,98.51,37.23,39.249375,5.144986385133531,12.29,57.5,-83.8,-11.9,15.0,56.83,46,3,0,1,0.18,0,0,0,0,0,normal,,0.0,normal
2026-09-15 21:15:00,Telkom,Western Cape,Cape Town,CPT-BEL-007,CPT-BEL-007-B,RAN,99.37,99.015,0.355000000000004,99.49,0.97,97.92,45.1,38.7625,-16.349564656562393,14.18,54.9,-85.1,-10.8,14.6,43.05,37,1,1,3,0.95,71,0,0,0,0,normal,,0.0,normal
2026-09-15 21:30:00,Telkom,Western Cape,Cape Town,CPT-BEL-007,CPT-BEL-007-B,RAN,99.25,99.050625,0.1993750000000034,98.92,0.91,98.18,36.48,39.528125,7.71128152423118,14.33,43.7,-90.0,-8.3,14.8,56.21,43,3,2,5,0.89,21,0,0,0,0,normal,,0.0,normal
2026-09-15 21:45:00,Telkom,Western Cape,Cape Town,CPT-BEL-007,CPT-BEL-007-B,RAN,98.6,99.06812500000001,-0.4681250000000148,98.75,0.37,98.49,40.35,39.65625,-1.7494089834515403,13.72,55.1,-84.6,-8.4,17.4,45.78,37,6,5,2,0.48,0,0,0,0,0,normal,,0.0,normal
2026-09-15 22:00:00,Telkom,Western Cape,Cape Town,CPT-BEL-007,CPT-BEL-007-B,RAN,99.1,99.03875000000001,0.061249999999986926,99.06,0.18,98.52,34.36,39.623124999999995,13.28296291622631,7.96,59.7,-88.7,-9.1,15.7,53.28,35,5,2,0,1.04,0,1,0,0,0,normal,,0.0,normal
2026-09-15 22:15:00,Telkom,Western Cape,Cape Town,CPT-BEL-007,CPT-BEL-007-B,RAN,99.47,99.011875,0.45812499999999545,99.27,0.81,99.35,43.25,39.154375,-10.460197615209024,13.12,46.6,-85.8,-9.4,17.8,47.97,28,2,1,3,0.77,14,1,0,0,0,normal,,0.0,normal
2026-09-15 22:30:00,Telkom,Western Cape,Cape Town,CPT-BEL-007,CPT-BEL-007-B,RAN,99.53,99.05125,0.4787500000000051,98.89,0.28,99.08,41.56,39.02375,-6.499247253275256,12.84,47.5,-86.5,-12.1,13.7,48.08,29,3,3,0,0.28,5,0,0,0,0,normal,,0.0,normal
2026-09-15 22:45:00,Telkom,Western Cape,Cape Town,CPT-BEL-007,CPT-BEL-007-B,RAN,98.67,99.075,-0.40500000000000114,98.76,0.42,98.11,40.07,39.44625,-1.5812656462908419,13.07,49.3,-82.5,-10.0,16.2,49.63,32,3,2,2,0.1,0,0,0,0,0,normal,,0.0,normal
2026-09-15 23:00:00,Telkom,Western Cape,Cape Town,CPT-BEL-007,CPT-BEL-007-B,RAN,99.25,99.0575,0.19249999999999545,98.75,0.49,98.66,37.42,39.175625,4.481421802460063,12.44,58.1,-85.1,-10.5,19.0,47.8,34,0,2,0,0.1,0,0,0,0,0,normal,,0.0,normal
2026-09-15 23:15:00,Telkom,Western Cape,Cape Town,CPT-BEL-007,CPT-BEL-007-B,RAN,99.05,99.13,-0.0799999999999983,98.87,0.4,97.48,44.4,39.128750000000004,-13.471552247388416,12.77,52.1,-93.5,-10.2,15.2,43.76,29,5,2,1,0.5,0,0,0,0,0,normal,,0.0,normal
2026-09-15 23:30:00,Telkom,Western Cape,Cape Town,CPT-BEL-007,CPT-BEL-007-B,RAN,99.37,99.14,0.23000000000000398,99.1,0.52,98.68,45.97,39.8375,-15.393787260746786,13.1,49.9,-84.2,-11.9,15.4,50.42,34,3,1,0,1.11,28,0,0,0,0,normal,,0.0,normal
2026-09-15 23:45:00,Telkom,Western Cape,Cape Town,CPT-BEL-007,CPT-BEL-007-B,RAN,99.45,99.14812500000001,0.30187499999999545,98.89,0.56,98.35,41.07,40.315625,-1.8711727773040927,13.55,40.9,-84.8,-7.7,16.8,39.72,34,2,3,3,0.1,64,0,0,0,0,normal,,0.0,normal
2026-09-14 00:00:00,Telkom,Western Cape,Cape Town,CPT-BEL-007,CPT-BEL-007-C,RAN,98.77,98.77,0.0,99.37,0.48,97.68,46.76,46.76,0.0,9.73,54.9,-82.9,-9.1,16.2,49.49,25,0,0,0,0.86,116,0,0,0,0,normal,,0.0,normal
2026-09-14 00:15:00,Telkom,Western Cape,Cape Town,CPT-BEL-007,CPT-BEL-007-C,RAN,98.38,98.77,-0.39000000000000057,98.83,0.82,98.7,45.78,46.76,2.095808383233526,14.88,47.1,-84.5,-12.2,18.5,41.2,32,7,5,2,0.11,0,0,0,0,0,normal,,0.0,normal
2026-09-14 00:30:00,Telkom,Western Cape,Cape Town,CPT-BEL-007,CPT-BEL-007-C,RAN,99.22,98.57499999999999,0.6450000000000102,98.82,0.65,99.03,34.58,46.269999999999996,25.264750378214824,17.3,61.6,-85.2,-9.9,16.9,47.36,31,5,0,4,0.46,23,0,0,0,0,normal,,0.0,normal
2026-09-14 00:45:00,Telkom,Western Cape,Cape Town,CPT-BEL-007,CPT-BEL-007-C,RAN,98.8,98.79,0.009999999999990905,98.54,0.51,98.24,42.05,42.373333333333335,0.7630585273757182,16.41,55.7,-82.4,-11.2,13.7,46.24,35,1,4,2,0.85,0,0,0,0,0,normal,,0.0,normal
2026-09-14 01:00:00,Telkom,Western Cape,Cape Town,CPT-BEL-007,CPT-BEL-007-C,RAN,99.3,98.79249999999999,0.5075000000000074,99.05,0.32,99.07,49.39,42.2925,-16.78193533132353,11.78,41.7,-87.4,-10.3,17.6,42.26,32,2,3,1,0.75,0,0,0,0,0,normal,,0.0,normal
2026-09-14 01:15:00,Telkom,Western Cape,Cape Town,CPT-BEL-007,CPT-BEL-007-C,RAN,98.95,98.89399999999999,0.056000000000011596,99.01,0.59,98.92,42.45,43.712,2.887079062957541,14.61,51.9,-85.0,-10.7,14.6,48.71,26,1,0,1,0.64,20,0,0,0,0,normal,,0.0,normal
2026-09-14 01:30:00,Telkom,Western Cape,Cape Town,CPT-BEL-007,CPT-BEL-007-C,RAN,98.42,98.90333333333332,-0.48333333333332007,98.84,0.05,98.42,40.86,43.501666666666665,6.072564269568214,12.07,58.1,-85.1,-11.9,20.6,52.13,32,6,5,0,0.62,0,0,0,0,0,normal,,0.0,normal
2026-09-14 01:45:00,Telkom,Western Cape,Cape Town,CPT-BEL-007,CPT-BEL-007-C,RAN,98.68,98.83428571428571,-0.15428571428570592,98.44,0.76,98.48,51.74,43.12428571428571,-19.978798820684414,12.66,37.2,-84.5,-8.7,19.6,48.27,34,3,3,2,0.52,0,0,0,0,0,normal,,0.0,normal
2026-09-14 02:00:00,Telkom,Western Cape,Cape Town,CPT-BEL-007,CPT-BEL-007-C,RAN,99.04,98.815,0.22500000000000853,98.39,0.57,98.14,40.85,44.20125,7.581799157263652,14.2,55.0,-82.9,-8.7,17.0,58.11,46,3,3,2,0.98,65,0,0,0,0,normal,,0.0,normal
2026-09-14 02:15:00,Telkom,Western Cape,Cape Town,CPT-BEL-007,CPT-BEL-007-C,RAN,99.39,98.83999999999999,0.5500000000000114,98.79,0.05,98.54,43.18,43.82888888888888,1.4805049941692325,14.78,46.6,-85.9,-8.0,19.6,45.75,25,2,4,0,0.8,48,0,0,0,0,normal,,0.0,normal
2026-09-14 02:30:00,Telkom,Western Cape,Cape Town,CPT-BEL-007,CPT-BEL-007-C,RAN,99.25,98.89500000000001,0.35499999999998977,98.97,0.21,98.18,44.45,43.763999999999996,-1.5674984005118524,10.69,36.8,-87.1,-9.4,16.7,44.01,33,4,1,0,0.63,78,0,0,0,0,normal,,0.0,normal
2026-09-14 02:45:00,Telkom,Western Cape,Cape Town,CPT-BEL-007,CPT-BEL-007-C,RAN,98.51,98.92727272727274,-0.41727272727273146,98.71,1.0,97.96,39.04,43.82636363636364,10.92119728681367,14.24,52.9,-87.2,-8.6,19.0,43.49,35,4,2,2,0.38,37,0,0,0,0,normal,,0.0,normal
2026-09-14 03:00:00,Telkom,Western Cape,Cape Town,CPT-BEL-007,CPT-BEL-007-C,RAN,99.9,98.8925,1.0075000000000074,98.92,0.49,99.31,37.88,43.4275,12.774163836278854,12.47,50.0,-81.4,-8.3,19.5,50.39,33,1,5,1,0.28,0,0,0,0,0,normal,,0.0,normal
2026-09-14 03:15:00,Telkom,Western Cape,Cape Town,CPT-BEL-007,CPT-BEL-007-C,RAN,98.96,98.97000000000001,-0.010000000000019327,98.6,0.48,98.12,47.38,43.00076923076923,-10.184075419044392,16.85,47.1,-85.7,-11.5,16.4,39.65,34,7,5,3,0.8,103,0,0,0,0,normal,,0.0,normal
2026-09-14 03:30:00,Telkom,Western Cape,Cape Town,CPT-BEL-007,CPT-BEL-007-C,RAN,99.31,98.9692857142857,0.3407142857142986,98.85,0.21,98.25,40.33,43.31357142857143,6.888306205577273,10.86,53.5,-83.3,-9.8,15.6,48.87,35,3,2,0,0.69,0,0,0,0,0,normal,,0.0,normal
2026-09-14 03:45:00,Telkom,Western Cape,Cape Town,CPT-BEL-007,CPT-BEL-007-C,RAN,99.11,98.992,0.117999999999995,98.61,0.15,97.94,34.73,43.11466666666667,19.447365165759543,14.64,49.3,-82.6,-10.0,14.7,44.27,27,0,0,0,0.55,112,0,0,0,0,normal,,0.0,normal
2026-09-14 04:00:00,Telkom,Western Cape,Cape Town,CPT-BEL-007,CPT-BEL-007-C,RAN,99.02,98.999375,0.020624999999995453,98.62,0.27,99.14,48.39,42.590625,-13.616552938586832,11.78,52.7,-88.4,-9.6,17.3,53.3,37,4,0,0,0.27,80,0,0,0,0,normal,,0.0,normal
2026-09-14 04:15:00,Telkom,Western Cape,Cape Town,CPT-BEL-007,CPT-BEL-007-C,RAN,98.37,99.015,-0.644999999999996,98.53,0.09,98.15,42.09,42.6925,1.411254904257186,12.33,45.6,-87.9,-10.8,17.6,51.79,34,3,0,0,0.56,67,0,0,0,0,normal,,0.0,normal
2026-09-14 04:30:00,Telkom,Western Cape,Cape Town,CPT-BEL-007,CPT-BEL-007-C,RAN,99.08,99.014375,0.06562499999999716,99.16,0.62,98.2,38.34,42.461875000000006,9.707237374703784,13.44,48.9,-84.3,-13.0,19.5,40.75,27,3,1,2,0.13,0,0,0,0,0,normal,,0.0,normal
2026-09-14 04:45:00,Telkom,Western Cape,Cape Town,CPT-BEL-007,CPT-BEL-007-C,RAN,99.22,99.00562500000001,0.21437499999998977,98.84,0.65,99.31,40.24,42.696875,5.754226743760514,12.0,41.4,-86.7,-10.9,17.3,37.9,32,1,0,3,0.8,3,0,0,0,0,normal,,0.0,normal
2026-09-14 05:00:00,Telkom,Western Cape,Cape Town,CPT-BEL-007,CPT-BEL-007-C,RAN,99.21,99.031875,0.17812499999999432,98.98,0.93,98.96,38.18,42.58375,10.341386092112606,13.32,53.7,-81.8,-10.8,15.4,53.1,37,3,7,2,0.99,102,0,0,0,0,normal,,0.0,normal
2026-09-14 05:15:00,Telkom,Western Cape,Cape Town,CPT-BEL-007,CPT-BEL-007-C,RAN,99.52,99.02625,0.4937499999999915,98.52,0.18,98.83,34.96,41.88312500000001,16.52962857952936,12.1,41.9,-80.0,-10.7,16.4,53.19,29,1,2,0,0.32,28,0,0,0,0,normal,,0.0,normal
2026-09-14 05:30:00,Telkom,Western Cape,Cape Town,CPT-BEL-007,CPT-BEL-007-C,RAN,99.26,99.061875,0.19812500000000455,98.65,0.05,98.15,45.28,41.415,-9.332367499698183,13.88,47.0,-87.8,-11.8,18.5,39.69,40,0,6,0,0.96,99,0,0,0,0,normal,,0.0,normal
2026-09-14 05:45:00,Telkom,Western Cape,Cape Town,CPT-BEL-007,CPT-BEL-007-C,RAN,98.84,99.11437500000001,-0.27437500000000625,98.7,0.38,98.87,44.54,41.691250000000004,-6.832968548556339,13.43,68.3,-84.9,-11.9,17.4,62.68,43,4,5,2,0.82,109,0,0,0,0,normal,,0.0,normal
2026-09-14 06:00:00,Telkom,Western Cape,Cape Town,CPT-BEL-007,CPT-BEL-007-C,RAN,99.43,99.124375,0.30562500000000625,98.1,0.63,98.36,42.6,41.24125,-3.294638256599886,10.28,44.9,-88.8,-10.2,18.6,44.23,29,2,1,1,0.9,69,0,0,0,0,normal,,0.0,normal
2026-09-14 06:15:00,Telkom,Western Cape,Cape Town,CPT-BEL-007,CPT-BEL-007-C,RAN,98.89,99.14875,-0.25875000000000625,98.0,0.67,98.59,50.47,41.350625,-22.05377790541255,11.74,46.8,-88.3,-9.3,18.4,51.83,38,6,5,3,0.69,0,0,0,0,0,normal,,0.0,normal
2026-09-14 06:30:00,Telkom,Western Cape,Cape Town,CPT-BEL-007,CPT-BEL-007-C,RAN,99.47,99.11749999999999,0.35250000000000625,98.64,0.6,98.44,47.1,41.80625,-12.66258035580805,11.29,55.1,-83.5,-11.7,18.1,39.98,43,1,10,0,0.87,115,0,0,0,0,normal,,0.0,normal
2026-09-14 06:45:00,Telkom,Western Cape,Cape Town,CPT-BEL-007,CPT-BEL-007-C,RAN,99.55,99.13125,0.41875000000000284,98.44,0.46,98.46,40.82,41.971875,2.744397289851828,13.63,54.4,-83.9,-9.0,18.2,51.56,42,0,3,1,0.98,203,0,0,0,0,normal,,0.0,normal
2026-09-14 07:00:00,Telkom,Western Cape,Cape Town,CPT-BEL-007,CPT-BEL-007-C,RAN,98.98,99.19624999999999,-0.21624999999998806,98.13,0.67,98.02,40.78,42.083125,3.0965499829207106,12.68,69.5,-82.8,-10.2,18.2,51.66,39,1,3,3,1.07,0,0,0,0,0,normal,,0.0,normal
2026-09-14 07:15:00,Telkom,Western Cape,Cape Town,CPT-BEL-007,CPT-BEL-007-C,RAN,98.92,99.13874999999999,-0.2187499999999858,99.07,0.39,98.54,30.7,42.264375,27.361992221581417,12.56,48.3,-86.2,-9.3,18.2,51.28,42,5,1,0,0.1,51,0,0,0,0,normal,,0.0,normal
2026-09-14 07:30:00,Telkom,Western Cape,Cape Town,CPT-BEL-007,CPT-BEL-007-C,RAN,99.05,99.13625,-0.08625000000000682,98.9,0.57,98.44,41.18,41.221875000000004,0.10158441361535482,12.4,54.5,-87.4,-8.9,18.4,50.37,50,6,1,3,0.65,54,0,0,0,0,normal,,0.0,normal
2026-09-14 07:45:00,Telkom,Western Cape,Cape Town,CPT-BEL-007,CPT-BEL-007-C,RAN,98.68,99.11999999999999,-0.4399999999999835,98.94,0.78,98.06,31.4,41.275,23.92489400363416,10.49,47.5,-84.9,-11.8,12.2,64.25,53,9,6,5,0.1,70,0,0,0,0,normal,,0.0,normal
2026-09-14 08:00:00,Telkom,Western Cape,Cape Town,CPT-BEL-007,CPT-BEL-007-C,RAN,99.38,99.093125,0.2868749999999949,98.75,0.64,97.85,34.03,41.066874999999996,17.135160637375,10.86,61.2,-80.3,-10.1,18.5,58.48,56,3,6,4,0.53,45,0,0,0,0,normal,,0.0,normal
2026-09-14 08:15:00,Telkom,Western Cape,Cape Town,CPT-BEL-007,CPT-BEL-007-C,RAN,99.13,99.115625,0.014375000000001137,98.4,0.75,98.0,46.95,40.169375,-16.88008588632509,13.82,50.8,-81.3,-9.5,15.4,44.42,40,4,6,4,0.75,94,0,0,0,0,normal,,0.0,normal
2026-09-14 08:30:00,Telkom,Western Cape,Cape Town,CPT-BEL-007,CPT-BEL-007-C,RAN,98.94,99.163125,-0.22312499999999602,98.94,0.45,99.36,36.65,40.473125,9.446083048936806,11.09,61.7,-81.5,-12.2,15.1,49.98,48,6,3,2,0.27,125,1,0,0,0,normal,,0.0,normal
2026-09-14 08:45:00,Telkom,Western Cape,Cape Town,CPT-BEL-007,CPT-BEL-007-C,RAN,98.75,99.154375,-0.4043750000000017,98.95,0.17,98.62,33.68,40.3675,16.566544869015917,11.09,71.9,-84.7,-8.9,20.8,59.4,50,5,0,2,0.94,138,1,0,0,0,normal,,0.0,normal
2026-09-14 09:00:00,Telkom,Western Cape,Cape Town,CPT-BEL-007,CPT-BEL-007-C,RAN,98.7,99.125,-0.42499999999999716,99.25,0.49,98.23,21.36,39.9575,46.54320215228681,9.22,56.3,-85.2,-11.0,16.1,59.14,57,4,5,3,0.96,143,1,0,0,0,normal,,5.51,normal
2026-09-14 09:15:00,Telkom,Western Cape,Cape Town,CPT-BEL-007,CPT-BEL-007-C,RAN,99.36,99.093125,0.26687499999999886,98.95,0.33,98.38,40.57,38.90625,-4.276305220883534,10.64,44.9,-82.7,-9.5,16.4,56.7,56,3,5,1,0.1,117,1,0,0,0,normal,,0.0,normal
2026-09-14 09:30:00,Telkom,Western Cape,Cape Town,CPT-BEL-007,CPT-BEL-007-C,RAN,99.11,99.083125,0.02687500000000398,99.33,0.27,98.16,33.35,39.256875,15.046727484039419,11.64,50.9,-82.5,-9.4,16.6,65.76,62,6,0,0,1.04,0,0,0,0,0,normal,,0.0,normal
2026-09-14 09:45:00,Telkom,Western Cape,Cape Town,CPT-BEL-007,CPT-BEL-007-C,RAN,98.46,99.07374999999999,-0.613749999999996,98.7,0.62,98.01,40.43,38.51125,-4.982310363854726,10.24,58.1,-84.2,-9.2,17.2,51.18,50,6,4,0,0.1,31,0,0,0,0,normal,,0.0,normal
2026-09-14 10:00:00,Telkom,Western Cape,Cape Town,CPT-BEL-007,CPT-BEL-007-C,RAN,99.81,99.05,0.7600000000000051,98.41,0.74,98.38,33.0,38.254374999999996,13.735357067002132,12.05,52.5,-85.6,-10.4,17.2,53.14,57,0,7,4,0.86,45,0,0,0,0,normal,,0.0,normal
2026-09-14 10:15:00,Telkom,Western Cape,Cape Town,CPT-BEL-007,CPT-BEL-007-C,RAN,99.9,99.07374999999999,0.8262500000000159,99.04,0.87,99.13,28.9,37.654375,23.249290421099815,12.7,51.4,-85.7,-10.3,19.8,63.05,58,4,5,5,0.74,148,0,0,0,0,normal,,0.0,normal
2026-09-14 10:30:00,Telkom,Western Cape,Cape Town,CPT-BEL-007,CPT-BEL-007-C,RAN,99.12,99.136875,-0.016874999999998863,98.34,0.37,98.68,34.46,36.306250000000006,5.08521260113618,9.63,49.1,-87.7,-7.4,16.5,57.4,52,4,2,3,1.09,41,0,0,0,0,normal,,0.0,normal
2026-09-14 10:45:00,Telkom,Western Cape,Cape Town,CPT-BEL-007,CPT-BEL-007-C,RAN,98.94,99.11500000000001,-0.17500000000001137,99.32,0.29,99.13,39.31,35.51625,-10.681730193925324,12.21,56.0,-81.5,-10.7,17.5,63.85,57,3,2,2,1.34,138,0,0,0,0,normal,,0.0,normal
2026-09-14 11:00:00,Telkom,Western Cape,Cape Town,CPT-BEL-007,CPT-BEL-007-C,RAN,99.39,99.076875,0.31312499999999943,98.9,0.57,98.8,39.28,35.421875,-10.891927657697401,13.04,40.4,-88.4,-11.3,18.2,50.98,52,5,11,2,1.05,0,0,0,0,0,normal,,0.0,normal
2026-09-14 11:15:00,Telkom,Western Cape,Cape Town,CPT-BEL-007,CPT-BEL-007-C,RAN,98.46,99.1025,-0.6425000000000125,98.73,0.68,98.28,38.54,35.328125,-9.091552410437858,12.53,57.1,-80.8,-10.9,17.4,51.59,49,4,3,2,0.66,0,0,0,0,0,normal,,0.0,normal
2026-09-14 11:30:00,Telkom,Western Cape,Cape Town,CPT-BEL-007,CPT-BEL-007-C,RAN,98.56,99.07375,-0.5137500000000017,98.77,0.73,99.0,35.54,35.818124999999995,0.7764923484967339,9.49,56.4,-87.5,-9.2,17.1,61.2,60,2,3,4,1.02,45,0,0,0,0,normal,,0.0,normal
2026-09-14 11:45:00,Telkom,Western Cape,Cape Town,CPT-BEL-007,CPT-BEL-007-C,RAN,99.28,99.043125,0.23687499999999773,98.77,0.85,99.17,37.1,35.465625,-4.608335536170583,10.25,55.8,-90.6,-10.2,12.5,60.22,59,5,8,6,0.28,180,0,0,0,0,normal,,0.0,normal
2026-09-14 12:00:00,Telkom,Western Cape,Cape Town,CPT-BEL-007,CPT-BEL-007-C,RAN,98.92,99.080625,-0.16062499999999602,99.46,0.28,98.63,43.58,35.821875000000006,-21.657506760882818,10.84,59.1,-83.4,-10.8,16.8,61.23,58,5,4,0,0.97,101,0,0,0,0,normal,,0.0,normal
2026-09-14 12:15:00,Telkom,Western Cape,Cape Town,CPT-BEL-007,CPT-BEL-007-C,RAN,99.2,99.051875,0.1481250000000074,98.63,0.49,97.53,32.1,36.418749999999996,11.858589325553444,12.12,53.4,-81.1,-8.0,18.6,61.56,56,4,3,1,0.26,6,0,0,0,0,normal,,0.0,normal
2026-09-14 12:30:00,Telkom,Western Cape,Cape Town,CPT-BEL-007,CPT-BEL-007-C,RAN,99.04,99.05625,-0.01624999999999943,99.33,0.5,98.43,36.19,35.490625,-1.9705908250418138,12.05,52.9,-91.3,-9.1,19.2,58.1,58,3,3,2,1.06,39,0,0,0,0,normal,,0.0,normal
2026-09-14 12:45:00,Telkom,Western Cape,Cape Town,CPT-BEL-007,CPT-BEL-007-C,RAN,98.67,99.0625,-0.3924999999999983,99.11,0.87,99.05,35.87,35.461875000000006,-1.150883871763665,7.76,63.6,-83.0,-8.8,18.5,63.2,51,8,3,4,0.13,36,0,0,0,0,normal,,0.0,normal
2026-09-14 13:00:00,Telkom,Western Cape,Cape Town,CPT-BEL-007,CPT-BEL-007-C,RAN,98.77,99.0575,-0.2875000000000085,98.49,0.05,98.57,38.62,35.598749999999995,-8.48695530039679,11.31,40.9,-89.3,-11.4,18.9,51.68,49,6,7,0,1.3,0,0,0,0,0,normal,,0.0,normal
2026-09-14 13:15:00,Telkom,Western Cape,Cape Town,CPT-BEL-007,CPT-BEL-007-C,RAN,99.28,99.061875,0.21812500000000057,98.13,0.61,98.82,39.97,36.677499999999995,-8.97689319064823,11.61,56.1,-81.5,-10.3,15.7,53.81,42,4,5,2,0.77,121,0,0,0,0,normal,,0.0,normal
2026-09-14 13:30:00,Telkom,Western Cape,Cape Town,CPT-BEL-007,CPT-BEL-007-C,RAN,98.84,99.056875,-0.2168750000000017,99.21,1.07,97.94,41.5,36.64,-13.26419213973799,13.38,61.2,-85.4,-10.4,17.9,56.97,47,9,6,6,0.64,94,0,0,0,0,normal,,0.0,normal
2026-09-14 13:45:00,Telkom,Western Cape,Cape Town,CPT-BEL-007,CPT-BEL-007-C,RAN,99.35,99.04,0.30999999999998806,98.48,0.79,98.21,34.98,37.149375,5.839600262453951,12.57,57.7,-87.3,-9.8,14.9,51.72,44,1,5,4,0.33,0,0,0,0,0,normal,,0.0,normal
2026-09-14 14:00:00,Telkom,Western Cape,Cape Town,CPT-BEL-007,CPT-BEL-007-C,RAN,99.33,99.095625,0.234375,98.71,0.32,98.25,40.13,36.80875,-9.022990457431995,10.11,56.2,-84.2,-9.7,14.6,53.38,49,8,4,1,0.41,0,0,0,0,0,normal,,0.0,normal
2026-09-14 14:15:00,Telkom,Western Cape,Cape Town,CPT-BEL-007,CPT-BEL-007-C,RAN,98.73,99.065625,-0.3356249999999932,98.55,0.68,98.62,34.66,37.254375,6.963947187410892,11.17,61.8,-84.9,-9.7,19.1,56.7,50,5,5,3,0.52,17,0,0,0,0,normal,,0.0,normal
2026-09-14 14:30:00,Telkom,Western Cape,Cape Town,CPT-BEL-007,CPT-BEL-007-C,RAN,98.8,98.9925,-0.19250000000000966,98.12,0.58,97.71,34.18,37.614374999999995,9.130485353006652,10.89,50.2,-87.3,-11.3,18.3,58.72,52,2,4,2,0.65,170,0,0,1,0,normal,,0.0,normal
2026-09-14 14:45:00,Telkom,Western Cape,Cape Town,CPT-BEL-007,CPT-BEL-007-C,RAN,99.14,98.9725,0.16750000000000398,98.84,0.56,97.92,33.59,37.596875000000004,10.657468207131577,12.94,42.2,-87.1,-9.8,18.9,51.19,45,5,0,2,0.77,0,0,0,1,0,normal,,0.0,normal
2026-09-14 15:00:00,Telkom,Western Cape,Cape Town,CPT-BEL-007,CPT-BEL-007-C,RAN,99.63,98.985,0.644999999999996,98.6,0.65,98.71,44.9,37.239374999999995,-20.571303895406416,12.84,45.5,-89.8,-10.3,18.3,49.19,37,0,2,1,0.76,0,0,0,1,0,normal,,0.0,normal
2026-09-14 15:15:00,Telkom,Western Cape,Cape Town,CPT-BEL-007,CPT-BEL-007-C,RAN,98.97,99.0,-0.030000000000001137,98.91,0.48,98.17,44.34,37.590625,-17.954942222961176,10.45,51.4,-89.2,-10.3,18.9,45.01,39,0,1,1,0.6,81,0,0,1,0,normal,,0.0,normal
2026-09-14 15:30:00,Telkom,Western Cape,Cape Town,CPT-BEL-007,CPT-BEL-007-C,RAN,99.35,99.031875,0.3181249999999949,98.62,0.49,98.46,40.85,37.953125,-7.632770687525735,12.47,57.4,-90.0,-9.4,14.8,57.7,43,3,5,2,0.79,0,0,0,0,0,normal,,0.0,normal
2026-09-14 15:45:00,Telkom,Western Cape,Cape Town,CPT-BEL-007,CPT-BEL-007-C,RAN,98.59,99.08125,-0.49124999999999375,98.67,0.35,98.46,40.99,38.285,-7.06543032519265,9.55,53.2,-87.8,-12.0,20.9,58.4,46,6,6,1,0.4,34,0,0,0,0,normal,,0.0,normal
2026-09-14 16:00:00,Telkom,Western Cape,Cape Town,CPT-BEL-007,CPT-BEL-007-C,RAN,99.22,99.03812500000001,0.1818749999999909,99.17,0.45,98.99,38.76,38.528124999999996,-0.601833076486339,14.29,65.6,-87.5,-9.3,10.9,59.04,44,3,0,1,0.85,97,0,0,0,0,normal,,0.0,normal
2026-09-14 16:15:00,Telkom,Western Cape,Cape Town,CPT-BEL-007,CPT-BEL-007-C,RAN,98.48,99.05687499999999,-0.5768749999999869,99.2,0.39,98.91,32.79,38.226875,14.222650949103219,11.27,67.5,-83.4,-9.9,17.5,59.42,48,5,1,2,0.47,0,0,0,0,0,normal,,0.0,normal
2026-09-14 16:30:00,Telkom,Western Cape,Cape Town,CPT-BEL-007,CPT-BEL-007-C,RAN,99.19,99.01187499999999,0.17812500000000853,99.13,0.45,98.87,34.08,38.269999999999996,10.94852364776587,12.6,55.7,-84.0,-9.6,12.0,59.44,48,3,7,1,0.57,56,0,0,0,0,normal,,0.0,normal
2026-09-14 16:45:00,Telkom,Western Cape,Cape Town,CPT-BEL-007,CPT-BEL-007-C,RAN,99.7,99.02125,0.678750000000008,98.39,0.57,98.46,37.67,38.138124999999995,1.2274462889824644,10.28,61.9,-84.3,-11.0,17.3,64.07,59,2,7,1,0.2,71,0,0,0,0,normal,,0.0,normal
2026-09-14 17:00:00,Telkom,Western Cape,Cape Town,CPT-BEL-007,CPT-BEL-007-C,RAN,99.14,99.08562500000001,0.05437499999999318,98.97,0.26,98.7,32.29,38.250625,15.583078707864251,10.51,48.7,-87.0,-10.0,19.6,54.84,41,2,1,1,0.26,164,0,0,0,0,normal,,0.0,normal
2026-09-14 17:15:00,Telkom,Western Cape,Cape Town,CPT-BEL-007,CPT-BEL-007-C,RAN,99.01,99.10874999999999,-0.09874999999998124,98.46,0.14,99.32,39.12,37.855000000000004,-3.3416985867124374,14.28,55.7,-84.5,-8.9,14.9,57.2,39,5,0,0,0.96,50,0,0,0,0,normal,,0.0,normal
2026-09-14 17:30:00,Telkom,Western Cape,Cape Town,CPT-BEL-007,CPT-BEL-007-C,RAN,98.6,99.091875,-0.4918750000000074,98.81,0.66,98.54,37.72,37.801875,0.2165897855595885,13.8,57.6,-88.6,-9.1,14.1,47.01,51,6,5,3,0.47,85,0,0,0,0,normal,,0.0,normal
2026-09-14 17:45:00,Telkom,Western Cape,Cape Town,CPT-BEL-007,CPT-BEL-007-C,RAN,99.11,99.076875,0.033124999999998295,98.42,0.05,98.83,42.6,37.565625,-13.401547292238595,12.28,52.0,-83.9,-10.1,16.3,50.91,45,4,6,0,0.77,154,0,0,0,0,normal,,0.0,normal
2026-09-14 18:00:00,Telkom,Western Cape,Cape Town,CPT-BEL-007,CPT-BEL-007-C,RAN,99.4,99.061875,0.3381250000000051,99.19,0.52,99.67,43.8,38.041875,-15.136280743259894,11.49,65.9,-85.7,-8.9,17.4,52.22,52,6,1,2,0.67,112,0,0,0,0,normal,,0.0,normal
2026-09-14 18:15:00,Telkom,Western Cape,Cape Town,CPT-BEL-007,CPT-BEL-007-C,RAN,99.01,99.06625,-0.056249999999991473,98.29,0.12,98.65,37.88,38.27125,1.0223078681778082,9.03,63.1,-87.8,-7.5,16.3,55.92,60,8,4,0,0.2,118,0,0,0,0,normal,,0.0,normal
2026-09-14 18:30:00,Telkom,Western Cape,Cape Town,CPT-BEL-007,CPT-BEL-007-C,RAN,98.63,99.08375,-0.45374999999999943,98.5,0.05,98.67,37.47,38.472500000000004,2.6057573591526535,12.52,54.7,-88.8,-11.6,15.3,48.83,48,4,4,0,0.32,143,0,0,0,0,normal,,0.0,normal
2026-09-14 18:45:00,Telkom,Western Cape,Cape Town,CPT-BEL-007,CPT-BEL-007-C,RAN,98.89,99.073125,-0.18312500000000398,98.46,0.73,98.57,39.07,38.678124999999994,-1.0131695887533483,12.06,43.5,-85.0,-9.4,16.2,49.19,47,7,3,2,1.13,66,0,0,0,0,normal,,0.0,normal
2026-09-14 19:00:00,Telkom,Western Cape,Cape Town,CPT-BEL-007,CPT-BEL-007-C,RAN,98.93,99.0575,-0.12749999999999773,99.07,0.5,98.07,38.42,39.020625,1.5392500760815615,13.41,55.8,-82.2,-8.8,19.8,58.23,50,3,2,3,1.11,0,0,0,0,0,normal,,0.0,normal
2026-09-14 19:15:00,Telkom,Western Cape,Cape Town,CPT-BEL-007,CPT-BEL-007-C,RAN,99.07,99.01375,0.056249999999991473,98.82,0.38,97.78,46.64,38.615624999999994,-20.780124625718237,12.5,58.8,-83.8,-10.4,16.4,44.76,39,1,7,1,0.9,0,0,0,0,0,normal,,0.0,normal
2026-09-14 19:30:00,Telkom,Western Cape,Cape Town,CPT-BEL-007,CPT-BEL-007-C,RAN,98.76,99.02,-0.2599999999999909,99.22,0.64,98.46,35.3,38.759375000000006,8.925260017737664,13.56,62.5,-79.7,-8.4,17.9,62.56,49,2,4,3,1.22,0,0,0,0,0,normal,,0.0,normal
2026-09-14 19:45:00,Telkom,Western Cape,Cape Town,CPT-BEL-007,CPT-BEL-007-C,RAN,98.76,98.983125,-0.22312499999999602,98.94,0.46,98.92,38.18,38.4125,0.6052717214448466,11.8,50.4,-83.2,-10.3,21.1,57.04,49,0,1,1,0.35,0,0,0,0,0,normal,,0.0,normal
2026-09-14 20:00:00,Telkom,Western Cape,Cape Town,CPT-BEL-007,CPT-BEL-007-C,RAN,99.3,98.99374999999999,0.3062500000000057,99.14,0.88,99.06,35.63,38.236875,6.817698883603838,13.54,50.0,-85.0,-9.8,18.9,53.99,47,0,0,2,1.12,93,0,0,0,0,normal,,0.0,normal
2026-09-14 20:15:00,Telkom,Western Cape,Cape Town,CPT-BEL-007,CPT-BEL-007-C,RAN,98.92,98.99875,-0.07874999999999943,98.82,0.58,98.37,39.36,38.04125,-3.4666316169947136,10.22,54.9,-86.0,-10.2,20.3,61.01,45,3,1,2,0.64,0,0,0,0,0,normal,,0.0,normal
2026-09-14 20:30:00,Telkom,Western Cape,Cape Town,CPT-BEL-007,CPT-BEL-007-C,RAN,99.44,99.02625,0.4137499999999932,98.97,0.42,99.33,38.04,38.451874999999994,1.0711441249613833,12.28,56.8,-85.1,-10.8,19.6,53.85,47,7,3,0,0.84,105,0,0,0,0,normal,,0.0,normal
2026-09-14 20:45:00,Telkom,Western Cape,Cape Town,CPT-BEL-007,CPT-BEL-007-C,RAN,98.94,99.041875,-0.10187500000000682,98.95,0.44,98.55,44.99,38.699375,-16.25510747912595,11.21,46.4,-86.3,-8.4,19.5,48.81,41,7,4,2,1.25,153,0,0,0,0,normal,,0.0,normal
2026-09-14 21:00:00,Telkom,Western Cape,Cape Town,CPT-BEL-007,CPT-BEL-007-C,RAN,99.66,98.994375,0.6656249999999915,99.06,0.48,99.63,40.9,39.156875,-4.45164482610014,12.91,52.1,-85.6,-9.1,19.3,54.42,44,2,2,0,0.46,207,0,0,0,0,normal,,0.0,normal
2026-09-14 21:15:00,Telkom,Western Cape,Cape Town,CPT-BEL-007,CPT-BEL-007-C,RAN,98.68,99.02687499999999,-0.34687499999998295,98.99,0.8,98.17,48.6,39.695,-22.433555863458878,11.69,53.0,-86.3,-8.3,13.9,42.6,47,6,3,4,0.51,0,0,0,0,0,normal,,0.0,normal
2026-09-14 21:30:00,Telkom,Western Cape,Cape Town,CPT-BEL-007,CPT-BEL-007-C,RAN,99.13,99.00625,0.12375000000000114,98.47,0.2,98.97,42.72,40.2875,-6.037852932050878,10.68,48.7,-85.6,-8.3,19.2,43.29,40,1,7,0,0.64,158,1,0,0,0,normal,,0.0,normal
2026-09-14 21:45:00,Telkom,Western Cape,Cape Town,CPT-BEL-007,CPT-BEL-007-C,RAN,99.21,99.039375,0.17062499999998693,99.24,0.72,98.7,43.69,40.6,-7.610837438423636,12.24,55.9,-91.2,-8.9,16.6,52.98,38,2,0,3,0.55,71,1,0,0,0,normal,,0.0,normal
2026-09-14 22:00:00,Telkom,Western Cape,Cape Town,CPT-BEL-007,CPT-BEL-007-C,RAN,98.81,99.045625,-0.23562499999999886,97.7,0.4,98.52,43.56,40.668125,-7.110913030782704,12.92,61.3,-86.3,-9.8,16.7,53.78,37,8,6,0,0.26,6,1,0,0,0,normal,,0.0,normal
2026-09-14 22:15:00,Telkom,Western Cape,Cape Town,CPT-BEL-007,CPT-BEL-007-C,RAN,99.24,99.00875,0.23124999999998863,99.05,0.64,98.33,43.45,40.653124999999996,-6.879852409870107,9.53,52.5,-84.4,-13.0,12.2,47.12,36,2,4,3,0.91,0,1,0,0,0,normal,,0.0,normal
2026-09-14 22:30:00,Telkom,Western Cape,Cape Town,CPT-BEL-007,CPT-BEL-007-C,RAN,99.0,99.023125,-0.02312499999999318,98.57,0.64,98.35,40.98,41.00125,0.05182768818024326,15.7,36.1,-85.3,-9.1,14.5,45.21,33,3,2,2,0.17,30,1,0,0,0,normal,,0.0,normal
2026-09-14 22:45:00,Telkom,Western Cape,Cape Town,CPT-BEL-007,CPT-BEL-007-C,RAN,98.85,99.04624999999999,-0.19624999999999204,98.81,0.5,98.48,39.08,41.220625,5.193092050399527,12.77,54.9,-85.9,-8.7,18.1,48.38,28,6,2,0,0.71,43,1,0,0,0,normal,,0.0,normal
2026-09-14 23:00:00,Telkom,Western Cape,Cape Town,CPT-BEL-007,CPT-BEL-007-C,RAN,99.5,99.04375,0.45624999999999716,98.75,0.07,98.55,44.36,41.22125,-7.614397913697429,14.69,49.5,-86.8,-12.5,16.0,44.4,31,0,5,0,0.74,41,1,0,0,0,normal,,0.0,normal
2026-09-14 23:15:00,Telkom,Western Cape,Cape Town,CPT-BEL-007,CPT-BEL-007-C,RAN,99.55,99.079375,0.4706249999999983,99.14,0.52,99.65,37.63,41.5925,9.526957985213677,14.14,46.3,-89.0,-9.0,17.4,48.51,29,2,1,3,0.98,81,1,0,0,0,normal,,0.0,normal
2026-09-14 23:30:00,Telkom,Western Cape,Cape Town,CPT-BEL-007,CPT-BEL-007-C,RAN,99.04,99.109375,-0.06937499999999375,98.51,0.62,98.27,48.42,41.029374999999995,-18.01300897223028,12.81,46.4,-88.9,-10.0,17.7,41.4,33,5,5,1,0.73,67,0,0,0,0,normal,,0.0,normal
2026-09-14 23:45:00,Telkom,Western Cape,Cape Town,CPT-BEL-007,CPT-BEL-007-C,RAN,99.69,99.126875,0.5631249999999994,99.0,0.25,98.46,45.61,41.849375,-8.98609596917516,15.23,54.9,-88.2,-11.3,18.9,41.28,35,0,2,0,0.6,25,0,0,0,0,normal,,0.0,normal
2026-09-15 00:00:00,Telkom,Western Cape,Cape Town,CPT-BEL-007,CPT-BEL-007-C,RAN,99.37,99.185,0.18500000000000227,98.84,0.05,98.79,43.82,42.313750000000006,-3.559717585891097,12.18,50.5,-85.0,-8.9,17.2,39.05,24,0,4,0,1.03,70,0,0,0,0,normal,,0.0,normal
2026-09-15 00:15:00,Telkom,Western Cape,Cape Town,CPT-BEL-007,CPT-BEL-007-C,RAN,98.69,99.18937500000001,-0.4993750000000148,98.79,0.56,98.38,45.82,42.825625,-6.992017045869145,13.85,47.3,-85.1,-10.0,12.4,35.45,28,2,2,0,0.41,79,0,0,0,0,normal,,0.0,normal
2026-09-15 00:30:00,Telkom,Western Cape,Cape Town,CPT-BEL-007,CPT-BEL-007-C,RAN,98.91,99.175,-0.26500000000000057,99.3,0.3,98.45,41.71,43.229375000000005,3.5146818569549145,8.75,47.5,-84.0,-12.3,16.4,46.79,29,4,4,0,0.99,55,0,0,0,0,normal,,0.0,normal
2026-09-15 00:45:00,Telkom,Western Cape,Cape Town,CPT-BEL-007,CPT-BEL-007-C,RAN,99.25,99.141875,0.10812500000000114,98.91,0.27,98.48,42.49,43.458749999999995,2.229125319987328,12.31,64.0,-86.6,-9.8,15.2,45.29,30,3,1,0,0.57,0,0,0,0,0,normal,,0.0,normal
2026-09-15 01:00:00,Telkom,Western Cape,Cape Town,CPT-BEL-007,CPT-BEL-007-C,RAN,99.33,99.16125,0.16875000000000284,98.88,0.52,99.23,54.36,43.302499999999995,-25.535477166445368,14.13,53.2,-86.4,-9.9,19.8,31.83,25,0,1,0,1.38,14,0,0,0,0,normal,,0.0,normal
2026-09-15 01:15:00,Telkom,Western Cape,Cape Town,CPT-BEL-007,CPT-BEL-007-C,RAN,98.98,99.140625,-0.16062499999999602,99.36,0.38,98.2,50.21,44.14375,-13.742035962055793,10.01,53.4,-84.0,-10.3,18.8,39.93,36,5,1,2,0.66,58,1,0,0,0,normal,,0.0,normal
2026-09-15 01:30:00,Telkom,Western Cape,Cape Town,CPT-BEL-007,CPT-BEL-007-C,RAN,98.84,99.159375,-0.31937499999999375,98.67,0.61,97.21,48.49,44.244375,-9.595852580130252,12.05,48.8,-83.0,-9.3,13.4,43.17,26,2,3,1,0.89,91,1,0,0,0,normal,,0.0,normal
2026-09-15 01:45:00,Telkom,Western Cape,Cape Town,CPT-BEL-007,CPT-BEL-007-C,RAN,99.5,99.14125000000001,0.35874999999998636,98.89,0.95,98.5,40.41,44.605000000000004,9.404775249411516,14.58,58.0,-85.7,-10.3,15.8,48.61,32,0,2,1,1.23,124,0,0,0,0,normal,,0.0,normal
2026-09-15 02:00:00,Telkom,Western Cape,Cape Town,CPT-BEL-007,CPT-BEL-007-C,RAN,98.86,99.15937500000001,-0.29937500000001194,98.62,0.62,99.23,41.94,44.4,5.540540540540543,11.05,58.2,-86.4,-9.2,17.3,54.63,34,4,2,3,0.76,54,0,0,0,0,normal,,0.0,normal
2026-09-15 02:15:00,Telkom,Western Cape,Cape Town,CPT-BEL-007,CPT-BEL-007-C,RAN,98.29,99.1625,-0.8724999999999881,98.68,0.57,99.01,37.8,44.298750000000005,14.670278506729892,12.0,48.6,-85.2,-7.9,20.2,61.32,37,6,3,0,0.67,0,0,0,0,0,normal,,0.0,normal
2026-09-15 02:30:00,Telkom,Western Cape,Cape Town,CPT-BEL-007,CPT-BEL-007-C,RAN,98.53,99.103125,-0.5731250000000045,98.83,0.41,99.13,36.66,43.945625,16.578726551277864,11.49,38.7,-87.8,-12.4,18.7,48.82,31,4,3,0,0.31,0,0,0,0,0,normal,,0.0,normal
2026-09-15 02:45:00,Telkom,Western Cape,Cape Town,CPT-BEL-007,CPT-BEL-007-C,RAN,99.31,99.07375,0.2362499999999983,99.04,0.41,98.35,42.84,43.675625,1.9132525292997942,14.64,55.8,-84.7,-9.0,16.0,52.21,27,0,0,1,0.68,44,0,0,0,0,normal,,0.0,normal
2026-09-15 03:00:00,Telkom,Western Cape,Cape Town,CPT-BEL-007,CPT-BEL-007-C,RAN,99.12,99.10249999999999,0.017500000000012506,98.43,0.52,98.26,48.21,43.910625,-9.79119518339809,14.85,46.1,-90.6,-8.9,19.8,40.61,32,0,1,1,0.55,182,0,0,0,0,normal,,0.0,normal
2026-09-15 03:15:00,Telkom,Western Cape,Cape Town,CPT-BEL-007,CPT-BEL-007-C,RAN,99.55,99.07875,0.4712499999999977,98.83,0.32,98.93,53.31,44.151250000000005,-20.744033294640573,13.99,48.0,-91.0,-8.4,15.3,40.52,27,5,4,0,1.19,79,0,0,0,0,normal,,0.0,normal
2026-09-15 03:30:00,Telkom,Western Cape,Cape Town,CPT-BEL-007,CPT-BEL-007-C,RAN,99.31,99.07875,0.23125000000000284,98.49,0.32,98.54,36.93,45.13125,18.171998338180313,11.92,52.3,-89.8,-11.2,17.0,49.26,36,0,7,0,0.57,130,0,0,0,0,normal,,0.0,normal
2026-09-15 03:45:00,Telkom,Western Cape,Cape Town,CPT-BEL-007,CPT-BEL-007-C,RAN,99.27,99.095625,0.17437499999999773,98.61,0.73,98.8,42.43,44.413125,4.465177804984453,12.51,49.5,-84.1,-10.2,18.5,52.74,37,1,0,3,0.16,105,0,0,0,0,normal,,0.0,normal
2026-09-15 04:00:00,Telkom,Western Cape,Cape Town,CPT-BEL-007,CPT-BEL-007-C,RAN,99.25,99.06937500000001,0.18062499999999204,98.77,0.69,98.5,39.49,44.214375,10.68515612852154,12.12,40.7,-84.2,-10.6,17.2,49.54,38,2,4,1,0.76,54,0,0,0,0,normal,,0.0,normal
2026-09-15 04:15:00,Telkom,Western Cape,Cape Town,CPT-BEL-007,CPT-BEL-007-C,RAN,99.56,99.06187500000001,0.4981249999999875,98.4,0.36,98.67,45.78,43.94375,-4.178637462665338,14.24,51.2,-85.5,-10.5,15.1,39.72,27,1,2,0,0.83,0,0,0,0,0,normal,,0.0,normal
2026-09-15 04:30:00,Telkom,Western Cape,Cape Town,CPT-BEL-007,CPT-BEL-007-C,RAN,98.96,99.11625000000001,-0.1562500000000142,98.98,0.85,97.61,44.48,43.94125,-1.2260688988137578,12.61,39.3,-87.1,-11.0,15.3,40.26,23,6,1,0,0.99,52,0,0,0,0,normal,,0.0,normal
2026-09-15 04:45:00,Telkom,Western Cape,Cape Town,CPT-BEL-007,CPT-BEL-007-C,RAN,99.33,99.119375,0.21062499999999318,99.03,0.65,98.13,37.03,44.114375,16.05910771715569,10.83,60.7,-86.8,-8.6,16.7,54.46,37,1,2,1,0.52,71,0,0,0,0,normal,,0.0,normal
2026-09-15 05:00:00,Telkom,Western Cape,Cape Town,CPT-BEL-007,CPT-BEL-007-C,RAN,98.76,99.124375,-0.36437499999999545,98.99,0.44,98.61,36.0,43.773125,17.757756614360982,12.35,51.8,-88.4,-11.6,19.8,52.44,43,6,2,1,0.54,173,0,0,0,0,normal,,0.0,normal
2026-09-15 05:15:00,Telkom,Western Cape,Cape Town,CPT-BEL-007,CPT-BEL-007-C,RAN,99.88,99.08875,0.7912499999999909,98.81,0.94,98.0,42.5,42.625625,0.2947170862597309,14.96,43.5,-85.7,-10.9,15.9,53.67,39,2,4,3,1.06,0,0,0,0,0,normal,,0.0,normal
2026-09-15 05:30:00,Telkom,Western Cape,Cape Town,CPT-BEL-007,CPT-BEL-007-C,RAN,99.09,99.145,-0.05499999999999261,98.91,0.43,98.76,37.11,42.14375,11.944238469523945,14.23,54.5,-90.5,-12.1,15.9,57.62,38,0,0,2,0.82,13,0,0,0,0,normal,,0.0,normal
2026-09-15 05:45:00,Telkom,Western Cape,Cape Town,CPT-BEL-007,CPT-BEL-007-C,RAN,99.52,99.16062500000001,0.3593749999999858,99.59,0.89,97.78,40.85,41.4325,1.405901164544732,13.23,51.5,-84.4,-9.4,17.7,50.71,42,4,6,1,0.26,59,0,0,0,0,normal,,0.0,normal
2026-09-15 06:00:00,Telkom,Western Cape,Cape Town,CPT-BEL-007,CPT-BEL-007-C,RAN,98.99,99.16187500000001,-0.1718750000000142,98.69,0.93,98.22,39.53,41.46,4.655089242643511,11.63,47.2,-84.3,-11.9,18.0,45.39,30,2,3,3,0.1,41,0,0,0,0,normal,,0.0,normal
2026-09-15 06:15:00,Telkom,Western Cape,Cape Town,CPT-BEL-007,CPT-BEL-007-C,RAN,99.14,99.17,-0.030000000000001137,98.98,0.77,98.56,44.01,41.309374999999996,-6.537559573341409,15.03,53.1,-90.4,-9.0,19.3,44.61,40,3,3,3,1.32,158,0,0,0,0,normal,,0.0,normal
2026-09-15 06:30:00,Telkom,Western Cape,Cape Town,CPT-BEL-007,CPT-BEL-007-C,RAN,98.97,99.223125,-0.25312499999999716,98.8,0.56,98.86,35.76,41.6975,14.239462797529828,10.18,53.8,-85.8,-9.9,16.2,42.69,35,2,0,0,0.59,65,0,0,0,0,normal,,0.0,normal
2026-09-15 06:45:00,Telkom,Western Cape,Cape Town,CPT-BEL-007,CPT-BEL-007-C,RAN,99.52,99.250625,0.2693749999999966,98.02,0.82,99.07,42.27,41.64125,-1.5099210518416322,10.77,48.5,-90.5,-11.2,19.0,55.41,45,1,4,2,1.04,0,0,0,0,0,normal,,0.0,normal
2026-09-15 07:00:00,Telkom,Western Cape,Cape Town,CPT-BEL-007,CPT-BEL-007-C,RAN,98.93,99.26374999999999,-0.3337499999999807,98.47,0.2,98.56,43.0,41.605625,-3.3514098153795224,15.95,57.7,-86.7,-11.1,17.2,54.62,49,6,3,1,0.43,0,0,0,0,0,normal,,0.0,normal
2026-09-15 07:15:00,Telkom,Western Cape,Cape Town,CPT-BEL-007,CPT-BEL-007-C,RAN,99.45,99.251875,0.19812500000000455,98.59,0.27,99.11,29.07,41.28,29.578488372093027,12.56,59.2,-80.9,-8.7,16.0,65.99,49,6,8,1,1.02,100,0,0,0,0,normal,,0.0,normal
2026-09-15 07:30:00,Telkom,Western Cape,Cape Town,CPT-BEL-007,CPT-BEL-007-C,RAN,99.06,99.245625,-0.1856250000000017,98.56,0.57,98.73,38.37,39.765,3.5081101471143046,12.56,48.9,-87.0,-9.7,20.9,59.86,52,2,3,2,0.36,76,0,0,0,0,normal,,0.0,normal
2026-09-15 07:45:00,Telkom,Western Cape,Cape Town,CPT-BEL-007,CPT-BEL-007-C,RAN,99.03,99.23,-0.20000000000000284,99.46,0.35,98.95,46.8,39.855,-17.425668046669177,14.48,45.1,-85.9,-9.1,16.6,53.08,47,4,3,0,0.99,128,0,0,0,0,normal,,0.0,normal
2026-09-15 08:00:00,Telkom,Western Cape,Cape Town,CPT-BEL-007,CPT-BEL-007-C,RAN,98.95,99.21499999999999,-0.26499999999998636,99.11,0.14,98.7,35.77,40.128125,10.860524881239765,11.14,62.4,-86.0,-12.0,11.4,54.69,49,4,3,0,1.31,113,0,0,0,0,normal,,0.0,normal
2026-09-15 08:15:00,Telkom,Western Cape,Cape Town,CPT-BEL-007,CPT-BEL-007-C,RAN,99.03,99.19625,-0.16625000000000512,98.53,0.72,98.43,36.39,39.895625,8.78699105478358,11.04,71.7,-85.9,-9.4,18.0,58.71,55,3,6,3,0.84,0,0,0,0,0,normal,,0.0,normal
2026-09-15 08:30:00,Telkom,Western Cape,Cape Town,CPT-BEL-007,CPT-BEL-007-C,RAN,99.44,99.163125,0.276875000000004,98.77,0.82,99.44,33.99,39.30875,13.530702451744206,14.23,58.2,-87.0,-9.9,14.8,60.6,48,5,4,2,1.01,23,0,0,0,0,normal,,0.0,normal
2026-09-15 08:45:00,Telkom,Western Cape,Cape Town,CPT-BEL-007,CPT-BEL-007-C,RAN,99.23,99.193125,0.036875000000009095,98.63,0.54,98.38,37.72,38.653125,2.4140997655428995,12.72,57.7,-85.6,-9.6,20.4,56.76,48,3,5,3,0.7,1,0,0,0,0,normal,,0.0,normal
2026-09-15 09:00:00,Telkom,Western Cape,Cape Town,CPT-BEL-007,CPT-BEL-007-C,RAN,99.34,99.186875,0.15312500000000284,99.04,0.63,99.14,33.24,38.69625,14.100203508091862,11.53,55.0,-83.5,-9.0,17.5,58.67,54,3,7,2,0.87,87,0,0,0,0,normal,,0.0,normal
2026-09-15 09:15:00,Telkom,Western Cape,Cape Town,CPT-BEL-007,CPT-BEL-007-C,RAN,98.93,99.223125,-0.2931249999999892,99.17,0.46,99.09,36.61,38.52375,4.967714721438075,14.18,72.4,-87.7,-12.6,14.1,47.8,50,6,1,4,1.0,22,0,0,0,0,normal,,0.0,normal
2026-09-15 09:30:00,Telkom,Western Cape,Cape Town,CPT-BEL-007,CPT-BEL-007-C,RAN,99.5,99.16375000000001,0.3362499999999926,99.28,0.44,98.05,35.08,38.155625,8.060738095628107,9.83,53.8,-85.7,-9.4,19.6,55.22,60,3,6,6,0.97,0,0,0,0,0,normal,,0.0,normal
2026-09-15 09:45:00,Telkom,Western Cape,Cape Town,CPT-BEL-007,CPT-BEL-007-C,RAN,98.8,99.189375,-0.38937500000000114,98.77,0.33,99.17,29.07,38.02875,23.557834533083525,10.29,59.1,-91.5,-8.1,12.6,55.99,56,9,5,1,0.51,106,0,0,0,0,normal,,0.0,normal
2026-09-15 10:00:00,Telkom,Western Cape,Cape Town,CPT-BEL-007,CPT-BEL-007-C,RAN,99.18,99.144375,0.03562500000001023,99.42,0.22,97.54,34.81,37.2925,6.656834484145592,14.01,53.8,-86.1,-9.4,18.8,53.75,52,5,0,0,0.56,0,0,0,0,0,normal,,0.0,normal
2026-09-15 10:15:00,Telkom,Western Cape,Cape Town,CPT-BEL-007,CPT-BEL-007-C,RAN,98.62,99.15625,-0.5362499999999955,98.29,0.13,98.33,33.99,36.9975,8.128927630245288,10.35,58.9,-87.1,-10.4,19.5,59.88,59,7,2,1,0.45,88,0,0,0,0,normal,,0.0,normal
2026-09-15 10:30:00,Telkom,Western Cape,Cape Town,CPT-BEL-007,CPT-BEL-007-C,RAN,99.61,99.12375,0.4862499999999983,98.52,0.5,97.59,36.76,36.37125,-1.0688387118946823,10.1,65.3,-89.4,-10.9,18.7,65.15,61,0,4,1,0.29,37,0,0,0,0,normal,,0.0,normal
2026-09-15 10:45:00,Telkom,Western Cape,Cape Town,CPT-BEL-007,CPT-BEL-007-C,RAN,99.05,99.16375000000001,-0.11375000000001023,98.62,0.55,98.66,39.11,36.43375,-7.34552441074552,10.19,57.6,-90.5,-12.0,15.3,55.63,58,4,4,1,0.6,178,0,0,0,0,normal,,0.0,normal
2026-09-15 11:00:00,Telkom,Western Cape,Cape Town,CPT-BEL-007,CPT-BEL-007-C,RAN,99.8,99.134375,0.6656249999999915,98.66,0.64,98.21,32.95,36.236250000000005,9.068957190658532,9.67,56.6,-88.4,-9.3,16.6,60.72,58,0,6,5,0.35,0,0,0,0,0,normal,,0.0,normal
2026-09-15 11:15:00,Telkom,Western Cape,Cape Town,CPT-BEL-007,CPT-BEL-007-C,RAN,99.49,99.18875,0.301249999999996,98.2,0.49,98.82,29.87,35.608124999999994,16.1146507995015,15.25,46.0,-86.4,-10.2,18.1,54.94,59,3,8,1,1.28,78,0,0,0,0,normal,,0.0,normal
2026-09-15 11:30:00,Telkom,Western Cape,Cape Town,CPT-BEL-007,CPT-BEL-007-C,RAN,98.99,99.19125,-0.2012500000000017,98.51,0.57,99.14,42.26,35.658125,-18.514363837133892,11.66,72.9,-87.1,-9.4,14.4,57.41,61,6,6,1,0.57,0,0,0,0,0,normal,,0.0,normal
2026-09-15 11:45:00,Telkom,Western Cape,Cape Town,CPT-BEL-007,CPT-BEL-007-C,RAN,99.42,99.186875,0.23312500000000114,98.64,0.47,98.64,31.07,35.90125,13.457052331046961,9.36,57.1,-89.4,-9.5,16.8,61.8,58,0,6,2,0.53,58,0,0,0,0,normal,,0.0,normal
2026-09-15 12:00:00,Telkom,Western Cape,Cape Town,CPT-BEL-007,CPT-BEL-007-C,RAN,99.03,99.21125,-0.18125000000000568,98.9,0.45,98.61,33.78,34.918125,3.259410406486609,14.49,49.5,-87.6,-10.0,17.0,51.77,52,4,6,3,1.44,0,0,0,0,0,normal,,0.0,normal
2026-09-15 12:15:00,Telkom,Western Cape,Cape Town,CPT-BEL-007,CPT-BEL-007-C,RAN,99.9,99.21625,0.6837500000000034,98.91,0.7,97.99,36.35,34.793749999999996,-4.472786060714944,11.33,62.5,-91.1,-9.3,18.2,54.08,43,0,3,4,0.54,96,0,0,0,0,normal,,0.0,normal
2026-09-15 12:30:00,Telkom,Western Cape,Cape Town,CPT-BEL-007,CPT-BEL-007-C,RAN,98.99,99.27062500000001,-0.2806250000000148,98.9,0.41,99.38,32.28,34.79125,7.218050515575028,11.02,57.6,-87.5,-9.1,18.6,48.61,53,5,5,3,0.65,0,0,0,0,0,normal,,0.0,normal
2026-09-15 12:45:00,Telkom,Western Cape,Cape Town,CPT-BEL-007,CPT-BEL-007-C,RAN,99.02,99.2425,-0.2225000000000108,98.93,0.05,98.73,31.43,34.684374999999996,9.382827281737082,13.6,51.9,-87.3,-10.7,16.2,66.54,56,7,7,0,1.05,0,0,0,0,0,normal,,0.0,normal
2026-09-15 13:00:00,Telkom,Western Cape,Cape Town,CPT-BEL-007,CPT-BEL-007-C,RAN,98.75,99.229375,-0.47937500000000455,98.18,0.51,98.87,37.76,34.291250000000005,-10.115554259468501,10.18,61.1,-82.1,-10.4,19.1,57.16,50,5,6,3,0.68,131,0,0,0,0,normal,,0.0,normal
2026-09-15 13:15:00,Telkom,Western Cape,Cape Town,CPT-BEL-007,CPT-BEL-007-C,RAN,98.98,99.19250000000001,-0.21250000000000568,98.96,0.24,98.27,38.52,34.573750000000004,-11.414006290899884,12.71,47.1,-86.7,-10.7,17.5,47.17,50,2,5,0,0.45,0,0,0,0,0,normal,,0.0,normal
2026-09-15 13:30:00,Telkom,Western Cape,Cape Town,CPT-BEL-007,CPT-BEL-007-C,RAN,99.45,99.195625,0.254374999999996,99.31,0.16,97.63,40.73,34.693125,-17.400781855194637,12.26,58.3,-85.5,-10.2,16.2,53.07,48,4,2,0,0.39,13,0,0,0,0,normal,,0.0,normal
2026-09-15 13:45:00,Telkom,Western Cape,Cape Town,CPT-BEL-007,CPT-BEL-007-C,RAN,99.16,99.1925,-0.03249999999999886,98.71,0.66,98.56,36.46,35.04625,-4.033955130720121,12.55,53.4,-87.5,-9.2,16.9,46.04,44,2,6,3,1.04,102,0,0,0,0,normal,,0.0,normal
2026-09-15 14:00:00,Telkom,Western Cape,Cape Town,CPT-BEL-007,CPT-BEL-007-C,RAN,99.0,99.215,-0.2150000000000034,99.19,0.37,98.34,36.46,35.508125,-2.680724482072768,11.97,59.8,-88.4,-9.1,20.3,58.61,49,5,2,1,0.98,0,0,0,0,0,normal,,0.0,normal
2026-09-15 14:15:00,Telkom,Western Cape,Cape Town,CPT-BEL-007,CPT-BEL-007-C,RAN,98.83,99.20375,-0.37375000000000114,98.95,0.56,97.63,32.97,35.61125,7.416897750008775,12.4,62.9,-85.9,-10.2,19.2,59.53,46,7,2,1,0.32,49,0,0,0,0,normal,,0.0,normal
2026-09-15 14:30:00,Telkom,Western Cape,Cape Town,CPT-BEL-007,CPT-BEL-007-C,RAN,99.35,99.216875,0.1331249999999926,99.05,0.72,98.65,33.26,35.5475,6.4350516913988365,14.79,54.1,-88.3,-5.7,14.9,51.91,42,3,2,3,0.74,0,0,0,0,0,normal,,0.0,normal
2026-09-15 14:45:00,Telkom,Western Cape,Cape Town,CPT-BEL-007,CPT-BEL-007-C,RAN,98.2,99.200625,-1.0006249999999994,98.47,1.01,98.66,42.77,35.32875,-21.062873721827135,11.83,49.0,-87.5,-9.6,15.8,46.94,47,3,3,2,0.81,204,0,0,0,0,normal,,0.0,normal
2026-09-15 15:00:00,Telkom,Western Cape,Cape Town,CPT-BEL-007,CPT-BEL-007-C,RAN,99.51,99.1475,0.36250000000001137,99.09,0.27,99.27,32.62,35.5575,8.261266961963019,11.51,49.3,-83.3,-12.8,16.7,54.43,40,2,2,1,0.37,228,0,0,0,0,normal,,0.0,normal
2026-09-15 15:15:00,Telkom,Western Cape,Cape Town,CPT-BEL-007,CPT-BEL-007-C,RAN,99.47,99.12937500000001,0.34062499999998863,98.25,0.21,99.36,41.95,35.536875,-18.046395469494716,12.42,41.7,-86.2,-11.0,16.5,55.1,53,4,6,1,0.59,0,0,0,0,0,normal,,0.0,normal
2026-09-15 15:30:00,Telkom,Western Cape,Cape Town,CPT-BEL-007,CPT-BEL-007-C,RAN,99.09,99.128125,-0.03812499999999375,99.47,0.47,98.95,32.04,36.291875000000005,11.715776602889779,10.69,58.8,-82.4,-10.5,17.3,55.69,41,2,1,0,0.67,0,0,0,0,0,normal,,0.0,normal
2026-09-15 15:45:00,Telkom,Western Cape,Cape Town,CPT-BEL-007,CPT-BEL-007-C,RAN,98.95,99.134375,-0.18437500000000284,98.64,0.97,98.63,39.48,35.653125,-10.733631343676027,11.72,44.0,-83.2,-10.4,20.4,50.81,39,6,3,3,0.79,0,0,0,0,0,normal,,0.0,normal
2026-09-15 16:00:00,Telkom,Western Cape,Cape Town,CPT-BEL-007,CPT-BEL-007-C,RAN,98.9,99.105,-0.2049999999999983,98.55,0.51,97.95,39.42,36.17875,-8.9589883564247,12.63,58.2,-85.5,-9.3,17.2,52.69,37,4,3,4,0.9,0,0,0,0,0,normal,,0.0,normal
2026-09-15 16:15:00,Telkom,Western Cape,Cape Town,CPT-BEL-007,CPT-BEL-007-C,RAN,99.24,99.096875,0.14312499999999773,99.0,0.36,99.22,39.2,36.53125,-7.3053892215568945,7.16,46.5,-81.7,-10.9,14.7,58.47,45,0,2,1,0.88,12,0,0,0,0,normal,,0.0,normal
2026-09-15 16:30:00,Telkom,Western Cape,Cape Town,CPT-BEL-007,CPT-BEL-007-C,RAN,99.25,99.05562499999999,0.19437500000000796,98.65,0.54,98.22,44.04,36.709375,-19.96935387758576,9.24,42.9,-82.8,-10.0,15.8,59.1,55,4,0,1,0.9,19,0,0,0,0,normal,,0.0,normal
2026-09-15 16:45:00,Telkom,Western Cape,Cape Town,CPT-BEL-007,CPT-BEL-007-C,RAN,98.89,99.071875,-0.18187500000000512,98.87,0.91,97.82,34.09,37.444375,8.958288127388954,13.87,44.7,-89.1,-10.9,13.6,47.99,53,4,3,3,0.78,0,1,0,0,0,normal,,0.0,normal
2026-09-15 17:00:00,Telkom,Western Cape,Cape Town,CPT-BEL-007,CPT-BEL-007-C,RAN,99.34,99.06375,0.27625000000000455,99.51,0.24,98.56,45.26,37.610625,-20.33833524436246,15.7,61.1,-85.4,-9.7,21.0,46.99,50,3,1,1,0.67,33,1,0,0,0,normal,,0.0,normal
2026-09-15 17:15:00,Telkom,Western Cape,Cape Town,CPT-BEL-007,CPT-BEL-007-C,RAN,99.46,99.100625,0.359375,97.99,0.4,99.06,41.93,38.079375,-10.112101367209943,14.23,52.1,-88.9,-7.6,17.6,56.77,51,1,9,3,0.51,55,2,0,0,0,normal,,0.0,normal
2026-09-15 17:30:00,Telkom,Western Cape,Cape Town,CPT-BEL-007,CPT-BEL-007-C,RAN,98.71,99.13062500000001,-0.42062500000001535,99.1,0.24,98.96,43.13,38.2925,-12.633022132271348,10.98,53.5,-86.5,-9.4,17.3,60.13,55,3,5,1,1.07,21,1,0,0,0,normal,,0.0,normal
2026-09-15 17:45:00,Telkom,Western Cape,Cape Town,CPT-BEL-007,CPT-BEL-007-C,RAN,98.95,99.08437500000001,-0.13437500000000568,98.7,0.29,98.93,36.73,38.442499999999995,4.454705079014109,11.47,50.5,-85.6,-10.5,18.7,58.12,60,5,4,1,0.57,5,0,0,0,0,normal,,0.0,normal
2026-09-15 18:00:00,Telkom,Western Cape,Cape Town,CPT-BEL-007,CPT-BEL-007-C,RAN,99.18,99.07124999999999,0.10875000000001478,98.7,0.61,98.08,31.28,38.459375,18.66742504265865,10.34,58.5,-86.4,-13.4,17.3,62.92,61,7,6,3,1.05,83,0,0,0,0,normal,,0.0,normal
2026-09-15 18:15:00,Telkom,Western Cape,Cape Town,CPT-BEL-007,CPT-BEL-007-C,RAN,98.47,99.0825,-0.6124999999999972,98.83,1.01,97.72,37.65,38.135625000000005,1.273415605487011,13.23,65.3,-85.4,-9.0,15.8,70.75,60,6,4,5,0.76,0,0,0,0,0,normal,,0.0,normal
2026-09-15 18:30:00,Telkom,Western Cape,Cape Town,CPT-BEL-007,CPT-BEL-007-C,RAN,98.8,99.06,-0.2600000000000051,98.57,0.38,99.37,41.25,38.428125,-7.343254452305437,13.67,62.8,-83.8,-10.7,14.5,52.79,50,3,9,2,0.3,43,0,0,0,0,normal,,0.0,normal
2026-09-15 18:45:00,Telkom,Western Cape,Cape Town,CPT-BEL-007,CPT-BEL-007-C,RAN,99.37,99.02562499999999,0.34437500000001364,99.25,0.14,98.97,41.32,38.9275,-6.146040716716969,13.96,40.3,-86.5,-8.7,14.5,48.56,48,2,4,1,0.55,104,0,0,0,0,normal,,0.0,normal
2026-09-15 19:00:00,Telkom,Western Cape,Cape Town,CPT-BEL-007,CPT-BEL-007-C,RAN,99.32,99.09875000000001,0.22124999999998352,98.32,0.59,99.28,43.55,38.836875,-12.13569577881845,11.55,56.1,-85.1,-9.9,18.1,59.99,50,4,2,2,0.24,44,0,0,0,0,normal,,0.0,normal
2026-09-15 19:15:00,Telkom,Western Cape,Cape Town,CPT-BEL-007,CPT-BEL-007-C,RAN,99.32,99.086875,0.23312499999998693,98.82,0.47,98.32,39.19,39.52,0.8350202429149933,13.78,49.3,-80.9,-8.9,19.7,46.13,41,2,1,1,0.8,83,0,0,0,0,normal,,0.0,normal
2026-09-15 19:30:00,Telkom,Western Cape,Cape Town,CPT-BEL-007,CPT-BEL-007-C,RAN,99.0,99.0775,-0.07750000000000057,98.82,0.44,99.23,33.09,39.3475,15.903170468263534,9.99,53.1,-84.0,-9.0,18.2,56.94,45,2,4,3,0.59,104,0,0,0,0,normal,,0.0,normal
2026-09-15 19:45:00,Telkom,Western Cape,Cape Town,CPT-BEL-007,CPT-BEL-007-C,RAN,98.91,99.07187499999999,-0.16187499999999488,99.09,0.45,98.36,32.46,39.413125,17.641648562502972,9.49,57.8,-87.4,-11.4,16.8,62.61,55,2,0,1,0.74,0,0,0,0,0,normal,,0.0,normal
2026-09-15 20:00:00,Telkom,Western Cape,Cape Town,CPT-BEL-007,CPT-BEL-007-C,RAN,98.42,99.069375,-0.649374999999992,98.51,0.11,99.2,43.12,38.974375,-10.636796613159275,11.26,48.1,-86.9,-8.2,19.3,59.01,50,2,7,1,1.15,0,0,0,0,0,normal,,0.0,normal
2026-09-15 20:15:00,Telkom,Western Cape,Cape Town,CPT-BEL-007,CPT-BEL-007-C,RAN,99.0,99.039375,-0.03937500000000682,98.82,0.72,98.07,43.41,39.205625,-10.723907602544276,11.73,61.2,-86.5,-9.5,16.3,50.14,47,1,2,3,0.96,0,0,0,0,0,normal,,0.0,normal
2026-09-15 20:30:00,Telkom,Western Cape,Cape Town,CPT-BEL-007,CPT-BEL-007-C,RAN,99.53,99.024375,0.5056249999999949,98.95,0.53,98.86,39.52,39.46875,-0.12984956452890736,10.82,53.5,-86.9,-10.2,19.9,53.01,44,4,5,3,1.43,186,0,0,0,0,normal,,0.0,normal
2026-09-15 20:45:00,Telkom,Western Cape,Cape Town,CPT-BEL-007,CPT-BEL-007-C,RAN,98.99,99.041875,-0.05187500000000966,98.65,0.34,99.49,32.78,39.18625,16.34820887428626,13.43,62.3,-86.6,-9.5,17.5,60.79,50,7,8,1,0.69,9,0,0,0,0,normal,,0.0,normal
2026-09-15 21:00:00,Telkom,Western Cape,Cape Town,CPT-BEL-007,CPT-BEL-007-C,RAN,99.9,99.048125,0.8518750000000068,98.52,0.47,98.92,37.08,39.104375,5.176850416353667,10.82,55.3,-86.2,-11.6,12.3,62.54,43,0,2,1,0.1,176,0,0,0,0,normal,,0.0,normal
2026-09-15 21:15:00,Telkom,Western Cape,Cape Town,CPT-BEL-007,CPT-BEL-007-C,RAN,99.19,99.083125,0.10687500000000227,98.59,0.76,98.67,45.69,38.593125,-18.388961764562982,11.87,41.4,-81.8,-10.6,17.5,47.96,43,3,3,3,0.92,0,0,0,0,0,normal,,0.0,normal
2026-09-15 21:30:00,Telkom,Western Cape,Cape Town,CPT-BEL-007,CPT-BEL-007-C,RAN,98.9,99.06625,-0.1662499999999909,98.54,0.88,98.39,39.66,38.828125,-2.1424547283702124,13.65,52.3,-87.4,-10.6,20.5,40.16,38,3,5,3,1.02,1,0,0,0,0,normal,,0.0,normal
2026-09-15 21:45:00,Telkom,Western Cape,Cape Town,CPT-BEL-007,CPT-BEL-007-C,RAN,99.23,99.078125,0.15187500000000398,98.3,0.31,98.38,47.3,38.611250000000005,-22.503156463465935,11.57,42.0,-89.3,-11.8,15.2,46.28,31,1,7,0,0.61,43,0,0,0,0,normal,,0.0,normal
2026-09-15 22:00:00,Telkom,Western Cape,Cape Town,CPT-BEL-007,CPT-BEL-007-C,RAN,98.73,99.09562500000001,-0.3656250000000085,98.76,0.26,99.06,39.67,39.271875,-1.0137662130977965,11.8,52.1,-90.8,-11.0,13.8,51.62,31,4,2,1,0.1,94,1,0,0,0,normal,,0.0,normal
2026-09-15 22:15:00,Telkom,Western Cape,Cape Town,CPT-BEL-007,CPT-BEL-007-C,RAN,98.9,99.06750000000001,-0.16750000000000398,98.78,0.42,98.4,41.84,39.79624999999999,-5.135534126959224,11.33,34.5,-84.9,-10.6,15.6,43.21,36,6,4,3,0.76,66,1,0,0,0,normal,,0.0,normal
2026-09-15 22:30:00,Telkom,Western Cape,Cape Town,CPT-BEL-007,CPT-BEL-007-C,RAN,99.44,99.094375,0.3456249999999983,99.11,0.88,98.78,42.11,40.058125,-5.122244238840442,12.48,56.5,-92.4,-10.4,16.5,48.82,38,3,5,4,0.42,77,0,0,0,0,normal,,0.0,normal
2026-09-15 22:45:00,Telkom,Western Cape,Cape Town,CPT-BEL-007,CPT-BEL-007-C,RAN,99.63,99.134375,0.49562499999998977,98.95,0.47,98.4,42.53,40.111875,-6.028451674223664,13.54,47.7,-79.7,-10.5,19.5,40.5,30,0,2,0,0.81,69,0,0,0,0,normal,,0.0,normal
2026-09-15 23:00:00,Telkom,Western Cape,Cape Town,CPT-BEL-007,CPT-BEL-007-C,RAN,99.26,99.15062499999999,0.10937500000001421,99.4,0.34,98.29,42.43,40.1875,-5.5800933125972,12.25,43.3,-86.5,-11.6,20.8,37.6,27,2,0,0,0.7,0,0,0,0,0,normal,,0.0,normal
2026-09-15 23:15:00,Telkom,Western Cape,Cape Town,CPT-BEL-007,CPT-BEL-007-C,RAN,98.95,99.146875,-0.19687499999999147,99.08,0.38,97.42,42.98,40.1175,-7.135290085374206,11.41,49.9,-85.4,-7.7,17.0,44.67,40,0,0,3,0.33,139,0,0,1,0,normal,,0.0,normal
2026-09-15 23:30:00,Telkom,Western Cape,Cape Town,CPT-BEL-007,CPT-BEL-007-C,RAN,99.78,99.12375,0.65625,98.97,0.79,99.12,46.71,40.354375,-15.749531494416663,10.86,48.1,-86.3,-10.1,16.0,44.34,33,0,0,2,0.22,23,0,0,1,0,normal,,0.0,normal
2026-09-15 23:45:00,Telkom,Western Cape,Cape Town,CPT-BEL-007,CPT-BEL-007-C,RAN,98.98,99.1725,-0.19249999999999545,97.78,0.24,98.43,47.18,41.205625,-14.498930667839652,10.89,42.2,-84.8,-11.4,14.0,43.46,27,1,4,0,0.5,114,0,0,1,0,normal,,0.0,normal
2026-09-14 00:00:00,Telkom,Gauteng,Johannesburg,JHB-CBD-003,JHB-CBD-003-A,RAN,99.17,99.17,0.0,98.89,0.83,98.47,44.33,44.33,0.0,15.14,43.3,-84.5,-9.6,17.5,42.4,33,3,3,2,1.06,0,0,0,0,0,normal,,0.0,normal
2026-09-14 00:15:00,Telkom,Gauteng,Johannesburg,JHB-CBD-003,JHB-CBD-003-A,RAN,99.13,99.17,-0.04000000000000625,98.25,0.61,98.74,52.32,44.33,-18.023911572298672,15.57,47.0,-84.0,-8.1,16.9,35.41,24,2,3,0,0.42,72,0,0,0,0,normal,,0.0,normal
2026-09-14 00:30:00,Telkom,Gauteng,Johannesburg,JHB-CBD-003,JHB-CBD-003-A,RAN,99.62,99.15,0.46999999999999886,98.56,0.27,98.74,45.27,48.325,6.321779617175374,11.34,50.2,-83.1,-8.9,20.4,47.97,33,0,5,1,0.27,0,0,0,0,0,normal,,0.0,normal
2026-09-14 00:45:00,Telkom,Gauteng,Johannesburg,JHB-CBD-003,JHB-CBD-003-A,RAN,99.36,99.30666666666667,0.05333333333332746,98.98,0.72,98.83,46.08,47.30666666666667,2.5930101465614577,13.65,42.7,-87.8,-9.8,17.0,41.83,30,2,4,2,0.68,20,0,0,0,0,normal,,0.0,normal
2026-09-14 01:00:00,Telkom,Gauteng,Johannesburg,JHB-CBD-003,JHB-CBD-003-A,RAN,99.63,99.32,0.3100000000000023,98.49,0.47,98.27,46.92,47.0,0.1702127659574432,16.82,51.9,-86.2,-9.2,16.5,42.39,28,3,5,0,0.88,85,0,0,0,0,normal,,0.0,normal
2026-09-14 01:15:00,Telkom,Gauteng,Johannesburg,JHB-CBD-003,JHB-CBD-003-A,RAN,98.92,99.38199999999999,-0.4619999999999891,98.5,0.47,98.55,50.07,46.984,-6.568193427549801,11.74,51.3,-84.9,-11.9,17.6,46.35,32,0,5,2,0.82,56,0,0,0,0,normal,,0.0,normal
2026-09-14 01:30:00,Telkom,Gauteng,Johannesburg,JHB-CBD-003,JHB-CBD-003-A,RAN,99.73,99.305,0.42499999999999716,99.57,0.21,98.51,51.76,47.498333333333335,-8.972244640162804,11.85,51.5,-83.5,-9.8,15.2,44.72,33,0,1,1,0.58,114,0,0,0,0,normal,,0.0,normal
2026-09-14 01:45:00,Telkom,Gauteng,Johannesburg,JHB-CBD-003,JHB-CBD-003-A,RAN,98.6,99.36571428571428,-0.7657142857142816,99.14,0.7,97.75,42.07,48.107142857142854,12.549368968077202,8.8,38.2,-89.3,-9.5,20.5,48.77,38,6,2,2,0.39,0,0,0,0,0,normal,,0.0,normal
2026-09-14 02:00:00,Telkom,Gauteng,Johannesburg,JHB-CBD-003,JHB-CBD-003-A,RAN,99.16,99.27,-0.10999999999999943,98.63,0.46,98.37,43.33,47.3525,8.494799640990445,13.94,57.7,-83.4,-10.2,14.9,39.6,38,0,2,1,0.3,0,0,0,0,0,normal,,0.0,normal
2026-09-14 02:15:00,Telkom,Gauteng,Johannesburg,JHB-CBD-003,JHB-CBD-003-A,RAN,99.29,99.25777777777778,0.03222222222223081,99.07,0.8,98.39,43.0,46.90555555555555,8.326424256780756,10.96,61.1,-89.1,-10.0,18.8,44.92,30,2,1,3,0.24,0,0,0,0,0,normal,,0.0,normal
2026-09-14 02:30:00,Telkom,Gauteng,Johannesburg,JHB-CBD-003,JHB-CBD-003-A,RAN,99.42,99.261,0.15900000000000603,98.28,0.51,98.32,38.17,46.515,17.940449317424484,15.42,47.0,-83.6,-8.4,20.5,44.13,36,0,4,2,0.7,22,0,0,0,0,normal,,0.0,normal
2026-09-14 02:45:00,Telkom,Gauteng,Johannesburg,JHB-CBD-003,JHB-CBD-003-A,RAN,98.87,99.27545454545454,-0.40545454545453197,99.06,0.6,98.41,39.59,45.75636363636364,13.476515934196929,12.9,50.2,-85.6,-9.2,15.8,48.23,35,3,2,2,0.66,113,0,0,0,0,normal,,0.0,normal
2026-09-14 03:00:00,Telkom,Gauteng,Johannesburg,JHB-CBD-003,JHB-CBD-003-A,RAN,99.85,99.24166666666667,0.6083333333333201,98.68,0.44,98.14,43.59,45.2425,3.652539094877596,13.77,49.2,-86.2,-12.1,14.2,45.69,32,0,2,2,1.04,95,0,0,0,0,normal,,0.0,normal
2026-09-14 03:15:00,Telkom,Gauteng,Johannesburg,JHB-CBD-003,JHB-CBD-003-A,RAN,99.4,99.28846153846153,0.11153846153847269,98.32,0.87,99.08,51.15,45.11538461538461,-13.37595907928389,11.16,49.3,-86.7,-10.0,14.9,44.21,35,1,4,4,0.21,22,0,0,0,0,normal,,0.0,normal
2026-09-14 03:30:00,Telkom,Gauteng,Johannesburg,JHB-CBD-003,JHB-CBD-003-A,RAN,99.87,99.29642857142858,0.5735714285714266,99.1,0.46,98.88,48.9,45.54642857142857,-7.362973418019288,12.35,53.7,-87.3,-9.0,18.2,36.45,36,0,0,2,0.82,0,0,0,0,0,normal,,0.0,normal
2026-09-14 03:45:00,Telkom,Gauteng,Johannesburg,JHB-CBD-003,JHB-CBD-003-A,RAN,98.45,99.33466666666666,-0.8846666666666607,98.72,0.32,98.63,42.35,45.769999999999996,7.472143325322253,11.61,55.5,-89.2,-10.3,17.7,49.1,33,4,6,2,1.47,87,0,0,0,0,normal,,0.0,normal
2026-09-14 04:00:00,Telkom,Gauteng,Johannesburg,JHB-CBD-003,JHB-CBD-003-A,RAN,99.45,99.279375,0.17062500000000114,98.77,0.67,98.69,47.26,45.55625,-3.739882013993688,15.46,58.2,-83.4,-10.3,14.5,35.47,23,1,3,1,0.97,66,0,0,0,0,normal,,0.0,normal
2026-09-14 04:15:00,Telkom,Gauteng,Johannesburg,JHB-CBD-003,JHB-CBD-003-A,RAN,99.62,99.296875,0.32312500000000455,99.45,0.36,97.72,30.27,45.739374999999995,33.82069606329338,10.93,59.6,-84.6,-11.3,15.4,58.33,42,0,2,2,0.77,150,0,0,0,0,normal,,1.27,normal
2026-09-14 04:30:00,Telkom,Gauteng,Johannesburg,JHB-CBD-003,JHB-CBD-003-A,RAN,99.33,99.3275,0.0024999999999977263,99.02,0.75,97.63,38.04,44.36125,14.24948575614979,12.04,58.1,-83.7,-9.4,16.6,46.39,31,3,6,5,0.22,24,0,0,0,0,normal,,0.0,normal
2026-09-14 04:45:00,Telkom,Gauteng,Johannesburg,JHB-CBD-003,JHB-CBD-003-A,RAN,98.85,99.309375,-0.4593750000000085,98.72,0.44,97.94,47.3,43.909375000000004,-7.721870329513897,13.12,59.2,-84.5,-8.1,12.9,42.22,43,5,3,2,1.03,74,0,0,0,0,normal,,0.0,normal
2026-09-14 05:00:00,Telkom,Gauteng,Johannesburg,JHB-CBD-003,JHB-CBD-003-A,RAN,99.69,99.2775,0.4124999999999943,99.16,0.76,98.88,42.22,43.985625,4.014095514159456,10.96,48.8,-89.3,-9.4,14.9,43.02,29,2,4,2,0.99,0,0,0,0,0,normal,,0.0,normal
2026-09-14 05:15:00,Telkom,Gauteng,Johannesburg,JHB-CBD-003,JHB-CBD-003-A,RAN,98.89,99.28125,-0.39124999999999943,98.62,0.52,98.83,41.85,43.691875,4.215600726679735,15.59,66.9,-82.4,-10.9,16.4,48.74,35,4,0,0,0.86,0,0,0,0,0,normal,,0.0,normal
2026-09-14 05:30:00,Telkom,Gauteng,Johannesburg,JHB-CBD-003,JHB-CBD-003-A,RAN,98.73,99.279375,-0.5493749999999977,98.4,0.45,98.95,38.75,43.178125,10.255482376782227,11.42,53.9,-87.6,-10.7,18.4,42.75,36,3,5,3,0.47,173,0,0,0,0,normal,,0.0,normal
2026-09-14 05:45:00,Telkom,Gauteng,Johannesburg,JHB-CBD-003,JHB-CBD-003-A,RAN,99.03,99.216875,-0.18687500000000057,99.14,0.88,97.47,40.31,42.365,4.8507022306148935,11.61,46.9,-88.2,-10.9,19.9,54.27,39,6,4,3,0.88,0,0,0,0,0,normal,,0.0,normal
2026-09-14 06:00:00,Telkom,Gauteng,Johannesburg,JHB-CBD-003,JHB-CBD-003-A,RAN,99.1,99.24374999999999,-0.14374999999999716,98.35,0.53,99.25,45.15,42.254999999999995,-6.851260205892802,12.47,48.9,-83.0,-10.2,15.7,46.3,31,1,6,1,0.51,57,0,0,0,0,normal,,0.0,normal
2026-09-14 06:15:00,Telkom,Gauteng,Johannesburg,JHB-CBD-003,JHB-CBD-003-A,RAN,99.05,99.24000000000001,-0.19000000000001194,98.33,0.74,99.1,29.78,42.36875,29.712346953827996,10.29,56.7,-85.4,-11.0,20.2,49.71,40,1,1,1,0.33,82,0,0,0,0,normal,,0.0,normal
2026-09-14 06:30:00,Telkom,Gauteng,Johannesburg,JHB-CBD-003,JHB-CBD-003-A,RAN,99.32,99.22500000000001,0.09499999999998465,98.69,0.38,99.72,40.23,41.542500000000004,3.159415056869488,13.33,60.7,-89.1,-9.6,13.8,50.5,41,2,5,0,0.72,78,0,0,0,0,normal,,0.0,normal
2026-09-14 06:45:00,Telkom,Gauteng,Johannesburg,JHB-CBD-003,JHB-CBD-003-A,RAN,98.76,99.21875,-0.4587499999999949,99.26,0.92,99.26,45.18,41.67124999999999,-8.42007379188291,11.84,48.3,-88.6,-8.1,17.8,47.9,33,3,3,4,1.14,104,0,0,0,0,normal,,0.0,normal
2026-09-14 07:00:00,Telkom,Gauteng,Johannesburg,JHB-CBD-003,JHB-CBD-003-A,RAN,99.79,99.21187499999999,0.5781250000000142,98.65,0.45,98.09,33.39,42.020625,20.53902101646513,11.0,50.9,-86.6,-9.6,18.3,55.09,41,1,1,0,0.11,80,0,0,0,0,normal,,0.0,normal
2026-09-14 07:15:00,Telkom,Gauteng,Johannesburg,JHB-CBD-003,JHB-CBD-003-A,RAN,99.43,99.208125,0.22187500000001137,98.84,0.27,98.98,37.76,41.383125,8.755078307885162,10.89,56.5,-80.3,-11.2,14.8,50.31,39,2,0,0,0.43,6,0,0,0,0,normal,,0.0,normal
2026-09-14 07:30:00,Telkom,Gauteng,Johannesburg,JHB-CBD-003,JHB-CBD-003-A,RAN,99.64,99.21,0.4300000000000068,98.79,0.68,98.47,39.25,40.54625,3.1969664272281664,10.43,56.1,-84.4,-10.3,13.6,59.26,57,2,3,4,0.49,83,0,0,0,0,normal,,0.0,normal
2026-09-14 07:45:00,Telkom,Gauteng,Johannesburg,JHB-CBD-003,JHB-CBD-003-A,RAN,98.91,99.195625,-0.28562500000001023,98.82,0.2,98.58,30.55,39.943125,23.516249667495973,9.19,55.1,-87.8,-8.5,20.9,60.42,62,6,2,1,0.35,8,0,0,0,0,normal,,0.0,normal
2026-09-14 08:00:00,Telkom,Gauteng,Johannesburg,JHB-CBD-003,JHB-CBD-003-A,RAN,99.54,99.224375,0.31562500000001137,98.48,0.9,98.93,45.58,39.205625,-16.25882765547036,11.98,55.6,-87.7,-10.3,16.5,48.66,50,2,8,4,0.25,99,0,0,0,0,normal,,0.0,normal
2026-09-14 08:15:00,Telkom,Gauteng,Johannesburg,JHB-CBD-003,JHB-CBD-003-A,RAN,99.04,99.22999999999999,-0.18999999999998352,98.89,0.44,97.82,40.08,39.100625,-2.504755358769834,9.45,58.5,-80.1,-9.3,16.3,59.83,57,3,5,3,0.92,116,0,0,0,0,normal,,0.0,normal
2026-09-14 08:30:00,Telkom,Gauteng,Johannesburg,JHB-CBD-003,JHB-CBD-003-A,RAN,99.6,99.19375000000001,0.4062499999999858,99.37,0.9,98.38,34.23,39.713750000000005,13.80818985867617,10.39,58.0,-88.2,-8.8,16.0,66.09,54,2,0,3,0.89,0,0,0,0,0,normal,,0.0,normal
2026-09-14 08:45:00,Telkom,Gauteng,Johannesburg,JHB-CBD-003,JHB-CBD-003-A,RAN,99.09,99.210625,-0.12062499999998977,98.9,0.21,98.89,37.74,39.475625,4.3967004955589655,10.78,50.6,-82.6,-8.7,13.7,55.57,59,1,5,2,1.17,17,0,0,0,0,normal,,0.0,normal
2026-09-14 09:00:00,Telkom,Gauteng,Johannesburg,JHB-CBD-003,JHB-CBD-003-A,RAN,98.93,99.225625,-0.2956249999999869,98.87,0.88,97.39,36.33,38.878125,6.554135519652758,11.1,52.1,-86.9,-12.1,19.0,54.01,55,7,2,4,1.26,8,0,0,0,0,normal,,0.0,normal
2026-09-14 09:15:00,Telkom,Gauteng,Johannesburg,JHB-CBD-003,JHB-CBD-003-A,RAN,99.58,99.178125,0.401875000000004,98.37,0.68,97.96,36.74,38.51,4.596208776941045,11.65,47.0,-84.4,-7.0,19.1,59.74,60,0,6,3,0.47,163,0,0,0,0,normal,,0.0,normal
2026-09-14 09:30:00,Telkom,Gauteng,Johannesburg,JHB-CBD-003,JHB-CBD-003-A,RAN,99.41,99.22125,0.18874999999999886,98.86,0.6,98.53,35.03,38.190625,8.275918500940993,13.22,51.8,-86.0,-9.8,17.1,50.44,49,2,2,2,0.83,0,0,0,0,0,normal,,0.0,normal
2026-09-14 09:45:00,Telkom,Gauteng,Johannesburg,JHB-CBD-003,JHB-CBD-003-A,RAN,98.68,99.26375,-0.5837499999999949,98.01,0.57,98.33,38.23,37.958124999999995,-0.7162498147629828,9.98,59.8,-88.1,-10.8,16.1,65.99,69,8,8,2,0.25,125,0,0,0,0,normal,,0.0,normal
2026-09-14 10:00:00,Telkom,Gauteng,Johannesburg,JHB-CBD-003,JHB-CBD-003-A,RAN,98.76,99.24187500000001,-0.4818750000000023,99.01,0.67,98.43,40.4,37.828125,-6.798843453118543,9.71,48.3,-86.9,-9.8,20.1,71.49,62,10,7,3,1.61,28,1,0,0,0,normal,,0.0,normal
2026-09-14 10:15:00,Telkom,Gauteng,Johannesburg,JHB-CBD-003,JHB-CBD-003-A,RAN,98.85,99.220625,-0.370625000000004,99.11,0.59,98.24,31.42,37.53125,16.283097418817647,10.42,50.7,-87.9,-11.8,15.0,67.3,57,5,0,1,0.12,0,1,0,0,0,normal,,0.0,normal
2026-09-14 10:30:00,Telkom,Gauteng,Johannesburg,JHB-CBD-003,JHB-CBD-003-A,RAN,99.41,99.208125,0.20187500000000114,99.2,1.0,97.53,38.95,37.63375,-3.497525492410413,10.45,58.6,-88.6,-8.5,18.0,59.04,53,3,6,5,0.56,130,0,0,0,0,normal,,0.0,normal
2026-09-14 10:45:00,Telkom,Gauteng,Johannesburg,JHB-CBD-003,JHB-CBD-003-A,RAN,98.17,99.21375,-1.0437500000000028,98.39,0.36,99.01,32.0,37.55375,14.788802716106916,7.59,51.4,-86.6,-10.1,17.7,68.49,67,12,7,1,0.33,81,0,0,0,0,normal,,0.0,normal
2026-09-14 11:00:00,Telkom,Gauteng,Johannesburg,JHB-CBD-003,JHB-CBD-003-A,RAN,99.21,99.17687500000001,0.033124999999984084,98.66,0.67,98.58,34.35,36.73,6.479716852708946,10.16,50.3,-82.0,-10.6,12.0,55.44,53,5,5,4,0.52,1,0,0,0,0,normal,,0.0,normal
2026-09-14 11:15:00,Telkom,Gauteng,Johannesburg,JHB-CBD-003,JHB-CBD-003-A,RAN,98.67,99.140625,-0.4706249999999983,98.89,0.05,98.37,36.24,36.79,1.4949714596357628,12.41,61.1,-85.1,-10.5,19.6,63.88,63,7,8,1,0.1,26,0,0,0,0,normal,,0.0,normal
2026-09-14 11:30:00,Telkom,Gauteng,Johannesburg,JHB-CBD-003,JHB-CBD-003-A,RAN,99.1,99.093125,0.006874999999993747,98.93,0.47,98.7,26.39,36.695,28.0828450742608,6.02,48.4,-87.0,-12.9,18.0,67.54,66,7,5,5,0.44,0,0,0,0,0,normal,,0.0,normal
2026-09-14 11:45:00,Telkom,Gauteng,Johannesburg,JHB-CBD-003,JHB-CBD-003-A,RAN,99.9,99.05937499999999,0.840625000000017,98.5,0.45,98.29,36.33,35.89125,-1.222442795946084,10.92,59.4,-82.1,-7.4,23.3,61.8,51,0,8,4,1.16,120,0,0,0,0,normal,,0.0,normal
2026-09-14 12:00:00,Telkom,Gauteng,Johannesburg,JHB-CBD-003,JHB-CBD-003-A,RAN,99.52,99.12125,0.3987499999999926,98.75,0.61,98.54,33.28,36.252500000000005,8.199434521757128,10.19,65.6,-85.7,-10.2,15.9,71.42,53,2,5,4,0.22,0,0,0,0,0,normal,,0.0,normal
2026-09-14 12:15:00,Telkom,Gauteng,Johannesburg,JHB-CBD-003,JHB-CBD-003-A,RAN,99.36,99.12,0.23999999999999488,98.5,0.26,98.8,29.11,35.48375,17.96244759925318,11.68,49.6,-88.6,-10.9,13.9,68.43,54,2,8,0,0.89,37,0,0,0,0,normal,,0.0,normal
2026-09-14 12:30:00,Telkom,Gauteng,Johannesburg,JHB-CBD-003,JHB-CBD-003-A,RAN,99.03,99.14,-0.10999999999999943,98.96,0.3,98.79,34.23,34.798125,1.632631068484299,7.38,44.7,-84.5,-9.9,17.6,55.27,51,4,2,3,1.23,59,0,0,0,0,normal,,0.0,normal
2026-09-14 12:45:00,Telkom,Gauteng,Johannesburg,JHB-CBD-003,JHB-CBD-003-A,RAN,98.7,99.104375,-0.4043750000000017,98.11,0.66,98.82,36.76,34.798125,-5.637875603929808,11.98,48.4,-89.3,-11.1,20.7,49.87,55,8,12,5,0.54,0,0,0,0,0,normal,,0.0,normal
2026-09-14 13:00:00,Telkom,Gauteng,Johannesburg,JHB-CBD-003,JHB-CBD-003-A,RAN,99.53,99.08000000000001,0.44999999999998863,98.36,0.63,98.6,39.01,34.736875,-12.301408805484087,10.29,52.1,-87.5,-9.2,15.8,60.75,53,1,4,1,0.72,119,0,0,0,0,normal,,0.0,normal
2026-09-14 13:15:00,Telkom,Gauteng,Johannesburg,JHB-CBD-003,JHB-CBD-003-A,RAN,99.3,99.1175,0.18249999999999034,99.08,0.05,98.8,31.69,34.904375,9.209089118484432,11.56,53.2,-82.3,-8.6,19.1,64.67,57,0,1,0,0.73,11,0,0,0,0,normal,,0.0,normal
2026-09-14 13:30:00,Telkom,Gauteng,Johannesburg,JHB-CBD-003,JHB-CBD-003-A,RAN,98.84,99.10000000000001,-0.2600000000000051,98.25,0.05,98.49,40.44,34.58875,-16.916627516172166,12.56,44.9,-88.4,-12.1,14.8,53.49,46,5,3,1,1.38,51,0,0,0,0,normal,,0.0,normal
2026-09-14 13:45:00,Telkom,Gauteng,Johannesburg,JHB-CBD-003,JHB-CBD-003-A,RAN,99.29,99.064375,0.22562500000000796,98.59,0.42,98.4,38.43,34.926875,-10.029883864502613,12.19,52.4,-86.5,-10.4,15.4,51.03,46,3,7,2,0.6,43,0,0,0,0,normal,,0.0,normal
2026-09-14 14:00:00,Telkom,Gauteng,Johannesburg,JHB-CBD-003,JHB-CBD-003-A,RAN,98.88,99.10249999999999,-0.2224999999999966,98.59,0.39,98.5,42.51,34.939375,-21.667889022056062,15.11,43.0,-89.8,-8.7,17.5,47.38,42,0,1,1,0.93,0,1,0,0,0,normal,,0.0,normal
2026-09-14 14:15:00,Telkom,Gauteng,Johannesburg,JHB-CBD-003,JHB-CBD-003-A,RAN,98.45,99.11,-0.6599999999999966,98.86,0.31,98.96,40.12,35.07125,-14.395694479096122,12.31,63.4,-94.1,-7.1,14.5,51.3,46,10,7,2,0.9,172,0,0,0,0,normal,,0.0,normal
2026-09-14 14:30:00,Telkom,Gauteng,Johannesburg,JHB-CBD-003,JHB-CBD-003-A,RAN,98.62,99.08500000000001,-0.4650000000000034,98.34,0.43,98.36,47.86,35.614999999999995,-34.38158079460903,13.23,59.8,-88.9,-9.9,18.0,51.94,44,8,6,0,0.86,9,0,0,0,0,normal,,0.0,normal
2026-09-14 14:45:00,Telkom,Gauteng,Johannesburg,JHB-CBD-003,JHB-CBD-003-A,RAN,99.13,99.035625,0.09437499999999943,98.75,1.24,98.59,36.64,36.171875,-1.2941684665226798,11.16,49.4,-83.1,-10.7,15.6,55.16,42,0,4,5,0.94,0,0,0,0,0,normal,,0.0,normal
2026-09-14 15:00:00,Telkom,Gauteng,Johannesburg,JHB-CBD-003,JHB-CBD-003-A,RAN,98.99,99.095625,-0.10562500000000341,98.5,0.47,98.52,40.23,36.461875,-10.334424655890565,12.8,45.1,-85.1,-8.5,19.0,55.04,45,5,4,0,0.52,0,0,0,0,0,normal,,0.0,normal
2026-09-14 15:15:00,Telkom,Gauteng,Johannesburg,JHB-CBD-003,JHB-CBD-003-A,RAN,99.42,99.08187500000001,0.3381249999999909,98.47,0.45,98.65,32.56,36.829375,11.59230912824341,10.79,58.0,-83.4,-9.5,15.4,62.55,46,1,1,2,1.29,142,0,0,0,0,normal,,0.0,normal
2026-09-14 15:30:00,Telkom,Gauteng,Johannesburg,JHB-CBD-003,JHB-CBD-003-A,RAN,99.4,99.12875,0.2712500000000091,99.41,0.77,98.98,36.96,36.599375,-0.9853310336583585,9.1,56.9,-84.5,-10.5,15.7,53.93,46,0,0,2,0.28,72,0,0,0,0,normal,,0.0,normal
2026-09-14 15:45:00,Telkom,Gauteng,Johannesburg,JHB-CBD-003,JHB-CBD-003-A,RAN,98.92,99.14750000000001,-0.22750000000000625,99.28,1.18,98.76,40.38,37.26,-8.373590982286647,11.86,56.9,-82.8,-7.8,19.8,58.67,55,5,2,4,0.35,0,0,0,0,0,normal,,0.0,normal
2026-09-14 16:00:00,Telkom,Gauteng,Johannesburg,JHB-CBD-003,JHB-CBD-003-A,RAN,98.84,99.08625,-0.2462500000000034,98.67,0.65,98.8,40.83,37.513124999999995,-8.841905333133413,12.49,53.4,-89.6,-9.2,18.7,46.58,50,5,4,3,0.8,42,0,0,0,0,normal,,0.0,normal
2026-09-14 16:15:00,Telkom,Gauteng,Johannesburg,JHB-CBD-003,JHB-CBD-003-A,RAN,99.19,99.04375,0.14624999999999488,98.69,0.68,99.01,40.29,37.985,-6.068184809793339,13.95,50.5,-86.9,-11.3,15.8,49.65,45,0,2,1,1.29,25,0,0,0,0,normal,,0.0,normal
2026-09-14 16:30:00,Telkom,Gauteng,Johannesburg,JHB-CBD-003,JHB-CBD-003-A,RAN,99.17,99.033125,0.1368750000000034,98.55,0.77,99.14,41.93,38.683749999999996,-8.391766568649636,6.76,52.3,-85.6,-9.2,15.1,51.91,52,7,7,4,1.3,137,0,0,0,0,normal,,0.0,normal
2026-09-14 16:45:00,Telkom,Gauteng,Johannesburg,JHB-CBD-003,JHB-CBD-003-A,RAN,99.35,99.041875,0.30812499999998977,98.74,0.54,98.0,37.38,39.165,4.557640750670233,15.59,48.7,-83.8,-12.7,15.4,57.72,54,5,6,3,1.2,103,0,0,0,0,normal,,0.0,normal
2026-09-14 17:00:00,Telkom,Gauteng,Johannesburg,JHB-CBD-003,JHB-CBD-003-A,RAN,99.11,99.0825,0.02750000000000341,98.99,0.64,98.81,35.95,39.20375,8.29958868730669,10.25,58.1,-87.5,-8.7,16.7,60.49,59,5,2,1,0.73,127,0,0,0,0,normal,,0.0,normal
2026-09-14 17:15:00,Telkom,Gauteng,Johannesburg,JHB-CBD-003,JHB-CBD-003-A,RAN,99.13,99.05624999999999,0.07375000000000398,98.78,0.34,98.51,33.58,39.012499999999996,13.925024030759367,9.69,52.5,-78.4,-10.0,13.3,56.66,57,3,6,3,0.71,174,0,0,0,0,normal,,0.0,normal
2026-09-14 17:30:00,Telkom,Gauteng,Johannesburg,JHB-CBD-003,JHB-CBD-003-A,RAN,99.63,99.045625,0.5843749999999943,98.47,1.04,98.81,44.02,39.130625,-12.495008704818797,12.04,49.8,-83.9,-9.8,17.7,49.45,38,0,3,1,0.95,134,0,0,0,0,normal,,0.0,normal
2026-09-14 17:45:00,Telkom,Gauteng,Johannesburg,JHB-CBD-003,JHB-CBD-003-A,RAN,99.26,99.095,0.16500000000000625,98.54,0.52,99.05,45.92,39.354375,-16.68334206806741,16.29,55.2,-88.5,-9.1,18.9,45.01,45,0,3,3,1.05,138,0,0,0,0,normal,,0.0,normal
2026-09-14 18:00:00,Telkom,Gauteng,Johannesburg,JHB-CBD-003,JHB-CBD-003-A,RAN,98.88,99.093125,-0.21312500000000512,98.51,0.59,98.71,42.59,39.822500000000005,-6.949588800301331,9.92,57.7,-87.1,-9.6,15.4,52.4,48,4,0,2,0.9,137,0,0,0,0,normal,,0.0,normal
2026-09-14 18:15:00,Telkom,Gauteng,Johannesburg,JHB-CBD-003,JHB-CBD-003-A,RAN,99.25,99.093125,0.15687499999999943,98.27,0.44,99.15,35.88,39.8275,9.91149331492059,11.69,51.7,-86.7,-8.8,19.3,57.9,49,5,3,2,0.34,32,0,0,0,0,normal,,0.0,normal
2026-09-14 18:30:00,Telkom,Gauteng,Johannesburg,JHB-CBD-003,JHB-CBD-003-A,RAN,99.21,99.143125,0.06687499999999602,98.86,0.63,99.0,44.14,39.5625,-11.570300157977885,14.59,66.2,-85.1,-9.2,14.4,53.7,47,6,6,4,1.08,0,0,0,0,0,normal,,0.0,normal
2026-09-14 18:45:00,Telkom,Gauteng,Johannesburg,JHB-CBD-003,JHB-CBD-003-A,RAN,99.1,99.18,-0.0800000000000125,99.46,0.31,97.72,33.21,39.330000000000005,15.560640732265455,10.62,69.7,-85.7,-7.5,18.5,65.29,53,4,4,1,0.27,74,0,0,0,0,normal,,0.0,normal
2026-09-14 19:00:00,Telkom,Gauteng,Johannesburg,JHB-CBD-003,JHB-CBD-003-A,RAN,98.76,99.178125,-0.4181249999999892,99.02,0.64,98.88,37.84,39.115625,3.2611648158504383,10.39,56.2,-85.1,-8.2,20.1,62.34,49,4,3,3,0.68,0,0,0,0,0,normal,,0.0,normal
2026-09-14 19:15:00,Telkom,Gauteng,Johannesburg,JHB-CBD-003,JHB-CBD-003-A,RAN,99.1,99.16375,-0.06374999999999886,99.05,0.61,98.33,31.42,38.96625,19.366118115035448,12.22,47.6,-85.3,-11.2,16.8,58.83,57,4,4,2,0.35,0,0,0,0,0,normal,,0.0,normal
2026-09-14 19:30:00,Telkom,Gauteng,Johannesburg,JHB-CBD-003,JHB-CBD-003-A,RAN,99.29,99.14375000000001,0.14624999999999488,98.68,0.29,98.97,41.36,38.894999999999996,-6.337575523846262,11.09,53.9,-84.0,-10.2,11.1,46.97,41,0,5,1,0.52,124,0,0,0,0,normal,,0.0,normal
2026-09-14 19:45:00,Telkom,Gauteng,Johannesburg,JHB-CBD-003,JHB-CBD-003-A,RAN,99.26,99.136875,0.1231250000000017,98.88,0.68,98.36,40.81,39.17,-4.186877712535105,10.35,46.5,-86.2,-12.0,14.2,60.96,57,4,6,3,0.93,83,0,0,0,0,normal,,0.0,normal
2026-09-14 20:00:00,Telkom,Gauteng,Johannesburg,JHB-CBD-003,JHB-CBD-003-A,RAN,99.43,99.158125,0.2718750000000085,99.13,0.05,98.29,40.33,39.196875000000006,-2.8908554572271195,13.1,40.4,-81.2,-9.6,22.5,49.84,42,1,3,0,0.52,0,0,0,0,0,normal,,0.0,normal
2026-09-14 20:15:00,Telkom,Gauteng,Johannesburg,JHB-CBD-003,JHB-CBD-003-A,RAN,99.68,99.195,0.48500000000001364,99.06,0.33,99.01,46.75,39.165625,-19.36487672544483,14.42,56.1,-90.4,-8.9,16.2,45.33,39,0,1,0,1.06,0,0,0,0,0,normal,,0.0,normal
2026-09-14 20:30:00,Telkom,Gauteng,Johannesburg,JHB-CBD-003,JHB-CBD-003-A,RAN,99.43,99.225625,0.20437500000001307,98.91,0.3,98.73,31.2,39.569375,21.151142771398337,11.75,51.2,-88.7,-9.1,18.5,65.92,53,3,4,0,0.56,62,0,0,0,0,normal,,0.0,normal
2026-09-14 20:45:00,Telkom,Gauteng,Johannesburg,JHB-CBD-003,JHB-CBD-003-A,RAN,99.26,99.24187500000001,0.018124999999997726,98.34,0.32,99.16,42.06,38.89875,-8.126867829943128,10.12,48.8,-86.4,-10.1,17.5,49.08,41,0,5,2,0.59,15,0,0,0,0,normal,,0.0,normal
2026-09-14 21:00:00,Telkom,Gauteng,Johannesburg,JHB-CBD-003,JHB-CBD-003-A,RAN,98.92,99.23625,-0.3162499999999966,98.76,0.81,98.08,37.3,39.19125,4.825694510892099,10.19,56.0,-87.0,-13.1,19.8,54.92,42,6,2,3,0.75,19,0,0,0,0,normal,,0.0,normal
2026-09-14 21:15:00,Telkom,Gauteng,Johannesburg,JHB-CBD-003,JHB-CBD-003-A,RAN,99.08,99.22437500000001,-0.1443750000000108,98.8,0.38,98.64,45.77,39.275625000000005,-16.535382950621404,12.05,46.9,-82.0,-10.6,14.4,45.71,36,7,0,1,0.93,122,0,0,0,0,normal,,0.0,normal
2026-09-14 21:30:00,Telkom,Gauteng,Johannesburg,JHB-CBD-003,JHB-CBD-003-A,RAN,99.61,99.22125,0.3887500000000017,98.21,1.05,98.75,46.18,40.0375,-15.341866999687786,11.48,49.4,-87.1,-9.8,17.8,51.2,42,0,2,4,1.16,10,0,0,0,0,normal,,0.0,normal
2026-09-14 21:45:00,Telkom,Gauteng,Johannesburg,JHB-CBD-003,JHB-CBD-003-A,RAN,98.87,99.22,-0.3499999999999943,98.67,0.24,98.61,39.87,40.1725,0.7530026759599278,14.24,51.5,-83.5,-10.2,19.3,46.74,39,4,0,1,0.53,0,0,0,0,0,normal,,0.0,normal
2026-09-14 22:00:00,Telkom,Gauteng,Johannesburg,JHB-CBD-003,JHB-CBD-003-A,RAN,98.87,99.195625,-0.3256250000000023,98.63,0.45,98.14,44.23,39.794374999999995,-11.146361765953108,11.26,53.3,-86.4,-10.9,14.6,50.33,32,1,4,0,0.96,0,0,0,0,0,normal,,0.0,normal
2026-09-14 22:15:00,Telkom,Gauteng,Johannesburg,JHB-CBD-003,JHB-CBD-003-A,RAN,98.34,99.195,-0.8549999999999898,99.2,0.43,98.68,38.4,39.896875,3.7518602647450527,10.22,43.0,-84.8,-10.3,18.1,54.73,40,5,0,0,0.29,0,0,0,0,0,normal,,0.0,normal
2026-09-14 22:30:00,Telkom,Gauteng,Johannesburg,JHB-CBD-003,JHB-CBD-003-A,RAN,99.25,99.138125,0.11187499999999773,98.83,0.13,98.53,41.76,40.054375,-4.2582739089050765,15.7,54.3,-88.0,-10.7,17.0,49.05,38,5,4,0,0.88,63,1,0,0,0,normal,,0.0,normal
2026-09-14 22:45:00,Telkom,Gauteng,Johannesburg,JHB-CBD-003,JHB-CBD-003-A,RAN,98.43,99.140625,-0.7106249999999932,99.02,0.29,99.09,37.54,39.905625,5.92804899058717,11.95,52.7,-94.6,-10.0,18.2,48.16,29,7,0,0,1.2,0,1,0,0,0,normal,,0.0,normal
2026-09-14 23:00:00,Telkom,Gauteng,Johannesburg,JHB-CBD-003,JHB-CBD-003-A,RAN,98.83,99.09875000000001,-0.26875000000001137,99.13,0.54,99.16,44.55,40.17625,-10.886406770168927,13.42,53.3,-82.7,-10.1,17.3,54.13,26,0,2,0,1.03,103,1,0,0,0,normal,,0.0,normal
2026-09-14 23:15:00,Telkom,Gauteng,Johannesburg,JHB-CBD-003,JHB-CBD-003-A,RAN,98.86,99.103125,-0.24312500000000625,98.7,0.32,98.52,39.69,40.595625,2.2308438409311364,10.1,57.8,-88.1,-10.3,18.1,51.35,39,2,2,1,0.98,0,1,0,0,0,normal,,0.0,normal
2026-09-14 23:30:00,Telkom,Gauteng,Johannesburg,JHB-CBD-003,JHB-CBD-003-A,RAN,98.66,99.088125,-0.4281250000000085,98.98,0.61,98.02,38.44,41.112500000000004,6.500456065673473,11.86,52.2,-86.2,-10.3,17.6,48.59,34,6,3,2,0.72,138,1,0,0,0,normal,,0.0,normal
2026-09-14 23:45:00,Telkom,Gauteng,Johannesburg,JHB-CBD-003,JHB-CBD-003-A,RAN,98.27,99.04875,-0.7787500000000023,99.33,0.74,98.05,44.32,40.93,-8.282433422917176,14.81,45.8,-85.0,-11.7,18.1,41.99,30,4,6,1,0.59,20,1,0,0,0,normal,,0.0,normal
2026-09-15 00:00:00,Telkom,Gauteng,Johannesburg,JHB-CBD-003,JHB-CBD-003-A,RAN,99.71,98.986875,0.723124999999996,98.45,0.62,98.93,38.61,41.149375,6.1711143850909025,17.01,43.5,-83.9,-11.2,16.9,46.31,35,2,1,1,0.66,126,0,0,0,0,normal,,0.0,normal
2026-09-15 00:15:00,Telkom,Gauteng,Johannesburg,JHB-CBD-003,JHB-CBD-003-A,RAN,98.66,99.00437500000001,-0.34437500000001364,99.1,0.05,98.09,40.84,41.041875000000005,0.4918756757579938,11.37,55.8,-85.4,-8.0,17.1,47.16,31,3,0,0,0.54,0,0,0,1,0,normal,,0.0,normal
2026-09-15 00:30:00,Telkom,Gauteng,Johannesburg,JHB-CBD-003,JHB-CBD-003-A,RAN,99.13,98.94062500000001,0.18937499999998408,98.63,0.91,98.4,38.46,40.6725,5.43979347224783,11.97,52.9,-86.9,-11.1,18.8,54.06,44,3,6,4,0.73,104,0,0,1,0,normal,,0.0,normal
2026-09-15 00:45:00,Telkom,Gauteng,Johannesburg,JHB-CBD-003,JHB-CBD-003-A,RAN,99.36,98.921875,0.43812499999999943,98.68,0.05,98.8,51.05,41.12625,-24.129965654539372,10.33,55.3,-87.1,-12.4,14.5,42.27,35,1,6,0,0.16,107,0,0,1,0,normal,,0.0,normal
2026-09-15 01:00:00,Telkom,Gauteng,Johannesburg,JHB-CBD-003,JHB-CBD-003-A,RAN,98.49,98.928125,-0.43812499999999943,98.79,0.35,98.0,43.31,41.688125,-3.8904963943569135,14.8,51.2,-88.6,-9.2,18.5,41.65,36,6,2,0,0.61,78,0,0,1,0,normal,,0.0,normal
2026-09-15 01:15:00,Telkom,Gauteng,Johannesburg,JHB-CBD-003,JHB-CBD-003-A,RAN,99.02,98.90124999999999,0.11875000000000568,99.1,0.3,98.31,39.02,42.06375,7.236040533713699,12.46,39.9,-85.6,-9.7,15.7,45.91,31,2,3,1,1.09,57,0,0,0,0,normal,,0.0,normal
2026-09-15 01:30:00,Telkom,Gauteng,Johannesburg,JHB-CBD-003,JHB-CBD-003-A,RAN,98.8,98.8975,-0.09749999999999659,99.27,0.37,98.9,43.74,41.641875,-5.0384979062542286,17.24,55.6,-91.3,-11.5,16.7,53.27,37,3,3,0,0.79,0,0,0,0,0,normal,,0.0,normal
2026-09-15 01:45:00,Telkom,Gauteng,Johannesburg,JHB-CBD-003,JHB-CBD-003-A,RAN,99.1,98.84687500000001,0.25312499999998295,98.41,0.54,98.96,40.03,41.489374999999995,3.517466821324723,12.41,54.2,-85.7,-10.6,16.6,48.08,38,0,2,2,0.52,48,1,0,0,0,normal,,0.0,normal
2026-09-15 02:00:00,Telkom,Gauteng,Johannesburg,JHB-CBD-003,JHB-CBD-003-A,RAN,99.66,98.86125,0.7987499999999983,98.86,0.43,99.21,36.53,41.499375,11.974577930390517,14.13,58.9,-85.4,-9.8,17.1,57.79,38,0,2,1,0.17,16,1,0,0,0,normal,,0.0,normal
2026-09-15 02:15:00,Telkom,Gauteng,Johannesburg,JHB-CBD-003,JHB-CBD-003-A,RAN,99.23,98.910625,0.31937500000000796,98.54,0.97,98.47,37.78,41.018125000000005,7.894375961846143,11.95,51.4,-89.0,-8.9,17.6,52.58,41,0,4,2,0.55,0,1,0,0,0,normal,,0.0,normal
2026-09-15 02:30:00,Telkom,Gauteng,Johannesburg,JHB-CBD-003,JHB-CBD-003-A,RAN,99.7,98.96625,0.7337500000000006,98.78,0.81,98.24,52.27,40.979375000000005,-27.551969740875737,12.49,38.2,-84.0,-11.0,14.6,38.41,25,0,7,2,0.1,0,0,0,0,0,normal,,0.0,normal
2026-09-15 02:45:00,Telkom,Gauteng,Johannesburg,JHB-CBD-003,JHB-CBD-003-A,RAN,98.89,98.99437499999999,-0.10437499999999034,99.21,0.26,97.88,41.15,41.636250000000004,1.1678525323486273,12.69,49.0,-86.0,-10.5,22.0,48.92,29,4,2,1,0.11,19,0,0,0,0,normal,,0.0,normal
2026-09-15 03:00:00,Telkom,Gauteng,Johannesburg,JHB-CBD-003,JHB-CBD-003-A,RAN,99.54,99.023125,0.5168750000000131,98.38,0.93,99.17,55.04,41.861875,-31.480016124456924,14.66,63.6,-86.1,-9.7,20.2,43.52,40,0,4,2,0.8,28,0,0,0,0,normal,,0.0,normal
2026-09-15 03:15:00,Telkom,Gauteng,Johannesburg,JHB-CBD-003,JHB-CBD-003-A,RAN,99.88,99.0675,0.8125,98.66,0.28,98.03,41.75,42.5175,1.8051390603868955,12.78,63.7,-90.1,-9.4,12.6,45.67,32,0,0,1,0.95,0,0,0,0,0,normal,,0.0,normal
2026-09-15 03:30:00,Telkom,Gauteng,Johannesburg,JHB-CBD-003,JHB-CBD-003-A,RAN,99.35,99.13125000000001,0.2187499999999858,99.1,0.61,98.08,39.16,42.646249999999995,8.174810211917809,11.36,55.3,-87.5,-8.7,16.1,46.28,37,2,0,2,1.54,0,0,0,0,0,normal,,0.0,normal
2026-09-15 03:45:00,Telkom,Gauteng,Johannesburg,JHB-CBD-003,JHB-CBD-003-A,RAN,99.32,99.174375,0.14562499999999545,98.61,0.71,98.73,40.01,42.691250000000004,6.280561004889773,13.56,35.3,-86.1,-9.7,16.7,49.0,36,2,4,2,0.75,0,0,0,0,0,normal,,0.0,normal
2026-09-15 04:00:00,Telkom,Gauteng,Johannesburg,JHB-CBD-003,JHB-CBD-003-A,RAN,99.27,99.24,0.030000000000001137,99.12,0.62,97.87,39.81,42.421875,6.156906077348061,14.2,60.7,-85.5,-10.9,18.7,41.3,30,4,0,2,0.78,136,0,0,0,0,normal,,0.0,normal
2026-09-15 04:15:00,Telkom,Gauteng,Johannesburg,JHB-CBD-003,JHB-CBD-003-A,RAN,98.99,99.21249999999999,-0.2224999999999966,98.35,0.29,98.86,40.17,42.496874999999996,5.4754026031325695,14.99,56.9,-83.9,-8.9,19.2,46.34,43,6,8,2,1.16,30,0,0,0,0,normal,,0.0,normal
2026-09-15 04:30:00,Telkom,Gauteng,Johannesburg,JHB-CBD-003,JHB-CBD-003-A,RAN,99.18,99.23312499999999,-0.053124999999980105,98.86,0.52,98.46,39.72,42.455000000000005,6.4421151807796635,11.87,49.0,-85.8,-7.1,16.9,49.84,49,2,7,1,1.14,162,0,0,0,0,normal,,0.0,normal
2026-09-15 04:45:00,Telkom,Gauteng,Johannesburg,JHB-CBD-003,JHB-CBD-003-A,RAN,99.25,99.23625,0.013750000000001705,98.56,0.32,98.2,48.31,42.53375,-13.580392041614022,13.51,43.3,-90.6,-10.9,13.7,47.14,36,2,6,0,0.75,0,0,0,0,0,normal,,0.0,normal
2026-09-15 05:00:00,Telkom,Gauteng,Johannesburg,JHB-CBD-003,JHB-CBD-003-A,RAN,99.05,99.229375,-0.1793750000000074,98.94,0.91,99.26,38.03,42.362500000000004,10.227205665388027,14.22,49.8,-81.6,-9.8,16.6,53.63,33,0,4,2,1.23,140,0,0,0,0,normal,,0.0,normal
2026-09-15 05:15:00,Telkom,Gauteng,Johannesburg,JHB-CBD-003,JHB-CBD-003-A,RAN,98.62,99.264375,-0.6443749999999966,98.25,0.54,98.31,46.96,42.0325,-11.723071432819847,11.7,62.7,-90.3,-10.3,14.8,45.48,26,6,5,2,1.44,0,0,0,0,0,normal,,0.0,normal
2026-09-15 05:30:00,Telkom,Gauteng,Johannesburg,JHB-CBD-003,JHB-CBD-003-A,RAN,98.67,99.23937500000001,-0.569375000000008,98.87,0.05,98.8,52.31,42.52875,-22.999147635423096,11.65,41.2,-87.7,-9.9,19.2,44.98,39,6,3,0,0.53,45,0,0,0,0,normal,,0.0,normal
2026-09-15 05:45:00,Telkom,Gauteng,Johannesburg,JHB-CBD-003,JHB-CBD-003-A,RAN,98.99,99.23124999999999,-0.24124999999999375,98.55,0.67,98.48,41.32,43.064375,4.050621888742141,10.67,42.9,-87.4,-10.9,14.5,48.81,40,6,4,3,0.59,60,0,0,0,0,normal,,0.0,normal
2026-09-15 06:00:00,Telkom,Gauteng,Johannesburg,JHB-CBD-003,JHB-CBD-003-A,RAN,99.21,99.224375,-0.014375000000001137,98.56,0.05,98.27,42.19,43.145,2.2134662185653156,11.88,54.1,-89.1,-10.0,14.1,42.31,33,3,2,0,1.14,105,0,0,0,0,normal,,0.0,normal
2026-09-15 06:15:00,Telkom,Gauteng,Johannesburg,JHB-CBD-003,JHB-CBD-003-A,RAN,99.41,99.19624999999999,0.21375000000000455,98.93,0.89,99.13,34.51,43.498749999999994,20.664386907669755,15.83,54.2,-87.9,-9.3,16.9,51.91,47,0,3,4,0.1,0,0,0,0,0,normal,,0.0,normal
2026-09-15 06:30:00,Telkom,Gauteng,Johannesburg,JHB-CBD-003,JHB-CBD-003-A,RAN,98.97,99.2075,-0.23749999999999716,98.47,0.99,98.44,40.51,43.294375,6.431262721773912,12.81,47.7,-87.6,-10.0,16.6,45.34,39,3,7,3,0.65,47,0,0,0,0,normal,,0.0,normal
2026-09-15 06:45:00,Telkom,Gauteng,Johannesburg,JHB-CBD-003,JHB-CBD-003-A,RAN,99.61,99.16187500000001,0.44812499999999034,98.77,0.05,98.45,35.29,42.559375,17.08054923268963,12.53,54.4,-83.8,-9.2,18.4,45.04,41,0,1,0,0.16,0,0,0,0,0,normal,,0.0,normal
2026-09-15 07:00:00,Telkom,Gauteng,Johannesburg,JHB-CBD-003,JHB-CBD-003-A,RAN,98.77,99.206875,-0.43687500000000057,99.31,0.29,98.49,38.11,42.193125,9.677228221422334,10.69,53.5,-84.7,-9.1,18.4,43.38,45,7,0,0,0.8,118,0,0,0,0,normal,,0.0,normal
2026-09-15 07:15:00,Telkom,Gauteng,Johannesburg,JHB-CBD-003,JHB-CBD-003-A,RAN,99.45,99.15875,0.2912500000000051,99.06,0.39,98.15,31.93,41.135,22.377537376929617,9.77,61.4,-88.4,-8.4,19.2,61.52,55,3,3,1,0.61,30,0,0,0,0,normal,,0.0,normal
2026-09-15 07:30:00,Telkom,Gauteng,Johannesburg,JHB-CBD-003,JHB-CBD-003-A,RAN,98.72,99.131875,-0.4118749999999949,98.75,0.46,98.63,37.63,40.52125,7.135145139895732,15.14,47.5,-86.1,-12.1,16.5,50.93,50,5,1,0,0.26,60,0,0,0,0,normal,,0.0,normal
2026-09-15 07:45:00,Telkom,Gauteng,Johannesburg,JHB-CBD-003,JHB-CBD-003-A,RAN,99.09,99.0925,-0.0024999999999977263,98.87,1.01,98.83,38.42,40.425625,4.961271470756469,12.6,50.4,-87.6,-7.3,14.7,58.64,55,2,1,5,0.1,80,0,0,0,0,normal,,0.0,normal
2026-09-15 08:00:00,Telkom,Gauteng,Johannesburg,JHB-CBD-003,JHB-CBD-003-A,RAN,98.42,99.078125,-0.6581249999999983,98.32,0.71,98.09,42.4,40.32625,-5.142432038684472,13.41,51.3,-82.9,-9.8,12.9,54.91,48,4,5,5,0.87,0,0,0,0,0,normal,,0.0,normal
2026-09-15 08:15:00,Telkom,Gauteng,Johannesburg,JHB-CBD-003,JHB-CBD-003-A,RAN,98.9,99.025,-0.125,98.69,1.15,98.43,29.04,40.488125000000004,28.27526589586454,12.54,56.8,-80.0,-10.4,17.0,57.03,55,6,9,7,0.42,117,0,0,0,0,normal,,0.0,normal
2026-09-15 08:30:00,Telkom,Gauteng,Johannesburg,JHB-CBD-003,JHB-CBD-003-A,RAN,99.06,99.019375,0.040625000000005684,98.57,0.62,98.95,46.21,39.7925,-16.12741094427343,10.13,60.6,-86.3,-10.5,15.6,53.7,57,5,8,3,0.6,81,0,0,0,0,normal,,0.0,normal
2026-09-15 08:45:00,Telkom,Gauteng,Johannesburg,JHB-CBD-003,JHB-CBD-003-A,RAN,95.77,99.011875,-3.2418750000000074,97.89,1.8,98.43,39.23,40.198125000000005,2.4083834755974505,11.98,74.2,-86.7,-10.5,19.6,55.06,51,14,8,6,1.27,339,0,0,0,0,normal,,0.0,normal
2026-09-15 09:00:00,Telkom,Gauteng,Johannesburg,JHB-CBD-003,JHB-CBD-003-A,RAN,96.41,98.794375,-2.3843750000000057,97.48,1.29,96.67,30.18,39.630625,23.84677254017569,10.85,74.6,-84.2,-11.9,14.0,77.4,61,17,11,8,1.49,351,1,1,0,0,normal,,4.0,normal
2026-09-15 09:15:00,Telkom,Gauteng,Johannesburg,JHB-CBD-003,JHB-CBD-003-A,RAN,96.36,98.629375,-2.2693749999999966,97.03,0.94,97.81,30.76,39.14,21.410321921308125,7.8,70.2,-86.4,-12.9,16.8,67.91,58,21,16,6,0.98,149,2,2,0,0,normal,,8.0,normal
2026-09-15 09:30:00,Telkom,Gauteng,Johannesburg,JHB-CBD-003,JHB-CBD-003-A,RAN,96.3,98.488125,-2.1881249999999994,96.96,1.49,97.77,37.45,38.1275,1.7769326601534192,12.39,69.0,-84.1,-10.9,15.8,57.96,58,28,14,8,1.31,218,2,2,0,0,normal,,8.0,normal
2026-09-15 09:45:00,Telkom,Gauteng,Johannesburg,JHB-CBD-003,JHB-CBD-003-A,RAN,96.29,98.34,-2.049999999999997,97.21,1.8,97.17,26.73,37.198750000000004,28.142746732081058,9.59,64.3,-86.8,-12.0,13.6,68.54,57,18,13,12,1.6,266,2,2,1,0,normal,,8.0,normal
2026-09-15 10:00:00,Telkom,Gauteng,Johannesburg,JHB-CBD-003,JHB-CBD-003-A,RAN,96.29,98.17125,-1.8812499999999943,97.36,1.56,97.8,22.53,36.286875,37.9114349196507,9.85,67.2,-83.6,-10.5,17.2,68.78,61,26,14,11,1.56,255,2,2,1,0,normal,,10.64,normal
2026-09-15 10:15:00,Telkom,Gauteng,Johannesburg,JHB-CBD-003,JHB-CBD-003-A,RAN,96.06,97.98875,-1.9287499999999937,97.48,1.04,97.93,35.37,35.058125000000004,-0.8895940669958632,8.41,75.8,-84.6,-12.3,17.7,65.37,56,15,8,6,1.52,276,2,2,1,0,normal,,8.0,normal
2026-09-15 10:30:00,Telkom,Gauteng,Johannesburg,JHB-CBD-003,JHB-CBD-003-A,RAN,97.02,97.779375,-0.7593750000000057,96.27,1.91,97.17,30.48,35.111875000000005,13.19176204631625,9.72,74.4,-87.7,-10.7,16.3,68.63,61,19,16,11,1.07,329,2,2,1,0,normal,,8.0,normal
2026-09-15 10:45:00,Telkom,Gauteng,Johannesburg,JHB-CBD-003,JHB-CBD-003-A,RAN,96.7,97.6575,-0.957499999999996,96.99,1.17,97.36,27.32,34.485,20.777149485283456,10.06,60.8,-84.6,-10.7,18.1,69.14,54,8,7,4,0.94,184,2,2,0,0,normal,,8.0,normal
2026-09-15 11:00:00,Telkom,Gauteng,Johannesburg,JHB-CBD-003,JHB-CBD-003-A,RAN,96.78,97.47562500000001,-0.6956250000000068,96.53,1.76,96.31,28.14,33.986875,17.203332168668044,4.84,68.6,-85.9,-9.9,17.2,74.95,63,23,17,10,1.9,167,2,2,1,0,normal,,8.0,normal
2026-09-15 11:15:00,Telkom,Gauteng,Johannesburg,JHB-CBD-003,JHB-CBD-003-A,RAN,96.54,97.35125000000001,-0.8112500000000011,96.91,1.69,97.49,37.11,33.363749999999996,-11.228503990109036,11.0,62.2,-87.9,-10.7,16.7,60.43,61,19,16,11,1.59,132,2,2,1,0,normal,,8.0,normal
2026-09-15 11:30:00,Telkom,Gauteng,Johannesburg,JHB-CBD-003,JHB-CBD-003-A,RAN,96.41,97.169375,-0.7593750000000057,97.38,1.22,96.0,35.0,33.6875,-3.896103896103896,11.41,67.8,-87.7,-10.7,9.5,61.42,52,19,11,7,0.37,185,2,2,2,0,normal,,8.0,normal
2026-09-15 11:45:00,Telkom,Gauteng,Johannesburg,JHB-CBD-003,JHB-CBD-003-A,RAN,95.65,97.025,-1.375,97.22,1.5,96.2,29.35,33.523125,12.448496373771833,11.51,67.6,-86.8,-11.1,15.0,71.27,56,20,11,6,1.41,134,2,2,3,0,normal,,11.0,normal
2026-09-15 12:00:00,Telkom,Gauteng,Johannesburg,JHB-CBD-003,JHB-CBD-003-A,RAN,96.46,96.81,-0.3500000000000085,97.24,1.24,97.31,34.78,32.95625,-5.533851697326013,9.62,66.0,-85.4,-9.1,16.5,57.17,49,22,12,5,1.48,376,2,2,3,0,normal,,11.0,normal
2026-09-15 12:15:00,Telkom,Gauteng,Johannesburg,JHB-CBD-003,JHB-CBD-003-A,RAN,96.06,96.6875,-0.6274999999999977,97.75,1.58,97.81,26.11,32.48,19.612068965517235,12.31,72.2,-89.4,-11.2,17.0,64.14,62,19,11,9,1.78,180,2,2,3,0,normal,,11.0,normal
2026-09-15 12:30:00,Telkom,Gauteng,Johannesburg,JHB-CBD-003,JHB-CBD-003-A,RAN,96.6,96.50999999999999,0.09000000000000341,96.82,1.65,97.41,29.21,32.296875,9.55781325592646,7.73,61.5,-92.0,-10.2,15.6,65.46,58,20,16,9,1.51,129,2,2,2,0,normal,,8.0,normal
2026-09-15 12:45:00,Telkom,Gauteng,Johannesburg,JHB-CBD-003,JHB-CBD-003-A,RAN,96.55,96.35625,0.19374999999999432,97.3,1.34,97.51,41.13,31.234375,-31.681840920460235,10.75,68.7,-85.6,-11.6,19.6,61.16,61,19,11,7,1.5,302,2,2,1,0,normal,,8.0,normal
2026-09-15 13:00:00,Telkom,Gauteng,Johannesburg,JHB-CBD-003,JHB-CBD-003-A,RAN,96.48,96.405,0.07500000000000284,96.91,1.37,97.39,36.16,31.353125000000002,-15.331406359015231,11.61,66.4,-85.6,-12.3,19.4,54.99,48,15,11,6,1.07,80,2,2,0,0,normal,,8.0,normal
2026-09-15 13:15:00,Telkom,Gauteng,Johannesburg,JHB-CBD-003,JHB-CBD-003-A,RAN,96.17,96.40937500000001,-0.23937500000000966,97.48,1.32,97.0,37.27,31.726875,-17.47138663987551,9.63,67.0,-90.7,-12.4,15.0,56.7,50,11,10,2,1.08,142,3,2,0,0,normal,,8.0,normal
2026-09-15 13:30:00,Telkom,Gauteng,Johannesburg,JHB-CBD-003,JHB-CBD-003-A,RAN,96.3,96.3975,-0.09749999999999659,97.19,1.72,97.31,36.28,32.13375,-12.903100322869262,10.97,71.0,-85.5,-9.4,10.0,61.33,47,14,10,6,0.94,128,3,2,1,0,normal,,8.0,normal
2026-09-15 13:45:00,Telkom,Gauteng,Johannesburg,JHB-CBD-003,JHB-CBD-003-A,RAN,96.42,96.39750000000001,0.022499999999993747,97.58,1.49,97.13,36.69,32.060625,-14.439440902976768,10.08,64.5,-86.3,-11.7,13.9,62.38,51,14,9,6,1.41,155,3,2,1,0,normal,,8.0,normal
2026-09-15 14:00:00,Telkom,Gauteng,Johannesburg,JHB-CBD-003,JHB-CBD-003-A,RAN,99.17,96.405625,2.764375000000001,98.71,0.68,97.93,39.36,32.683125000000004,-20.429120532384815,9.88,48.9,-84.3,-11.2,16.8,58.64,50,5,5,2,0.53,8,2,2,1,0,normal,,8.0,normal
2026-09-15 14:15:00,Telkom,Gauteng,Johannesburg,JHB-CBD-003,JHB-CBD-003-A,RAN,99.27,96.58562500000001,2.6843749999999886,98.7,0.13,98.31,40.36,33.735,-19.638357788646807,13.34,59.8,-84.1,-9.7,18.5,47.84,40,1,4,0,0.6,31,1,1,1,0,normal,,4.0,normal
2026-09-15 14:30:00,Telkom,Gauteng,Johannesburg,JHB-CBD-003,JHB-CBD-003-A,RAN,99.1,96.78625,2.313749999999999,98.75,0.31,99.09,41.64,34.046875,-22.301973382285453,11.34,47.6,-87.3,-10.2,17.6,52.61,47,2,5,0,0.29,47,0,0,0,0,normal,,0.0,normal
2026-09-15 14:45:00,Telkom,Gauteng,Johannesburg,JHB-CBD-003,JHB-CBD-003-A,RAN,99.18,96.91624999999999,2.263750000000016,99.07,0.3,98.54,26.91,34.744375,22.548613984278028,9.01,44.2,-83.6,-11.2,17.2,59.72,45,2,3,2,0.76,41,0,0,0,0,normal,,0.0,normal
2026-09-15 15:00:00,Telkom,Gauteng,Johannesburg,JHB-CBD-003,JHB-CBD-003-A,RAN,98.73,97.07124999999999,1.658750000000012,98.35,0.5,98.23,35.13,34.71875,-1.1845184518451919,12.1,50.9,-87.5,-11.6,17.1,58.13,40,6,7,1,0.77,0,0,0,0,0,normal,,0.0,normal
2026-09-15 15:15:00,Telkom,Gauteng,Johannesburg,JHB-CBD-003,JHB-CBD-003-A,RAN,98.84,97.193125,1.6468750000000085,99.32,0.5,98.31,44.79,35.155625,-27.404931643229208,14.78,43.4,-83.2,-10.2,18.2,38.49,38,3,3,2,0.93,0,0,0,0,0,normal,,0.0,normal
2026-09-15 15:30:00,Telkom,Gauteng,Johannesburg,JHB-CBD-003,JHB-CBD-003-A,RAN,99.35,97.33687499999999,2.0131250000000023,99.03,0.32,99.15,29.83,35.635625000000005,16.291632320185222,11.1,57.9,-85.2,-12.0,19.7,53.57,47,1,2,3,0.99,0,0,0,0,0,normal,,0.0,normal
2026-09-15 15:45:00,Telkom,Gauteng,Johannesburg,JHB-CBD-003,JHB-CBD-003-A,RAN,99.17,97.52062500000001,1.649374999999992,99.03,0.71,98.42,43.7,35.3125,-23.75221238938054,14.89,54.5,-88.3,-10.2,14.6,46.67,39,2,2,3,0.9,80,0,0,0,0,normal,,0.0,normal
2026-09-15 16:00:00,Telkom,Gauteng,Johannesburg,JHB-CBD-003,JHB-CBD-003-A,RAN,98.89,97.740625,1.1493750000000063,99.11,0.31,97.58,31.86,36.209375,12.01173729179253,10.73,57.5,-89.9,-10.1,19.9,60.78,55,10,7,1,1.04,42,0,0,0,0,normal,,0.0,normal
2026-09-15 16:15:00,Telkom,Gauteng,Johannesburg,JHB-CBD-003,JHB-CBD-003-A,RAN,98.88,97.8925,0.9874999999999972,98.82,1.35,99.02,36.62,36.026875000000004,-1.6463404055999677,13.48,55.9,-88.3,-9.5,16.7,48.89,41,7,7,5,1.06,69,0,0,0,0,normal,,0.0,normal
2026-09-15 16:30:00,Telkom,Gauteng,Johannesburg,JHB-CBD-003,JHB-CBD-003-A,RAN,99.29,98.06875000000001,1.2212499999999977,98.26,0.25,98.96,44.93,36.68375,-22.47929941731692,13.71,53.6,-88.2,-9.0,16.1,51.13,46,4,5,0,1.2,54,0,0,1,0,normal,,0.0,normal
2026-09-15 16:45:00,Telkom,Gauteng,Johannesburg,JHB-CBD-003,JHB-CBD-003-A,RAN,99.44,98.236875,1.203125,98.67,0.67,99.6,36.24,37.66625,3.786546311352992,12.35,48.5,-85.5,-8.7,16.3,61.8,50,0,6,4,1.51,0,0,0,1,0,normal,,0.0,normal
2026-09-15 17:00:00,Telkom,Gauteng,Johannesburg,JHB-CBD-003,JHB-CBD-003-A,RAN,98.77,98.41749999999999,0.35250000000000625,98.95,0.42,97.84,29.69,37.360625,20.531308028171363,12.33,55.2,-85.4,-9.0,12.6,62.6,52,7,2,2,1.41,0,0,0,1,0,normal,,0.0,normal
2026-09-15 17:15:00,Telkom,Gauteng,Johannesburg,JHB-CBD-003,JHB-CBD-003-A,RAN,99.01,98.560625,0.4493750000000034,98.77,0.15,98.58,34.79,36.956250000000004,5.86166074750551,12.55,57.1,-88.2,-11.9,15.9,52.46,44,2,6,0,1.12,50,0,0,1,0,normal,,0.0,normal
2026-09-15 17:30:00,Telkom,Gauteng,Johannesburg,JHB-CBD-003,JHB-CBD-003-A,RAN,99.21,98.73812500000001,0.47187499999998295,99.25,0.05,98.51,25.77,36.80125,29.975204646581304,12.64,66.7,-86.5,-11.0,17.9,61.94,56,7,5,0,0.92,65,0,0,0,0,normal,,0.0,normal
2026-09-15 17:45:00,Telkom,Gauteng,Johannesburg,JHB-CBD-003,JHB-CBD-003-A,RAN,99.45,98.91999999999999,0.5300000000000153,98.78,0.82,98.53,42.16,36.144375,-16.643322785357338,13.22,60.3,-87.7,-11.7,14.3,58.5,51,4,5,4,0.51,30,0,0,0,0,normal,,0.0,normal
2026-09-15 18:00:00,Telkom,Gauteng,Johannesburg,JHB-CBD-003,JHB-CBD-003-A,RAN,98.95,99.109375,-0.15937499999999716,98.56,0.42,98.48,38.05,36.48625,-4.2858611120627605,13.17,48.8,-83.4,-10.2,21.1,49.54,55,3,4,2,0.67,0,0,0,0,0,normal,,0.0,normal
2026-09-15 18:15:00,Telkom,Gauteng,Johannesburg,JHB-CBD-003,JHB-CBD-003-A,RAN,99.54,99.095625,0.44437500000000796,98.56,0.88,98.53,35.2,36.404375,3.308324892269127,10.39,57.0,-90.7,-11.2,15.8,63.86,52,0,5,4,0.27,0,0,0,0,0,normal,,0.0,normal
2026-09-15 18:30:00,Telkom,Gauteng,Johannesburg,JHB-CBD-003,JHB-CBD-003-A,RAN,99.84,99.1125,0.7275000000000063,99.06,0.51,98.0,32.78,36.081875,9.151062687291045,12.81,63.4,-87.6,-11.0,16.5,58.78,50,1,4,2,0.33,56,0,0,0,0,normal,,0.0,normal
2026-09-15 18:45:00,Telkom,Gauteng,Johannesburg,JHB-CBD-003,JHB-CBD-003-A,RAN,99.65,99.15875000000001,0.49124999999999375,99.01,0.46,98.49,34.35,35.528125,3.3160348315595076,12.32,54.1,-85.4,-8.6,17.5,59.0,60,2,5,3,0.86,32,0,0,0,0,normal,,0.0,normal
2026-09-15 19:00:00,Telkom,Gauteng,Johannesburg,JHB-CBD-003,JHB-CBD-003-A,RAN,99.35,99.188125,0.16187499999999488,98.76,0.58,98.23,34.15,35.993125,5.120769591415029,10.93,56.4,-82.8,-9.5,17.1,58.62,59,0,1,0,0.77,0,0,0,0,0,normal,,0.0,normal
2026-09-15 19:15:00,Telkom,Gauteng,Johannesburg,JHB-CBD-003,JHB-CBD-003-A,RAN,99.41,99.226875,0.18312499999998977,99.28,0.49,96.95,38.34,35.931875000000005,-6.70191856116609,8.11,48.3,-87.3,-8.0,16.7,58.58,49,1,0,3,0.92,0,0,0,0,0,normal,,0.0,normal
2026-09-15 19:30:00,Telkom,Gauteng,Johannesburg,JHB-CBD-003,JHB-CBD-003-A,RAN,99.38,99.2625,0.11749999999999261,99.16,0.38,98.35,42.43,35.528749999999995,-19.42440980895755,12.57,58.5,-90.9,-9.8,14.8,47.93,41,3,3,1,0.49,140,0,0,0,0,normal,,0.0,normal
2026-09-15 19:45:00,Telkom,Gauteng,Johannesburg,JHB-CBD-003,JHB-CBD-003-A,RAN,98.48,99.264375,-0.7843749999999972,98.98,0.38,98.34,48.24,36.316250000000004,-32.833098131001954,10.6,59.1,-85.9,-9.4,14.0,46.92,46,2,1,1,0.95,97,0,0,0,0,normal,,0.0,normal
2026-09-15 20:00:00,Telkom,Gauteng,Johannesburg,JHB-CBD-003,JHB-CBD-003-A,RAN,99.6,99.22125,0.3787499999999966,98.95,0.1,98.54,33.42,36.6,8.688524590163933,11.28,48.9,-83.9,-9.8,17.9,51.64,42,3,2,0,0.95,77,0,0,0,0,normal,,0.0,normal
2026-09-15 20:15:00,Telkom,Gauteng,Johannesburg,JHB-CBD-003,JHB-CBD-003-A,RAN,99.37,99.265625,0.10437500000000455,98.6,0.86,98.75,37.34,36.6975,-1.7508004632468301,9.39,63.6,-85.2,-10.2,15.3,61.86,53,2,6,2,0.81,0,0,0,0,0,normal,,0.0,normal
2026-09-15 20:30:00,Telkom,Gauteng,Johannesburg,JHB-CBD-003,JHB-CBD-003-A,RAN,98.8,99.29625,-0.4962500000000034,98.58,0.91,98.05,29.87,36.7425,18.704497516499963,9.79,54.9,-82.1,-10.5,19.4,63.7,54,5,9,3,0.76,28,0,0,0,0,normal,,0.0,normal
2026-09-15 20:45:00,Telkom,Gauteng,Johannesburg,JHB-CBD-003,JHB-CBD-003-A,RAN,99.47,99.265625,0.20437499999999886,98.74,0.59,98.17,41.49,35.80125,-15.889808316748713,12.26,50.3,-85.1,-8.8,18.3,53.11,48,0,5,2,0.79,160,0,0,0,0,normal,,0.0,normal
2026-09-15 21:00:00,Telkom,Gauteng,Johannesburg,JHB-CBD-003,JHB-CBD-003-A,RAN,99.33,99.2675,0.0625,99.47,0.45,97.95,37.96,36.129375,-5.066860414828647,10.93,54.3,-82.3,-9.4,13.5,49.46,49,3,1,3,1.05,88,0,0,0,0,normal,,0.0,normal
2026-09-15 21:15:00,Telkom,Gauteng,Johannesburg,JHB-CBD-003,JHB-CBD-003-A,RAN,99.23,99.3025,-0.0724999999999909,98.81,0.72,98.71,34.2,36.646249999999995,6.6753078418664735,10.63,54.4,-83.5,-11.2,15.8,58.08,47,3,5,2,0.55,19,0,0,0,0,normal,,0.0,normal
2026-09-15 21:30:00,Telkom,Gauteng,Johannesburg,JHB-CBD-003,JHB-CBD-003-A,RAN,99.16,99.31625,-0.15625,99.46,0.57,98.31,34.59,36.609375,5.516005121638915,11.92,57.8,-84.5,-9.2,15.6,66.18,49,6,1,1,1.07,42,1,0,0,0,normal,,0.0,normal
2026-09-15 21:45:00,Telkom,Gauteng,Johannesburg,JHB-CBD-003,JHB-CBD-003-A,RAN,99.72,99.31312500000001,0.4068749999999852,98.93,0.83,99.34,38.8,37.160625,-4.411591570378577,8.93,53.1,-86.7,-9.0,16.6,53.96,42,1,0,1,0.63,26,0,0,0,0,normal,,0.0,normal
2026-09-15 22:00:00,Telkom,Gauteng,Johannesburg,JHB-CBD-003,JHB-CBD-003-A,RAN,99.6,99.33,0.269999999999996,98.31,0.63,98.84,41.3,36.950625,-11.770775189864839,11.05,53.0,-85.2,-9.9,18.4,43.03,31,0,6,5,1.0,0,0,0,0,0,normal,,0.0,normal
2026-09-15 22:15:00,Telkom,Gauteng,Johannesburg,JHB-CBD-003,JHB-CBD-003-A,RAN,99.56,99.370625,0.1893749999999983,98.82,0.27,97.82,46.48,37.153749999999995,-25.10177303771491,12.54,55.2,-87.6,-11.8,17.7,48.76,32,3,2,0,1.07,65,0,0,0,0,normal,,0.0,normal
2026-09-15 22:30:00,Telkom,Gauteng,Johannesburg,JHB-CBD-003,JHB-CBD-003-A,RAN,99.05,99.371875,-0.3218750000000057,99.09,0.05,98.53,46.83,37.85875,-23.696635520190174,14.42,50.2,-86.7,-11.8,13.9,42.13,35,0,0,0,0.31,43,0,0,0,0,normal,,0.0,normal
2026-09-15 22:45:00,Telkom,Gauteng,Johannesburg,JHB-CBD-003,JHB-CBD-003-A,RAN,99.43,99.32249999999999,0.10750000000001592,98.8,0.91,99.02,47.95,38.736875000000005,-23.78386227593216,12.92,54.4,-87.6,-9.5,21.0,47.76,36,0,0,3,0.54,30,0,0,0,0,normal,,0.0,normal
2026-09-15 23:00:00,Telkom,Gauteng,Johannesburg,JHB-CBD-003,JHB-CBD-003-A,RAN,98.88,99.30875,-0.42875000000000796,98.6,1.05,97.95,44.83,39.586875000000006,-13.244604430129915,17.56,43.6,-90.4,-9.1,13.9,42.33,28,5,7,3,0.1,188,1,0,0,0,normal,,0.0,normal
2026-09-15 23:15:00,Telkom,Gauteng,Johannesburg,JHB-CBD-003,JHB-CBD-003-A,RAN,99.19,99.27937499999999,-0.08937499999998977,98.4,0.5,98.69,44.14,40.254374999999996,-9.652677503998024,11.84,52.1,-84.6,-9.5,15.2,46.75,40,0,5,0,0.17,0,1,0,0,0,normal,,0.0,normal
2026-09-15 23:30:00,Telkom,Gauteng,Johannesburg,JHB-CBD-003,JHB-CBD-003-A,RAN,99.9,99.265625,0.6343750000000057,99.04,0.61,98.3,40.35,40.616875,0.6570544878206382,12.93,44.0,-88.0,-9.0,17.3,43.67,37,0,3,0,0.96,19,2,0,0,0,normal,,0.0,normal
2026-09-15 23:45:00,Telkom,Gauteng,Johannesburg,JHB-CBD-003,JHB-CBD-003-A,RAN,98.41,99.298125,-0.8881250000000023,99.15,0.32,97.84,32.88,40.486875,18.78849627193997,9.62,49.0,-86.1,-11.1,11.9,62.57,48,9,4,2,1.12,0,2,0,0,0,normal,,0.0,normal
2026-09-14 00:00:00,Telkom,Gauteng,Johannesburg,JHB-CBD-003,JHB-CBD-003-B,RAN,99.02,99.02,0.0,99.1,0.45,98.72,35.26,35.26,0.0,13.09,47.3,-87.9,-9.7,18.9,46.76,33,2,0,2,0.94,52,0,0,0,0,normal,,0.0,normal
2026-09-14 00:15:00,Telkom,Gauteng,Johannesburg,JHB-CBD-003,JHB-CBD-003-B,RAN,98.74,99.02,-0.28000000000000114,99.33,0.48,98.3,39.49,35.26,-11.99659671015316,14.92,45.8,-88.4,-10.9,16.3,46.49,32,4,0,2,0.88,5,0,0,0,0,normal,,0.0,normal
2026-09-14 00:30:00,Telkom,Gauteng,Johannesburg,JHB-CBD-003,JHB-CBD-003-B,RAN,98.91,98.88,0.030000000000001137,99.32,0.63,98.77,43.14,37.375,-15.4247491638796,12.13,51.4,-88.3,-10.9,16.3,49.9,34,2,0,0,1.0,0,0,0,0,0,normal,,0.0,normal
2026-09-14 00:45:00,Telkom,Gauteng,Johannesburg,JHB-CBD-003,JHB-CBD-003-B,RAN,98.72,98.88999999999999,-0.1699999999999875,98.91,0.12,98.73,30.76,39.29666666666667,21.723640681991682,13.0,64.1,-87.0,-9.6,17.0,56.83,39,6,3,0,0.41,0,0,0,0,0,normal,,0.0,normal
2026-09-14 01:00:00,Telkom,Gauteng,Johannesburg,JHB-CBD-003,JHB-CBD-003-B,RAN,98.48,98.8475,-0.3674999999999926,98.37,0.47,98.78,40.34,37.1625,-8.550285906491764,12.71,60.3,-89.0,-9.1,12.0,43.71,37,3,5,0,0.26,56,0,0,0,0,normal,,0.0,normal
2026-09-14 01:15:00,Telkom,Gauteng,Johannesburg,JHB-CBD-003,JHB-CBD-003-B,RAN,98.88,98.774,0.10599999999999454,99.19,0.54,98.08,38.17,37.798,-0.9841790570929675,13.98,44.1,-86.4,-9.9,18.0,38.3,34,0,0,1,0.49,63,0,0,0,0,normal,,0.0,normal
2026-09-14 01:30:00,Telkom,Gauteng,Johannesburg,JHB-CBD-003,JHB-CBD-003-B,RAN,99.43,98.79166666666667,0.6383333333333354,99.23,0.38,98.72,47.02,37.86000000000001,-24.1944004226096,13.96,43.1,-84.2,-11.1,14.2,34.29,32,0,3,1,0.7,0,0,0,0,0,normal,,0.0,normal
2026-09-14 01:45:00,Telkom,Gauteng,Johannesburg,JHB-CBD-003,JHB-CBD-003-B,RAN,98.86,98.88285714285713,-0.02285714285713425,99.11,0.16,98.21,40.24,39.16857142857143,-2.735429280035008,11.36,47.9,-80.8,-10.9,12.5,51.84,27,4,1,0,0.46,15,0,0,0,0,normal,,0.0,normal
2026-09-14 02:00:00,Telkom,Gauteng,Johannesburg,JHB-CBD-003,JHB-CBD-003-B,RAN,99.34,98.88,0.46000000000000796,98.67,0.57,97.95,32.88,39.3025,16.341199669232235,11.31,55.9,-83.6,-9.0,18.5,57.04,37,4,2,0,0.88,79,0,0,0,0,normal,,0.0,normal
2026-09-14 02:15:00,Telkom,Gauteng,Johannesburg,JHB-CBD-003,JHB-CBD-003-B,RAN,98.43,98.93111111111111,-0.5011111111111006,98.32,0.24,98.3,43.11,38.58888888888889,-11.716095594586811,10.69,42.7,-81.6,-9.5,19.6,51.21,37,8,4,0,0.42,13,0,0,0,0,normal,,0.0,normal
2026-09-14 02:30:00,Telkom,Gauteng,Johannesburg,JHB-CBD-003,JHB-CBD-003-B,RAN,99.14,98.881,0.25900000000000034,98.93,0.34,98.32,45.42,39.041000000000004,-16.339233113905888,12.36,57.2,-85.3,-8.7,17.7,49.08,37,3,9,0,1.11,89,0,0,0,0,normal,,0.0,normal
2026-09-14 02:45:00,Telkom,Gauteng,Johannesburg,JHB-CBD-003,JHB-CBD-003-B,RAN,98.81,98.90454545454546,-0.09454545454545382,98.77,0.41,98.86,44.34,39.620909090909095,-11.910607346901312,14.58,38.8,-89.2,-9.8,16.9,44.65,41,1,0,1,0.3,0,0,0,0,0,normal,,0.0,normal
2026-09-14 03:00:00,Telkom,Gauteng,Johannesburg,JHB-CBD-003,JHB-CBD-003-B,RAN,99.27,98.89666666666666,0.37333333333333485,98.55,0.44,97.79,41.73,40.01416666666667,-4.288064643771986,11.42,51.6,-87.6,-9.9,19.6,51.45,33,1,3,0,0.43,27,0,0,0,0,normal,,0.0,normal
2026-09-14 03:15:00,Telkom,Gauteng,Johannesburg,JHB-CBD-003,JHB-CBD-003-B,RAN,98.71,98.92538461538462,-0.21538461538462172,99.13,0.89,98.51,47.56,40.146153846153844,-18.467139298716244,13.45,65.2,-86.3,-6.9,16.1,48.39,25,2,2,3,0.54,4,0,0,0,0,normal,,0.0,normal
2026-09-14 03:30:00,Telkom,Gauteng,Johannesburg,JHB-CBD-003,JHB-CBD-003-B,RAN,98.76,98.91,-0.14999999999999147,98.81,1.05,98.18,38.41,40.675714285714285,5.5701893021458995,10.37,44.4,-86.5,-8.9,14.9,49.96,34,1,1,2,0.45,62,0,0,0,0,normal,,0.0,normal
2026-09-14 03:45:00,Telkom,Gauteng,Johannesburg,JHB-CBD-003,JHB-CBD-003-B,RAN,98.75,98.9,-0.15000000000000568,98.3,0.6,98.97,38.52,40.52466666666667,4.946781384177534,13.74,55.1,-83.5,-11.3,17.3,46.65,36,4,4,1,1.41,0,0,0,0,0,normal,,0.0,normal
2026-09-14 04:00:00,Telkom,Gauteng,Johannesburg,JHB-CBD-003,JHB-CBD-003-B,RAN,99.02,98.890625,0.12937499999999602,98.94,0.72,98.46,45.9,40.399375,-13.615619053512585,11.63,53.4,-85.2,-9.4,13.1,47.78,36,3,0,1,0.53,0,0,0,0,0,normal,,0.0,normal
2026-09-14 04:15:00,Telkom,Gauteng,Johannesburg,JHB-CBD-003,JHB-CBD-003-B,RAN,98.61,98.890625,-0.28062500000000057,98.12,0.48,98.0,44.93,41.064375,-9.413573200614891,12.99,57.1,-90.2,-9.4,18.8,48.62,36,5,0,2,1.0,153,0,0,0,0,normal,,0.0,normal
2026-09-14 04:30:00,Telkom,Gauteng,Johannesburg,JHB-CBD-003,JHB-CBD-003-B,RAN,99.42,98.8825,0.5375000000000085,99.42,0.22,98.36,42.7,41.404375,-3.1291983033193986,15.09,53.3,-86.0,-8.9,20.9,50.92,46,5,1,0,1.27,0,0,0,0,0,normal,,0.0,normal
2026-09-14 04:45:00,Telkom,Gauteng,Johannesburg,JHB-CBD-003,JHB-CBD-003-B,RAN,98.62,98.91437499999999,-0.29437499999998806,98.51,0.54,98.42,39.56,41.376875000000005,4.3910396809812315,10.74,55.9,-89.1,-9.6,12.2,60.07,43,2,3,0,0.88,14,0,0,0,0,normal,,0.0,normal
2026-09-14 05:00:00,Telkom,Gauteng,Johannesburg,JHB-CBD-003,JHB-CBD-003-B,RAN,98.78,98.908125,-0.12812499999999716,99.32,0.18,97.7,38.11,41.926875,9.103647719988677,13.82,44.5,-86.6,-10.7,16.4,52.15,35,3,3,0,0.75,0,0,0,0,0,normal,,0.0,normal
2026-09-14 05:15:00,Telkom,Gauteng,Johannesburg,JHB-CBD-003,JHB-CBD-003-B,RAN,99.42,98.92687500000001,0.49312499999999204,98.41,0.81,98.92,37.83,41.7875,9.470535447203119,11.31,50.9,-89.2,-8.3,19.8,56.06,39,1,2,2,0.55,13,0,0,0,0,normal,,0.0,normal
2026-09-14 05:30:00,Telkom,Gauteng,Johannesburg,JHB-CBD-003,JHB-CBD-003-B,RAN,99.33,98.960625,0.3693750000000051,98.56,0.39,99.67,41.72,41.76625000000001,0.11073534253136844,13.67,48.7,-84.7,-11.1,16.5,47.42,45,5,4,0,1.06,0,0,0,0,0,normal,,0.0,normal
2026-09-14 05:45:00,Telkom,Gauteng,Johannesburg,JHB-CBD-003,JHB-CBD-003-B,RAN,99.09,98.954375,0.13562500000000455,98.78,0.54,97.81,45.42,41.434999999999995,-9.61747315071801,13.82,51.0,-84.0,-9.7,16.8,43.77,44,0,7,2,0.1,177,0,0,0,0,normal,,0.0,normal
2026-09-14 06:00:00,Telkom,Gauteng,Johannesburg,JHB-CBD-003,JHB-CBD-003-B,RAN,99.19,98.96875,0.22124999999999773,98.69,0.85,97.92,38.39,41.758750000000006,8.067171550872585,14.8,44.6,-88.0,-9.4,20.8,46.76,33,3,2,0,1.21,0,0,0,0,0,normal,,0.0,normal
2026-09-14 06:15:00,Telkom,Gauteng,Johannesburg,JHB-CBD-003,JHB-CBD-003-B,RAN,99.31,98.959375,0.35062500000000796,98.52,0.51,98.01,35.34,42.103125,16.06323758628367,12.43,54.2,-85.2,-6.1,16.6,51.67,41,2,3,1,0.52,12,0,0,1,0,normal,,0.0,normal
2026-09-14 06:30:00,Telkom,Gauteng,Johannesburg,JHB-CBD-003,JHB-CBD-003-B,RAN,99.69,99.014375,0.6756249999999966,98.36,0.31,99.66,37.23,41.61750000000001,10.542440079293588,13.73,44.1,-85.6,-10.1,18.6,47.95,40,3,8,0,1.02,100,0,0,1,0,normal,,0.0,normal
2026-09-14 06:45:00,Telkom,Gauteng,Johannesburg,JHB-CBD-003,JHB-CBD-003-B,RAN,99.33,99.04875,0.28125,98.94,0.33,98.68,33.68,41.105624999999996,18.064741747631857,14.13,46.4,-88.3,-10.0,14.2,54.63,43,0,4,0,1.36,253,0,0,1,0,normal,,0.0,normal
2026-09-14 07:00:00,Telkom,Gauteng,Johannesburg,JHB-CBD-003,JHB-CBD-003-B,RAN,99.19,99.08125,0.10875000000000057,98.41,0.25,98.73,29.52,40.439375,27.00183917283588,8.84,55.4,-84.1,-9.6,16.9,62.97,50,1,3,0,0.59,89,0,0,1,0,normal,,0.0,normal
2026-09-14 07:15:00,Telkom,Gauteng,Johannesburg,JHB-CBD-003,JHB-CBD-003-B,RAN,99.68,99.07625,0.6037500000000051,98.85,0.31,98.41,46.88,39.67625,-18.156327777952804,14.31,48.5,-93.6,-9.9,13.3,49.58,47,1,2,1,0.21,48,0,0,0,0,normal,,0.0,normal
2026-09-14 07:30:00,Telkom,Gauteng,Johannesburg,JHB-CBD-003,JHB-CBD-003-B,RAN,99.4,99.136875,0.2631250000000023,98.76,0.26,97.54,38.71,39.63375,2.330715614848452,12.91,56.4,-90.3,-11.2,13.7,48.82,45,4,2,1,0.46,0,0,0,0,0,normal,,0.0,normal
2026-09-14 07:45:00,Telkom,Gauteng,Johannesburg,JHB-CBD-003,JHB-CBD-003-B,RAN,98.95,99.176875,-0.2268749999999926,99.09,0.54,98.7,34.48,39.6525,13.044574743080528,12.45,48.4,-83.3,-10.8,19.1,55.35,59,3,4,2,0.67,0,0,0,0,0,normal,,0.0,normal
2026-09-14 08:00:00,Telkom,Gauteng,Johannesburg,JHB-CBD-003,JHB-CBD-003-B,RAN,98.86,99.189375,-0.32937499999999886,98.69,0.63,97.99,39.93,39.400000000000006,-1.3451776649746041,10.9,58.1,-84.9,-8.5,16.8,54.39,49,4,5,1,0.75,0,0,0,0,0,normal,,0.0,normal
2026-09-14 08:15:00,Telkom,Gauteng,Johannesburg,JHB-CBD-003,JHB-CBD-003-B,RAN,99.58,99.17937500000001,0.4006249999999909,99.14,0.29,99.49,34.69,39.026875,11.112534631584003,12.85,57.4,-84.9,-10.8,17.0,52.78,50,0,4,1,0.27,30,0,0,0,0,normal,,0.0,normal
2026-09-14 08:30:00,Telkom,Gauteng,Johannesburg,JHB-CBD-003,JHB-CBD-003-B,RAN,98.4,99.24000000000001,-0.8400000000000034,98.84,0.7,98.01,38.39,38.386874999999996,-0.008140803334484152,12.28,49.7,-89.2,-10.4,17.5,52.04,45,10,3,4,0.82,0,0,0,0,0,normal,,0.0,normal
2026-09-14 08:45:00,Telkom,Gauteng,Johannesburg,JHB-CBD-003,JHB-CBD-003-B,RAN,99.4,99.17625000000001,0.22374999999999545,99.08,0.48,97.21,34.16,38.1175,10.38237030235457,12.47,63.4,-86.6,-10.7,20.0,59.51,59,5,4,4,0.57,52,0,0,0,0,normal,,0.0,normal
2026-09-14 09:00:00,Telkom,Gauteng,Johannesburg,JHB-CBD-003,JHB-CBD-003-B,RAN,99.25,99.225,0.025000000000005684,98.11,0.83,98.77,30.83,37.78,18.39597670725252,10.42,56.6,-83.8,-10.9,16.7,60.2,44,0,4,2,1.06,58,0,0,0,0,normal,,0.0,normal
2026-09-14 09:15:00,Telkom,Gauteng,Johannesburg,JHB-CBD-003,JHB-CBD-003-B,RAN,99.37,99.254375,0.11562500000000853,99.07,0.38,98.92,41.28,37.324999999999996,-10.596115204286686,13.31,47.8,-87.1,-9.2,19.2,56.59,48,3,2,3,1.3,0,0,0,0,0,normal,,0.0,normal
2026-09-14 09:30:00,Telkom,Gauteng,Johannesburg,JHB-CBD-003,JHB-CBD-003-B,RAN,99.34,99.25125000000001,0.08874999999999034,98.63,0.84,98.34,37.27,37.540625,0.7208857071505748,12.68,59.7,-84.0,-11.8,15.9,62.09,57,3,9,5,0.91,8,0,0,0,0,normal,,0.0,normal
2026-09-14 09:45:00,Telkom,Gauteng,Johannesburg,JHB-CBD-003,JHB-CBD-003-B,RAN,98.63,99.251875,-0.6218750000000028,99.33,0.17,98.55,42.43,37.2625,-13.867829587386774,10.03,53.9,-87.3,-9.1,19.5,53.89,56,8,1,0,0.94,73,0,0,0,0,normal,,0.0,normal
2026-09-14 10:00:00,Telkom,Gauteng,Johannesburg,JHB-CBD-003,JHB-CBD-003-B,RAN,98.96,99.22312500000001,-0.2631250000000165,99.34,0.3,98.61,32.01,37.075624999999995,13.662952411456308,8.61,56.3,-91.0,-8.4,14.9,66.62,55,3,1,1,0.72,61,1,0,0,0,normal,,0.0,normal
2026-09-14 10:15:00,Telkom,Gauteng,Johannesburg,JHB-CBD-003,JHB-CBD-003-B,RAN,99.03,99.20875,-0.17874999999999375,98.62,0.46,98.56,29.74,36.676874999999995,18.913484314026203,10.59,61.2,-83.7,-9.2,15.5,62.18,53,3,4,0,0.58,0,1,0,0,0,normal,,0.0,normal
2026-09-14 10:30:00,Telkom,Gauteng,Johannesburg,JHB-CBD-003,JHB-CBD-003-B,RAN,98.67,99.19125,-0.5212499999999949,99.42,0.48,97.64,39.72,36.326874999999994,-9.340536448565986,10.47,50.1,-84.9,-8.4,16.6,56.25,51,5,2,2,0.2,0,0,0,0,0,normal,,0.0,normal
2026-09-14 10:45:00,Telkom,Gauteng,Johannesburg,JHB-CBD-003,JHB-CBD-003-B,RAN,99.11,99.1275,-0.017499999999998295,99.0,0.9,99.05,29.1,36.4825,20.235729459329814,10.38,56.6,-85.4,-10.7,17.8,61.22,59,4,1,4,0.94,0,0,0,0,0,normal,,0.0,normal
2026-09-14 11:00:00,Telkom,Gauteng,Johannesburg,JHB-CBD-003,JHB-CBD-003-B,RAN,99.74,99.11375000000001,0.6262499999999847,99.47,0.14,99.01,29.0,36.19625,19.881203163311113,12.67,52.5,-85.3,-10.8,17.0,59.4,64,1,1,0,0.91,0,0,0,0,0,normal,,0.0,normal
2026-09-14 11:15:00,Telkom,Gauteng,Johannesburg,JHB-CBD-003,JHB-CBD-003-B,RAN,98.96,99.14812500000001,-0.18812500000001364,98.89,0.64,98.3,45.71,36.16375,-26.39729010404065,12.42,61.0,-85.7,-10.4,17.8,56.98,60,5,2,5,0.53,143,0,0,0,0,normal,,0.0,normal
2026-09-14 11:30:00,Telkom,Gauteng,Johannesburg,JHB-CBD-003,JHB-CBD-003-B,RAN,98.76,99.10312499999999,-0.34312499999998636,98.8,0.36,98.81,35.05,36.090625,2.8833665252402962,10.72,57.6,-87.1,-11.2,13.1,67.0,64,9,5,1,0.97,78,0,0,0,0,normal,,0.0,normal
2026-09-14 11:45:00,Telkom,Gauteng,Johannesburg,JHB-CBD-003,JHB-CBD-003-B,RAN,99.22,99.063125,0.15687499999999943,99.42,0.54,98.8,31.43,35.861875,12.35817982188605,12.7,46.1,-85.3,-9.7,18.2,46.98,53,2,4,2,0.53,80,0,0,0,0,normal,,0.0,normal
2026-09-14 12:00:00,Telkom,Gauteng,Johannesburg,JHB-CBD-003,JHB-CBD-003-B,RAN,98.88,99.08,-0.20000000000000284,98.28,0.27,98.05,38.11,35.67124999999999,-6.836738269614904,10.81,58.7,-79.7,-9.1,19.0,54.13,57,2,5,1,0.4,0,0,0,0,0,normal,,0.0,normal
2026-09-14 12:15:00,Telkom,Gauteng,Johannesburg,JHB-CBD-003,JHB-CBD-003-B,RAN,98.92,99.08125,-0.16124999999999545,98.98,0.61,98.59,34.03,35.5575,4.295858820220759,12.17,51.6,-84.9,-8.0,19.9,54.74,53,7,1,2,0.47,112,0,0,0,0,normal,,0.0,normal
2026-09-14 12:30:00,Telkom,Gauteng,Johannesburg,JHB-CBD-003,JHB-CBD-003-B,RAN,99.41,99.03999999999999,0.37000000000000455,98.33,0.67,99.02,36.8,35.51625,-3.6145426389328765,12.33,59.0,-85.4,-11.4,18.8,58.8,54,3,9,5,0.32,0,0,0,0,0,normal,,0.0,normal
2026-09-14 12:45:00,Telkom,Gauteng,Johannesburg,JHB-CBD-003,JHB-CBD-003-B,RAN,98.95,99.10312499999999,-0.15312499999998863,98.77,0.91,98.57,41.83,35.416875,-18.107540543879157,12.99,62.8,-86.9,-9.8,15.3,61.18,52,4,6,5,0.65,47,0,0,0,0,normal,,0.0,normal
2026-09-14 13:00:00,Telkom,Gauteng,Johannesburg,JHB-CBD-003,JHB-CBD-003-B,RAN,99.5,99.075,0.42499999999999716,98.65,0.49,98.56,37.2,35.896249999999995,-3.6319949855486526,12.29,51.2,-86.6,-10.0,19.6,49.0,54,0,8,2,0.29,16,0,0,0,0,normal,,0.0,normal
2026-09-14 13:15:00,Telkom,Gauteng,Johannesburg,JHB-CBD-003,JHB-CBD-003-B,RAN,98.48,99.090625,-0.6106249999999989,98.54,0.49,98.17,40.43,36.294375,-11.394672039400037,12.12,49.0,-84.4,-10.2,15.3,55.87,50,4,2,2,0.3,39,0,0,0,0,normal,,0.0,normal
2026-09-14 13:30:00,Telkom,Gauteng,Johannesburg,JHB-CBD-003,JHB-CBD-003-B,RAN,98.98,99.035,-0.05499999999999261,98.98,1.05,99.38,33.01,36.241249999999994,8.91594522815851,10.79,54.1,-89.4,-11.2,20.0,63.39,53,5,1,5,0.84,170,0,0,0,0,normal,,0.0,normal
2026-09-14 13:45:00,Telkom,Gauteng,Johannesburg,JHB-CBD-003,JHB-CBD-003-B,RAN,98.6,99.0125,-0.4125000000000085,98.67,0.05,98.62,43.73,35.975,-21.556636553161905,10.28,54.2,-89.7,-11.0,15.6,49.42,45,4,1,0,0.19,105,0,0,0,0,normal,,0.0,normal
2026-09-14 14:00:00,Telkom,Gauteng,Johannesburg,JHB-CBD-003,JHB-CBD-003-B,RAN,99.15,99.01062499999999,0.13937500000001535,98.45,0.05,99.62,34.48,36.05625,4.371641532327965,10.3,63.2,-86.4,-7.6,19.2,54.86,51,6,6,0,0.56,60,1,0,0,0,normal,,0.0,normal
2026-09-14 14:15:00,Telkom,Gauteng,Johannesburg,JHB-CBD-003,JHB-CBD-003-B,RAN,99.61,99.02250000000001,0.5874999999999915,98.29,0.71,98.5,46.85,36.210625,-29.381914838531507,13.85,56.8,-88.3,-9.2,15.6,49.93,50,2,7,3,0.93,52,0,0,0,0,normal,,0.0,normal
2026-09-14 14:30:00,Telkom,Gauteng,Johannesburg,JHB-CBD-003,JHB-CBD-003-B,RAN,99.21,99.05874999999999,0.15125000000000455,98.79,0.52,98.96,36.84,37.28,1.1802575107296076,13.56,49.2,-84.3,-9.6,15.1,57.57,59,3,3,4,1.08,42,0,0,0,0,normal,,0.0,normal
2026-09-14 14:45:00,Telkom,Gauteng,Johannesburg,JHB-CBD-003,JHB-CBD-003-B,RAN,98.31,99.0925,-0.7824999999999989,98.73,0.6,98.34,36.54,37.1,1.509433962264157,8.11,68.8,-87.5,-12.5,18.9,59.77,52,9,7,2,0.19,90,0,0,0,0,normal,,0.0,normal
2026-09-14 15:00:00,Telkom,Gauteng,Johannesburg,JHB-CBD-003,JHB-CBD-003-B,RAN,99.36,99.04249999999999,0.31750000000000966,98.24,0.13,98.25,34.4,37.565,8.425395980300811,13.47,59.6,-88.8,-9.1,16.9,56.36,42,2,5,1,1.09,206,0,0,0,0,normal,,0.0,normal
2026-09-14 15:15:00,Telkom,Gauteng,Johannesburg,JHB-CBD-003,JHB-CBD-003-B,RAN,99.34,99.01875,0.32125000000000625,98.34,0.5,99.52,40.63,37.902499999999996,-7.196095244377037,11.52,50.9,-81.6,-8.7,18.2,48.47,47,1,7,1,0.1,83,0,0,0,0,normal,,0.0,normal
2026-09-14 15:30:00,Telkom,Gauteng,Johannesburg,JHB-CBD-003,JHB-CBD-003-B,RAN,98.66,99.0425,-0.3825000000000074,99.38,0.39,98.55,26.83,37.585,28.61513901822536,11.39,54.1,-91.5,-13.0,14.5,62.37,47,5,0,2,0.32,0,0,0,0,0,normal,,0.0,normal
2026-09-14 15:45:00,Telkom,Gauteng,Johannesburg,JHB-CBD-003,JHB-CBD-003-B,RAN,98.84,99.03625000000001,-0.19625000000000625,98.94,0.37,98.49,33.67,37.07125,9.174899686414669,10.32,51.2,-84.7,-9.7,16.7,62.75,52,8,2,3,0.1,100,0,0,0,0,normal,,0.0,normal
2026-09-14 16:00:00,Telkom,Gauteng,Johannesburg,JHB-CBD-003,JHB-CBD-003-B,RAN,98.91,99.0125,-0.10250000000000625,98.98,0.77,98.94,39.12,37.21125,-5.129497127884706,14.82,55.7,-81.0,-11.9,22.4,57.91,50,8,6,3,0.71,52,0,0,0,0,normal,,0.0,normal
2026-09-14 16:15:00,Telkom,Gauteng,Johannesburg,JHB-CBD-003,JHB-CBD-003-B,RAN,97.97,99.014375,-1.0443750000000023,99.1,0.52,98.2,38.31,37.274375,-2.7783832726906974,11.85,53.6,-86.6,-9.2,16.3,55.12,47,4,0,1,0.83,0,0,0,0,0,normal,,0.0,normal
2026-09-14 16:30:00,Telkom,Gauteng,Johannesburg,JHB-CBD-003,JHB-CBD-003-B,RAN,99.48,98.955,0.5250000000000057,98.64,0.44,98.33,47.04,37.541875000000005,-25.300081575573923,14.45,50.6,-88.1,-9.6,19.5,60.79,43,6,8,2,0.38,64,0,0,0,0,normal,,0.0,normal
2026-09-14 16:45:00,Telkom,Gauteng,Johannesburg,JHB-CBD-003,JHB-CBD-003-B,RAN,99.16,98.95937500000001,0.20062499999998806,99.34,0.37,99.26,46.57,38.181875,-21.968866117758758,11.19,57.9,-85.1,-11.4,14.7,54.93,50,5,4,2,0.63,0,0,0,0,0,normal,,0.0,normal
2026-09-14 17:00:00,Telkom,Gauteng,Johannesburg,JHB-CBD-003,JHB-CBD-003-B,RAN,99.5,98.9725,0.5275000000000034,98.18,0.76,98.87,41.21,38.478125000000006,-7.09981320555509,11.33,48.8,-88.7,-11.3,18.5,51.91,40,0,1,2,1.01,114,0,0,0,0,normal,,0.0,normal
2026-09-14 17:15:00,Telkom,Gauteng,Johannesburg,JHB-CBD-003,JHB-CBD-003-B,RAN,99.8,98.9725,0.8275000000000006,98.99,0.38,98.67,45.41,38.72875,-17.251395926798562,10.64,50.0,-82.4,-9.9,19.1,56.12,57,3,3,0,1.41,50,0,0,0,0,normal,,0.0,normal
2026-09-14 17:30:00,Telkom,Gauteng,Johannesburg,JHB-CBD-003,JHB-CBD-003-B,RAN,99.39,99.05499999999999,0.33500000000000796,98.73,0.4,98.52,26.74,39.040000000000006,31.50614754098362,12.32,53.9,-88.1,-10.4,17.4,58.33,53,2,4,1,0.27,140,0,0,0,0,normal,,0.5,normal
2026-09-14 17:45:00,Telkom,Gauteng,Johannesburg,JHB-CBD-003,JHB-CBD-003-B,RAN,98.91,99.080625,-0.17062500000000114,99.19,0.67,98.06,38.31,38.64812499999999,0.8748807348351076,12.61,63.2,-89.8,-10.1,15.2,52.34,48,7,2,3,0.25,48,0,0,0,0,normal,,0.0,normal
2026-09-14 18:00:00,Telkom,Gauteng,Johannesburg,JHB-CBD-003,JHB-CBD-003-B,RAN,99.37,99.10000000000001,0.269999999999996,98.87,0.08,98.72,33.3,38.309375,13.076107349702273,13.7,51.1,-87.5,-10.7,18.6,53.86,53,3,0,0,1.27,214,0,0,0,0,normal,,0.0,normal
2026-09-14 18:15:00,Telkom,Gauteng,Johannesburg,JHB-CBD-003,JHB-CBD-003-B,RAN,99.23,99.11375,0.11625000000000796,98.51,0.1,98.18,43.0,38.235625,-12.46056524510846,11.7,52.1,-85.3,-9.1,19.3,52.08,57,1,4,0,0.11,16,0,0,0,0,normal,,0.0,normal
2026-09-14 18:30:00,Telkom,Gauteng,Johannesburg,JHB-CBD-003,JHB-CBD-003-B,RAN,98.91,99.09,-0.18000000000000682,99.03,0.16,98.11,33.44,37.995,11.98841952888538,13.79,55.9,-81.4,-10.7,11.7,55.17,48,6,1,0,0.1,44,0,0,0,0,normal,,0.0,normal
2026-09-14 18:45:00,Telkom,Gauteng,Johannesburg,JHB-CBD-003,JHB-CBD-003-B,RAN,99.25,99.07125,0.17874999999999375,98.09,0.4,97.69,35.86,37.7825,5.0883345464169905,9.38,57.4,-88.4,-10.7,13.5,69.82,55,2,10,2,1.11,0,0,0,0,0,normal,,0.0,normal
2026-09-14 19:00:00,Telkom,Gauteng,Johannesburg,JHB-CBD-003,JHB-CBD-003-B,RAN,99.15,99.13000000000001,0.01999999999999602,99.13,0.15,98.72,32.09,37.74,14.97085320614732,14.89,59.8,-82.6,-10.5,21.3,61.77,53,2,3,0,0.93,153,0,0,0,0,normal,,0.0,normal
2026-09-14 19:15:00,Telkom,Gauteng,Johannesburg,JHB-CBD-003,JHB-CBD-003-B,RAN,99.19,99.116875,0.07312500000000455,98.42,0.05,98.74,37.54,37.595625,0.1479560454175164,12.48,59.9,-82.9,-11.7,16.1,53.65,50,1,7,1,0.66,0,0,0,0,0,normal,,0.0,normal
2026-09-14 19:30:00,Telkom,Gauteng,Johannesburg,JHB-CBD-003,JHB-CBD-003-B,RAN,99.82,99.1075,0.7124999999999915,97.9,0.36,98.78,32.13,37.4025,14.096651293362743,10.91,71.5,-89.0,-11.1,12.4,55.11,45,0,5,0,0.1,0,0,0,0,0,normal,,0.0,normal
2026-09-14 19:45:00,Telkom,Gauteng,Johannesburg,JHB-CBD-003,JHB-CBD-003-B,RAN,99.61,99.17999999999999,0.4300000000000068,98.36,0.68,98.6,42.55,37.73375,-12.76377248484446,15.18,48.8,-85.9,-8.4,15.7,49.07,49,3,7,2,0.85,26,0,0,0,0,normal,,0.0,normal
2026-09-14 20:00:00,Telkom,Gauteng,Johannesburg,JHB-CBD-003,JHB-CBD-003-B,RAN,99.64,99.228125,0.4118749999999949,98.43,0.45,97.78,37.17,38.28875,2.921876530312425,10.88,58.3,-89.5,-10.7,16.1,57.29,41,0,1,0,0.37,33,0,0,0,0,normal,,0.0,normal
2026-09-14 20:15:00,Telkom,Gauteng,Johannesburg,JHB-CBD-003,JHB-CBD-003-B,RAN,98.72,99.27374999999999,-0.5537499999999937,99.02,0.05,99.05,40.05,38.166875000000005,-4.933925033160279,12.36,57.3,-86.0,-8.6,17.5,55.37,55,5,5,1,0.38,246,0,0,0,0,normal,,0.0,normal
2026-09-14 20:30:00,Telkom,Gauteng,Johannesburg,JHB-CBD-003,JHB-CBD-003-B,RAN,98.92,99.32062499999999,-0.4006249999999909,98.6,0.2,98.81,45.32,38.275625,-18.40433696379877,13.59,50.0,-87.6,-10.0,15.0,51.83,49,6,5,0,0.43,71,0,0,0,0,normal,,0.0,normal
2026-09-14 20:45:00,Telkom,Gauteng,Johannesburg,JHB-CBD-003,JHB-CBD-003-B,RAN,98.55,99.285625,-0.7356249999999989,98.75,0.23,98.43,44.99,38.168125,-17.873225368026326,13.82,46.3,-88.6,-8.7,16.2,46.93,46,5,2,1,0.54,0,0,0,0,0,normal,,0.0,normal
2026-09-14 21:00:00,Telkom,Gauteng,Johannesburg,JHB-CBD-003,JHB-CBD-003-B,RAN,99.33,99.2475,0.08249999999999602,98.45,0.39,98.17,45.65,38.069374999999994,-19.912659453957428,11.42,43.8,-89.7,-10.5,16.0,43.41,41,2,0,1,0.1,165,0,0,0,0,normal,,0.0,normal
2026-09-14 21:15:00,Telkom,Gauteng,Johannesburg,JHB-CBD-003,JHB-CBD-003-B,RAN,99.53,99.236875,0.2931250000000034,99.03,0.12,99.51,31.53,38.346875000000004,17.77687230054601,11.98,67.8,-87.0,-9.1,17.1,49.44,48,2,2,1,0.25,64,0,0,0,0,normal,,0.0,normal
2026-09-14 21:30:00,Telkom,Gauteng,Johannesburg,JHB-CBD-003,JHB-CBD-003-B,RAN,99.13,99.22,-0.09000000000000341,98.57,0.41,99.69,42.0,37.479375,-12.061633898644262,15.59,47.4,-82.4,-10.9,10.6,49.68,45,4,3,1,1.37,8,0,0,0,0,normal,,0.0,normal
2026-09-14 21:45:00,Telkom,Gauteng,Johannesburg,JHB-CBD-003,JHB-CBD-003-B,RAN,99.22,99.20375,0.01624999999999943,99.31,0.12,98.69,37.35,38.433125000000004,2.818206950384603,13.89,46.7,-85.3,-9.6,14.2,54.28,46,0,3,0,0.92,43,0,0,0,0,normal,,0.0,normal
2026-09-14 22:00:00,Telkom,Gauteng,Johannesburg,JHB-CBD-003,JHB-CBD-003-B,RAN,98.74,99.223125,-0.48312500000000114,98.61,0.44,98.57,46.64,38.373125,-21.543397885890187,12.21,46.3,-84.4,-11.7,19.3,47.25,33,5,2,1,0.69,0,0,0,0,0,normal,,0.0,normal
2026-09-14 22:15:00,Telkom,Gauteng,Johannesburg,JHB-CBD-003,JHB-CBD-003-B,RAN,99.08,99.18375,-0.10375000000000512,99.33,0.85,98.54,31.93,39.206875000000004,18.56020149527348,11.58,59.1,-84.4,-9.3,18.3,57.37,44,0,2,5,0.76,0,0,0,0,0,normal,,0.0,normal
2026-09-14 22:30:00,Telkom,Gauteng,Johannesburg,JHB-CBD-003,JHB-CBD-003-B,RAN,99.08,99.174375,-0.09437499999999943,99.0,0.31,98.94,30.13,38.515,21.770738673244196,12.7,44.9,-81.9,-11.1,19.0,55.34,38,5,2,0,0.91,32,1,0,0,0,normal,,0.0,normal
2026-09-14 22:45:00,Telkom,Gauteng,Johannesburg,JHB-CBD-003,JHB-CBD-003-B,RAN,99.12,99.18499999999999,-0.06499999999998352,98.71,0.85,99.18,44.96,38.308125,-17.364136198260823,11.82,41.6,-81.9,-10.2,15.7,46.25,43,4,7,2,0.48,35,1,0,0,0,normal,,0.0,normal
2026-09-14 23:00:00,Telkom,Gauteng,Johannesburg,JHB-CBD-003,JHB-CBD-003-B,RAN,99.23,99.176875,0.053125000000008527,98.59,0.15,98.08,38.69,38.876875,0.4806842113724433,9.8,55.1,-79.5,-10.1,15.3,53.87,37,3,3,0,0.1,0,1,0,0,0,normal,,0.0,normal
2026-09-14 23:15:00,Telkom,Gauteng,Johannesburg,JHB-CBD-003,JHB-CBD-003-B,RAN,98.6,99.181875,-0.5818750000000108,99.2,0.26,97.84,39.67,39.28937500000001,-0.9687733643001316,12.86,54.6,-91.1,-10.2,16.2,56.55,36,4,1,0,0.31,0,1,0,0,0,normal,,0.0,normal
2026-09-14 23:30:00,Telkom,Gauteng,Johannesburg,JHB-CBD-003,JHB-CBD-003-B,RAN,99.44,99.145,0.2950000000000017,98.04,0.52,98.28,39.59,39.4225,-0.4248842665990335,13.88,54.5,-85.3,-10.3,16.2,49.12,40,4,9,2,0.8,0,1,0,0,0,normal,,0.0,normal
2026-09-14 23:45:00,Telkom,Gauteng,Johannesburg,JHB-CBD-003,JHB-CBD-003-B,RAN,98.85,99.12125,-0.2712500000000091,98.91,0.79,98.48,44.88,39.88875,-12.512926577042402,14.61,51.9,-87.6,-11.1,21.1,49.47,38,3,3,1,1.16,11,1,0,0,0,normal,,0.0,normal
2026-09-15 00:00:00,Telkom,Gauteng,Johannesburg,JHB-CBD-003,JHB-CBD-003-B,RAN,99.0,99.07374999999999,-0.07374999999998977,98.37,0.64,98.16,31.95,40.034375000000004,20.193583639060193,12.05,52.0,-84.2,-9.3,17.4,50.04,32,0,4,1,1.09,75,0,0,0,0,normal,,0.0,normal
2026-09-15 00:15:00,Telkom,Gauteng,Johannesburg,JHB-CBD-003,JHB-CBD-003-B,RAN,99.33,99.03375,0.29625000000000057,98.93,0.27,98.99,36.19,39.708124999999995,8.859962539152876,14.37,57.9,-85.9,-9.9,16.5,48.08,28,5,6,0,0.87,0,0,0,0,0,normal,,0.0,normal
2026-09-15 00:30:00,Telkom,Gauteng,Johannesburg,JHB-CBD-003,JHB-CBD-003-B,RAN,99.05,99.071875,-0.021875000000008527,98.55,0.52,98.07,43.88,39.466875,-11.18184553502146,12.25,55.1,-84.7,-10.4,12.8,41.42,33,0,2,1,1.04,43,0,0,0,0,normal,,0.0,normal
2026-09-15 00:45:00,Telkom,Gauteng,Johannesburg,JHB-CBD-003,JHB-CBD-003-B,RAN,98.61,99.08,-0.46999999999999886,98.89,0.52,97.96,49.9,39.376875,-26.724124248051684,12.67,52.3,-87.2,-10.0,13.8,40.97,36,1,1,1,0.52,219,0,0,0,0,normal,,0.0,normal
2026-09-15 01:00:00,Telkom,Gauteng,Johannesburg,JHB-CBD-003,JHB-CBD-003-B,RAN,99.02,99.08375,-0.06374999999999886,99.27,0.91,97.85,44.98,39.683749999999996,-13.346142942640252,15.41,52.1,-84.8,-8.6,18.4,44.9,27,1,5,3,0.92,34,0,0,0,0,normal,,0.0,normal
2026-09-15 01:15:00,Telkom,Gauteng,Johannesburg,JHB-CBD-003,JHB-CBD-003-B,RAN,99.59,99.064375,0.5256250000000051,98.79,0.33,98.81,60.65,39.641875,-52.994781402241955,16.08,44.8,-88.5,-11.6,14.9,26.77,27,1,0,0,0.59,78,0,0,1,0,normal,,0.0,normal
2026-09-15 01:30:00,Telkom,Gauteng,Johannesburg,JHB-CBD-003,JHB-CBD-003-B,RAN,99.08,99.06812500000001,0.0118749999999892,98.84,0.47,98.87,37.34,41.461875,9.941361793213636,10.19,45.1,-86.3,-8.0,19.6,41.06,28,1,0,2,0.1,96,1,0,1,0,normal,,0.0,normal
2026-09-15 01:45:00,Telkom,Gauteng,Johannesburg,JHB-CBD-003,JHB-CBD-003-B,RAN,99.27,99.065,0.2049999999999983,98.58,0.34,98.28,41.93,41.170625,-1.844458275773075,15.11,47.7,-88.8,-11.0,17.2,38.84,29,0,2,1,0.64,93,1,0,1,0,normal,,0.0,normal
2026-09-15 02:00:00,Telkom,Gauteng,Johannesburg,JHB-CBD-003,JHB-CBD-003-B,RAN,98.89,99.068125,-0.17812499999999432,99.02,0.84,98.78,45.06,41.456875,-8.691260496600398,13.35,52.5,-88.8,-10.6,17.1,44.73,38,4,2,1,0.47,148,1,0,1,0,normal,,0.0,normal
2026-09-15 02:15:00,Telkom,Gauteng,Johannesburg,JHB-CBD-003,JHB-CBD-003-B,RAN,98.81,99.0775,-0.2674999999999983,98.78,0.43,97.97,52.45,41.358125,-26.819095401447722,13.93,43.7,-86.7,-11.7,19.6,35.45,33,7,4,1,1.07,90,1,0,1,0,normal,,0.0,normal
2026-09-15 02:30:00,Telkom,Gauteng,Johannesburg,JHB-CBD-003,JHB-CBD-003-B,RAN,99.05,99.060625,-0.010625000000004547,99.14,0.25,98.47,49.25,42.640625,-15.500183217295712,14.19,42.6,-87.2,-9.8,18.1,35.05,27,1,4,0,0.7,31,1,0,0,0,normal,,0.0,normal
2026-09-15 02:45:00,Telkom,Gauteng,Johannesburg,JHB-CBD-003,JHB-CBD-003-B,RAN,98.47,99.05875,-0.5887500000000045,98.44,0.4,98.38,44.02,43.835625,-0.4206053866005169,15.35,39.4,-81.3,-9.8,17.0,39.67,33,6,3,1,0.69,77,1,0,0,0,normal,,0.0,normal
2026-09-15 03:00:00,Telkom,Gauteng,Johannesburg,JHB-CBD-003,JHB-CBD-003-B,RAN,99.36,99.018125,0.3418750000000017,99.7,0.54,98.44,44.37,43.776875000000004,-1.3548820010564788,12.27,44.7,-88.2,-9.2,18.4,44.01,36,0,0,1,0.25,21,1,0,0,0,normal,,0.0,normal
2026-09-15 03:15:00,Telkom,Gauteng,Johannesburg,JHB-CBD-003,JHB-CBD-003-B,RAN,99.16,99.02624999999999,0.13375000000000625,99.4,0.51,98.23,35.63,44.131874999999994,19.264703799691247,13.59,53.0,-85.4,-11.7,18.7,43.91,31,3,3,1,0.32,0,1,0,0,0,normal,,0.0,normal
2026-09-15 03:30:00,Telkom,Gauteng,Johannesburg,JHB-CBD-003,JHB-CBD-003-B,RAN,99.26,99.06125,0.19875000000000398,98.96,0.16,98.47,47.82,43.879374999999996,-8.980585981454851,16.11,41.2,-86.6,-7.7,14.5,35.01,28,0,0,0,0.78,126,0,0,0,0,normal,,0.0,normal
2026-09-15 03:45:00,Telkom,Gauteng,Johannesburg,JHB-CBD-003,JHB-CBD-003-B,RAN,99.08,99.05,0.030000000000001137,98.57,0.56,98.12,43.5,44.39375,2.013233844854281,13.76,55.3,-84.5,-9.0,18.1,48.69,33,4,5,1,1.1,54,0,0,0,0,normal,,0.0,normal
2026-09-15 04:00:00,Telkom,Gauteng,Johannesburg,JHB-CBD-003,JHB-CBD-003-B,RAN,99.05,99.064375,-0.014375000000001137,98.96,0.4,98.4,45.58,44.3075,-2.871974270721663,11.48,40.1,-91.1,-10.1,16.2,55.61,35,3,0,1,0.49,29,0,0,0,0,normal,,0.0,normal
2026-09-15 04:15:00,Telkom,Gauteng,Johannesburg,JHB-CBD-003,JHB-CBD-003-B,RAN,99.3,99.06750000000001,0.2324999999999875,98.49,0.8,99.66,34.9,45.159375000000004,22.718150993010873,11.7,53.5,-83.9,-10.5,18.5,58.53,39,0,0,3,0.88,61,0,0,0,0,normal,,0.0,normal
2026-09-15 04:30:00,Telkom,Gauteng,Johannesburg,JHB-CBD-003,JHB-CBD-003-B,RAN,98.64,99.065625,-0.4256249999999966,98.95,0.71,99.41,41.89,45.07875,7.073732079971159,14.03,48.1,-85.5,-9.0,16.1,43.57,36,5,0,3,0.99,5,0,0,0,0,normal,,0.0,normal
2026-09-15 04:45:00,Telkom,Gauteng,Johannesburg,JHB-CBD-003,JHB-CBD-003-B,RAN,98.95,99.03999999999999,-0.0899999999999892,98.85,0.57,98.29,42.21,44.954375,6.104800700710438,12.07,47.2,-84.3,-9.6,17.0,45.89,39,4,1,1,0.41,48,0,0,0,0,normal,,0.0,normal
2026-09-15 05:00:00,Telkom,Gauteng,Johannesburg,JHB-CBD-003,JHB-CBD-003-B,RAN,99.35,99.06125,0.2887499999999932,98.49,0.45,98.65,40.94,44.47375,7.9456983051800325,11.18,56.7,-81.9,-9.9,14.6,56.88,40,4,5,0,0.83,0,0,0,0,0,normal,,0.0,normal
2026-09-15 05:15:00,Telkom,Gauteng,Johannesburg,JHB-CBD-003,JHB-CBD-003-B,RAN,99.22,99.081875,0.13812500000000227,98.37,0.55,98.39,42.07,44.22125,4.864742629391972,16.31,49.6,-85.9,-10.0,15.5,50.74,39,4,7,1,0.84,43,0,0,0,0,normal,,0.0,normal
2026-09-15 05:30:00,Telkom,Gauteng,Johannesburg,JHB-CBD-003,JHB-CBD-003-B,RAN,98.99,99.05874999999999,-0.06874999999999432,98.95,0.17,98.36,40.31,43.06,6.386437529029261,15.19,38.7,-85.3,-8.6,11.5,51.59,40,4,4,1,1.37,212,0,0,0,0,normal,,0.0,normal
2026-09-15 05:45:00,Telkom,Gauteng,Johannesburg,JHB-CBD-003,JHB-CBD-003-B,RAN,98.62,99.053125,-0.43312499999998977,98.75,0.45,99.12,37.52,43.245625,13.239778590319817,10.64,51.2,-85.3,-10.1,16.9,51.73,39,6,2,3,0.1,9,0,0,0,0,normal,,0.0,normal
2026-09-15 06:00:00,Telkom,Gauteng,Johannesburg,JHB-CBD-003,JHB-CBD-003-B,RAN,98.55,99.0125,-0.4625000000000057,98.5,0.43,98.9,50.33,42.97,-17.12822899697463,12.62,44.3,-90.5,-10.8,16.3,32.56,25,5,4,0,0.66,15,0,0,0,0,normal,,0.0,normal
2026-09-15 06:15:00,Telkom,Gauteng,Johannesburg,JHB-CBD-003,JHB-CBD-003-B,RAN,98.95,98.99125,-0.041249999999990905,98.72,0.36,98.79,37.87,43.299375,12.539153278771344,13.5,63.2,-91.1,-10.0,18.0,49.28,43,3,5,1,0.35,0,0,0,0,0,normal,,0.0,normal
2026-09-15 06:30:00,Telkom,Gauteng,Johannesburg,JHB-CBD-003,JHB-CBD-003-B,RAN,99.77,99.0,0.769999999999996,98.79,0.39,98.65,40.38,42.388125,4.737470694917502,10.07,49.7,-84.6,-8.8,18.2,56.61,50,0,4,1,0.73,32,0,0,0,0,normal,,0.0,normal
2026-09-15 06:45:00,Telkom,Gauteng,Johannesburg,JHB-CBD-003,JHB-CBD-003-B,RAN,98.76,99.045,-0.2849999999999966,99.64,0.14,97.78,49.91,41.83375,-19.305584605731006,13.16,47.2,-89.0,-10.3,22.6,47.74,39,3,0,0,1.13,0,0,0,0,0,normal,,0.0,normal
2026-09-15 07:00:00,Telkom,Gauteng,Johannesburg,JHB-CBD-003,JHB-CBD-003-B,RAN,98.62,99.063125,-0.4431249999999949,99.21,0.29,98.28,43.14,42.201874999999994,-2.2229462553500445,13.51,49.5,-84.2,-9.6,20.3,49.44,37,7,1,1,0.65,103,0,0,0,0,normal,,0.0,normal
2026-09-15 07:15:00,Telkom,Gauteng,Johannesburg,JHB-CBD-003,JHB-CBD-003-B,RAN,99.23,99.016875,0.21312500000000512,99.06,1.13,99.16,36.05,42.125,14.421364985163212,12.62,50.5,-90.1,-11.9,13.2,55.25,50,5,1,5,0.33,7,0,0,0,0,normal,,0.0,normal
2026-09-15 07:30:00,Telkom,Gauteng,Johannesburg,JHB-CBD-003,JHB-CBD-003-B,RAN,98.62,99.02125,-0.40124999999999034,98.95,0.35,98.1,36.53,42.15125,13.335903442958386,13.89,53.2,-83.1,-8.4,19.3,49.64,45,9,6,2,0.1,143,0,0,0,0,normal,,0.0,normal
2026-09-15 07:45:00,Telkom,Gauteng,Johannesburg,JHB-CBD-003,JHB-CBD-003-B,RAN,99.21,98.98125,0.2287499999999909,98.75,0.36,98.48,40.58,41.445625,2.0885799164568066,13.98,44.7,-88.0,-10.4,16.6,64.35,56,4,5,1,1.11,60,0,0,0,0,normal,,0.0,normal
2026-09-15 08:00:00,Telkom,Gauteng,Johannesburg,JHB-CBD-003,JHB-CBD-003-B,RAN,99.61,98.98937500000001,0.6206249999999898,98.23,1.17,98.99,38.91,41.263125,5.702730949243437,9.05,48.5,-87.6,-9.8,17.9,62.8,49,4,6,8,0.51,63,0,0,0,0,normal,,0.0,normal
2026-09-15 08:15:00,Telkom,Gauteng,Johannesburg,JHB-CBD-003,JHB-CBD-003-B,RAN,98.8,99.02437499999999,-0.22437499999999488,98.85,0.11,98.24,32.36,40.84625,20.776081035590778,15.29,57.2,-87.8,-6.7,15.8,62.86,57,7,3,1,0.6,0,0,0,0,1,normal,,8.0,normal
2026-09-15 08:30:00,Telkom,Gauteng,Johannesburg,JHB-CBD-003,JHB-CBD-003-B,RAN,99.58,98.99312499999999,0.5868750000000063,98.88,0.77,97.86,41.64,40.6875,-2.341013824884794,11.46,54.0,-85.6,-11.1,15.1,53.04,57,2,5,1,0.18,0,0,0,0,1,normal,,8.0,normal
2026-09-15 08:45:00,Telkom,Gauteng,Johannesburg,JHB-CBD-003,JHB-CBD-003-B,RAN,91.18,99.05187500000001,-7.871875000000003,93.96,3.77,95.45,18.15,40.671875,55.374567806377264,10.45,92.0,-85.0,-14.5,15.7,77.45,53,40,20,19,3.12,575,0,0,0,1,cell_degradation,INC-20260915-JHB-CBD-003-B,45.1,minor
2026-09-15 09:00:00,Telkom,Gauteng,Johannesburg,JHB-CBD-003,JHB-CBD-003-B,RAN,89.96,98.56625,-8.606250000000003,93.01,4.15,95.24,23.57,39.168124999999996,39.8235172094656,6.7,102.5,-91.7,-11.6,11.4,84.17,58,49,27,18,3.6,671,1,1,0,1,cell_degradation,INC-20260915-JHB-CBD-003-B,52.61,major
2026-09-15 09:15:00,Telkom,Gauteng,Johannesburg,JHB-CBD-003,JHB-CBD-003-B,RAN,87.27,97.979375,-10.709375000000009,92.28,4.51,94.0,10.61,38.0825,72.13943412328497,6.44,118.6,-85.4,-14.0,12.3,91.67,55,64,33,21,2.96,872,3,3,1,1,cell_degradation,INC-20260915-JHB-CBD-003-B,81.66,critical
2026-09-15 09:30:00,Telkom,Gauteng,Johannesburg,JHB-CBD-003,JHB-CBD-003-B,RAN,85.57,97.2325,-11.662500000000009,90.8,4.86,93.52,16.28,36.11625,54.92333783269304,8.53,131.5,-87.7,-12.2,12.0,93.43,56,64,29,22,3.42,922,5,5,5,1,cell_degradation,INC-20260915-JHB-CBD-003-B,91.22,critical
2026-09-15 09:45:00,Telkom,Gauteng,Johannesburg,JHB-CBD-003,JHB-CBD-003-B,RAN,83.29,96.39375000000001,-13.103750000000005,90.22,5.23,93.25,4.22,34.614375,87.8085333044436,2.07,135.9,-89.8,-14.1,7.4,99.5,67,92,40,27,4.08,1055,6,5,6,0,cell_degradation,INC-20260915-JHB-CBD-003-B,100.0,critical
2026-09-15 10:00:00,Telkom,Gauteng,Johannesburg,JHB-CBD-003,JHB-CBD-003-B,RAN,84.24,95.435625,-11.195625000000007,89.61,6.08,92.51,17.32,32.533125000000005,46.76195416210402,6.39,128.9,-87.4,-15.6,6.4,85.6,49,71,34,26,5.05,1014,6,5,9,0,cell_degradation,INC-20260915-JHB-CBD-003-B,96.12,critical
2026-09-15 10:15:00,Telkom,Gauteng,Johannesburg,JHB-CBD-003,JHB-CBD-003-B,RAN,83.38,94.54125,-11.16125000000001,88.89,6.16,91.79,20.13,30.47,33.935018050541515,5.89,133.3,-89.4,-15.6,9.5,89.44,55,99,49,37,4.89,1022,6,5,12,0,cell_degradation,INC-20260915-JHB-CBD-003-B,94.99,critical
2026-09-15 10:30:00,Telkom,Gauteng,Johannesburg,JHB-CBD-003,JHB-CBD-003-B,RAN,80.75,93.568125,-12.818124999999995,88.34,6.29,90.95,4.97,29.36125,83.0729277534165,2.28,147.4,-89.9,-16.4,9.0,97.54,59,135,63,44,5.51,1197,6,5,8,0,cell_degradation,INC-20260915-JHB-CBD-003-B,100.0,critical
2026-09-15 10:45:00,Telkom,Gauteng,Johannesburg,JHB-CBD-003,JHB-CBD-003-B,RAN,80.59,92.379375,-11.789374999999993,87.98,6.67,92.58,4.88,27.148125,82.02454128968391,1.84,140.1,-86.7,-13.9,5.4,91.0,55,103,52,38,5.53,1168,6,5,11,0,cell_degradation,INC-20260915-JHB-CBD-003-B,100.0,critical
2026-09-15 11:00:00,Telkom,Gauteng,Johannesburg,JHB-CBD-003,JHB-CBD-003-B,RAN,79.7,91.24375,-11.543750000000003,87.99,6.81,91.84,4.78,24.33375,80.35650074485025,4.99,144.9,-91.3,-15.4,8.1,99.5,60,120,52,39,5.49,1326,6,5,9,0,cell_degradation,INC-20260915-JHB-CBD-003-B,100.0,critical
2026-09-15 11:15:00,Telkom,Gauteng,Johannesburg,JHB-CBD-003,JHB-CBD-003-B,RAN,80.41,90.06125,-9.651250000000005,88.05,6.76,91.54,1.2,21.936249999999998,94.52960282637187,3.16,144.5,-88.9,-16.0,7.6,99.5,51,100,46,32,5.21,1073,6,5,6,0,cell_degradation,INC-20260915-JHB-CBD-003-B,100.0,critical
2026-09-15 11:30:00,Telkom,Gauteng,Johannesburg,JHB-CBD-003,JHB-CBD-003-B,RAN,79.51,88.885,-9.375,88.58,7.15,91.82,3.46,19.758125,82.48821687280548,3.72,140.5,-90.1,-15.2,7.0,99.5,63,155,67,54,5.13,1239,6,5,5,0,cell_degradation,INC-20260915-JHB-CBD-003-B,100.0,critical
2026-09-15 11:45:00,Telkom,Gauteng,Johannesburg,JHB-CBD-003,JHB-CBD-003-B,RAN,80.67,87.690625,-7.0206249999999955,88.31,6.89,91.8,4.62,17.69125,73.88539532254646,3.25,139.2,-93.6,-14.9,8.8,94.87,49,108,52,37,4.93,1172,6,5,3,0,cell_degradation,INC-20260915-JHB-CBD-003-B,100.0,critical
2026-09-15 12:00:00,Telkom,Gauteng,Johannesburg,JHB-CBD-003,JHB-CBD-003-B,RAN,80.09,86.531875,-6.441874999999996,88.27,6.91,90.87,11.51,15.44375,25.47146904087414,4.35,142.1,-91.7,-14.6,8.4,97.82,50,78,37,27,4.75,1160,6,5,4,0,cell_degradation,INC-20260915-JHB-CBD-003-B,90.63,critical
2026-09-15 12:15:00,Telkom,Gauteng,Johannesburg,JHB-CBD-003,JHB-CBD-003-B,RAN,82.94,85.311875,-2.371875000000003,89.47,6.63,92.39,13.79,13.73125,-0.4278561675011369,5.17,129.8,-92.2,-14.4,8.8,82.81,55,90,44,36,4.85,1200,6,5,7,0,cell_degradation,INC-20260915-JHB-CBD-003-B,75.37,critical
2026-09-15 12:30:00,Telkom,Gauteng,Johannesburg,JHB-CBD-003,JHB-CBD-003-B,RAN,83.68,84.320625,-0.640625,89.6,5.96,92.43,16.27,12.570625,-29.428727688559636,4.86,115.5,-89.3,-14.1,8.9,91.14,49,63,31,23,4.3,1026,6,5,7,0,cell_degradation,INC-20260915-JHB-CBD-003-B,66.82,major
2026-09-15 12:45:00,Telkom,Gauteng,Johannesburg,JHB-CBD-003,JHB-CBD-003-B,RAN,85.38,83.326875,2.0531249999999943,90.55,5.25,93.06,13.14,10.985,-19.617660446062825,4.53,127.8,-87.9,-12.9,12.0,87.14,42,60,35,20,4.57,896,6,5,7,0,cell_degradation,INC-20260915-JHB-CBD-003-B,64.83,major
2026-09-15 13:00:00,Telkom,Gauteng,Johannesburg,JHB-CBD-003,JHB-CBD-003-B,RAN,85.85,82.964375,2.8856249999999903,91.34,5.21,93.58,12.21,10.671875,-14.412884333821385,4.0,127.4,-92.3,-14.1,7.4,90.22,47,68,33,25,4.2,826,6,5,6,0,cell_degradation,INC-20260915-JHB-CBD-003-B,61.21,major
2026-09-15 13:15:00,Telkom,Gauteng,Johannesburg,JHB-CBD-003,JHB-CBD-003-B,RAN,88.2,82.7075,5.492500000000007,92.14,4.57,94.44,15.41,9.961875,-54.6897546897547,5.89,103.0,-84.2,-11.8,9.6,86.17,58,64,36,26,3.89,844,7,5,9,0,cell_degradation,INC-20260915-JHB-CBD-003-B,51.47,major
2026-09-15 13:30:00,Telkom,Gauteng,Johannesburg,JHB-CBD-003,JHB-CBD-003-B,RAN,89.23,82.765625,6.464375000000004,93.21,3.42,95.41,22.94,10.261875,-123.54589195444304,6.83,102.4,-89.6,-13.3,8.9,73.76,54,59,30,17,3.68,609,7,5,11,0,cell_degradation,INC-20260915-JHB-CBD-003-B,46.0,minor
2026-09-15 13:45:00,Telkom,Gauteng,Johannesburg,JHB-CBD-003,JHB-CBD-003-B,RAN,90.93,82.99437499999999,7.935625000000016,93.85,3.52,95.01,29.57,10.678125000000001,-176.92127597307575,7.46,101.0,-88.9,-12.9,14.1,69.6,47,44,25,15,2.66,528,7,5,13,0,cell_degradation,INC-20260915-JHB-CBD-003-B,38.54,minor
2026-09-15 14:00:00,Telkom,Gauteng,Johannesburg,JHB-CBD-003,JHB-CBD-003-B,RAN,99.18,83.471875,15.70812500000001,98.75,0.41,99.03,37.46,12.262500000000001,-205.48419979612635,11.41,56.8,-84.4,-7.8,17.7,61.08,48,4,3,3,0.82,57,5,5,11,0,normal,,22.0,normal
2026-09-15 14:15:00,Telkom,Gauteng,Johannesburg,JHB-CBD-003,JHB-CBD-003-B,RAN,98.64,84.405625,14.234375,98.4,0.85,98.45,35.41,13.521249999999998,-161.88407136914117,14.22,52.9,-82.5,-9.0,18.7,47.76,41,3,4,2,0.96,44,2,2,6,0,normal,,14.0,normal
2026-09-15 14:30:00,Telkom,Gauteng,Johannesburg,JHB-CBD-003,JHB-CBD-003-B,RAN,98.88,85.359375,13.520624999999995,98.86,0.28,98.65,38.05,14.47625,-162.84431396252478,13.36,54.2,-86.8,-8.7,16.4,56.35,57,6,1,3,1.43,0,0,0,4,0,normal,,4.0,normal
2026-09-15 14:45:00,Telkom,Gauteng,Johannesburg,JHB-CBD-003,JHB-CBD-003-B,RAN,99.41,86.4925,12.91749999999999,98.48,0.35,98.58,40.05,16.54375,-142.0853796751039,11.45,48.8,-89.1,-13.0,18.7,52.1,49,4,3,3,0.31,58,0,0,0,0,normal,,0.0,normal
2026-09-15 15:00:00,Telkom,Gauteng,Johannesburg,JHB-CBD-003,JHB-CBD-003-B,RAN,98.93,87.66874999999999,11.261250000000018,98.46,0.75,99.11,38.01,18.741875,-102.80788341614698,12.64,60.4,-90.1,-9.8,18.0,57.23,49,6,3,4,0.66,55,0,0,0,0,normal,,0.0,normal
2026-09-15 15:15:00,Telkom,Gauteng,Johannesburg,JHB-CBD-003,JHB-CBD-003-B,RAN,99.39,88.870625,10.519374999999997,98.34,0.5,98.4,34.85,20.81875,-67.39717802461723,10.48,53.9,-88.6,-10.0,17.2,60.47,52,3,6,2,1.26,5,0,0,0,0,normal,,0.0,normal
2026-09-15 15:30:00,Telkom,Gauteng,Johannesburg,JHB-CBD-003,JHB-CBD-003-B,RAN,99.25,90.056875,9.193124999999995,98.93,0.6,98.11,33.71,22.921875,-47.06475800954329,10.14,51.3,-84.7,-8.1,16.1,55.44,47,3,3,3,0.66,135,0,0,0,0,normal,,0.0,normal
2026-09-15 15:45:00,Telkom,Gauteng,Johannesburg,JHB-CBD-003,JHB-CBD-003-B,RAN,99.31,91.290625,8.019374999999997,98.42,0.64,98.47,31.93,24.8125,-28.68513853904282,13.37,48.5,-84.8,-10.9,20.5,54.02,52,4,6,3,0.44,0,0,0,0,0,normal,,0.0,normal
2026-09-15 16:00:00,Telkom,Gauteng,Johannesburg,JHB-CBD-003,JHB-CBD-003-B,RAN,99.63,92.455625,7.174374999999998,98.45,0.34,98.92,33.23,26.519375,-25.304612193914817,14.52,56.8,-84.7,-7.6,15.4,54.33,44,0,5,2,0.86,0,0,0,0,0,normal,,0.0,normal
2026-09-15 16:15:00,Telkom,Gauteng,Johannesburg,JHB-CBD-003,JHB-CBD-003-B,RAN,99.19,93.676875,5.513125000000002,98.69,0.39,99.28,45.45,27.876875,-63.038360648386906,13.16,40.8,-84.8,-8.5,22.6,47.73,46,4,3,1,0.92,80,0,0,0,0,normal,,0.0,normal
2026-09-15 16:30:00,Telkom,Gauteng,Johannesburg,JHB-CBD-003,JHB-CBD-003-B,RAN,98.7,94.6925,4.007500000000007,98.73,0.93,98.12,32.97,29.855625,-10.4314513596684,11.85,54.3,-83.7,-10.2,17.8,56.63,47,6,7,3,0.26,0,0,0,0,0,normal,,0.0,normal
2026-09-15 16:45:00,Telkom,Gauteng,Johannesburg,JHB-CBD-003,JHB-CBD-003-B,RAN,98.42,95.63125,2.7887500000000074,99.23,0.05,98.45,34.49,30.899375,-11.62038067113009,12.25,46.2,-87.4,-9.8,17.0,53.59,50,6,2,0,0.34,207,0,0,0,0,normal,,0.0,normal
2026-09-15 17:00:00,Telkom,Gauteng,Johannesburg,JHB-CBD-003,JHB-CBD-003-B,RAN,98.83,96.44625,2.383749999999992,98.54,0.8,98.62,40.72,32.23375,-26.327219141427843,10.65,50.1,-89.1,-8.2,14.4,59.53,45,9,7,4,1.33,44,0,0,0,0,normal,,0.0,normal
2026-09-15 17:15:00,Telkom,Gauteng,Johannesburg,JHB-CBD-003,JHB-CBD-003-B,RAN,98.91,97.25750000000001,1.6524999999999892,99.34,0.51,98.54,44.5,34.015625,-30.82223242994947,10.54,49.8,-86.5,-10.1,16.8,52.31,46,2,7,2,0.1,0,0,0,0,0,normal,,0.0,normal
2026-09-15 17:30:00,Telkom,Gauteng,Johannesburg,JHB-CBD-003,JHB-CBD-003-B,RAN,99.0,97.92687500000001,1.0731249999999903,99.39,0.05,98.57,30.97,35.83375,13.573097987232716,12.6,51.9,-84.9,-8.9,17.1,62.94,53,4,5,0,0.69,145,0,0,0,0,normal,,0.0,normal
2026-09-15 17:45:00,Telkom,Gauteng,Johannesburg,JHB-CBD-003,JHB-CBD-003-B,RAN,98.73,98.53750000000001,0.19249999999999545,98.63,0.84,97.94,42.25,36.33562499999999,-16.27706968023808,12.09,61.5,-84.4,-9.3,22.1,57.55,56,5,5,4,0.43,30,0,0,0,0,normal,,0.0,normal
2026-09-15 18:00:00,Telkom,Gauteng,Johannesburg,JHB-CBD-003,JHB-CBD-003-B,RAN,99.27,99.025,0.24499999999999034,98.5,1.06,98.87,38.25,37.128125,-3.0216311758269585,12.81,47.1,-80.6,-11.1,12.0,59.59,49,1,5,5,0.72,36,0,0,0,0,normal,,0.0,normal
2026-09-15 18:15:00,Telkom,Gauteng,Johannesburg,JHB-CBD-003,JHB-CBD-003-B,RAN,99.02,99.030625,-0.010625000000004547,98.59,0.91,99.42,36.23,37.177499999999995,2.54858449330912,11.51,53.8,-83.9,-8.7,15.3,54.71,51,5,1,3,1.07,201,0,0,0,0,normal,,0.0,normal
2026-09-15 18:30:00,Telkom,Gauteng,Johannesburg,JHB-CBD-003,JHB-CBD-003-B,RAN,99.25,99.05437500000001,0.1956249999999926,98.51,1.21,98.37,35.4,37.22875,4.912198233891816,10.18,65.7,-86.6,-10.5,21.9,60.67,59,1,6,7,0.86,155,0,0,0,0,normal,,0.0,normal
2026-09-15 18:45:00,Telkom,Gauteng,Johannesburg,JHB-CBD-003,JHB-CBD-003-B,RAN,98.92,99.0775,-0.15749999999999886,98.27,0.59,97.49,35.98,37.063125,2.9223790492571866,11.66,60.3,-87.9,-9.7,14.0,53.51,46,2,2,2,1.02,53,0,0,0,0,normal,,0.0,normal
2026-09-15 19:00:00,Telkom,Gauteng,Johannesburg,JHB-CBD-003,JHB-CBD-003-B,RAN,99.13,99.046875,0.08312499999999545,99.21,0.5,98.33,43.34,36.808749999999996,-17.743742995890944,13.05,42.4,-83.8,-11.8,14.4,48.62,57,7,4,2,0.65,0,0,0,0,0,normal,,0.0,normal
2026-09-15 19:15:00,Telkom,Gauteng,Johannesburg,JHB-CBD-003,JHB-CBD-003-B,RAN,99.03,99.059375,-0.029375000000001705,98.76,0.09,98.83,39.71,37.141875,-6.914365524088383,11.02,63.2,-86.8,-9.1,14.0,57.94,49,4,5,1,0.93,5,0,0,0,0,normal,,0.0,normal
2026-09-15 19:30:00,Telkom,Gauteng,Johannesburg,JHB-CBD-003,JHB-CBD-003-B,RAN,99.52,99.036875,0.48312500000000114,98.65,0.49,99.08,42.48,37.445625,-13.444494517049716,13.63,59.1,-81.4,-8.7,14.8,55.28,56,3,7,2,0.79,0,0,0,0,0,normal,,0.0,normal
2026-09-15 19:45:00,Telkom,Gauteng,Johannesburg,JHB-CBD-003,JHB-CBD-003-B,RAN,99.39,99.05375,0.3362500000000068,98.73,0.79,98.45,46.71,37.993750000000006,-22.941273235729547,10.53,52.9,-84.0,-9.8,18.2,47.33,43,0,1,2,0.8,61,0,0,0,0,normal,,0.0,normal
2026-09-15 20:00:00,Telkom,Gauteng,Johannesburg,JHB-CBD-003,JHB-CBD-003-B,RAN,98.99,99.05875,-0.06875000000000853,99.24,0.32,98.81,34.35,38.9175,11.736365388321438,11.45,59.4,-83.1,-10.3,15.5,58.34,51,8,8,2,1.03,110,0,0,0,0,normal,,0.0,normal
2026-09-15 20:15:00,Telkom,Gauteng,Johannesburg,JHB-CBD-003,JHB-CBD-003-B,RAN,98.91,99.01875000000001,-0.10875000000001478,98.94,0.46,98.1,43.13,38.9875,-10.625200384738713,13.88,45.8,-85.4,-9.0,18.0,50.29,42,2,5,4,0.62,75,0,0,1,0,normal,,0.0,normal
2026-09-15 20:30:00,Telkom,Gauteng,Johannesburg,JHB-CBD-003,JHB-CBD-003-B,RAN,99.06,99.00125,0.05875000000000341,98.66,0.63,98.02,34.17,38.8425,12.029349295230737,9.42,59.6,-87.9,-10.5,17.4,54.06,48,4,1,1,0.42,224,0,0,1,0,normal,,0.0,normal
2026-09-15 20:45:00,Telkom,Gauteng,Johannesburg,JHB-CBD-003,JHB-CBD-003-B,RAN,99.05,99.02374999999999,0.026250000000004547,98.66,0.6,97.75,35.75,38.917500000000004,8.139012012590745,11.89,49.5,-83.3,-10.3,16.5,52.57,38,0,1,2,0.89,272,0,0,1,0,normal,,0.0,normal
2026-09-15 21:00:00,Telkom,Gauteng,Johannesburg,JHB-CBD-003,JHB-CBD-003-B,RAN,99.15,99.063125,0.08687500000000625,98.99,0.56,98.35,33.68,38.99625,13.632721094977091,11.66,59.9,-85.5,-9.8,17.1,52.11,36,4,0,1,0.68,91,0,0,1,0,normal,,0.0,normal
2026-09-15 21:15:00,Telkom,Gauteng,Johannesburg,JHB-CBD-003,JHB-CBD-003-B,RAN,98.53,99.083125,-0.5531249999999943,99.03,0.69,98.24,41.73,38.55625,-8.231479980547897,12.9,50.6,-86.0,-10.0,14.3,36.72,34,6,3,3,1.02,12,0,0,0,0,normal,,0.0,normal
2026-09-15 21:30:00,Telkom,Gauteng,Johannesburg,JHB-CBD-003,JHB-CBD-003-B,RAN,99.18,99.05937499999999,0.12062500000001819,98.72,0.4,98.07,46.98,38.383125,-22.397537980557853,11.18,38.5,-84.1,-6.5,17.9,43.84,35,4,5,2,0.64,61,1,0,0,0,normal,,0.0,normal
2026-09-15 21:45:00,Telkom,Gauteng,Johannesburg,JHB-CBD-003,JHB-CBD-003-B,RAN,99.1,99.07062499999999,0.029375000000001705,98.49,0.57,98.54,38.29,39.383750000000006,2.777160630970913,13.44,57.4,-85.1,-11.3,18.6,42.6,40,0,0,1,0.86,79,0,0,0,0,normal,,0.0,normal
2026-09-15 22:00:00,Telkom,Gauteng,Johannesburg,JHB-CBD-003,JHB-CBD-003-B,RAN,98.88,99.09375,-0.21375000000000455,98.88,0.48,98.06,41.3,39.136250000000004,-5.5287616979143195,15.69,53.1,-85.5,-9.8,19.4,48.49,37,3,3,0,0.27,48,0,0,0,0,normal,,0.0,normal
2026-09-15 22:15:00,Telkom,Gauteng,Johannesburg,JHB-CBD-003,JHB-CBD-003-B,RAN,98.75,99.069375,-0.31937499999999375,98.09,0.39,98.64,39.5,39.326875,-0.44022058706672945,12.39,51.3,-86.2,-10.5,15.3,49.07,38,3,5,0,0.63,8,0,0,0,0,normal,,0.0,normal
2026-09-15 22:30:00,Telkom,Gauteng,Johannesburg,JHB-CBD-003,JHB-CBD-003-B,RAN,99.45,99.0525,0.39750000000000796,98.65,1.07,98.1,45.95,39.53125,-16.237154150197636,11.79,50.7,-83.7,-11.9,21.9,45.31,32,1,0,4,0.57,0,0,0,0,0,normal,,0.0,normal
2026-09-15 22:45:00,Telkom,Gauteng,Johannesburg,JHB-CBD-003,JHB-CBD-003-B,RAN,99.08,99.065,0.015000000000000568,98.61,0.69,98.21,40.63,40.190625,-1.0932275872793853,12.6,57.6,-85.0,-9.2,20.3,56.94,38,0,5,4,0.54,99,0,0,0,0,normal,,0.0,normal
2026-09-15 23:00:00,Telkom,Gauteng,Johannesburg,JHB-CBD-003,JHB-CBD-003-B,RAN,99.33,99.075,0.25499999999999545,99.07,0.75,98.54,43.22,40.48125,-6.76547784468117,13.74,46.6,-86.2,-10.3,17.2,34.3,35,1,5,1,0.69,26,1,0,0,0,normal,,0.0,normal
2026-09-15 23:15:00,Telkom,Gauteng,Johannesburg,JHB-CBD-003,JHB-CBD-003-B,RAN,98.91,99.08749999999999,-0.17749999999999488,98.72,0.33,98.78,46.28,40.47375,-14.345717903579477,12.78,41.4,-87.6,-9.5,18.9,43.39,24,1,5,0,0.33,175,1,0,0,0,normal,,0.0,normal
2026-09-15 23:30:00,Telkom,Gauteng,Johannesburg,JHB-CBD-003,JHB-CBD-003-B,RAN,99.32,99.08,0.23999999999999488,98.48,0.19,98.04,49.33,40.884375,-20.657341588320723,13.39,47.5,-87.7,-11.1,15.1,41.67,35,4,3,0,0.45,70,2,0,0,0,normal,,0.0,normal
2026-09-15 23:45:00,Telkom,Gauteng,Johannesburg,JHB-CBD-003,JHB-CBD-003-B,RAN,98.77,99.0675,-0.29749999999999943,98.62,0.15,97.97,34.71,41.3125,15.981845688350981,12.09,55.2,-87.1,-8.5,20.1,50.96,27,4,0,0,0.75,33,2,0,0,0,normal,,0.0,normal
2026-09-14 00:00:00,Telkom,Gauteng,Johannesburg,JHB-CBD-003,JHB-CBD-003-C,RAN,98.82,98.82,0.0,99.33,0.51,98.2,50.77,50.77,0.0,15.63,51.8,-86.5,-11.2,11.5,41.48,20,1,0,2,0.59,255,0,0,0,0,normal,,0.0,normal
2026-09-14 00:15:00,Telkom,Gauteng,Johannesburg,JHB-CBD-003,JHB-CBD-003-C,RAN,99.21,98.82,0.39000000000000057,99.02,0.57,98.38,44.89,50.77,11.581642702383302,13.04,42.6,-87.9,-11.2,18.1,40.1,29,0,0,0,0.67,0,0,0,0,0,normal,,0.0,normal
2026-09-14 00:30:00,Telkom,Gauteng,Johannesburg,JHB-CBD-003,JHB-CBD-003-C,RAN,99.01,99.01499999999999,-0.004999999999981242,98.25,0.81,99.31,46.14,47.83,3.5333472715868655,12.79,49.5,-85.9,-10.2,16.3,44.66,33,4,2,3,0.8,14,0,0,0,0,normal,,0.0,normal
2026-09-14 00:45:00,Telkom,Gauteng,Johannesburg,JHB-CBD-003,JHB-CBD-003-C,RAN,99.03,99.01333333333332,0.01666666666667993,98.58,0.48,98.31,36.97,47.26666666666667,21.78420310296193,14.4,51.0,-81.9,-11.8,17.6,50.4,33,3,3,3,0.29,0,0,0,0,0,normal,,0.0,normal
2026-09-14 01:00:00,Telkom,Gauteng,Johannesburg,JHB-CBD-003,JHB-CBD-003-C,RAN,98.8,99.0175,-0.21750000000000114,98.9,0.65,98.88,50.56,44.6925,-13.128600995692787,12.42,55.4,-83.8,-9.1,18.5,43.98,31,1,3,1,0.52,16,0,0,0,0,normal,,0.0,normal
2026-09-14 01:15:00,Telkom,Gauteng,Johannesburg,JHB-CBD-003,JHB-CBD-003-C,RAN,99.55,98.974,0.5759999999999934,98.86,0.19,98.59,37.97,45.866,17.215366502420096,14.84,38.9,-85.8,-11.2,18.9,41.61,38,3,2,0,0.57,92,0,0,0,0,normal,,0.0,normal
2026-09-14 01:30:00,Telkom,Gauteng,Johannesburg,JHB-CBD-003,JHB-CBD-003-C,RAN,98.59,99.07,-0.47999999999998977,98.45,0.7,98.62,48.76,44.550000000000004,-9.450056116722768,12.11,53.2,-86.8,-8.4,15.0,45.61,33,8,5,2,0.34,0,0,0,0,0,normal,,0.0,normal
2026-09-14 01:45:00,Telkom,Gauteng,Johannesburg,JHB-CBD-003,JHB-CBD-003-C,RAN,99.04,99.00142857142858,0.03857142857143003,98.82,0.52,97.78,44.1,45.151428571428575,2.328671771182691,14.48,57.7,-88.0,-11.7,17.6,54.53,38,3,4,2,1.08,19,0,0,0,0,normal,,0.0,normal
2026-09-14 02:00:00,Telkom,Gauteng,Johannesburg,JHB-CBD-003,JHB-CBD-003-C,RAN,98.52,99.00625,-0.4862499999999983,98.53,0.36,99.64,38.64,45.02,14.171479342514443,15.13,48.4,-86.9,-12.1,13.6,48.38,44,9,4,2,0.4,123,0,0,0,0,normal,,0.0,normal
2026-09-14 02:15:00,Telkom,Gauteng,Johannesburg,JHB-CBD-003,JHB-CBD-003-C,RAN,98.85,98.95222222222222,-0.10222222222222399,98.73,0.77,98.76,43.25,44.31111111111111,2.394684052156467,12.71,66.9,-90.5,-11.1,17.7,52.24,37,1,7,2,1.06,0,0,0,0,0,normal,,0.0,normal
2026-09-14 02:30:00,Telkom,Gauteng,Johannesburg,JHB-CBD-003,JHB-CBD-003-C,RAN,99.8,98.942,0.8580000000000041,98.91,0.12,98.28,36.36,44.205,17.746861214794706,12.95,40.5,-88.8,-9.0,17.3,51.31,44,0,5,0,0.72,107,0,0,0,0,normal,,0.0,normal
2026-09-14 02:45:00,Telkom,Gauteng,Johannesburg,JHB-CBD-003,JHB-CBD-003-C,RAN,99.41,99.02,0.39000000000000057,98.43,0.31,99.32,38.28,43.49181818181818,11.983445162099454,12.54,51.0,-85.5,-9.7,14.5,46.76,35,0,5,1,0.39,0,0,0,0,0,normal,,0.0,normal
2026-09-14 03:00:00,Telkom,Gauteng,Johannesburg,JHB-CBD-003,JHB-CBD-003-C,RAN,98.97,99.0525,-0.08249999999999602,99.09,0.53,99.09,36.09,43.057500000000005,16.18184985194217,10.58,59.6,-88.8,-8.7,17.0,53.59,37,3,0,1,0.47,47,0,0,0,0,normal,,0.0,normal
2026-09-14 03:15:00,Telkom,Gauteng,Johannesburg,JHB-CBD-003,JHB-CBD-003-C,RAN,98.12,99.04615384615384,-0.9261538461538379,99.05,0.71,98.58,39.69,42.52153846153846,6.659068707261485,15.58,53.4,-86.2,-8.6,16.4,43.2,38,4,3,1,0.76,65,0,0,0,0,normal,,0.0,normal
2026-09-14 03:30:00,Telkom,Gauteng,Johannesburg,JHB-CBD-003,JHB-CBD-003-C,RAN,99.47,98.98,0.4899999999999949,98.52,0.32,98.87,37.96,42.31928571428572,10.300943507688162,11.38,54.6,-83.6,-7.6,17.1,48.24,36,1,1,1,0.84,22,0,0,0,0,normal,,0.0,normal
2026-09-14 03:45:00,Telkom,Gauteng,Johannesburg,JHB-CBD-003,JHB-CBD-003-C,RAN,99.36,99.01266666666668,0.3473333333333244,98.6,0.21,97.64,46.22,42.02866666666667,-9.972558412512075,13.83,44.5,-81.2,-9.1,17.2,46.36,34,1,0,1,0.1,22,0,0,0,0,normal,,0.0,normal
2026-09-14 04:00:00,Telkom,Gauteng,Johannesburg,JHB-CBD-003,JHB-CBD-003-C,RAN,99.35,99.034375,0.31562499999999716,98.82,0.72,98.65,35.92,42.290625,15.06391783048843,11.18,64.6,-87.2,-10.5,20.4,57.29,38,1,0,1,0.87,6,0,0,0,0,normal,,0.0,normal
2026-09-14 04:15:00,Telkom,Gauteng,Johannesburg,JHB-CBD-003,JHB-CBD-003-C,RAN,99.06,99.0675,-0.007499999999993179,98.44,0.46,99.2,31.26,41.362500000000004,24.424297370806894,11.91,52.3,-89.8,-10.9,17.6,54.86,43,4,4,1,1.23,0,0,0,0,0,normal,,0.0,normal
2026-09-14 04:30:00,Telkom,Gauteng,Johannesburg,JHB-CBD-003,JHB-CBD-003-C,RAN,99.9,99.058125,0.8418750000000017,99.07,0.37,98.63,44.31,40.510625000000005,-9.378712374839928,13.42,47.3,-86.4,-10.1,15.1,41.89,28,0,5,1,0.62,52,0,0,0,0,normal,,0.0,normal
2026-09-14 04:45:00,Telkom,Gauteng,Johannesburg,JHB-CBD-003,JHB-CBD-003-C,RAN,98.5,99.11375,-0.613749999999996,98.98,0.74,97.14,42.45,40.39625,-5.084011510969461,15.82,57.0,-83.9,-11.4,20.5,44.96,37,4,1,2,0.78,0,0,0,0,0,normal,,0.0,normal
2026-09-14 05:00:00,Telkom,Gauteng,Johannesburg,JHB-CBD-003,JHB-CBD-003-C,RAN,99.17,99.080625,0.08937500000000398,98.23,0.49,97.87,42.2,40.73875,-3.586879813445429,10.34,59.5,-85.7,-11.3,13.3,59.98,41,1,3,3,0.54,52,0,0,0,0,normal,,0.0,normal
2026-09-14 05:15:00,Telkom,Gauteng,Johannesburg,JHB-CBD-003,JHB-CBD-003-C,RAN,98.9,99.10375,-0.20374999999999943,98.88,0.73,98.05,46.72,40.21625,-16.171945420072724,11.06,54.6,-87.3,-10.3,19.3,52.7,41,4,0,3,0.88,0,0,0,0,0,normal,,0.0,normal
2026-09-14 05:30:00,Telkom,Gauteng,Johannesburg,JHB-CBD-003,JHB-CBD-003-C,RAN,99.0,99.063125,-0.06312499999999943,98.66,0.39,97.58,44.55,40.763125,-9.289952622621534,15.53,45.5,-87.4,-9.9,20.0,38.63,29,0,1,0,0.72,0,0,0,0,0,normal,,0.0,normal
2026-09-14 05:45:00,Telkom,Gauteng,Johannesburg,JHB-CBD-003,JHB-CBD-003-C,RAN,99.37,99.08875,0.28125,98.58,0.61,98.29,38.32,40.50000000000001,5.382716049382732,10.57,51.5,-84.9,-8.2,18.5,50.78,39,6,4,2,0.57,0,0,0,0,0,normal,,0.0,normal
2026-09-14 06:00:00,Telkom,Gauteng,Johannesburg,JHB-CBD-003,JHB-CBD-003-C,RAN,99.89,99.109375,0.7806250000000006,98.15,0.3,98.37,49.8,40.13875,-24.06963345893929,14.84,54.3,-85.9,-10.8,14.5,50.3,46,0,9,1,0.69,94,0,0,0,0,normal,,0.0,normal
2026-09-14 06:15:00,Telkom,Gauteng,Johannesburg,JHB-CBD-003,JHB-CBD-003-C,RAN,99.28,99.19500000000001,0.08499999999999375,99.1,0.46,98.3,36.05,40.83625000000001,11.72059138632957,11.52,50.8,-84.8,-10.3,15.0,51.54,49,6,3,1,0.16,11,0,0,0,0,normal,,0.0,normal
2026-09-14 06:30:00,Telkom,Gauteng,Johannesburg,JHB-CBD-003,JHB-CBD-003-C,RAN,98.56,99.221875,-0.6618749999999949,98.87,0.84,98.48,45.17,40.386250000000004,-11.844996750131536,10.67,54.5,-84.7,-11.6,15.7,51.89,46,11,4,3,0.93,45,0,0,0,0,normal,,0.0,normal
2026-09-14 06:45:00,Telkom,Gauteng,Johannesburg,JHB-CBD-003,JHB-CBD-003-C,RAN,98.79,99.144375,-0.35437499999999034,98.96,0.63,98.35,38.25,40.936875,6.56345898410663,12.78,60.1,-84.8,-9.1,18.1,50.67,44,5,6,3,0.83,0,0,0,0,0,normal,,0.0,normal
2026-09-14 07:00:00,Telkom,Gauteng,Johannesburg,JHB-CBD-003,JHB-CBD-003-C,RAN,98.71,99.105625,-0.39562500000000966,98.72,0.77,99.35,37.23,40.934999999999995,9.050934408208132,13.47,54.1,-91.0,-11.7,19.5,57.79,43,7,6,3,0.76,147,0,0,0,0,normal,,0.0,normal
2026-09-14 07:15:00,Telkom,Gauteng,Johannesburg,JHB-CBD-003,JHB-CBD-003-C,RAN,99.2,99.089375,0.11062499999999886,98.24,0.76,98.27,34.64,41.00625,15.525072397500384,11.78,55.8,-80.2,-10.6,14.8,50.94,38,1,4,4,0.75,49,0,0,0,0,normal,,0.0,normal
2026-09-14 07:30:00,Telkom,Gauteng,Johannesburg,JHB-CBD-003,JHB-CBD-003-C,RAN,98.8,99.156875,-0.3568750000000023,99.07,0.9,98.72,40.42,40.690625,0.6650794869825555,15.94,53.4,-87.7,-10.0,14.2,50.84,46,6,2,5,0.39,124,0,0,0,0,normal,,0.0,normal
2026-09-14 07:45:00,Telkom,Gauteng,Johannesburg,JHB-CBD-003,JHB-CBD-003-C,RAN,98.56,99.115,-0.5549999999999926,98.5,0.13,98.97,43.28,40.844375,-5.963183424890213,10.88,60.8,-88.2,-9.1,19.8,55.22,55,4,4,0,1.1,0,0,0,0,0,normal,,0.0,normal
2026-09-14 08:00:00,Telkom,Gauteng,Johannesburg,JHB-CBD-003,JHB-CBD-003-C,RAN,99.18,99.065,0.1150000000000091,98.64,0.73,99.2,45.62,40.660625,-12.196996480009823,12.8,59.0,-81.7,-11.4,16.4,52.76,46,3,2,3,0.46,86,0,0,0,0,normal,,0.0,normal
2026-09-14 08:15:00,Telkom,Gauteng,Johannesburg,JHB-CBD-003,JHB-CBD-003-C,RAN,99.47,99.05437500000001,0.4156249999999915,98.95,0.28,98.19,41.16,41.266875,0.25898496069790183,13.49,61.5,-89.4,-7.5,19.6,55.82,49,2,1,1,0.71,72,0,0,0,0,normal,,0.0,normal
2026-09-14 08:30:00,Telkom,Gauteng,Johannesburg,JHB-CBD-003,JHB-CBD-003-C,RAN,99.39,99.08,0.3100000000000023,99.31,0.24,98.53,40.08,41.885625,4.310846501633912,10.59,56.1,-86.2,-10.1,19.2,57.55,47,0,2,0,0.75,123,0,0,0,0,normal,,0.0,normal
2026-09-14 08:45:00,Telkom,Gauteng,Johannesburg,JHB-CBD-003,JHB-CBD-003-C,RAN,99.07,99.04812500000001,0.021874999999980105,99.06,0.72,98.54,39.86,41.62125,4.23161245757877,8.65,53.5,-87.5,-9.5,16.3,60.57,52,3,4,4,0.78,0,0,0,0,0,normal,,0.0,normal
2026-09-14 09:00:00,Telkom,Gauteng,Johannesburg,JHB-CBD-003,JHB-CBD-003-C,RAN,99.02,99.08375000000001,-0.06375000000001307,99.06,0.4,98.68,42.89,41.459375,-3.4506670686666143,10.49,51.0,-81.3,-11.7,19.3,44.8,50,2,3,1,0.65,29,0,0,0,0,normal,,0.0,normal
2026-09-14 09:15:00,Telkom,Gauteng,Johannesburg,JHB-CBD-003,JHB-CBD-003-C,RAN,98.78,99.074375,-0.2943750000000023,99.25,0.18,99.11,42.09,41.502500000000005,-1.415577374856933,15.02,57.3,-89.0,-7.3,22.9,56.92,59,3,4,0,0.86,57,0,0,0,0,normal,,0.0,normal
2026-09-14 09:30:00,Telkom,Gauteng,Johannesburg,JHB-CBD-003,JHB-CBD-003-C,RAN,98.6,99.066875,-0.4668750000000017,98.59,0.51,98.44,35.64,41.213125,13.522694529958592,13.44,51.8,-81.5,-10.0,19.3,59.14,54,8,4,3,0.22,0,0,0,0,0,normal,,0.0,normal
2026-09-14 09:45:00,Telkom,Gauteng,Johannesburg,JHB-CBD-003,JHB-CBD-003-C,RAN,98.7,99.04187499999999,-0.3418749999999875,98.67,0.58,97.51,40.11,40.65625,1.343581860107611,11.59,55.5,-87.8,-10.7,20.6,54.57,56,7,4,2,0.17,164,0,0,0,0,normal,,0.0,normal
2026-09-14 10:00:00,Telkom,Gauteng,Johannesburg,JHB-CBD-003,JHB-CBD-003-C,RAN,98.92,99.0,-0.0799999999999983,98.89,0.43,97.96,37.74,40.768125,7.427677873338536,11.1,52.3,-86.9,-10.7,15.4,56.49,54,4,0,3,1.05,16,1,0,0,0,normal,,0.0,normal
2026-09-14 10:15:00,Telkom,Gauteng,Johannesburg,JHB-CBD-003,JHB-CBD-003-C,RAN,98.97,98.939375,0.03062500000000057,98.84,0.21,98.47,36.88,40.014374999999994,7.833122471611745,8.22,55.6,-79.9,-11.3,19.7,59.13,63,10,10,0,0.7,64,1,0,0,0,normal,,0.0,normal
2026-09-14 10:30:00,Telkom,Gauteng,Johannesburg,JHB-CBD-003,JHB-CBD-003-C,RAN,99.6,98.92,0.6799999999999926,98.72,0.36,98.17,39.69,40.06625,0.9390696658659069,11.15,55.4,-90.5,-9.8,18.7,63.73,61,0,1,1,0.58,0,0,0,0,0,normal,,0.0,normal
2026-09-14 10:45:00,Telkom,Gauteng,Johannesburg,JHB-CBD-003,JHB-CBD-003-C,RAN,98.37,98.985,-0.6149999999999949,98.77,0.51,98.48,31.12,39.72375,21.658957172975867,8.84,60.3,-86.6,-9.3,17.6,71.03,65,10,4,2,0.27,113,0,0,0,0,normal,,0.0,normal
2026-09-14 11:00:00,Telkom,Gauteng,Johannesburg,JHB-CBD-003,JHB-CBD-003-C,RAN,98.37,98.95875000000001,-0.5887500000000045,99.0,0.58,98.67,37.08,39.278125,5.596308377754805,12.37,55.0,-89.9,-9.3,20.7,57.13,63,13,5,5,0.49,44,0,0,0,0,normal,,0.0,normal
2026-09-14 11:15:00,Telkom,Gauteng,Johannesburg,JHB-CBD-003,JHB-CBD-003-C,RAN,99.18,98.9375,0.24250000000000682,98.23,0.31,98.05,30.37,39.26875,22.66114913257997,10.13,59.3,-85.7,-10.2,18.1,69.74,56,5,8,0,0.19,0,0,0,0,0,normal,,0.0,normal
2026-09-14 11:30:00,Telkom,Gauteng,Johannesburg,JHB-CBD-003,JHB-CBD-003-C,RAN,99.39,98.93625,0.45374999999999943,98.6,0.05,98.5,32.59,39.001875,16.439914747688398,10.56,55.2,-87.6,-9.8,14.0,62.28,63,5,6,1,0.84,16,0,0,0,0,normal,,0.0,normal
2026-09-14 11:45:00,Telkom,Gauteng,Johannesburg,JHB-CBD-003,JHB-CBD-003-C,RAN,99.5,98.973125,0.526875000000004,98.93,0.05,98.53,36.57,38.512499999999996,5.043816942551108,10.82,49.8,-87.4,-10.0,19.4,61.22,63,2,9,0,0.47,0,0,0,0,0,normal,,0.0,normal
2026-09-14 12:00:00,Telkom,Gauteng,Johannesburg,JHB-CBD-003,JHB-CBD-003-C,RAN,98.98,99.031875,-0.05187499999999545,98.7,0.47,98.29,37.49,38.093125,1.5832909481697774,10.56,61.9,-84.0,-8.2,17.4,53.97,60,6,5,1,1.01,24,0,0,0,0,normal,,0.0,normal
2026-09-14 12:15:00,Telkom,Gauteng,Johannesburg,JHB-CBD-003,JHB-CBD-003-C,RAN,99.39,99.019375,0.370625000000004,99.03,0.58,98.89,32.25,37.585,14.194492483703607,11.75,49.3,-87.5,-9.6,17.5,58.76,61,4,4,2,1.1,0,0,0,0,0,normal,,0.0,normal
2026-09-14 12:30:00,Telkom,Gauteng,Johannesburg,JHB-CBD-003,JHB-CBD-003-C,RAN,99.18,99.014375,0.16562500000000568,98.02,0.57,98.84,37.96,37.028125,-2.5166680732551217,9.66,46.9,-86.1,-10.8,19.0,56.42,53,0,9,2,0.52,173,0,0,0,0,normal,,0.0,normal
2026-09-14 12:45:00,Telkom,Gauteng,Johannesburg,JHB-CBD-003,JHB-CBD-003-C,RAN,98.78,99.00125,-0.22124999999999773,98.58,0.66,97.87,39.55,36.895624999999995,-7.194281164772251,11.03,53.6,-86.8,-10.3,15.5,67.5,57,2,6,4,0.82,0,0,0,0,0,normal,,0.0,normal
2026-09-14 13:00:00,Telkom,Gauteng,Johannesburg,JHB-CBD-003,JHB-CBD-003-C,RAN,98.81,98.983125,-0.17312499999999886,99.02,0.64,98.83,32.87,36.87625,10.864038507169253,10.88,51.6,-88.3,-11.7,13.7,58.69,47,2,5,3,0.95,63,0,0,0,0,normal,,0.0,normal
2026-09-14 13:15:00,Telkom,Gauteng,Johannesburg,JHB-CBD-003,JHB-CBD-003-C,RAN,99.23,98.97,0.2600000000000051,98.82,0.47,99.41,46.61,36.25,-28.579310344827586,10.76,60.9,-86.5,-9.6,15.5,48.2,49,5,1,2,0.93,200,0,0,0,0,normal,,0.0,normal
2026-09-14 13:30:00,Telkom,Gauteng,Johannesburg,JHB-CBD-003,JHB-CBD-003-C,RAN,99.32,98.998125,0.3218749999999915,99.84,0.62,98.92,39.33,36.532500000000006,-7.657565181687516,10.0,61.2,-80.1,-11.0,15.1,66.33,52,0,0,2,0.84,36,0,0,0,0,normal,,0.0,normal
2026-09-14 13:45:00,Telkom,Gauteng,Johannesburg,JHB-CBD-003,JHB-CBD-003-C,RAN,98.83,99.043125,-0.21312500000000512,99.0,0.54,99.11,37.56,36.763124999999995,-2.1675932065078998,10.57,57.9,-85.3,-9.1,14.0,57.53,47,2,6,2,0.86,84,0,0,0,0,normal,,0.0,normal
2026-09-14 14:00:00,Telkom,Gauteng,Johannesburg,JHB-CBD-003,JHB-CBD-003-C,RAN,98.27,99.05125000000001,-0.7812500000000142,98.69,0.14,98.89,34.18,36.603750000000005,6.621589318034368,11.71,44.3,-81.8,-10.0,16.0,56.69,47,7,5,0,0.11,94,1,0,0,0,normal,,0.0,normal
2026-09-14 14:15:00,Telkom,Gauteng,Johannesburg,JHB-CBD-003,JHB-CBD-003-C,RAN,99.22,99.010625,0.20937499999999432,98.54,0.32,99.53,42.41,36.38125,-16.571035904483754,15.18,49.9,-88.6,-10.6,18.9,56.41,47,1,4,1,1.09,0,0,0,0,0,normal,,0.0,normal
2026-09-14 14:30:00,Telkom,Gauteng,Johannesburg,JHB-CBD-003,JHB-CBD-003-C,RAN,98.84,99.02625,-0.18625000000000114,99.22,0.61,99.16,40.89,36.726875,-11.33536408964825,12.75,51.3,-87.1,-10.7,12.0,46.02,48,6,2,3,0.23,255,0,0,0,0,normal,,0.0,normal
2026-09-14 14:45:00,Telkom,Gauteng,Johannesburg,JHB-CBD-003,JHB-CBD-003-C,RAN,99.23,98.97875,0.25124999999999886,99.12,0.31,98.22,39.93,36.801875,-8.49990659443302,14.9,65.1,-86.2,-10.7,15.2,53.7,40,5,1,0,0.77,2,0,0,0,0,normal,,0.0,normal
2026-09-14 15:00:00,Telkom,Gauteng,Johannesburg,JHB-CBD-003,JHB-CBD-003-C,RAN,99.24,99.0325,0.20749999999999602,98.95,0.53,98.86,42.11,37.3525,-12.736764607455994,11.91,55.1,-87.4,-8.6,16.5,55.42,47,0,0,2,0.47,24,0,0,0,0,normal,,0.0,normal
2026-09-14 15:15:00,Telkom,Gauteng,Johannesburg,JHB-CBD-003,JHB-CBD-003-C,RAN,99.31,99.086875,0.22312499999999602,98.88,0.51,98.06,36.19,37.666875,3.920885393333001,9.27,51.2,-83.0,-10.4,18.4,53.35,48,4,5,1,0.74,98,0,0,0,0,normal,,0.0,normal
2026-09-14 15:30:00,Telkom,Gauteng,Johannesburg,JHB-CBD-003,JHB-CBD-003-C,RAN,98.75,99.095,-0.34499999999999886,99.24,0.41,98.57,37.54,38.030625,1.290078719453076,11.92,51.5,-90.8,-10.0,15.4,56.99,49,6,1,2,0.58,65,0,0,0,0,normal,,0.0,normal
2026-09-14 15:45:00,Telkom,Gauteng,Johannesburg,JHB-CBD-003,JHB-CBD-003-C,RAN,99.44,99.055,0.3849999999999909,99.11,0.69,98.28,38.58,38.34,-0.6259780907668098,12.79,50.3,-82.4,-8.9,19.3,50.39,47,2,9,3,0.38,77,0,0,0,0,normal,,0.0,normal
2026-09-14 16:00:00,Telkom,Gauteng,Johannesburg,JHB-CBD-003,JHB-CBD-003-C,RAN,99.4,99.05125000000001,0.34874999999999545,99.21,0.49,97.73,36.01,38.465624999999996,6.3839467056625185,10.01,53.7,-84.1,-9.6,17.7,64.23,50,2,5,3,1.22,0,0,0,0,0,normal,,0.0,normal
2026-09-14 16:15:00,Telkom,Gauteng,Johannesburg,JHB-CBD-003,JHB-CBD-003-C,RAN,99.06,99.0775,-0.017499999999998295,98.52,0.67,97.79,42.68,38.373124999999995,-11.22367542388066,13.87,44.4,-87.5,-9.2,17.7,40.44,49,6,5,2,0.77,37,0,0,0,0,normal,,0.0,normal
2026-09-14 16:30:00,Telkom,Gauteng,Johannesburg,JHB-CBD-003,JHB-CBD-003-C,RAN,99.16,99.056875,0.10312499999999147,98.87,0.54,98.02,37.77,39.025,3.2158872517616794,13.02,49.3,-87.8,-9.5,17.1,49.15,49,0,1,0,1.05,52,0,0,0,0,normal,,0.0,normal
2026-09-14 16:45:00,Telkom,Gauteng,Johannesburg,JHB-CBD-003,JHB-CBD-003-C,RAN,98.56,99.05562499999999,-0.49562499999998977,99.2,0.77,98.73,37.15,39.013125,4.77563640441519,12.39,56.3,-85.9,-10.7,14.8,54.83,50,5,1,2,0.1,69,0,0,0,0,normal,,0.0,normal
2026-09-14 17:00:00,Telkom,Gauteng,Johannesburg,JHB-CBD-003,JHB-CBD-003-C,RAN,99.36,99.041875,0.3181249999999949,98.35,0.66,98.73,37.65,38.863125,3.121532300863603,8.79,63.4,-81.7,-10.4,18.5,55.86,47,2,8,1,0.71,103,0,0,0,0,normal,,0.0,normal
2026-09-14 17:15:00,Telkom,Gauteng,Johannesburg,JHB-CBD-003,JHB-CBD-003-C,RAN,99.11,99.07625,0.033749999999997726,98.34,0.4,98.53,33.86,39.161874999999995,13.538358416189206,12.95,65.2,-87.9,-10.6,19.2,64.09,47,1,3,2,1.0,0,0,0,0,0,normal,,0.0,normal
2026-09-14 17:30:00,Telkom,Gauteng,Johannesburg,JHB-CBD-003,JHB-CBD-003-C,RAN,98.98,99.06875,-0.08874999999999034,98.5,0.43,99.2,35.9,38.364999999999995,6.425127068943039,12.69,62.2,-90.5,-8.6,18.6,53.75,43,2,5,1,0.87,16,0,0,0,0,normal,,0.0,normal
2026-09-14 17:45:00,Telkom,Gauteng,Johannesburg,JHB-CBD-003,JHB-CBD-003-C,RAN,99.21,99.0475,0.16249999999999432,98.44,0.05,97.77,41.81,38.150625,-9.591913631821248,11.21,49.1,-86.2,-11.2,21.2,56.51,46,3,4,0,0.59,78,0,0,0,0,normal,,0.0,normal
2026-09-14 18:00:00,Telkom,Gauteng,Johannesburg,JHB-CBD-003,JHB-CBD-003-C,RAN,99.18,99.07124999999999,0.10875000000001478,99.09,0.69,98.95,33.27,38.41625,13.396023818045736,11.32,62.3,-86.3,-9.0,18.0,53.68,50,3,6,4,0.54,139,0,0,0,0,normal,,0.0,normal
2026-09-14 18:15:00,Telkom,Gauteng,Johannesburg,JHB-CBD-003,JHB-CBD-003-C,RAN,99.22,99.128125,0.0918750000000017,98.65,0.22,98.48,39.91,38.359375,-4.042362525458239,10.08,59.2,-84.2,-10.2,15.0,56.41,55,5,7,1,0.71,115,0,0,1,0,normal,,0.0,normal
2026-09-14 18:30:00,Telkom,Gauteng,Johannesburg,JHB-CBD-003,JHB-CBD-003-C,RAN,98.8,99.128125,-0.328125,98.27,0.63,98.52,33.91,38.203125,11.23762781186095,13.9,48.3,-81.2,-10.8,12.2,44.38,49,2,4,3,0.76,0,0,0,1,0,normal,,0.0,normal
2026-09-14 18:45:00,Telkom,Gauteng,Johannesburg,JHB-CBD-003,JHB-CBD-003-C,RAN,99.23,99.125625,0.10437500000000455,98.91,0.66,98.68,38.54,37.766875,-2.0470981514885738,13.5,41.3,-89.5,-8.0,22.5,51.97,55,3,5,5,0.36,38,0,0,1,0,normal,,0.0,normal
2026-09-14 19:00:00,Telkom,Gauteng,Johannesburg,JHB-CBD-003,JHB-CBD-003-C,RAN,98.87,99.125625,-0.2556249999999949,98.64,0.27,98.17,36.99,37.68,1.8312101910827967,12.32,51.9,-85.7,-11.6,13.9,59.8,61,8,8,3,0.64,0,0,0,1,0,normal,,0.0,normal
2026-09-14 19:15:00,Telkom,Gauteng,Johannesburg,JHB-CBD-003,JHB-CBD-003-C,RAN,99.02,99.10249999999999,-0.08249999999999602,98.11,0.88,98.56,36.38,37.36,2.6231263383297563,12.27,56.2,-84.8,-10.4,14.9,47.62,48,6,7,4,0.61,35,0,0,0,0,normal,,0.0,normal
2026-09-14 19:30:00,Telkom,Gauteng,Johannesburg,JHB-CBD-003,JHB-CBD-003-C,RAN,98.68,99.084375,-0.4043749999999875,98.1,0.41,98.59,35.82,37.371875,4.152521113805509,10.66,60.9,-89.2,-9.8,17.7,57.58,52,5,6,3,0.57,11,0,0,0,0,normal,,0.0,normal
2026-09-14 19:45:00,Telkom,Gauteng,Johannesburg,JHB-CBD-003,JHB-CBD-003-C,RAN,99.49,99.08,0.4099999999999966,99.21,0.43,98.47,39.37,37.264375,-5.650504000134166,12.78,49.8,-88.5,-11.1,17.0,57.02,57,3,5,2,0.6,104,0,0,0,0,normal,,0.0,normal
2026-09-14 20:00:00,Telkom,Gauteng,Johannesburg,JHB-CBD-003,JHB-CBD-003-C,RAN,99.69,99.083125,0.6068750000000023,98.99,0.54,98.56,43.83,37.31375,-17.46340156108673,12.19,51.2,-84.2,-9.3,16.4,55.35,53,2,1,1,0.53,86,0,0,0,0,normal,,0.0,normal
2026-09-14 20:15:00,Telkom,Gauteng,Johannesburg,JHB-CBD-003,JHB-CBD-003-C,RAN,99.63,99.10125000000001,0.5287499999999881,99.05,0.38,97.63,40.14,37.8025,-6.183453475299248,10.46,53.1,-87.8,-10.0,14.7,57.86,49,0,0,3,0.97,65,0,0,0,0,normal,,0.0,normal
2026-09-14 20:30:00,Telkom,Gauteng,Johannesburg,JHB-CBD-003,JHB-CBD-003-C,RAN,98.82,99.13687499999999,-0.316874999999996,98.39,0.57,97.96,29.4,37.64375,21.89938568819525,10.48,61.1,-89.7,-8.1,21.0,68.83,52,8,6,2,0.8,68,0,0,0,0,normal,,0.0,normal
2026-09-14 20:45:00,Telkom,Gauteng,Johannesburg,JHB-CBD-003,JHB-CBD-003-C,RAN,99.1,99.11562500000001,-0.01562500000001421,98.26,0.2,98.53,37.54,37.120625,-1.1297627666560095,11.32,50.4,-86.0,-9.6,15.1,57.18,48,2,6,0,0.1,62,0,0,0,0,normal,,0.0,normal
2026-09-14 21:00:00,Telkom,Gauteng,Johannesburg,JHB-CBD-003,JHB-CBD-003-C,RAN,99.44,99.14937499999999,0.2906250000000057,98.94,0.3,98.61,39.45,37.145,-6.205411226275405,14.48,46.7,-85.9,-11.0,18.6,47.96,39,4,3,1,0.58,127,0,0,0,0,normal,,0.0,normal
2026-09-14 21:15:00,Telkom,Gauteng,Johannesburg,JHB-CBD-003,JHB-CBD-003-C,RAN,98.86,99.154375,-0.2943750000000023,99.47,0.8,98.94,36.95,37.2575,0.8253371804334629,10.35,55.4,-88.9,-10.0,14.5,58.48,42,6,2,2,0.48,31,0,0,0,0,normal,,0.0,normal
2026-09-14 21:30:00,Telkom,Gauteng,Johannesburg,JHB-CBD-003,JHB-CBD-003-C,RAN,99.01,99.13875,-0.1287499999999966,99.09,0.05,99.16,40.25,37.450625,-7.474841875135589,17.06,57.5,-87.4,-9.0,16.6,49.39,41,2,2,0,0.81,160,0,0,0,0,normal,,0.0,normal
2026-09-14 21:45:00,Telkom,Gauteng,Johannesburg,JHB-CBD-003,JHB-CBD-003-C,RAN,99.11,99.140625,-0.03062500000000057,98.83,1.01,98.64,44.08,37.722500000000004,-16.853336867917008,13.89,59.5,-85.6,-11.5,15.6,49.83,35,0,0,3,1.22,68,0,0,0,0,normal,,0.0,normal
2026-09-14 22:00:00,Telkom,Gauteng,Johannesburg,JHB-CBD-003,JHB-CBD-003-C,RAN,98.83,99.134375,-0.3043750000000074,99.18,0.39,98.1,45.06,37.864375,-19.00368090058267,12.57,50.8,-86.9,-10.8,17.4,38.8,34,0,1,2,0.81,0,0,0,0,0,normal,,0.0,normal
2026-09-14 22:15:00,Telkom,Gauteng,Johannesburg,JHB-CBD-003,JHB-CBD-003-C,RAN,99.01,99.1125,-0.10249999999999204,98.53,0.34,98.4,48.75,38.60125,-26.29124704510864,13.61,54.3,-83.8,-10.7,20.0,52.08,44,4,6,2,0.16,19,0,0,0,0,normal,,0.0,normal
2026-09-14 22:30:00,Telkom,Gauteng,Johannesburg,JHB-CBD-003,JHB-CBD-003-C,RAN,99.33,99.099375,0.2306250000000034,99.14,0.93,99.54,35.39,39.15375,9.612744628547716,9.06,48.6,-89.9,-9.6,18.3,51.13,37,3,0,3,0.66,0,1,0,0,0,normal,,0.0,normal
2026-09-14 22:45:00,Telkom,Gauteng,Johannesburg,JHB-CBD-003,JHB-CBD-003-C,RAN,99.25,99.1325,0.11750000000000682,99.13,0.46,98.86,35.01,39.246249999999996,10.79402490683823,15.2,47.2,-78.4,-8.8,17.5,50.55,45,5,1,1,0.55,45,1,0,0,0,normal,,0.0,normal
2026-09-14 23:00:00,Telkom,Gauteng,Johannesburg,JHB-CBD-003,JHB-CBD-003-C,RAN,99.33,99.13374999999999,0.19625000000000625,98.27,0.75,98.18,41.76,39.025625,-7.006614243846192,15.75,45.2,-83.7,-11.1,18.7,43.33,34,6,5,3,0.46,0,1,0,0,0,normal,,0.0,normal
2026-09-14 23:15:00,Telkom,Gauteng,Johannesburg,JHB-CBD-003,JHB-CBD-003-C,RAN,98.87,99.16250000000001,-0.292500000000004,98.69,0.59,98.51,45.25,39.32375,-15.070409103913038,16.0,44.4,-82.0,-11.2,15.7,45.19,36,5,2,3,0.16,32,1,0,0,0,normal,,0.0,normal
2026-09-14 23:30:00,Telkom,Gauteng,Johannesburg,JHB-CBD-003,JHB-CBD-003-C,RAN,99.23,99.153125,0.07687500000000114,98.93,0.57,98.34,38.6,39.878125,3.205077971945762,14.54,61.5,-84.7,-8.7,18.8,45.77,29,0,1,0,1.2,144,1,0,0,0,normal,,0.0,normal
2026-09-14 23:45:00,Telkom,Gauteng,Johannesburg,JHB-CBD-003,JHB-CBD-003-C,RAN,99.08,99.1875,-0.1075000000000017,98.46,0.39,98.3,43.46,40.051875,-8.509277031349963,12.87,52.2,-83.6,-12.0,15.4,42.03,31,7,5,1,0.43,32,1,0,0,0,normal,,0.0,normal
2026-09-15 00:00:00,Telkom,Gauteng,Johannesburg,JHB-CBD-003,JHB-CBD-003-C,RAN,98.68,99.161875,-0.48187499999998806,98.71,0.48,99.2,35.13,40.307500000000005,12.845004031507786,13.36,50.7,-82.5,-9.9,15.4,52.24,27,5,1,1,1.25,37,0,0,0,0,normal,,0.0,normal
2026-09-15 00:15:00,Telkom,Gauteng,Johannesburg,JHB-CBD-003,JHB-CBD-003-C,RAN,98.98,99.09875,-0.11874999999999147,99.15,0.39,99.63,45.27,39.76375,-13.847411272830158,11.75,62.2,-88.2,-9.8,17.5,47.01,29,0,0,1,1.06,124,0,0,0,0,normal,,0.0,normal
2026-09-15 00:30:00,Telkom,Gauteng,Johannesburg,JHB-CBD-003,JHB-CBD-003-C,RAN,98.93,99.058125,-0.12812499999999716,99.05,0.21,98.81,41.35,40.084375,-3.1574023544086693,13.55,41.2,-82.4,-10.0,17.7,49.65,42,5,2,0,1.17,150,0,0,0,0,normal,,0.0,normal
2026-09-15 00:45:00,Telkom,Gauteng,Johannesburg,JHB-CBD-003,JHB-CBD-003-C,RAN,99.0,99.065,-0.06499999999999773,98.54,0.84,98.17,39.41,40.831250000000004,3.480789836216152,13.71,46.4,-81.9,-10.6,17.7,53.31,24,2,2,3,1.07,92,0,0,0,0,normal,,0.0,normal
2026-09-15 01:00:00,Telkom,Gauteng,Johannesburg,JHB-CBD-003,JHB-CBD-003-C,RAN,99.16,99.05875,0.10124999999999318,99.17,0.66,98.46,39.02,40.948125,4.708701558374149,14.05,59.9,-83.7,-11.6,18.2,43.63,30,0,0,0,0.16,124,0,0,0,0,normal,,0.0,normal
2026-09-15 01:15:00,Telkom,Gauteng,Johannesburg,JHB-CBD-003,JHB-CBD-003-C,RAN,99.18,99.04124999999999,0.13875000000001592,99.42,0.62,98.4,42.21,40.92125,-3.1493417234322028,12.34,45.3,-87.0,-10.5,19.7,52.08,31,2,1,1,0.15,0,0,0,0,0,normal,,0.0,normal
2026-09-15 01:30:00,Telkom,Gauteng,Johannesburg,JHB-CBD-003,JHB-CBD-003-C,RAN,98.48,99.06125,-0.5812499999999972,98.84,0.13,98.89,49.01,41.25,-18.81212121212121,14.31,62.7,-84.8,-10.3,15.4,42.2,25,1,2,0,1.04,108,0,0,0,0,normal,,0.0,normal
2026-09-15 01:45:00,Telkom,Gauteng,Johannesburg,JHB-CBD-003,JHB-CBD-003-C,RAN,98.57,99.028125,-0.45812500000000966,98.81,0.56,97.9,54.29,41.7975,-29.888151205215625,14.15,43.6,-82.1,-10.2,18.8,37.22,21,5,2,0,1.1,0,0,0,0,0,normal,,0.0,normal
2026-09-15 02:00:00,Telkom,Gauteng,Johannesburg,JHB-CBD-003,JHB-CBD-003-C,RAN,99.51,98.99437499999999,0.5156250000000142,98.71,0.46,98.99,43.52,42.435624999999995,-2.5553411785498827,14.24,50.8,-85.7,-10.6,13.4,45.11,37,3,2,2,0.1,0,0,0,0,0,normal,,0.0,normal
2026-09-15 02:15:00,Telkom,Gauteng,Johannesburg,JHB-CBD-003,JHB-CBD-003-C,RAN,99.14,99.03687500000001,0.10312499999999147,98.91,0.49,98.82,46.21,42.339375000000004,-9.141903960556801,13.74,60.5,-91.1,-11.0,20.3,42.95,29,3,5,0,0.91,83,0,0,0,0,normal,,0.0,normal
2026-09-15 02:30:00,Telkom,Gauteng,Johannesburg,JHB-CBD-003,JHB-CBD-003-C,RAN,99.12,99.045,0.07500000000000284,98.65,0.07,98.48,37.07,42.180625,12.116048541243755,15.15,62.8,-85.0,-7.3,13.7,44.51,35,2,4,0,1.0,1,0,0,0,0,normal,,0.0,normal
2026-09-15 02:45:00,Telkom,Gauteng,Johannesburg,JHB-CBD-003,JHB-CBD-003-C,RAN,99.15,99.03187500000001,0.11812499999999204,98.96,0.76,98.67,42.06,42.285625,0.5335737617689246,12.26,56.6,-88.5,-10.7,21.1,50.1,31,3,0,2,0.34,78,0,0,0,0,normal,,0.0,normal
2026-09-15 03:00:00,Telkom,Gauteng,Johannesburg,JHB-CBD-003,JHB-CBD-003-C,RAN,99.26,99.025625,0.234375,98.79,0.22,98.83,45.0,42.72625,-5.321669933588835,12.54,45.6,-85.0,-9.6,15.6,46.09,38,3,4,0,0.73,84,0,0,0,0,normal,,0.0,normal
2026-09-15 03:15:00,Telkom,Gauteng,Johannesburg,JHB-CBD-003,JHB-CBD-003-C,RAN,98.99,99.02125,-0.03125,99.04,0.39,98.86,44.01,42.92875,-2.5187083248405724,15.05,53.7,-85.1,-11.2,19.9,45.62,33,3,0,1,0.78,0,0,0,0,0,normal,,0.0,normal
2026-09-15 03:30:00,Telkom,Gauteng,Johannesburg,JHB-CBD-003,JHB-CBD-003-C,RAN,99.46,99.02875,0.4312499999999915,99.17,0.1,98.58,38.81,42.85125,9.430880079344238,15.52,50.0,-81.7,-10.2,18.3,48.69,37,0,1,0,0.86,0,0,0,0,0,normal,,0.0,normal
2026-09-15 03:45:00,Telkom,Gauteng,Johannesburg,JHB-CBD-003,JHB-CBD-003-C,RAN,99.03,99.043125,-0.013125000000002274,99.24,0.66,98.72,41.45,42.864375,3.299651517139815,14.28,48.8,-80.2,-9.1,13.7,46.45,34,0,0,1,0.71,19,0,0,0,0,normal,,0.0,normal
2026-09-15 04:00:00,Telkom,Gauteng,Johannesburg,JHB-CBD-003,JHB-CBD-003-C,RAN,99.72,99.04,0.6799999999999926,99.49,0.58,98.42,41.51,42.738749999999996,2.8750255915299303,12.06,56.6,-82.6,-9.8,18.0,46.49,36,0,2,3,0.14,0,0,0,0,0,normal,,0.0,normal
2026-09-15 04:15:00,Telkom,Gauteng,Johannesburg,JHB-CBD-003,JHB-CBD-003-C,RAN,98.9,99.105,-0.2049999999999983,98.87,0.52,98.29,41.6,43.1375,3.5641842944074216,10.59,61.1,-82.9,-11.6,13.9,49.08,33,1,3,2,0.1,0,0,0,0,0,normal,,0.0,normal
2026-09-15 04:30:00,Telkom,Gauteng,Johannesburg,JHB-CBD-003,JHB-CBD-003-C,RAN,98.71,99.10000000000001,-0.3900000000000148,98.81,0.41,98.38,31.44,42.908125,26.727164144319982,12.12,47.1,-86.7,-8.5,16.4,45.28,33,1,0,0,0.53,7,0,0,0,0,normal,,0.0,normal
2026-09-15 04:45:00,Telkom,Gauteng,Johannesburg,JHB-CBD-003,JHB-CBD-003-C,RAN,99.79,99.08624999999999,0.7037500000000136,98.84,0.14,97.8,40.3,42.28875,4.7027873843516375,11.56,48.4,-83.8,-9.8,13.9,53.51,41,2,4,1,0.59,36,0,0,0,0,normal,,0.0,normal
2026-09-15 05:00:00,Telkom,Gauteng,Johannesburg,JHB-CBD-003,JHB-CBD-003-C,RAN,99.3,99.135625,0.1643749999999926,98.35,0.48,98.48,46.74,42.344375,-10.380658588065126,13.28,44.6,-81.5,-9.4,18.6,42.75,34,3,7,3,1.11,0,0,0,0,0,normal,,0.0,normal
2026-09-15 05:15:00,Telkom,Gauteng,Johannesburg,JHB-CBD-003,JHB-CBD-003-C,RAN,99.09,99.14437500000001,-0.05437500000000739,98.87,0.49,97.92,43.67,42.826875,-1.9686820483633245,15.66,50.0,-85.7,-8.6,19.6,39.02,34,2,3,0,0.79,0,0,0,0,0,normal,,0.0,normal
2026-09-15 05:30:00,Telkom,Gauteng,Johannesburg,JHB-CBD-003,JHB-CBD-003-C,RAN,98.7,99.13875,-0.43874999999999886,98.59,0.53,98.88,32.24,42.918125,24.8802225167106,10.71,54.0,-83.3,-10.5,16.2,57.06,44,5,3,0,1.09,65,0,0,1,0,normal,,0.0,normal
2026-09-15 05:45:00,Telkom,Gauteng,Johannesburg,JHB-CBD-003,JHB-CBD-003-C,RAN,99.14,99.1525,-0.012500000000002842,98.84,0.39,98.51,41.01,41.870000000000005,2.0539765942202206,11.84,63.0,-91.4,-9.8,18.3,48.42,36,7,3,0,0.1,0,0,0,1,0,normal,,0.0,normal
2026-09-15 06:00:00,Telkom,Gauteng,Johannesburg,JHB-CBD-003,JHB-CBD-003-C,RAN,98.67,99.18812500000001,-0.5181250000000119,98.66,0.36,98.22,48.61,41.040000000000006,-18.44541910331382,13.69,62.1,-89.8,-9.6,16.1,44.02,36,9,5,1,0.59,50,0,0,1,0,normal,,0.0,normal
2026-09-15 06:15:00,Telkom,Gauteng,Johannesburg,JHB-CBD-003,JHB-CBD-003-C,RAN,98.68,99.13562499999999,-0.4556249999999835,98.92,0.65,98.59,45.94,41.358124999999994,-11.078536563250884,14.61,46.0,-87.2,-9.1,20.5,52.77,34,4,0,1,0.94,216,0,0,1,0,normal,,0.0,normal
2026-09-15 06:30:00,Telkom,Gauteng,Johannesburg,JHB-CBD-003,JHB-CBD-003-C,RAN,99.8,99.106875,0.6931249999999949,98.87,0.1,98.48,46.48,41.34125,-12.430078916336575,11.72,56.3,-85.7,-11.3,17.2,44.59,42,0,4,0,0.96,0,0,0,0,0,normal,,0.0,normal
2026-09-15 06:45:00,Telkom,Gauteng,Johannesburg,JHB-CBD-003,JHB-CBD-003-C,RAN,99.03,99.14937499999999,-0.1193749999999909,98.78,0.35,98.24,31.28,41.929375,25.398363319271986,11.49,54.2,-82.7,-8.7,16.8,65.25,46,2,5,2,0.7,0,0,0,0,0,normal,,0.0,normal
2026-09-15 07:00:00,Telkom,Gauteng,Johannesburg,JHB-CBD-003,JHB-CBD-003-C,RAN,99.4,99.141875,0.2581250000000068,98.4,0.6,98.42,42.64,41.255625,-3.3556030238300805,12.88,58.3,-86.7,-10.1,18.7,53.53,45,4,5,2,1.09,60,0,0,0,0,normal,,0.0,normal
2026-09-15 07:15:00,Telkom,Gauteng,Johannesburg,JHB-CBD-003,JHB-CBD-003-C,RAN,99.02,99.150625,-0.1306250000000091,98.33,0.49,98.47,35.56,41.108125,13.49641950344366,10.38,53.7,-84.2,-9.0,17.8,55.03,49,5,8,2,0.49,132,0,0,0,0,normal,,0.0,normal
2026-09-15 07:30:00,Telkom,Gauteng,Johannesburg,JHB-CBD-003,JHB-CBD-003-C,RAN,99.51,99.1525,0.3575000000000017,99.52,0.53,98.54,39.91,40.580000000000005,1.6510596352883409,13.6,43.3,-81.5,-10.0,15.5,59.67,55,0,3,2,0.18,50,0,0,0,0,normal,,0.0,normal
2026-09-15 07:45:00,Telkom,Gauteng,Johannesburg,JHB-CBD-003,JHB-CBD-003-C,RAN,98.62,99.155625,-0.535624999999996,99.46,0.45,98.26,38.25,40.64875,5.901165472493004,10.9,51.3,-88.0,-9.6,16.5,47.63,51,5,3,2,0.75,34,0,0,0,0,normal,,0.0,normal
2026-09-15 08:00:00,Telkom,Gauteng,Johannesburg,JHB-CBD-003,JHB-CBD-003-C,RAN,99.04,99.13000000000001,-0.09000000000000341,98.47,0.8,98.53,43.98,40.448750000000004,-8.730183256590111,12.12,47.6,-85.6,-10.3,12.7,58.55,54,3,5,5,0.39,47,0,0,0,0,normal,,0.0,normal
2026-09-15 08:15:00,Telkom,Gauteng,Johannesburg,JHB-CBD-003,JHB-CBD-003-C,RAN,98.74,99.0875,-0.3475000000000108,98.84,0.65,99.24,35.56,40.603125,12.420534133764326,10.35,50.0,-88.6,-11.4,17.8,65.55,59,4,5,4,0.17,84,0,0,0,0,normal,,0.0,normal
2026-09-15 08:30:00,Telkom,Gauteng,Johannesburg,JHB-CBD-003,JHB-CBD-003-C,RAN,99.15,99.0775,0.07250000000000512,98.67,0.94,97.71,37.03,40.225625,7.944251953822966,14.56,65.0,-86.6,-8.4,20.4,51.76,49,4,1,5,0.42,0,0,0,0,0,normal,,0.0,normal
2026-09-15 08:45:00,Telkom,Gauteng,Johannesburg,JHB-CBD-003,JHB-CBD-003-C,RAN,96.64,99.105,-2.4650000000000034,97.9,1.54,97.12,29.65,40.574999999999996,26.92544670363524,10.44,68.8,-89.1,-10.6,13.1,65.22,51,22,11,9,1.48,196,0,0,0,0,normal,,0.0,normal
2026-09-15 09:00:00,Telkom,Gauteng,Johannesburg,JHB-CBD-003,JHB-CBD-003-C,RAN,96.17,98.908125,-2.7381249999999966,97.26,1.64,97.72,30.33,39.909375000000004,24.002818886539828,10.34,58.7,-84.9,-8.7,17.0,56.07,44,13,6,4,1.24,147,1,1,0,0,normal,,4.0,normal
2026-09-15 09:15:00,Telkom,Gauteng,Johannesburg,JHB-CBD-003,JHB-CBD-003-C,RAN,97.29,98.7125,-1.4224999999999994,97.69,1.77,97.53,24.66,38.88375,36.58019095380461,10.61,74.5,-86.9,-8.6,10.7,71.43,59,15,8,8,1.03,180,2,2,0,0,normal,,10.19,normal
2026-09-15 09:30:00,Telkom,Gauteng,Johannesburg,JHB-CBD-003,JHB-CBD-003-C,RAN,95.91,98.60000000000001,-2.690000000000012,97.13,1.79,97.87,23.48,37.695625,37.711604463382685,10.04,72.7,-84.3,-10.8,14.6,69.46,53,19,13,9,1.19,266,2,2,0,0,normal,,10.57,normal
2026-09-15 09:45:00,Telkom,Gauteng,Johannesburg,JHB-CBD-003,JHB-CBD-003-C,RAN,96.53,98.425625,-1.8956249999999955,97.11,1.41,96.98,17.2,37.148125,53.698874438481084,7.98,69.2,-84.0,-11.4,15.4,79.99,67,27,17,11,1.4,185,2,2,1,0,normal,,15.9,normal
2026-09-15 10:00:00,Telkom,Gauteng,Johannesburg,JHB-CBD-003,JHB-CBD-003-C,RAN,96.51,98.26249999999999,-1.7524999999999835,97.12,1.59,96.95,28.75,35.66,19.37745372966909,9.36,72.2,-84.1,-10.6,15.0,72.44,63,24,15,12,0.95,132,2,2,1,0,normal,,8.0,normal
2026-09-15 10:15:00,Telkom,Gauteng,Johannesburg,JHB-CBD-003,JHB-CBD-003-C,RAN,96.34,98.12750000000001,-1.7875000000000085,97.71,1.57,96.67,30.96,34.41875,10.049028509170151,11.1,71.7,-91.9,-11.3,12.7,62.73,62,20,10,9,1.6,266,2,2,1,0,normal,,8.0,normal
2026-09-15 10:30:00,Telkom,Gauteng,Johannesburg,JHB-CBD-003,JHB-CBD-003-C,RAN,95.82,97.98125,-2.1612500000000097,97.26,1.52,98.1,37.11,33.4825,-10.834017770477107,10.24,69.8,-84.4,-11.2,13.6,59.74,55,14,5,6,1.12,200,2,2,1,0,normal,,8.0,normal
2026-09-15 10:45:00,Telkom,Gauteng,Johannesburg,JHB-CBD-003,JHB-CBD-003-C,RAN,95.88,97.7325,-1.8525000000000063,96.75,1.35,98.03,30.14,32.896874999999994,8.380355276906984,14.54,75.3,-87.7,-9.3,16.6,62.41,58,24,14,6,1.23,208,2,2,0,0,normal,,8.0,normal
2026-09-15 11:00:00,Telkom,Gauteng,Johannesburg,JHB-CBD-003,JHB-CBD-003-C,RAN,96.29,97.53562500000001,-1.245625000000004,97.48,1.13,98.1,36.73,32.825625,-11.894289903086367,12.09,62.6,-86.4,-11.2,15.8,61.4,57,10,5,4,1.73,205,2,2,1,0,normal,,8.0,normal
2026-09-15 11:15:00,Telkom,Gauteng,Johannesburg,JHB-CBD-003,JHB-CBD-003-C,RAN,95.71,97.34125,-1.6312500000000085,97.21,1.29,96.85,29.03,32.45625,10.556518390140562,9.95,65.8,-84.1,-10.8,12.4,69.27,65,20,11,8,1.82,329,2,2,1,0,normal,,8.0,normal
2026-09-15 11:30:00,Telkom,Gauteng,Johannesburg,JHB-CBD-003,JHB-CBD-003-C,RAN,95.94,97.134375,-1.194375000000008,97.89,1.76,97.39,25.31,32.048125,21.025020964565012,12.06,78.1,-91.2,-11.9,16.8,71.18,59,18,16,10,1.72,134,2,2,1,0,normal,,8.0,normal
2026-09-15 11:45:00,Telkom,Gauteng,Johannesburg,JHB-CBD-003,JHB-CBD-003-C,RAN,96.73,96.91125,-0.18124999999999147,97.25,1.77,97.71,26.55,31.135624999999997,14.727904129112543,10.91,59.8,-90.2,-10.9,15.3,63.99,52,18,6,8,2.29,228,2,2,1,0,normal,,9.16,normal
2026-09-15 12:00:00,Telkom,Gauteng,Johannesburg,JHB-CBD-003,JHB-CBD-003-C,RAN,96.16,96.79312499999999,-0.6331249999999926,97.1,1.11,98.15,32.85,30.404374999999998,-8.043661479639043,12.83,73.5,-82.9,-9.6,15.9,65.41,55,14,13,4,1.29,230,2,2,0,0,normal,,8.0,normal
2026-09-15 12:15:00,Telkom,Gauteng,Johannesburg,JHB-CBD-003,JHB-CBD-003-C,RAN,97.1,96.613125,0.4868749999999977,97.42,2.0,96.95,25.66,29.708750000000002,13.628139857786012,10.74,73.2,-84.5,-10.4,17.9,67.06,62,15,11,13,1.55,374,2,2,0,0,normal,,8.0,normal
2026-09-15 12:30:00,Telkom,Gauteng,Johannesburg,JHB-CBD-003,JHB-CBD-003-C,RAN,96.85,96.51062499999999,0.339375000000004,97.18,1.05,97.18,27.23,29.09,6.39394981093159,9.59,68.1,-84.1,-9.0,15.5,64.7,57,15,6,6,1.44,174,2,2,0,0,normal,,8.0,normal
2026-09-15 12:45:00,Telkom,Gauteng,Johannesburg,JHB-CBD-003,JHB-CBD-003-C,RAN,96.25,96.36687500000001,-0.11687500000000739,96.88,1.65,97.63,31.35,28.4775,-10.086910718988683,9.1,70.0,-87.6,-13.7,14.8,65.98,52,7,10,3,1.2,263,2,2,0,0,normal,,8.0,normal
2026-09-15 13:00:00,Telkom,Gauteng,Johannesburg,JHB-CBD-003,JHB-CBD-003-C,RAN,96.35,96.3425,0.007499999999993179,96.9,1.72,97.51,36.7,28.583750000000002,-28.394629815891896,10.26,64.1,-83.9,-10.7,14.9,59.72,54,20,14,9,1.53,166,2,2,0,0,normal,,8.0,normal
2026-09-15 13:15:00,Telkom,Gauteng,Johannesburg,JHB-CBD-003,JHB-CBD-003-C,RAN,96.6,96.35374999999999,0.2462500000000034,96.87,1.9,97.35,37.11,28.981875,-28.04554570744647,13.21,64.0,-83.6,-11.0,16.0,55.5,55,22,16,11,1.69,331,3,2,0,0,normal,,8.0,normal
2026-09-15 13:30:00,Telkom,Gauteng,Johannesburg,JHB-CBD-003,JHB-CBD-003-C,RAN,96.1,96.31062499999999,-0.21062499999999318,97.14,1.53,98.14,33.05,29.76,-11.055107526881706,10.56,69.3,-89.4,-10.7,14.4,56.25,45,15,4,4,1.11,212,3,2,0,0,normal,,8.0,normal
2026-09-15 13:45:00,Telkom,Gauteng,Johannesburg,JHB-CBD-003,JHB-CBD-003-C,RAN,95.88,96.3225,-0.44250000000000966,97.34,2.27,97.07,30.45,30.358124999999998,-0.302637267617818,8.91,62.5,-89.6,-12.5,15.4,64.72,45,18,11,9,1.37,298,3,2,0,0,normal,,8.0,normal
2026-09-15 14:00:00,Telkom,Gauteng,Johannesburg,JHB-CBD-003,JHB-CBD-003-C,RAN,99.34,96.281875,3.058125000000004,98.92,1.0,98.48,43.45,31.18625,-39.32422141167983,12.88,56.8,-88.1,-9.7,19.6,48.66,50,4,5,4,0.48,115,2,2,0,0,normal,,8.0,normal
2026-09-15 14:15:00,Telkom,Gauteng,Johannesburg,JHB-CBD-003,JHB-CBD-003-C,RAN,98.87,96.45875,2.4112500000000097,98.53,0.32,97.76,42.58,32.105,-32.62731661734933,15.46,55.3,-84.2,-11.1,17.7,51.84,45,6,4,1,1.01,38,1,1,0,0,normal,,4.0,normal
2026-09-15 14:30:00,Telkom,Gauteng,Johannesburg,JHB-CBD-003,JHB-CBD-003-C,RAN,98.91,96.616875,2.2931250000000034,98.47,0.51,97.89,39.71,32.83125,-20.951837045497822,14.96,63.8,-86.8,-11.8,19.8,50.48,42,3,7,2,0.66,7,0,0,0,0,normal,,0.0,normal
2026-09-15 14:45:00,Telkom,Gauteng,Johannesburg,JHB-CBD-003,JHB-CBD-003-C,RAN,99.33,96.81,2.519999999999996,98.35,0.54,98.91,33.05,32.99375,-0.1704868346277661,13.06,43.8,-85.9,-7.5,15.6,61.38,44,1,7,2,0.57,107,0,0,0,0,normal,,0.0,normal
2026-09-15 15:00:00,Telkom,Gauteng,Johannesburg,JHB-CBD-003,JHB-CBD-003-C,RAN,98.89,97.02562499999999,1.8643750000000097,98.61,0.83,98.45,41.95,33.175625000000004,-26.44825832218684,13.38,64.6,-88.8,-9.3,14.8,56.96,50,5,5,3,0.59,150,0,0,0,0,normal,,0.0,normal
2026-09-15 15:15:00,Telkom,Gauteng,Johannesburg,JHB-CBD-003,JHB-CBD-003-C,RAN,99.35,97.188125,2.161874999999995,98.91,0.7,98.52,43.22,33.501875,-29.00770479264221,13.62,53.1,-91.5,-8.9,19.3,53.13,54,0,2,2,0.3,38,0,0,0,0,normal,,0.0,normal
2026-09-15 15:30:00,Telkom,Gauteng,Johannesburg,JHB-CBD-003,JHB-CBD-003-C,RAN,98.9,97.41562499999999,1.4843750000000142,99.0,0.05,98.29,46.5,34.38875,-35.21863981680055,13.97,36.5,-84.5,-8.9,15.5,48.4,40,7,5,1,0.85,52,0,0,0,0,normal,,0.0,normal
2026-09-15 15:45:00,Telkom,Gauteng,Johannesburg,JHB-CBD-003,JHB-CBD-003-C,RAN,99.38,97.60062500000001,1.7793749999999875,98.93,0.45,98.66,39.85,35.713125,-11.583626467860215,10.0,51.9,-83.7,-10.7,13.1,63.53,47,3,8,2,1.0,45,0,0,0,0,normal,,0.0,normal
2026-09-15 16:00:00,Telkom,Gauteng,Johannesburg,JHB-CBD-003,JHB-CBD-003-C,RAN,98.84,97.76625,1.073750000000004,98.86,0.6,98.62,38.12,36.544375,-4.311539053547899,13.75,56.0,-85.0,-10.4,18.8,61.48,50,6,3,3,0.52,99,0,0,0,0,normal,,0.0,normal
2026-09-15 16:15:00,Telkom,Gauteng,Johannesburg,JHB-CBD-003,JHB-CBD-003-C,RAN,98.8,97.93375,0.8662499999999937,99.16,0.24,98.77,38.01,36.87375,-3.081460388487737,12.29,52.5,-85.1,-10.3,16.3,49.47,40,7,4,1,0.47,162,0,0,0,0,normal,,0.0,normal
2026-09-15 16:30:00,Telkom,Gauteng,Johannesburg,JHB-CBD-003,JHB-CBD-003-C,RAN,98.62,98.04,0.5799999999999983,98.72,0.49,98.32,37.99,37.645625,-0.9147809340394785,12.84,52.4,-84.9,-9.2,15.6,61.23,51,4,6,2,0.19,102,0,0,0,0,normal,,0.0,normal
2026-09-15 16:45:00,Telkom,Gauteng,Johannesburg,JHB-CBD-003,JHB-CBD-003-C,RAN,98.83,98.15062499999999,0.6793750000000074,98.7,0.31,97.44,36.54,38.318125,4.640427995889681,13.09,38.6,-86.4,-10.4,14.1,48.19,36,4,5,2,0.2,25,0,0,0,0,normal,,0.0,normal
2026-09-15 17:00:00,Telkom,Gauteng,Johannesburg,JHB-CBD-003,JHB-CBD-003-C,RAN,99.05,98.311875,0.7381249999999966,98.46,0.68,99.3,43.19,38.6425,-11.768130943908908,11.11,63.4,-93.6,-10.5,18.3,53.57,55,0,6,2,0.47,0,0,0,0,0,normal,,0.0,normal
2026-09-15 17:15:00,Telkom,Gauteng,Johannesburg,JHB-CBD-003,JHB-CBD-003-C,RAN,99.38,98.480625,0.899374999999992,98.51,0.24,97.99,33.59,39.048125,13.977943883349061,12.88,63.9,-83.2,-10.6,19.8,57.45,58,3,3,1,1.04,48,0,0,0,0,normal,,0.0,normal
2026-09-15 17:30:00,Telkom,Gauteng,Johannesburg,JHB-CBD-003,JHB-CBD-003-C,RAN,98.47,98.654375,-0.18437500000000284,99.18,0.8,98.56,44.21,38.828125,-13.860764587525154,12.0,55.0,-86.2,-10.5,16.8,51.97,51,7,3,3,0.1,17,0,0,0,0,normal,,0.0,normal
2026-09-15 17:45:00,Telkom,Gauteng,Johannesburg,JHB-CBD-003,JHB-CBD-003-C,RAN,98.81,98.8025,0.00750000000000739,98.93,0.54,98.35,29.83,39.525625,24.529972644328836,12.25,61.1,-85.2,-10.0,14.2,59.11,61,3,5,1,0.55,130,0,0,0,0,normal,,0.0,normal
2026-09-15 18:00:00,Telkom,Gauteng,Johannesburg,JHB-CBD-003,JHB-CBD-003-C,RAN,99.38,98.985625,0.3943749999999966,99.15,0.27,99.36,31.44,39.486875000000005,20.37860681555581,10.01,57.1,-86.0,-9.0,15.4,61.88,49,1,3,1,0.1,124,0,0,0,0,normal,,0.0,normal
2026-09-15 18:15:00,Telkom,Gauteng,Johannesburg,JHB-CBD-003,JHB-CBD-003-C,RAN,98.28,98.988125,-0.7081249999999955,98.73,0.69,98.37,37.06,38.73625,4.3273419600503304,10.71,59.1,-82.1,-7.4,14.8,62.27,57,5,0,2,0.75,0,0,0,0,0,normal,,0.0,normal
2026-09-15 18:30:00,Telkom,Gauteng,Johannesburg,JHB-CBD-003,JHB-CBD-003-C,RAN,98.83,98.95125,-0.12125000000000341,98.86,0.42,98.85,34.84,38.39125000000001,9.250154657636838,13.62,57.2,-87.1,-11.5,19.1,53.2,61,6,2,1,0.64,0,0,0,0,0,normal,,0.0,normal
2026-09-15 18:45:00,Telkom,Gauteng,Johannesburg,JHB-CBD-003,JHB-CBD-003-C,RAN,98.68,98.94624999999999,-0.2662499999999852,98.46,0.14,97.89,35.56,38.086875,6.634503355814823,8.15,63.5,-85.7,-11.5,14.5,59.6,61,10,10,0,0.8,184,0,0,0,0,normal,,0.0,normal
2026-09-15 19:00:00,Telkom,Gauteng,Johannesburg,JHB-CBD-003,JHB-CBD-003-C,RAN,98.71,98.905625,-0.19562500000000682,99.36,0.5,98.61,36.62,38.24375,4.245791796045109,13.6,52.7,-86.3,-7.9,17.4,51.81,53,7,1,1,0.8,27,0,0,0,0,normal,,0.0,normal
2026-09-15 19:15:00,Telkom,Gauteng,Johannesburg,JHB-CBD-003,JHB-CBD-003-C,RAN,99.55,98.894375,0.6556250000000006,98.5,1.07,98.68,42.88,37.910625,-13.10813261453748,11.27,53.2,-86.1,-10.1,20.6,55.59,54,3,7,6,0.1,3,0,0,1,0,normal,,0.0,normal
2026-09-15 19:30:00,Telkom,Gauteng,Johannesburg,JHB-CBD-003,JHB-CBD-003-C,RAN,99.9,98.906875,0.9931250000000063,98.58,0.55,98.65,33.04,37.889375,12.798772743018331,10.31,58.6,-85.0,-10.1,15.8,62.02,52,3,7,2,0.88,34,0,0,1,0,normal,,0.0,normal
2026-09-15 19:45:00,Telkom,Gauteng,Johannesburg,JHB-CBD-003,JHB-CBD-003-C,RAN,99.34,98.969375,0.370625000000004,98.99,0.54,98.88,46.9,37.048125,-26.59210148961655,10.85,58.8,-86.8,-6.9,18.3,56.11,52,2,6,3,0.22,236,0,0,1,0,normal,,0.0,normal
2026-09-15 20:00:00,Telkom,Gauteng,Johannesburg,JHB-CBD-003,JHB-CBD-003-C,RAN,99.18,98.966875,0.21312500000000512,98.65,0.05,98.05,36.53,37.488749999999996,2.557433896835704,11.75,48.2,-88.9,-8.8,13.4,54.05,42,5,4,1,0.28,0,0,0,1,0,normal,,0.0,normal
2026-09-15 20:15:00,Telkom,Gauteng,Johannesburg,JHB-CBD-003,JHB-CBD-003-C,RAN,99.31,98.988125,0.3218750000000057,98.48,0.4,98.62,32.62,37.389375,12.755963425438384,12.13,49.3,-83.6,-10.3,18.8,53.29,43,3,8,1,1.31,0,0,0,1,0,normal,,0.0,normal
2026-09-15 20:30:00,Telkom,Gauteng,Johannesburg,JHB-CBD-003,JHB-CBD-003-C,RAN,99.04,99.02,0.020000000000010232,98.55,0.52,97.82,40.37,37.0525,-8.953511908778072,9.98,60.5,-87.7,-11.2,18.4,57.61,43,5,3,2,0.36,10,0,0,0,0,normal,,0.0,normal
2026-09-15 20:45:00,Telkom,Gauteng,Johannesburg,JHB-CBD-003,JHB-CBD-003-C,RAN,98.97,99.04625,-0.0762500000000017,98.88,0.56,97.86,44.06,37.20125,-18.43688048116663,12.07,47.5,-87.0,-10.8,18.9,45.36,46,5,8,1,0.58,0,0,0,0,0,normal,,0.0,normal
2026-09-15 21:00:00,Telkom,Gauteng,Johannesburg,JHB-CBD-003,JHB-CBD-003-C,RAN,99.05,99.05499999999999,-0.0049999999999954525,98.82,0.56,98.26,39.23,37.67125,-4.137770846467787,12.32,50.5,-86.2,-10.7,17.9,54.39,41,0,2,3,0.7,0,0,0,0,0,normal,,0.0,normal
2026-09-15 21:15:00,Telkom,Gauteng,Johannesburg,JHB-CBD-003,JHB-CBD-003-C,RAN,98.66,99.05499999999999,-0.394999999999996,99.41,0.54,98.07,33.68,37.42375,10.003674137412736,13.47,54.4,-83.3,-10.4,17.7,58.37,43,3,0,2,0.74,47,0,0,0,0,normal,,0.0,normal
2026-09-15 21:30:00,Telkom,Gauteng,Johannesburg,JHB-CBD-003,JHB-CBD-003-C,RAN,99.46,99.01,0.44999999999998863,98.98,0.51,98.48,46.36,37.429375,-23.85993621320153,11.74,48.0,-84.8,-10.4,17.7,49.84,48,1,2,2,0.74,9,1,0,0,0,normal,,0.0,normal
2026-09-15 21:45:00,Telkom,Gauteng,Johannesburg,JHB-CBD-003,JHB-CBD-003-C,RAN,99.49,99.071875,0.4181249999999892,98.57,0.38,98.25,45.08,37.56375,-20.00931749359422,14.69,45.9,-85.4,-9.8,15.1,49.62,49,4,3,1,0.11,37,0,0,0,0,normal,,0.0,normal
2026-09-15 22:00:00,Telkom,Gauteng,Johannesburg,JHB-CBD-003,JHB-CBD-003-C,RAN,99.15,99.11437500000001,0.03562499999999602,98.39,0.63,98.33,35.44,38.516875,7.988381715806386,14.35,54.9,-84.2,-10.3,17.3,49.87,34,4,5,2,0.6,48,0,0,0,0,normal,,0.0,normal
2026-09-15 22:15:00,Telkom,Gauteng,Johannesburg,JHB-CBD-003,JHB-CBD-003-C,RAN,99.23,99.1,0.13000000000000966,98.62,0.49,99.09,38.75,38.766875,0.04352943073177517,13.9,36.9,-84.2,-10.9,21.8,45.94,31,0,5,0,0.58,82,0,0,0,0,normal,,0.0,normal
2026-09-15 22:30:00,Telkom,Gauteng,Johannesburg,JHB-CBD-003,JHB-CBD-003-C,RAN,98.87,99.159375,-0.2893749999999926,98.62,0.58,98.86,43.08,38.872499999999995,-10.823847192745523,12.75,58.5,-87.6,-10.7,16.3,46.75,31,2,6,3,0.42,95,0,0,0,0,normal,,0.0,normal
2026-09-15 22:45:00,Telkom,Gauteng,Johannesburg,JHB-CBD-003,JHB-CBD-003-C,RAN,98.89,99.16187500000001,-0.2718750000000085,98.74,0.45,98.71,47.14,39.3875,-19.682640431609006,14.31,41.5,-90.9,-11.1,16.0,45.37,33,2,3,0,0.48,0,0,0,0,0,normal,,0.0,normal
2026-09-15 23:00:00,Telkom,Gauteng,Johannesburg,JHB-CBD-003,JHB-CBD-003-C,RAN,99.44,99.175,0.26500000000000057,99.62,0.39,98.22,42.05,40.11125,-4.833432017202154,12.48,42.0,-89.1,-8.6,16.0,42.81,30,0,4,0,0.67,0,1,0,0,0,normal,,0.0,normal
2026-09-15 23:15:00,Telkom,Gauteng,Johannesburg,JHB-CBD-003,JHB-CBD-003-C,RAN,99.67,99.220625,0.4493750000000034,99.46,0.36,98.16,45.08,40.450624999999995,-11.444507964957287,12.39,50.6,-88.0,-7.8,16.5,44.66,33,1,3,1,1.74,110,1,0,0,0,normal,,0.0,normal
2026-09-15 23:30:00,Telkom,Gauteng,Johannesburg,JHB-CBD-003,JHB-CBD-003-C,RAN,99.24,99.228125,0.0118749999999892,98.5,0.35,98.41,43.46,40.588125,-7.075653285289732,10.97,39.1,-87.3,-10.3,16.8,44.98,27,2,3,0,0.71,0,2,0,0,0,normal,,0.0,normal
2026-09-15 23:45:00,Telkom,Gauteng,Johannesburg,JHB-CBD-003,JHB-CBD-003-C,RAN,98.94,99.186875,-0.24687500000000284,99.47,0.88,98.63,45.65,41.239375,-10.695179061273349,11.86,40.9,-84.9,-8.6,18.7,53.42,39,3,0,4,0.43,6,2,0,0,0,normal,,0.0,normal
2026-09-14 00:00:00,Telkom,Gauteng,Soweto,JHB-SOW-018,JHB-SOW-018-A,RAN,99.06,99.06,0.0,98.24,0.24,97.97,39.39,39.39,0.0,13.69,43.4,-93.8,-8.5,19.1,45.43,27,0,5,1,1.08,0,0,0,0,0,normal,,0.0,normal
2026-09-14 00:15:00,Telkom,Gauteng,Soweto,JHB-SOW-018,JHB-SOW-018-A,RAN,98.98,99.06,-0.0799999999999983,98.17,0.87,97.98,44.6,39.39,-13.226707286113228,12.09,44.3,-83.7,-8.6,20.4,41.41,27,2,3,1,1.04,54,0,0,0,0,normal,,0.0,normal
2026-09-14 00:30:00,Telkom,Gauteng,Soweto,JHB-SOW-018,JHB-SOW-018-A,RAN,99.58,99.02000000000001,0.5599999999999881,98.98,0.21,98.43,48.37,41.995000000000005,-15.180378616501947,9.57,43.8,-84.6,-10.2,17.2,44.89,28,0,1,0,0.54,105,0,0,0,0,normal,,0.0,normal
2026-09-14 00:45:00,Telkom,Gauteng,Soweto,JHB-SOW-018,JHB-SOW-018-A,RAN,98.88,99.20666666666666,-0.326666666666668,98.48,0.47,98.11,40.91,44.120000000000005,7.275611967361758,11.88,48.1,-83.2,-9.8,13.4,51.97,32,6,2,0,0.1,57,0,0,0,0,normal,,0.0,normal
2026-09-14 01:00:00,Telkom,Gauteng,Soweto,JHB-SOW-018,JHB-SOW-018-A,RAN,98.8,99.125,-0.32500000000000284,99.14,0.45,98.94,45.51,43.317499999999995,-5.061464765972189,15.5,35.8,-84.0,-10.5,17.5,38.48,26,4,0,0,0.47,40,0,0,0,0,normal,,0.0,normal
2026-09-14 01:15:00,Telkom,Gauteng,Soweto,JHB-SOW-018,JHB-SOW-018-A,RAN,98.83,99.06,-0.23000000000000398,98.1,0.28,98.46,47.39,43.756,-8.305146722735168,10.49,54.4,-86.2,-11.4,15.3,49.21,37,1,4,1,0.72,43,0,0,0,0,normal,,0.0,normal
2026-09-14 01:30:00,Telkom,Gauteng,Soweto,JHB-SOW-018,JHB-SOW-018-A,RAN,99.9,99.02166666666666,0.8783333333333445,98.61,0.41,98.79,39.3,44.36166666666667,11.410001127099239,13.55,45.0,-88.3,-9.8,12.1,40.2,30,0,4,0,0.81,35,0,0,0,0,normal,,0.0,normal
2026-09-14 01:45:00,Telkom,Gauteng,Soweto,JHB-SOW-018,JHB-SOW-018-A,RAN,98.78,99.14714285714285,-0.3671428571428521,98.4,0.82,98.24,38.92,43.638571428571424,10.812845778636188,12.08,50.7,-86.3,-8.5,16.7,45.53,22,3,3,1,0.88,0,0,0,0,0,normal,,0.0,normal
2026-09-14 02:00:00,Telkom,Gauteng,Soweto,JHB-SOW-018,JHB-SOW-018-A,RAN,98.73,99.10125,-0.3712499999999892,98.44,0.41,98.61,39.55,43.04875,8.127413687970037,13.27,54.2,-83.8,-11.2,17.1,53.52,31,3,2,1,0.31,120,0,0,0,0,normal,,0.0,normal
2026-09-14 02:15:00,Telkom,Gauteng,Soweto,JHB-SOW-018,JHB-SOW-018-A,RAN,98.79,99.06,-0.269999999999996,98.61,0.19,97.39,46.57,42.66,-9.165494608532592,12.3,52.6,-82.7,-10.3,16.1,42.23,25,2,2,0,0.91,128,0,0,0,0,normal,,0.0,normal
2026-09-14 02:30:00,Telkom,Gauteng,Soweto,JHB-SOW-018,JHB-SOW-018-A,RAN,99.49,99.033,0.45699999999999363,98.48,0.34,98.88,40.26,43.051,6.483008524772953,14.85,46.5,-86.5,-10.1,17.4,48.01,30,0,3,0,0.88,0,0,0,0,0,normal,,0.0,normal
2026-09-14 02:45:00,Telkom,Gauteng,Soweto,JHB-SOW-018,JHB-SOW-018-A,RAN,98.31,99.07454545454544,-0.7645454545454413,99.07,0.58,99.15,42.72,42.79727272727273,0.18055526053062185,12.7,55.0,-82.7,-10.3,17.1,48.25,37,2,4,0,0.56,38,1,0,0,0,normal,,0.0,normal
2026-09-14 03:00:00,Telkom,Gauteng,Soweto,JHB-SOW-018,JHB-SOW-018-A,RAN,98.43,99.01083333333334,-0.5808333333333309,98.94,0.36,98.04,46.45,42.79083333333333,-8.55128629574092,13.06,46.0,-84.9,-8.0,13.1,44.89,31,2,4,0,1.11,0,1,0,0,0,normal,,0.0,normal
2026-09-14 03:15:00,Telkom,Gauteng,Soweto,JHB-SOW-018,JHB-SOW-018-A,RAN,98.77,98.96615384615384,-0.19615384615384812,98.55,0.87,98.66,39.53,43.07230769230769,8.224095438797004,13.3,39.1,-88.5,-8.9,18.9,43.51,26,3,1,2,1.03,26,0,0,0,0,normal,,0.0,normal
2026-09-14 03:30:00,Telkom,Gauteng,Soweto,JHB-SOW-018,JHB-SOW-018-A,RAN,99.2,98.95214285714285,0.247857142857157,98.43,0.26,98.11,39.17,42.81928571428572,8.52252823327273,13.11,58.7,-86.5,-9.5,17.4,48.29,36,1,4,0,0.92,151,0,0,0,0,normal,,0.0,normal
2026-09-14 03:45:00,Telkom,Gauteng,Soweto,JHB-SOW-018,JHB-SOW-018-A,RAN,98.83,98.96866666666666,-0.1386666666666656,99.05,0.23,98.69,43.37,42.576,-1.864900413378422,13.64,46.8,-88.3,-9.7,18.7,44.96,28,0,0,0,0.33,52,0,0,0,0,normal,,0.0,normal
2026-09-14 04:00:00,Telkom,Gauteng,Soweto,JHB-SOW-018,JHB-SOW-018-A,RAN,99.46,98.96000000000001,0.4999999999999858,98.75,0.63,98.71,35.76,42.625625,16.106801953050546,10.9,46.2,-83.3,-8.5,19.4,55.88,34,4,2,1,0.28,26,0,0,0,0,normal,,0.0,normal
2026-09-14 04:15:00,Telkom,Gauteng,Soweto,JHB-SOW-018,JHB-SOW-018-A,RAN,99.42,98.985,0.4350000000000023,98.56,1.03,99.16,37.26,42.39875,12.120050709042134,14.01,55.3,-84.4,-9.6,15.7,41.33,30,3,1,2,0.44,0,0,0,0,0,normal,,0.0,normal
2026-09-14 04:30:00,Telkom,Gauteng,Soweto,JHB-SOW-018,JHB-SOW-018-A,RAN,99.27,99.0125,0.2574999999999932,98.89,0.58,98.42,51.59,41.94,-23.009060562708648,11.2,41.9,-90.3,-8.4,16.9,47.0,29,2,1,0,0.24,76,0,0,0,0,normal,,0.0,normal
2026-09-14 04:45:00,Telkom,Gauteng,Soweto,JHB-SOW-018,JHB-SOW-018-A,RAN,98.98,98.99312499999999,-0.013124999999988063,99.2,0.33,97.56,40.19,42.14125,4.630261323525054,11.01,60.2,-91.1,-9.3,13.3,48.48,34,1,2,0,0.88,0,0,0,0,0,normal,,0.0,normal
2026-09-14 05:00:00,Telkom,Gauteng,Soweto,JHB-SOW-018,JHB-SOW-018-A,RAN,99.86,98.999375,0.8606249999999989,98.52,0.57,98.44,47.92,42.09625,-13.834367669329225,12.3,55.8,-87.5,-11.4,15.1,43.22,29,0,3,0,1.02,114,0,0,0,0,normal,,0.0,normal
2026-09-14 05:15:00,Telkom,Gauteng,Soweto,JHB-SOW-018,JHB-SOW-018-A,RAN,98.83,99.065625,-0.23562499999999886,99.41,0.97,98.65,33.02,42.246875,21.840372808639692,11.77,59.3,-83.9,-11.6,17.4,53.36,27,0,0,0,0.81,48,1,0,0,0,normal,,0.0,normal
2026-09-14 05:30:00,Telkom,Gauteng,Soweto,JHB-SOW-018,JHB-SOW-018-A,RAN,99.4,99.065625,0.3343750000000085,98.47,0.62,98.54,41.14,41.34875,0.5048520209196214,12.15,47.9,-83.6,-11.2,14.7,54.74,48,2,3,1,0.88,43,0,0,0,0,normal,,0.0,normal
2026-09-14 05:45:00,Telkom,Gauteng,Soweto,JHB-SOW-018,JHB-SOW-018-A,RAN,99.03,99.034375,-0.004374999999996021,99.66,0.38,98.67,44.93,41.46375,-8.359711796448712,12.68,52.2,-84.7,-10.3,18.2,49.4,34,1,3,1,0.13,155,0,0,0,0,normal,,0.0,normal
2026-09-14 06:00:00,Telkom,Gauteng,Soweto,JHB-SOW-018,JHB-SOW-018-A,RAN,99.17,99.05000000000001,0.11999999999999034,98.73,0.59,99.25,37.92,41.839375000000004,9.367671003689711,10.72,62.0,-87.9,-9.8,14.6,53.3,34,2,2,3,0.79,0,0,0,0,0,normal,,0.0,normal
2026-09-14 06:15:00,Telkom,Gauteng,Soweto,JHB-SOW-018,JHB-SOW-018-A,RAN,99.48,99.0775,0.4025000000000034,99.18,0.88,98.93,42.72,41.737500000000004,-2.3539982030547937,13.01,51.0,-85.6,-9.2,15.9,49.06,30,2,5,4,0.72,0,0,0,0,0,normal,,0.0,normal
2026-09-14 06:30:00,Telkom,Gauteng,Soweto,JHB-SOW-018,JHB-SOW-018-A,RAN,99.09,99.120625,-0.03062500000000057,99.02,0.05,97.45,34.41,41.496875,17.078093229911907,14.08,60.9,-87.8,-11.0,16.5,60.36,46,4,0,0,0.41,49,0,0,0,0,normal,,0.0,normal
2026-09-14 06:45:00,Telkom,Gauteng,Soweto,JHB-SOW-018,JHB-SOW-018-A,RAN,99.21,99.09562500000001,0.11437499999998124,98.58,0.58,98.88,36.03,41.13125,12.402370460416352,15.75,50.6,-85.6,-8.1,16.5,47.05,40,4,1,2,0.89,0,0,0,0,0,normal,,0.0,normal
2026-09-14 07:00:00,Telkom,Gauteng,Soweto,JHB-SOW-018,JHB-SOW-018-A,RAN,98.67,99.15187499999999,-0.48187499999998806,98.32,0.53,97.97,36.61,40.713125,10.078138192536187,11.99,42.6,-85.1,-10.8,16.0,48.57,43,6,5,1,0.75,23,0,0,0,0,normal,,0.0,normal
2026-09-14 07:15:00,Telkom,Gauteng,Soweto,JHB-SOW-018,JHB-SOW-018-A,RAN,98.69,99.166875,-0.4768750000000068,98.65,0.46,97.84,40.74,40.098125,-1.600760634069545,12.14,53.9,-81.7,-9.2,20.8,55.69,49,6,6,1,0.13,44,1,0,0,0,normal,,0.0,normal
2026-09-14 07:30:00,Telkom,Gauteng,Soweto,JHB-SOW-018,JHB-SOW-018-A,RAN,98.42,99.16187500000001,-0.7418750000000074,99.45,0.59,99.0,39.6,40.17375,1.4281713805656602,13.33,57.8,-82.2,-10.1,19.3,46.46,44,2,0,1,0.92,0,1,0,0,0,normal,,0.0,normal
2026-09-14 07:45:00,Telkom,Gauteng,Soweto,JHB-SOW-018,JHB-SOW-018-A,RAN,99.43,99.113125,0.31687500000001023,98.41,0.73,98.96,48.48,40.200625,-20.59514000093281,13.04,51.3,-86.1,-9.3,17.0,50.94,44,2,10,4,0.68,23,1,0,0,0,normal,,0.0,normal
2026-09-14 08:00:00,Telkom,Gauteng,Soweto,JHB-SOW-018,JHB-SOW-018-A,RAN,99.2,99.150625,0.049374999999997726,99.24,0.32,98.65,36.54,40.52,9.822309970385005,10.63,75.7,-89.4,-9.8,17.1,60.76,52,4,3,0,0.38,27,1,0,0,0,normal,,0.0,normal
2026-09-14 08:15:00,Telkom,Gauteng,Soweto,JHB-SOW-018,JHB-SOW-018-A,RAN,99.06,99.134375,-0.07437500000000341,98.65,0.48,98.05,45.55,40.56875,-12.278539516253263,12.74,42.4,-87.4,-12.5,18.2,46.83,50,3,4,3,0.63,141,0,0,0,0,normal,,0.0,normal
2026-09-14 08:30:00,Telkom,Gauteng,Soweto,JHB-SOW-018,JHB-SOW-018-A,RAN,98.98,99.111875,-0.13187499999999375,98.97,0.05,98.14,44.99,41.086875,-9.499688160756941,14.13,44.7,-86.6,-9.4,17.5,49.95,48,0,3,0,0.28,0,0,0,0,0,normal,,0.0,normal
2026-09-14 08:45:00,Telkom,Gauteng,Soweto,JHB-SOW-018,JHB-SOW-018-A,RAN,98.82,99.09375,-0.2737500000000068,99.07,0.93,98.57,37.76,40.674375,7.165137755650824,10.77,58.4,-83.2,-9.2,16.2,64.62,56,7,2,2,1.12,78,0,0,0,0,normal,,0.0,normal
2026-09-14 09:00:00,Telkom,Gauteng,Soweto,JHB-SOW-018,JHB-SOW-018-A,RAN,99.03,99.08375,-0.05374999999999375,98.79,0.48,97.87,32.37,40.5225,20.118452711456605,14.02,42.4,-86.6,-8.5,15.1,43.53,52,4,4,1,0.64,13,0,0,0,0,normal,,0.0,normal
2026-09-14 09:15:00,Telkom,Gauteng,Soweto,JHB-SOW-018,JHB-SOW-018-A,RAN,99.1,99.03187500000001,0.06812499999998067,98.56,0.23,98.39,31.17,39.550625,21.189614576255106,14.11,50.9,-82.2,-8.5,21.0,52.12,51,4,6,2,1.02,136,0,0,0,0,normal,,0.0,normal
2026-09-14 09:30:00,Telkom,Gauteng,Soweto,JHB-SOW-018,JHB-SOW-018-A,RAN,98.87,99.04875,-0.17874999999999375,99.16,0.31,99.09,34.79,39.435,11.778876632433125,10.13,58.9,-86.8,-9.6,17.2,64.95,58,5,4,2,1.1,0,0,0,0,0,normal,,0.0,normal
2026-09-14 09:45:00,Telkom,Gauteng,Soweto,JHB-SOW-018,JHB-SOW-018-A,RAN,98.94,99.015625,-0.07562500000000227,98.62,0.31,98.0,34.29,39.038125,12.16278958069836,11.49,55.4,-87.0,-10.3,15.0,62.46,56,5,5,3,0.54,50,0,0,0,0,normal,,0.0,normal
2026-09-14 10:00:00,Telkom,Gauteng,Soweto,JHB-SOW-018,JHB-SOW-018-A,RAN,99.02,99.00999999999999,0.010000000000005116,98.34,0.57,98.03,37.48,38.373125,2.3274752838086674,7.92,49.3,-86.1,-10.1,14.4,70.4,64,6,5,3,0.54,133,0,0,0,0,normal,,0.0,normal
2026-09-14 10:15:00,Telkom,Gauteng,Soweto,JHB-SOW-018,JHB-SOW-018-A,RAN,98.98,99.000625,-0.020624999999995453,98.26,0.54,97.97,36.68,38.345625,4.343715873714403,12.48,58.7,-89.1,-9.7,17.0,57.11,56,1,6,1,0.48,73,0,0,0,0,normal,,0.0,normal
2026-09-14 10:30:00,Telkom,Gauteng,Soweto,JHB-SOW-018,JHB-SOW-018-A,RAN,98.48,98.969375,-0.48937499999999545,99.1,0.5,99.56,41.13,37.96812499999999,-8.327709098092175,10.11,66.0,-84.3,-9.7,20.0,61.25,59,12,5,1,0.58,110,0,0,0,0,normal,,0.0,normal
2026-09-14 10:45:00,Telkom,Gauteng,Soweto,JHB-SOW-018,JHB-SOW-018-A,RAN,98.72,98.93125,-0.21125000000000682,98.91,0.56,99.03,40.52,38.388125,-5.5534751957799475,9.32,47.6,-84.4,-8.5,15.8,64.14,56,1,0,2,1.27,38,0,0,0,0,normal,,0.0,normal
2026-09-14 11:00:00,Telkom,Gauteng,Soweto,JHB-SOW-018,JHB-SOW-018-A,RAN,99.36,98.900625,0.4593749999999943,98.76,0.92,97.79,39.57,38.66875,-2.3306933893647903,13.57,40.2,-88.2,-8.9,18.0,47.08,47,4,8,5,0.38,10,0,0,0,0,normal,,0.0,normal
2026-09-14 11:15:00,Telkom,Gauteng,Soweto,JHB-SOW-018,JHB-SOW-018-A,RAN,98.82,98.94375,-0.12375000000000114,98.61,0.85,98.48,45.06,38.85375,-15.973361644628909,9.71,48.5,-87.2,-8.4,17.4,52.8,60,6,8,6,0.84,0,0,0,0,0,normal,,0.0,normal
2026-09-14 11:30:00,Telkom,Gauteng,Soweto,JHB-SOW-018,JHB-SOW-018-A,RAN,98.57,98.951875,-0.38187500000000796,99.29,0.49,98.78,35.12,39.12375,10.233553787660957,12.01,52.7,-83.2,-10.5,18.5,67.73,53,10,0,3,0.18,194,0,0,0,0,normal,,0.0,normal
2026-09-14 11:45:00,Telkom,Gauteng,Soweto,JHB-SOW-018,JHB-SOW-018-A,RAN,99.84,98.96125,0.8787499999999966,99.23,0.56,97.72,33.36,38.84375,14.117457763475464,16.43,50.1,-86.2,-11.1,21.1,63.81,59,0,2,2,0.52,0,0,0,0,0,normal,,0.0,normal
2026-09-14 12:00:00,Telkom,Gauteng,Soweto,JHB-SOW-018,JHB-SOW-018-A,RAN,98.85,98.986875,-0.1368750000000034,98.95,0.49,98.44,30.86,37.89875,18.572512286025265,11.87,57.4,-81.5,-8.3,19.5,66.76,57,0,2,2,0.6,0,0,0,0,0,normal,,0.0,normal
2026-09-14 12:15:00,Telkom,Gauteng,Soweto,JHB-SOW-018,JHB-SOW-018-A,RAN,99.17,98.965,0.2049999999999983,98.49,0.85,97.98,34.6,37.543749999999996,7.840852338937891,13.37,53.6,-82.4,-10.7,11.9,54.51,49,2,11,4,0.59,0,0,0,0,0,normal,,0.0,normal
2026-09-14 12:30:00,Telkom,Gauteng,Soweto,JHB-SOW-018,JHB-SOW-018-A,RAN,99.47,98.971875,0.4981250000000017,98.75,0.71,97.79,36.51,36.859375,0.9478592623993272,11.15,57.2,-84.5,-9.9,14.7,57.47,53,5,6,3,0.65,53,0,0,0,0,normal,,0.0,normal
2026-09-14 12:45:00,Telkom,Gauteng,Soweto,JHB-SOW-018,JHB-SOW-018-A,RAN,98.77,99.0025,-0.2325000000000017,98.31,0.72,99.55,30.3,36.329375,16.596418187761277,10.8,52.2,-86.6,-9.3,14.7,65.41,50,4,6,4,0.92,0,0,0,0,0,normal,,0.0,normal
2026-09-14 13:00:00,Telkom,Gauteng,Soweto,JHB-SOW-018,JHB-SOW-018-A,RAN,99.28,98.999375,0.28062500000000057,98.19,0.72,97.85,38.2,35.863125000000004,-6.516094177515202,12.73,60.4,-82.3,-10.7,19.7,50.57,49,2,11,2,0.42,117,0,0,0,0,normal,,0.0,normal
2026-09-14 13:15:00,Telkom,Gauteng,Soweto,JHB-SOW-018,JHB-SOW-018-A,RAN,98.91,99.01499999999999,-0.10499999999998977,97.96,0.11,99.14,43.64,36.2275,-20.46097577806915,12.98,54.4,-85.5,-8.5,16.1,41.54,43,2,4,0,0.27,93,0,0,0,0,normal,,0.0,normal
2026-09-14 13:30:00,Telkom,Gauteng,Soweto,JHB-SOW-018,JHB-SOW-018-A,RAN,99.14,99.003125,0.1368750000000034,99.15,0.76,98.24,39.8,37.006874999999994,-7.547584063771945,12.16,55.3,-85.6,-10.8,16.6,49.86,44,4,0,3,0.53,0,0,0,0,0,normal,,0.0,normal
2026-09-14 13:45:00,Telkom,Gauteng,Soweto,JHB-SOW-018,JHB-SOW-018-A,RAN,99.08,99.02000000000001,0.05999999999998806,98.88,0.12,97.89,44.16,37.32,-18.32797427652732,11.74,39.0,-87.9,-9.2,21.5,50.18,35,0,4,1,0.44,106,0,0,0,0,normal,,0.0,normal
2026-09-14 14:00:00,Telkom,Gauteng,Soweto,JHB-SOW-018,JHB-SOW-018-A,RAN,98.56,99.02875,-0.46875,99.33,0.71,98.58,37.48,37.936875,1.204303201041213,11.81,56.6,-88.2,-10.7,19.5,59.0,46,6,0,1,0.75,90,0,0,0,0,normal,,0.0,normal
2026-09-14 14:15:00,Telkom,Gauteng,Soweto,JHB-SOW-018,JHB-SOW-018-A,RAN,99.09,99.0,0.09000000000000341,98.9,0.17,98.7,35.82,37.936875,5.579993080610883,12.61,57.3,-82.8,-10.2,18.7,52.31,47,0,3,1,0.53,20,0,0,0,0,normal,,0.0,normal
2026-09-14 14:30:00,Telkom,Gauteng,Soweto,JHB-SOW-018,JHB-SOW-018-A,RAN,98.89,99.00687500000001,-0.11687500000000739,98.75,0.39,98.62,45.79,37.88312500000001,-20.87176018345897,12.47,50.9,-81.0,-9.3,16.5,53.79,32,5,3,2,0.27,37,0,0,0,0,normal,,0.0,normal
2026-09-14 14:45:00,Telkom,Gauteng,Soweto,JHB-SOW-018,JHB-SOW-018-A,RAN,99.1,99.0325,0.06749999999999545,98.98,0.32,98.8,53.39,38.174375,-39.858216408258166,13.59,59.5,-86.3,-8.7,17.4,41.12,38,6,0,0,0.24,47,0,0,0,0,normal,,0.0,normal
2026-09-14 15:00:00,Telkom,Gauteng,Soweto,JHB-SOW-018,JHB-SOW-018-A,RAN,99.03,99.05625,-0.026250000000004547,99.37,0.56,99.43,29.79,38.97875,23.57374210306898,9.94,53.1,-81.3,-9.4,15.5,55.65,53,2,3,2,1.0,0,0,0,0,0,normal,,0.0,normal
2026-09-14 15:15:00,Telkom,Gauteng,Soweto,JHB-SOW-018,JHB-SOW-018-A,RAN,99.12,99.03562500000001,0.08437499999999432,99.44,0.56,97.87,32.17,38.3675,16.152994070502373,15.57,58.1,-85.3,-8.8,17.6,49.64,34,5,2,1,0.55,127,0,0,0,0,normal,,0.0,normal
2026-09-14 15:30:00,Telkom,Gauteng,Soweto,JHB-SOW-018,JHB-SOW-018-A,RAN,98.85,99.054375,-0.20437499999999886,98.82,0.57,98.38,47.6,37.561875,-26.724238340072215,10.18,52.3,-86.0,-9.5,17.8,49.13,33,3,0,2,0.39,0,0,0,0,0,normal,,0.0,normal
2026-09-14 15:45:00,Telkom,Gauteng,Soweto,JHB-SOW-018,JHB-SOW-018-A,RAN,99.71,99.071875,0.6381249999999881,98.24,0.44,99.4,32.95,38.341874999999995,14.062627349340618,10.96,43.5,-85.4,-8.8,19.7,52.6,42,0,6,2,0.85,110,0,0,0,0,normal,,0.0,normal
2026-09-14 16:00:00,Telkom,Gauteng,Soweto,JHB-SOW-018,JHB-SOW-018-A,RAN,98.99,99.06375,-0.07375000000000398,98.51,0.32,98.68,41.94,38.31625,-9.45747561413239,9.98,57.9,-90.9,-9.9,14.4,56.54,44,5,5,0,0.89,52,0,0,0,0,normal,,0.0,normal
2026-09-14 16:15:00,Telkom,Gauteng,Soweto,JHB-SOW-018,JHB-SOW-018-A,RAN,99.33,99.07249999999999,0.2575000000000074,99.1,0.61,98.3,40.72,39.008750000000006,-4.386836286730522,13.81,57.9,-85.4,-11.2,15.0,46.7,41,2,0,2,0.98,0,0,0,0,0,normal,,0.0,normal
2026-09-14 16:30:00,Telkom,Gauteng,Soweto,JHB-SOW-018,JHB-SOW-018-A,RAN,98.89,99.08250000000001,-0.19250000000000966,99.1,0.41,98.99,40.16,39.39125,-1.9515755402532216,12.9,49.6,-82.8,-8.5,18.8,47.13,37,4,5,3,0.11,7,0,0,0,0,normal,,0.0,normal
2026-09-14 16:45:00,Telkom,Gauteng,Soweto,JHB-SOW-018,JHB-SOW-018-A,RAN,98.63,99.04625,-0.4162500000000051,99.12,0.53,99.45,40.02,39.619375000000005,-1.011184553012252,12.64,55.6,-84.3,-11.4,16.4,55.07,46,6,0,1,0.63,63,0,0,0,0,normal,,0.0,normal
2026-09-14 17:00:00,Telkom,Gauteng,Soweto,JHB-SOW-018,JHB-SOW-018-A,RAN,99.01,99.03750000000001,-0.02750000000000341,98.56,0.68,96.95,41.04,40.226875,-2.021347668691638,13.48,45.8,-84.8,-11.4,15.6,61.69,43,0,4,4,0.93,58,0,0,0,0,normal,,0.0,normal
2026-09-14 17:15:00,Telkom,Gauteng,Soweto,JHB-SOW-018,JHB-SOW-018-A,RAN,98.56,99.02062500000001,-0.4606250000000074,99.1,0.46,98.78,38.38,40.404375,5.010286633563814,12.03,49.7,-86.3,-10.5,15.4,55.95,51,3,3,1,0.74,61,0,0,0,0,normal,,0.0,normal
2026-09-14 17:30:00,Telkom,Gauteng,Soweto,JHB-SOW-018,JHB-SOW-018-A,RAN,98.75,98.99875,-0.24875000000000114,98.55,0.51,98.87,29.67,40.075624999999995,25.964972473916486,12.59,53.9,-84.5,-8.7,14.4,59.66,47,5,2,2,0.67,0,0,0,0,0,normal,,0.0,normal
2026-09-14 17:45:00,Telkom,Gauteng,Soweto,JHB-SOW-018,JHB-SOW-018-A,RAN,99.47,98.974375,0.495625000000004,98.76,0.45,98.78,30.48,39.442499999999995,22.72295113139379,12.34,51.9,-88.7,-8.4,20.4,58.43,56,2,4,2,1.06,0,0,0,0,0,normal,,0.0,normal
2026-09-14 18:00:00,Telkom,Gauteng,Soweto,JHB-SOW-018,JHB-SOW-018-A,RAN,99.89,98.99875,0.8912499999999994,98.59,0.13,98.71,35.5,38.5875,8.001295756397795,10.03,53.3,-90.7,-10.1,16.9,58.3,49,0,6,0,0.2,3,0,0,0,0,normal,,0.0,normal
2026-09-14 18:15:00,Telkom,Gauteng,Soweto,JHB-SOW-018,JHB-SOW-018-A,RAN,99.48,99.081875,0.3981250000000074,99.22,0.51,98.77,28.09,38.46375,26.970199213545214,9.51,48.5,-83.9,-10.0,19.9,62.48,51,7,3,4,0.8,95,0,0,1,0,normal,,0.0,normal
2026-09-14 18:30:00,Telkom,Gauteng,Soweto,JHB-SOW-018,JHB-SOW-018-A,RAN,99.1,99.10624999999999,-0.006249999999994316,98.62,0.61,98.88,43.93,37.980624999999996,-15.664236699633047,11.9,42.9,-88.7,-10.5,15.5,53.1,42,2,2,2,0.1,179,0,0,1,0,normal,,0.0,normal
2026-09-14 18:45:00,Telkom,Gauteng,Soweto,JHB-SOW-018,JHB-SOW-018-A,RAN,99.18,99.119375,0.060625000000001705,98.07,0.13,98.2,42.3,37.864374999999995,-11.714507370054312,16.18,42.5,-88.7,-10.3,18.0,44.85,38,0,2,0,0.52,197,0,0,1,0,normal,,0.0,normal
2026-09-14 19:00:00,Telkom,Gauteng,Soweto,JHB-SOW-018,JHB-SOW-018-A,RAN,99.62,99.12437499999999,0.4956250000000182,99.03,0.48,98.13,28.1,37.17125,24.40394121801123,8.45,57.0,-85.9,-7.5,16.0,69.81,59,3,8,2,0.78,82,0,0,1,0,normal,,0.0,normal
2026-09-14 19:15:00,Telkom,Gauteng,Soweto,JHB-SOW-018,JHB-SOW-018-A,RAN,98.79,99.16125,-0.3712499999999892,99.19,0.56,98.22,42.17,37.065625000000004,-13.77118286822358,12.35,58.7,-88.3,-9.3,15.0,53.04,49,3,1,1,1.11,35,0,0,0,0,normal,,0.0,normal
2026-09-14 19:30:00,Telkom,Gauteng,Soweto,JHB-SOW-018,JHB-SOW-018-A,RAN,98.74,99.140625,-0.4006250000000051,99.21,0.2,98.92,36.75,37.690625,2.4956471271038816,12.05,56.0,-84.5,-10.5,18.2,50.86,40,8,0,0,1.34,17,0,0,0,0,normal,,0.0,normal
2026-09-14 19:45:00,Telkom,Gauteng,Soweto,JHB-SOW-018,JHB-SOW-018-A,RAN,98.49,99.13375,-0.6437500000000114,98.21,0.27,98.33,36.81,37.0125,0.5471124620060805,13.06,63.8,-84.8,-7.9,11.2,52.2,50,0,7,0,1.17,102,0,0,0,0,normal,,0.0,normal
2026-09-14 20:00:00,Telkom,Gauteng,Soweto,JHB-SOW-018,JHB-SOW-018-A,RAN,98.83,99.0575,-0.22750000000000625,99.0,0.76,98.3,36.86,37.253750000000004,1.0569405764520463,15.73,49.8,-87.1,-9.2,21.4,48.0,44,4,8,2,0.44,0,0,0,0,0,normal,,0.0,normal
2026-09-14 20:15:00,Telkom,Gauteng,Soweto,JHB-SOW-018,JHB-SOW-018-A,RAN,99.0,99.0475,-0.04749999999999943,98.5,0.61,98.49,47.14,36.936249999999994,-27.625300348573578,11.66,53.9,-84.4,-9.8,20.2,47.04,40,2,5,2,0.1,41,0,0,0,0,normal,,0.0,normal
2026-09-14 20:30:00,Telkom,Gauteng,Soweto,JHB-SOW-018,JHB-SOW-018-A,RAN,99.9,99.02687499999999,0.8731250000000159,98.28,0.83,98.66,42.35,37.337500000000006,-13.424840977569454,14.01,52.6,-85.0,-10.0,14.8,50.16,42,0,9,3,0.52,34,1,0,0,0,normal,,0.0,normal
2026-09-14 20:45:00,Telkom,Gauteng,Soweto,JHB-SOW-018,JHB-SOW-018-A,RAN,98.74,99.09,-0.3500000000000085,98.88,0.28,99.06,43.03,37.474374999999995,-14.82513050584568,10.24,49.3,-84.3,-10.8,18.2,56.74,32,2,0,2,0.7,13,1,0,0,0,normal,,0.0,normal
2026-09-14 21:00:00,Telkom,Gauteng,Soweto,JHB-SOW-018,JHB-SOW-018-A,RAN,98.43,99.096875,-0.6668749999999903,98.52,0.46,97.87,39.73,37.6625,-5.489545303684023,14.4,49.0,-86.8,-10.5,17.6,57.08,45,7,6,2,0.11,54,1,0,0,0,normal,,0.0,normal
2026-09-14 21:15:00,Telkom,Gauteng,Soweto,JHB-SOW-018,JHB-SOW-018-A,RAN,99.1,99.060625,0.03937499999999261,98.56,0.62,98.52,38.09,37.580625,-1.355419182091851,13.8,64.0,-91.8,-7.7,16.1,46.7,41,4,4,2,0.91,94,1,0,0,0,normal,,0.0,normal
2026-09-14 21:30:00,Telkom,Gauteng,Soweto,JHB-SOW-018,JHB-SOW-018-A,RAN,99.1,99.094375,0.005624999999994884,98.79,0.36,98.5,44.04,37.5625,-17.24459234608985,10.85,48.6,-85.3,-10.8,17.0,43.74,33,1,4,2,0.33,32,0,0,0,0,normal,,0.0,normal
2026-09-14 21:45:00,Telkom,Gauteng,Soweto,JHB-SOW-018,JHB-SOW-018-A,RAN,98.89,99.11625,-0.22624999999999318,98.75,0.05,98.71,55.5,38.46062499999999,-44.30342720639618,13.35,47.4,-88.6,-11.0,16.7,36.6,34,4,4,0,0.44,98,0,0,0,0,normal,,0.0,normal
2026-09-14 22:00:00,Telkom,Gauteng,Soweto,JHB-SOW-018,JHB-SOW-018-A,RAN,99.4,99.08,0.3200000000000074,98.85,0.06,99.82,46.33,40.024375000000006,-15.754462124642773,13.41,50.2,-87.1,-8.5,18.1,39.34,32,1,1,0,1.01,25,1,0,0,0,normal,,0.0,normal
2026-09-14 22:15:00,Telkom,Gauteng,Soweto,JHB-SOW-018,JHB-SOW-018-A,RAN,99.07,99.04937500000001,0.02062499999998124,98.85,0.75,98.86,36.88,40.70125,9.388532293234235,16.26,51.7,-84.3,-11.2,15.5,51.54,37,0,3,3,0.96,52,1,0,0,0,normal,,0.0,normal
2026-09-14 22:30:00,Telkom,Gauteng,Soweto,JHB-SOW-018,JHB-SOW-018-A,RAN,99.27,99.02375,0.2462499999999892,98.34,0.38,98.7,36.01,41.250625,12.704352964349027,12.87,49.7,-87.0,-8.2,17.7,44.64,34,0,5,1,0.89,23,1,0,0,0,normal,,0.0,normal
2026-09-14 22:45:00,Telkom,Gauteng,Soweto,JHB-SOW-018,JHB-SOW-018-A,RAN,99.29,99.034375,0.2556250000000091,98.1,0.22,98.36,42.75,40.755624999999995,-4.8934962965235,15.86,40.0,-91.0,-11.4,18.4,42.15,30,0,7,0,0.57,0,1,0,0,0,normal,,0.0,normal
2026-09-14 23:00:00,Telkom,Gauteng,Soweto,JHB-SOW-018,JHB-SOW-018-A,RAN,98.88,99.04125,-0.16125000000000966,98.62,0.68,99.59,36.85,40.78375,9.645385723480544,12.8,51.0,-86.3,-8.8,13.6,54.45,29,4,5,1,0.52,65,1,0,0,0,normal,,0.0,normal
2026-09-14 23:15:00,Telkom,Gauteng,Soweto,JHB-SOW-018,JHB-SOW-018-A,RAN,99.9,98.995,0.9050000000000011,99.03,0.1,98.43,35.68,41.330625,13.671762766713542,10.06,56.6,-91.3,-9.4,15.6,53.0,31,1,0,0,0.7,78,1,0,0,0,normal,,0.0,normal
2026-09-14 23:30:00,Telkom,Gauteng,Soweto,JHB-SOW-018,JHB-SOW-018-A,RAN,99.25,99.064375,0.1856250000000017,98.82,0.64,97.52,44.91,40.925,-9.73732437385461,14.41,50.9,-85.6,-12.0,15.8,54.73,37,1,0,1,0.82,0,2,0,0,0,normal,,0.0,normal
2026-09-14 23:45:00,Telkom,Gauteng,Soweto,JHB-SOW-018,JHB-SOW-018-A,RAN,98.74,99.09625,-0.35625000000000284,99.0,0.32,99.06,43.06,41.435,-3.9218052371183783,13.85,49.2,-88.3,-9.8,15.4,44.99,25,3,1,0,0.59,41,2,0,0,0,normal,,0.0,normal
2026-09-15 00:00:00,Telkom,Gauteng,Soweto,JHB-SOW-018,JHB-SOW-018-A,RAN,99.78,99.111875,0.6681250000000034,98.61,0.47,99.48,42.12,41.825624999999995,-0.7038149459810876,12.21,48.5,-86.2,-8.6,14.5,42.89,25,0,0,0,1.18,0,1,0,0,0,normal,,0.0,normal
2026-09-15 00:15:00,Telkom,Gauteng,Soweto,JHB-SOW-018,JHB-SOW-018-A,RAN,98.74,99.17125,-0.4312500000000057,98.47,0.53,98.15,38.35,42.154375,9.024863967263185,13.52,41.8,-84.1,-9.6,14.4,49.37,32,3,3,0,0.85,35,1,0,0,0,normal,,0.0,normal
2026-09-15 00:30:00,Telkom,Gauteng,Soweto,JHB-SOW-018,JHB-SOW-018-A,RAN,99.28,99.155,0.125,98.81,0.77,98.04,43.46,41.605,-4.45859872611466,13.0,39.5,-89.2,-8.4,17.2,41.95,31,2,0,2,1.08,46,1,0,0,0,normal,,0.0,normal
2026-09-15 00:45:00,Telkom,Gauteng,Soweto,JHB-SOW-018,JHB-SOW-018-A,RAN,99.52,99.11625,0.4037500000000023,98.51,0.27,99.02,49.28,41.674375000000005,-18.250123727110473,13.93,54.4,-88.7,-11.0,19.5,30.2,25,2,1,0,1.73,173,1,0,0,0,normal,,0.0,normal
2026-09-15 01:00:00,Telkom,Gauteng,Soweto,JHB-SOW-018,JHB-SOW-018-A,RAN,98.37,99.16499999999999,-0.7949999999999875,98.53,0.53,98.65,40.93,42.065,2.698205158682986,10.47,52.4,-90.2,-10.5,15.6,47.24,26,0,4,3,0.7,0,0,0,0,0,normal,,0.0,normal
2026-09-15 01:15:00,Telkom,Gauteng,Soweto,JHB-SOW-018,JHB-SOW-018-A,RAN,99.32,99.16125,0.15874999999999773,99.2,0.46,97.84,49.01,42.14,-16.30280018984337,13.03,46.2,-91.0,-12.2,18.6,43.47,26,1,2,0,0.51,12,0,0,0,0,normal,,0.0,normal
2026-09-15 01:30:00,Telkom,Gauteng,Soweto,JHB-SOW-018,JHB-SOW-018-A,RAN,98.84,99.175,-0.33499999999999375,98.74,0.45,98.78,49.7,42.8225,-16.060482223130375,12.39,44.2,-88.5,-10.5,19.6,42.87,30,0,0,0,1.06,21,0,0,0,0,normal,,0.0,normal
2026-09-15 01:45:00,Telkom,Gauteng,Soweto,JHB-SOW-018,JHB-SOW-018-A,RAN,99.68,99.15875,0.5212500000000091,98.78,0.25,99.48,43.87,43.176249999999996,-1.6067861382125626,11.95,58.9,-85.3,-10.4,16.4,42.99,27,2,0,1,0.21,0,0,0,0,0,normal,,0.0,normal
2026-09-15 02:00:00,Telkom,Gauteng,Soweto,JHB-SOW-018,JHB-SOW-018-A,RAN,98.98,99.208125,-0.22812499999999147,98.67,0.58,97.41,41.94,42.449374999999996,1.1999587744224705,13.19,48.3,-82.1,-9.8,17.7,50.34,32,3,5,2,1.0,0,0,0,0,0,normal,,0.0,normal
2026-09-15 02:15:00,Telkom,Gauteng,Soweto,JHB-SOW-018,JHB-SOW-018-A,RAN,99.07,99.18187499999999,-0.11187499999999773,99.09,0.32,98.95,52.85,42.175,-25.311203319502084,15.36,56.0,-86.4,-9.2,13.6,40.69,36,5,4,0,0.12,32,0,0,0,0,normal,,0.0,normal
2026-09-15 02:30:00,Telkom,Gauteng,Soweto,JHB-SOW-018,JHB-SOW-018-A,RAN,99.58,99.18187499999999,0.3981250000000074,98.92,0.2,98.76,39.96,43.173125,7.442419329154418,13.36,52.7,-86.9,-9.7,14.5,48.92,29,0,3,1,0.7,7,0,0,0,0,normal,,0.0,normal
2026-09-15 02:45:00,Telkom,Gauteng,Soweto,JHB-SOW-018,JHB-SOW-018-A,RAN,98.98,99.20125,-0.22124999999999773,99.05,0.19,99.18,47.34,43.42,-9.028097650852146,12.51,46.5,-85.5,-10.8,15.8,37.39,28,1,0,0,0.95,113,0,0,0,0,normal,,0.0,normal
2026-09-15 03:00:00,Telkom,Gauteng,Soweto,JHB-SOW-018,JHB-SOW-018-A,RAN,99.14,99.181875,-0.04187500000000455,98.75,0.37,99.0,47.51,43.706875000000004,-8.701434270924183,12.51,46.3,-91.3,-8.8,21.0,37.0,23,3,5,0,1.12,45,0,0,0,0,normal,,0.0,normal
2026-09-15 03:15:00,Telkom,Gauteng,Soweto,JHB-SOW-018,JHB-SOW-018-A,RAN,99.05,99.19812499999999,-0.14812499999999318,99.35,0.75,98.92,36.33,44.373125,18.126118004986132,14.05,47.9,-83.7,-9.8,17.0,42.95,30,2,0,1,0.21,55,0,0,0,0,normal,,0.0,normal
2026-09-15 03:30:00,Telkom,Gauteng,Soweto,JHB-SOW-018,JHB-SOW-018-A,RAN,98.95,99.145,-0.19499999999999318,98.39,0.51,98.06,45.49,44.41374999999999,-2.4232360473952523,13.14,48.8,-87.0,-9.5,16.9,46.81,22,0,2,1,0.74,67,0,0,0,0,normal,,0.0,normal
2026-09-15 03:45:00,Telkom,Gauteng,Soweto,JHB-SOW-018,JHB-SOW-018-A,RAN,99.36,99.12625,0.23375000000000057,98.48,0.64,98.72,46.64,44.449999999999996,-4.926884139482576,11.9,44.8,-88.0,-9.1,14.8,39.06,32,4,6,0,0.53,126,0,0,0,0,normal,,0.0,normal
2026-09-15 04:00:00,Telkom,Gauteng,Soweto,JHB-SOW-018,JHB-SOW-018-A,RAN,98.75,99.165,-0.41500000000000625,98.68,0.27,98.37,49.43,44.67375,-10.646632530289043,8.79,44.7,-87.2,-9.7,16.6,50.71,39,10,1,0,1.37,81,0,0,0,0,normal,,0.0,normal
2026-09-15 04:15:00,Telkom,Gauteng,Soweto,JHB-SOW-018,JHB-SOW-018-A,RAN,99.35,99.10062500000001,0.24937499999998636,98.52,0.85,98.12,41.34,45.130625,8.399230012879277,12.4,57.3,-82.7,-10.9,18.5,48.98,26,0,0,1,1.15,48,0,0,0,0,normal,,0.0,normal
2026-09-15 04:30:00,Telkom,Gauteng,Soweto,JHB-SOW-018,JHB-SOW-018-A,RAN,99.27,99.13875,0.13124999999999432,97.96,0.56,98.34,44.0,45.3175,2.9072654051966733,12.19,49.3,-87.7,-8.9,21.5,41.39,37,1,6,1,0.6,0,0,0,0,0,normal,,0.0,normal
2026-09-15 04:45:00,Telkom,Gauteng,Soweto,JHB-SOW-018,JHB-SOW-018-A,RAN,99.76,99.138125,0.6218750000000028,99.09,1.01,98.56,46.42,45.35125,-2.3566053857390954,12.7,52.3,-89.6,-9.7,16.3,46.38,32,0,3,4,0.65,155,0,0,0,0,normal,,0.0,normal
2026-09-15 05:00:00,Telkom,Gauteng,Soweto,JHB-SOW-018,JHB-SOW-018-A,RAN,98.89,99.153125,-0.2631250000000023,99.24,0.61,97.74,36.79,45.1725,18.556643975870276,13.05,51.0,-85.2,-8.1,16.9,60.96,41,7,2,2,0.59,130,0,0,0,0,normal,,0.0,normal
2026-09-15 05:15:00,Telkom,Gauteng,Soweto,JHB-SOW-018,JHB-SOW-018-A,RAN,98.6,99.185625,-0.5856250000000074,98.97,0.57,98.29,45.54,44.91375,-1.3943391500375695,15.31,42.1,-91.5,-8.5,13.7,45.96,37,4,4,2,1.16,90,0,0,0,0,normal,,0.0,normal
2026-09-15 05:30:00,Telkom,Gauteng,Soweto,JHB-SOW-018,JHB-SOW-018-A,RAN,98.89,99.140625,-0.25062499999999943,99.44,0.1,97.87,42.23,44.696875000000006,5.5191218625463385,14.07,47.2,-83.9,-9.8,20.1,46.78,33,1,2,0,1.09,0,0,0,0,0,normal,,0.0,normal
2026-09-15 05:45:00,Telkom,Gauteng,Soweto,JHB-SOW-018,JHB-SOW-018-A,RAN,99.17,99.14375,0.026250000000004547,98.8,0.71,98.33,43.83,44.230000000000004,0.9043635541487806,11.29,49.8,-84.2,-11.5,19.4,53.31,49,11,4,2,0.79,228,0,0,0,0,normal,,0.0,normal
2026-09-15 06:00:00,Telkom,Gauteng,Soweto,JHB-SOW-018,JHB-SOW-018-A,RAN,99.38,99.111875,0.2681249999999977,98.71,0.39,99.02,40.0,44.2275,9.558532587191225,11.59,52.2,-87.2,-10.8,15.7,52.77,35,4,6,1,1.25,81,0,0,0,0,normal,,0.0,normal
2026-09-15 06:15:00,Telkom,Gauteng,Soweto,JHB-SOW-018,JHB-SOW-018-A,RAN,99.65,99.136875,0.5131250000000023,98.73,1.0,98.51,43.93,44.10625,0.39960323083463933,13.43,50.7,-85.7,-10.3,17.3,53.01,47,1,4,5,1.0,86,0,0,0,0,normal,,0.0,normal
2026-09-15 06:30:00,Telkom,Gauteng,Soweto,JHB-SOW-018,JHB-SOW-018-A,RAN,99.47,99.173125,0.296875,98.82,0.78,98.62,40.67,43.548750000000005,6.610407876230669,14.5,59.5,-88.2,-10.6,15.4,47.95,43,0,0,3,0.68,260,0,0,0,0,normal,,0.0,normal
2026-09-15 06:45:00,Telkom,Gauteng,Soweto,JHB-SOW-018,JHB-SOW-018-A,RAN,98.85,99.16624999999999,-0.3162499999999966,99.27,0.58,98.18,47.75,43.593125,-9.535620582373939,12.98,56.2,-87.2,-10.1,18.8,41.55,45,7,0,3,0.64,0,0,0,0,0,normal,,0.0,normal
2026-09-15 07:00:00,Telkom,Gauteng,Soweto,JHB-SOW-018,JHB-SOW-018-A,RAN,99.37,99.158125,0.21187500000000625,99.51,0.42,98.14,32.59,43.61875,25.28442470267946,13.56,56.1,-81.4,-11.0,15.0,54.47,35,2,0,2,1.0,47,0,0,0,0,normal,,0.0,normal
2026-09-15 07:15:00,Telkom,Gauteng,Soweto,JHB-SOW-018,JHB-SOW-018-A,RAN,98.77,99.1725,-0.4025000000000034,98.34,0.43,98.77,44.15,42.68625,-3.429090163694392,14.69,50.7,-93.3,-9.0,19.2,43.09,41,7,3,1,0.93,51,0,0,0,0,normal,,0.0,normal
2026-09-15 07:30:00,Telkom,Gauteng,Soweto,JHB-SOW-018,JHB-SOW-018-A,RAN,98.73,99.155,-0.42499999999999716,99.07,0.41,98.15,39.6,43.175000000000004,8.280254777070068,13.47,55.9,-88.9,-8.9,15.6,52.32,43,0,1,0,0.86,12,0,0,0,0,normal,,0.0,normal
2026-09-15 07:45:00,Telkom,Gauteng,Soweto,JHB-SOW-018,JHB-SOW-018-A,RAN,99.08,99.14125,-0.06125000000000114,98.94,0.77,97.6,39.26,42.806875000000005,8.285760172869445,10.12,53.2,-89.2,-9.8,17.1,50.28,40,0,3,2,0.79,65,0,0,0,0,normal,,0.0,normal
2026-09-15 08:00:00,Telkom,Gauteng,Soweto,JHB-SOW-018,JHB-SOW-018-A,RAN,98.27,99.12375,-0.8537500000000051,98.97,0.47,97.65,39.15,42.345625,7.546529304975424,10.12,60.0,-87.1,-11.7,15.9,64.13,47,5,9,0,0.89,84,0,0,0,0,normal,,0.0,normal
2026-09-15 08:15:00,Telkom,Gauteng,Soweto,JHB-SOW-018,JHB-SOW-018-A,RAN,98.91,99.09375,-0.1837500000000034,98.82,0.26,98.05,37.36,41.703125,10.414387411015364,14.63,53.9,-85.3,-10.1,16.9,53.02,52,4,3,0,0.97,0,0,0,0,0,normal,,0.0,normal
2026-09-15 08:30:00,Telkom,Gauteng,Soweto,JHB-SOW-018,JHB-SOW-018-A,RAN,98.93,99.06625,-0.13624999999998977,98.99,0.25,99.46,29.77,41.454375,28.186108221387972,9.36,57.9,-87.1,-9.4,16.0,59.6,55,2,3,1,0.94,0,0,0,0,0,normal,,0.0,normal
2026-09-15 08:45:00,Telkom,Gauteng,Soweto,JHB-SOW-018,JHB-SOW-018-A,RAN,99.54,99.045,0.49500000000000455,98.92,0.67,98.76,49.06,40.565,-20.94169850856651,9.71,58.5,-84.7,-9.1,16.3,55.15,55,3,4,3,0.44,0,0,0,0,0,normal,,0.0,normal
2026-09-15 09:00:00,Telkom,Gauteng,Soweto,JHB-SOW-018,JHB-SOW-018-A,RAN,99.41,99.03125,0.3787499999999966,98.94,0.66,98.37,38.53,40.730000000000004,5.401424011784932,13.5,58.7,-94.3,-10.8,17.5,50.12,45,0,3,2,0.49,28,0,0,0,0,normal,,0.0,normal
2026-09-15 09:15:00,Telkom,Gauteng,Soweto,JHB-SOW-018,JHB-SOW-018-A,RAN,99.0,99.06375,-0.06374999999999886,99.17,0.58,98.55,40.66,40.838750000000005,0.43769704018856587,14.41,63.6,-87.0,-10.7,17.6,45.59,46,3,1,2,1.02,41,0,0,0,0,normal,,0.0,normal
2026-09-15 09:30:00,Telkom,Gauteng,Soweto,JHB-SOW-018,JHB-SOW-018-A,RAN,98.65,99.08875,-0.43874999999999886,98.4,0.33,99.06,40.83,40.53375,-0.7308724211305409,12.12,46.0,-88.0,-11.4,18.4,52.66,53,12,7,2,0.25,76,0,0,0,0,normal,,0.0,normal
2026-09-15 09:45:00,Telkom,Gauteng,Soweto,JHB-SOW-018,JHB-SOW-018-A,RAN,99.12,99.07374999999999,0.04625000000001478,98.66,0.73,99.18,37.19,40.44625,8.050808171338508,11.83,44.8,-82.4,-9.3,14.7,56.45,51,2,5,2,0.47,87,0,0,0,0,normal,,0.0,normal
2026-09-15 10:00:00,Telkom,Gauteng,Soweto,JHB-SOW-018,JHB-SOW-018-A,RAN,99.02,99.070625,-0.0506250000000108,98.4,0.47,97.6,44.54,40.03125,-11.263075722092115,10.68,45.4,-85.2,-9.3,15.5,56.84,43,2,4,3,0.73,75,0,0,0,0,normal,,0.0,normal
2026-09-15 10:15:00,Telkom,Gauteng,Soweto,JHB-SOW-018,JHB-SOW-018-A,RAN,99.32,99.048125,0.2718749999999943,99.69,0.15,99.08,38.13,40.315,5.419818925958069,12.08,60.2,-87.0,-10.5,18.9,54.16,48,4,0,0,0.8,37,0,0,0,0,normal,,0.0,normal
2026-09-15 10:30:00,Telkom,Gauteng,Soweto,JHB-SOW-018,JHB-SOW-018-A,RAN,98.61,99.02749999999999,-0.41749999999998977,98.71,0.84,98.91,33.12,39.9525,17.101558100244045,11.13,64.2,-90.3,-11.4,18.7,62.3,56,10,5,4,0.81,0,0,0,0,0,normal,,0.0,normal
2026-09-15 10:45:00,Telkom,Gauteng,Soweto,JHB-SOW-018,JHB-SOW-018-A,RAN,99.22,98.97375000000001,0.2462499999999892,98.58,0.39,97.98,37.69,39.480624999999996,4.535452516265886,10.41,54.7,-88.5,-10.6,17.2,56.83,57,5,9,0,0.75,41,0,0,0,0,normal,,0.0,normal
2026-09-15 11:00:00,Telkom,Gauteng,Soweto,JHB-SOW-018,JHB-SOW-018-A,RAN,99.21,98.996875,0.2131249999999909,98.57,0.34,99.38,39.14,38.851875,-0.7415987001914345,15.36,50.7,-82.2,-9.4,19.0,52.07,49,4,6,0,0.68,43,0,0,0,0,normal,,0.0,normal
2026-09-15 11:15:00,Telkom,Gauteng,Soweto,JHB-SOW-018,JHB-SOW-018-A,RAN,99.57,98.986875,0.5831249999999955,99.12,0.73,99.06,33.63,39.26125,14.343022700499844,11.73,61.7,-85.7,-9.5,19.9,61.6,50,6,5,3,0.91,129,0,0,0,0,normal,,0.0,normal
2026-09-15 11:30:00,Telkom,Gauteng,Soweto,JHB-SOW-018,JHB-SOW-018-A,RAN,99.24,99.03687500000001,0.2031249999999858,98.76,0.64,97.85,38.34,38.60375,0.6832237800731654,12.98,51.3,-81.6,-10.1,16.7,51.29,54,7,2,3,0.69,0,0,0,0,0,normal,,0.0,normal
2026-09-15 11:45:00,Telkom,Gauteng,Soweto,JHB-SOW-018,JHB-SOW-018-A,RAN,98.88,99.06875000000001,-0.18875000000001307,98.81,0.54,98.26,35.89,38.525,6.839714471122643,11.9,58.6,-83.5,-12.3,19.0,64.27,57,7,6,4,0.81,92,0,0,0,0,normal,,0.0,normal
2026-09-15 12:00:00,Telkom,Gauteng,Soweto,JHB-SOW-018,JHB-SOW-018-A,RAN,99.06,99.05624999999999,0.0037500000000108002,98.3,0.05,99.47,32.85,38.314375,14.26194476616152,12.27,44.2,-89.9,-11.3,14.3,58.64,53,5,9,0,0.63,0,0,0,0,0,normal,,0.0,normal
2026-09-15 12:15:00,Telkom,Gauteng,Soweto,JHB-SOW-018,JHB-SOW-018-A,RAN,99.12,99.10562499999999,0.014375000000015348,99.0,0.63,98.18,32.74,37.920625,13.661760585433386,14.21,56.1,-87.0,-8.9,18.7,57.53,50,4,3,3,1.02,60,0,0,0,0,normal,,0.0,normal
2026-09-15 12:30:00,Telkom,Gauteng,Soweto,JHB-SOW-018,JHB-SOW-018-A,RAN,99.21,99.11875,0.09124999999998806,98.3,0.25,99.22,42.35,37.631875,-12.537576190397104,10.15,56.4,-88.0,-9.2,14.0,58.04,50,4,6,1,0.61,163,0,0,0,0,normal,,0.0,normal
2026-09-15 12:45:00,Telkom,Gauteng,Soweto,JHB-SOW-018,JHB-SOW-018-A,RAN,98.52,99.13625,-0.616250000000008,98.72,0.39,98.41,37.96,38.418125,1.1924710016431113,14.0,56.5,-84.5,-10.5,17.5,54.31,42,3,4,0,0.64,0,0,0,0,0,normal,,0.0,normal
2026-09-15 13:00:00,Telkom,Gauteng,Soweto,JHB-SOW-018,JHB-SOW-018-A,RAN,98.74,99.0725,-0.33250000000001023,98.74,0.72,98.71,46.85,37.724375,-24.19026160141818,12.79,57.5,-89.7,-10.0,15.3,49.74,45,2,1,1,0.28,0,0,0,0,0,normal,,0.0,normal
2026-09-15 13:15:00,Telkom,Gauteng,Soweto,JHB-SOW-018,JHB-SOW-018-A,RAN,99.45,99.030625,0.4193750000000023,98.58,0.3,98.61,37.86,38.244375,1.0050497622199306,11.56,63.2,-86.8,-9.9,16.3,49.75,45,2,7,1,0.49,0,0,0,0,0,normal,,0.0,normal
2026-09-15 13:30:00,Telkom,Gauteng,Soweto,JHB-SOW-018,JHB-SOW-018-A,RAN,98.53,99.05874999999999,-0.5287499999999881,98.81,0.89,99.02,32.54,38.069375,14.524470128548215,11.01,69.3,-85.5,-10.1,17.2,59.8,46,2,6,3,0.37,89,0,0,0,0,normal,,0.0,normal
2026-09-15 13:45:00,Telkom,Gauteng,Soweto,JHB-SOW-018,JHB-SOW-018-A,RAN,98.84,99.05125000000001,-0.21125000000000682,98.48,0.59,98.5,30.25,37.551249999999996,19.443427316001454,9.65,51.8,-83.7,-9.1,17.4,65.22,45,0,0,0,1.36,0,0,0,0,0,normal,,0.0,normal
2026-09-15 14:00:00,Telkom,Gauteng,Soweto,JHB-SOW-018,JHB-SOW-018-A,RAN,99.25,99.03375,0.21625000000000227,98.97,0.71,98.58,42.3,37.1175,-13.96241664982824,11.68,46.3,-83.9,-10.5,14.8,51.34,35,0,3,0,0.95,84,0,0,0,0,normal,,0.0,normal
2026-09-15 14:15:00,Telkom,Gauteng,Soweto,JHB-SOW-018,JHB-SOW-018-A,RAN,99.57,99.048125,0.5218749999999943,99.11,0.55,97.92,39.28,36.977500000000006,-6.226759515921829,12.68,43.1,-84.6,-12.8,14.2,49.89,42,0,3,2,0.94,92,1,0,0,0,normal,,0.0,normal
2026-09-15 14:30:00,Telkom,Gauteng,Soweto,JHB-SOW-018,JHB-SOW-018-A,RAN,98.67,99.06375,-0.39374999999999716,99.27,0.16,97.98,38.18,37.049375,-3.051670912127403,14.29,44.3,-84.4,-11.6,19.1,37.81,39,1,0,0,0.78,0,1,0,0,0,normal,,0.0,normal
2026-09-15 14:45:00,Telkom,Gauteng,Soweto,JHB-SOW-018,JHB-SOW-018-A,RAN,99.28,99.0675,0.21250000000000568,99.11,0.12,98.06,44.69,37.365625,-19.601906832817587,12.19,54.7,-86.8,-10.0,18.0,54.54,42,5,4,0,0.55,27,1,0,0,0,normal,,0.0,normal
2026-09-15 15:00:00,Telkom,Gauteng,Soweto,JHB-SOW-018,JHB-SOW-018-A,RAN,98.83,99.07124999999999,-0.24124999999999375,98.77,0.92,98.35,45.98,37.803125,-21.63015623708356,13.62,53.1,-85.8,-11.8,19.2,43.87,41,3,4,5,0.31,0,1,0,0,0,normal,,0.0,normal
2026-09-15 15:15:00,Telkom,Gauteng,Soweto,JHB-SOW-018,JHB-SOW-018-A,RAN,98.9,99.0475,-0.14749999999999375,98.7,0.05,99.05,35.63,38.230625,6.802465301051187,15.14,49.6,-84.6,-8.9,14.1,49.12,46,6,4,1,1.0,28,1,0,0,0,normal,,0.0,normal
2026-09-15 15:30:00,Telkom,Gauteng,Soweto,JHB-SOW-018,JHB-SOW-018-A,RAN,99.48,99.005625,0.4743750000000091,99.08,0.95,98.16,35.65,38.355625,7.054050090436552,12.61,58.5,-84.5,-7.9,19.0,54.08,42,3,2,3,0.89,42,1,0,0,0,normal,,0.0,normal
2026-09-15 15:45:00,Telkom,Gauteng,Soweto,JHB-SOW-018,JHB-SOW-018-A,RAN,98.84,99.020625,-0.18062499999999204,98.74,0.64,99.6,39.52,38.1875,-3.4893617021276677,12.4,48.7,-85.3,-10.1,16.6,47.89,38,4,5,1,1.14,0,1,0,0,0,normal,,0.0,normal
2026-09-15 16:00:00,Telkom,Gauteng,Soweto,JHB-SOW-018,JHB-SOW-018-A,RAN,99.13,99.018125,0.11187499999999773,98.77,0.05,98.73,46.35,38.414375,-20.657956819549977,11.9,58.6,-89.7,-8.7,20.8,45.06,37,4,3,0,0.8,0,1,0,0,0,normal,,0.0,normal
2026-09-15 16:15:00,Telkom,Gauteng,Soweto,JHB-SOW-018,JHB-SOW-018-A,RAN,99.49,99.02250000000001,0.4674999999999869,99.22,0.7,98.16,40.25,39.258125,-2.526547052361773,11.22,49.5,-85.8,-11.1,15.4,42.97,42,5,3,1,0.92,36,0,0,0,0,normal,,0.0,normal
2026-09-15 16:30:00,Telkom,Gauteng,Soweto,JHB-SOW-018,JHB-SOW-018-A,RAN,99.51,99.045625,0.464375000000004,97.98,0.76,98.89,42.97,39.7275,-8.161852620980428,14.6,50.4,-84.0,-11.3,20.1,47.33,42,1,5,0,0.87,126,0,0,0,0,normal,,0.0,normal
2026-09-15 16:45:00,Telkom,Gauteng,Soweto,JHB-SOW-018,JHB-SOW-018-A,RAN,99.52,99.064375,0.4556249999999977,98.72,0.88,98.25,29.63,39.76625,25.489579731556283,8.98,53.7,-88.1,-10.2,18.1,51.43,46,0,2,2,0.47,2,0,0,0,0,normal,,0.0,normal
2026-09-15 17:00:00,Telkom,Gauteng,Soweto,JHB-SOW-018,JHB-SOW-018-A,RAN,98.97,99.126875,-0.15687499999999943,98.78,1.25,98.5,39.51,39.245625000000004,-0.6736419664612144,12.56,40.7,-86.6,-9.9,14.5,49.39,42,1,4,4,0.79,33,0,0,0,0,normal,,0.0,normal
2026-09-15 17:15:00,Telkom,Gauteng,Soweto,JHB-SOW-018,JHB-SOW-018-A,RAN,98.66,99.14125,-0.48125000000000284,98.62,0.41,98.96,43.55,38.786875,-12.280249440048973,12.2,44.0,-84.8,-10.1,17.0,41.49,37,6,2,1,1.47,0,0,0,0,0,normal,,0.0,normal
2026-09-15 17:30:00,Telkom,Gauteng,Soweto,JHB-SOW-018,JHB-SOW-018-A,RAN,99.22,99.091875,0.12812499999999716,99.21,0.34,98.88,40.38,39.1425,-3.161525196397788,12.68,58.8,-84.3,-9.2,17.7,58.4,46,6,2,1,1.05,19,0,0,0,0,normal,,0.0,normal
2026-09-15 17:45:00,Telkom,Gauteng,Soweto,JHB-SOW-018,JHB-SOW-018-A,RAN,99.18,99.13499999999999,0.045000000000015916,98.38,0.37,97.67,40.58,39.6325,-2.3907146912256305,11.86,60.2,-88.2,-9.4,19.3,56.3,54,7,10,2,0.71,33,0,0,0,0,normal,,0.0,normal
2026-09-15 18:00:00,Telkom,Gauteng,Soweto,JHB-SOW-018,JHB-SOW-018-A,RAN,99.9,99.15625,0.7437500000000057,98.78,0.3,98.99,38.12,40.278125,5.358057258127098,11.89,50.4,-89.0,-10.1,17.4,55.72,54,0,3,0,0.88,0,0,0,0,0,normal,,0.0,normal
2026-09-15 18:15:00,Telkom,Gauteng,Soweto,JHB-SOW-018,JHB-SOW-018-A,RAN,99.1,99.196875,-0.09687500000001137,99.04,0.23,98.68,48.62,40.016875,-21.498742717915874,12.05,52.8,-86.4,-9.3,16.4,39.34,37,3,2,0,0.72,81,0,0,0,0,normal,,0.0,normal
2026-09-15 18:30:00,Telkom,Gauteng,Soweto,JHB-SOW-018,JHB-SOW-018-A,RAN,99.16,99.1675,-0.00750000000000739,98.92,0.38,97.97,33.16,40.600625,18.326380443650816,11.07,56.8,-86.5,-8.4,22.7,54.72,51,5,2,1,0.78,0,0,0,0,0,normal,,0.0,normal
2026-09-15 18:45:00,Telkom,Gauteng,Soweto,JHB-SOW-018,JHB-SOW-018-A,RAN,98.77,99.198125,-0.4281250000000085,98.69,0.05,98.33,29.68,40.286875,26.328363766114897,11.73,39.2,-86.4,-9.5,15.8,55.55,54,5,7,2,1.09,32,0,0,0,0,normal,,0.0,normal
2026-09-15 19:00:00,Telkom,Gauteng,Soweto,JHB-SOW-018,JHB-SOW-018-A,RAN,99.25,99.16625,0.08374999999999488,98.96,0.85,98.52,48.75,39.348749999999995,-23.89211855522731,14.49,52.6,-86.0,-10.0,15.3,49.43,44,5,0,3,0.38,0,0,0,0,0,normal,,0.0,normal
2026-09-15 19:15:00,Telkom,Gauteng,Soweto,JHB-SOW-018,JHB-SOW-018-A,RAN,99.07,99.19250000000001,-0.12250000000001648,98.68,0.78,98.55,40.61,39.521874999999994,-2.753222108009818,13.29,47.8,-84.5,-11.0,18.1,57.36,55,2,1,3,0.39,108,0,0,0,0,normal,,0.0,normal
2026-09-15 19:30:00,Telkom,Gauteng,Soweto,JHB-SOW-018,JHB-SOW-018-A,RAN,99.29,99.203125,0.08687500000000625,98.79,0.89,97.72,45.11,39.833124999999995,-13.247454223086951,13.88,54.0,-91.4,-11.7,15.5,44.78,36,0,2,3,0.87,18,0,0,0,0,normal,,0.0,normal
2026-09-15 19:45:00,Telkom,Gauteng,Soweto,JHB-SOW-018,JHB-SOW-018-A,RAN,98.97,99.19125,-0.22124999999999773,98.43,0.63,97.6,40.18,40.424375,0.6045238794662825,11.79,51.3,-88.8,-9.2,18.7,49.37,49,8,7,3,0.33,0,0,0,0,0,normal,,0.0,normal
2026-09-15 20:00:00,Telkom,Gauteng,Soweto,JHB-SOW-018,JHB-SOW-018-A,RAN,99.35,99.199375,0.1506249999999909,99.73,0.46,98.15,46.07,40.465625,-13.849718124951726,14.11,46.3,-87.3,-10.6,17.7,47.02,42,3,0,1,0.86,71,0,0,0,0,normal,,0.0,normal
2026-09-15 20:15:00,Telkom,Gauteng,Soweto,JHB-SOW-018,JHB-SOW-018-A,RAN,98.41,99.21312499999999,-0.8031249999999943,98.88,1.13,98.56,43.32,40.448125,-7.100143702582018,14.59,48.3,-83.0,-9.8,25.0,43.38,44,6,4,3,0.61,27,0,0,0,0,normal,,0.0,normal
2026-09-15 20:30:00,Telkom,Gauteng,Soweto,JHB-SOW-018,JHB-SOW-018-A,RAN,99.25,99.145625,0.10437500000000455,99.18,0.59,98.7,34.5,40.64,15.108267716535433,12.27,62.1,-83.7,-10.6,17.6,50.42,39,6,4,1,1.22,46,0,0,0,0,normal,,0.0,normal
2026-09-15 20:45:00,Telkom,Gauteng,Soweto,JHB-SOW-018,JHB-SOW-018-A,RAN,98.48,99.129375,-0.649374999999992,98.99,0.51,98.73,48.34,40.110625,-20.51669601259019,16.67,42.6,-84.7,-12.7,13.4,43.07,33,6,2,0,0.94,40,0,0,0,0,normal,,0.0,normal
2026-09-15 21:00:00,Telkom,Gauteng,Soweto,JHB-SOW-018,JHB-SOW-018-A,RAN,99.04,99.064375,-0.024374999999992042,98.31,0.55,98.34,34.41,41.279999999999994,16.642441860465112,14.04,52.2,-85.4,-9.5,16.0,54.4,43,3,7,3,0.55,119,0,0,0,0,normal,,0.0,normal
2026-09-15 21:15:00,Telkom,Gauteng,Soweto,JHB-SOW-018,JHB-SOW-018-A,RAN,99.18,99.06875,0.1112500000000125,99.05,0.72,99.12,35.01,40.96125,14.528975556165893,12.52,52.5,-86.1,-11.0,16.6,53.24,38,4,1,2,1.15,0,0,0,0,0,normal,,0.0,normal
2026-09-15 21:30:00,Telkom,Gauteng,Soweto,JHB-SOW-018,JHB-SOW-018-A,RAN,98.93,99.10125000000001,-0.17125000000000057,98.49,0.52,98.3,37.29,40.4275,7.760806381794577,12.62,58.2,-87.9,-11.7,15.3,48.1,38,1,3,2,0.47,41,0,0,0,0,normal,,0.0,normal
2026-09-15 21:45:00,Telkom,Gauteng,Soweto,JHB-SOW-018,JHB-SOW-018-A,RAN,99.65,99.08312500000001,0.566874999999996,98.99,0.57,98.58,38.08,40.234375,5.354563106796121,11.69,54.3,-86.7,-11.1,14.3,45.66,32,0,4,1,1.26,95,0,0,0,0,normal,,0.0,normal
2026-09-15 22:00:00,Telkom,Gauteng,Soweto,JHB-SOW-018,JHB-SOW-018-A,RAN,99.03,99.1125,-0.08249999999999602,98.71,1.07,99.3,49.54,40.078125,-23.60857699805068,15.29,42.7,-88.8,-10.7,16.5,36.82,29,4,3,2,0.66,0,0,0,0,0,normal,,0.0,normal
2026-09-15 22:15:00,Telkom,Gauteng,Soweto,JHB-SOW-018,JHB-SOW-018-A,RAN,99.11,99.05812499999999,0.05187500000000966,99.5,0.52,98.01,43.38,40.791875,-6.34470712611275,12.74,55.0,-88.3,-9.4,20.4,49.24,40,5,0,4,1.14,30,0,0,0,0,normal,,0.0,normal
2026-09-15 22:30:00,Telkom,Gauteng,Soweto,JHB-SOW-018,JHB-SOW-018-A,RAN,99.42,99.05875,0.3612499999999983,98.61,0.24,97.7,41.4,40.464375,-2.3122190815995594,10.09,51.6,-87.2,-8.8,21.0,45.71,35,3,2,0,0.85,0,0,0,0,0,normal,,0.0,normal
2026-09-15 22:45:00,Telkom,Gauteng,Soweto,JHB-SOW-018,JHB-SOW-018-A,RAN,99.06,99.07499999999999,-0.014999999999986358,98.59,0.86,97.48,43.54,40.979375,-6.248570164869528,13.68,57.0,-87.8,-8.7,20.1,41.85,35,0,5,3,0.45,84,0,0,0,0,normal,,0.0,normal
2026-09-15 23:00:00,Telkom,Gauteng,Soweto,JHB-SOW-018,JHB-SOW-018-A,RAN,98.74,99.093125,-0.3531250000000057,99.11,0.39,99.1,42.82,41.845625000000005,-2.3284990963810306,12.6,45.7,-84.3,-10.6,16.0,36.57,22,3,2,0,0.54,26,0,0,0,0,normal,,0.0,normal
2026-09-15 23:15:00,Telkom,Gauteng,Soweto,JHB-SOW-018,JHB-SOW-018-A,RAN,98.75,99.06125,-0.31125000000000114,98.67,0.58,99.01,34.5,41.475,16.81735985533454,13.69,60.8,-86.9,-10.9,16.6,51.33,30,2,3,0,0.97,0,0,0,0,0,normal,,0.0,normal
2026-09-15 23:30:00,Telkom,Gauteng,Soweto,JHB-SOW-018,JHB-SOW-018-A,RAN,98.75,99.04125,-0.2912500000000051,98.62,0.38,99.53,38.08,41.093125,7.3324309114967585,15.89,53.6,-84.2,-8.7,16.4,51.25,32,4,5,1,0.73,27,0,0,0,0,normal,,0.0,normal
2026-09-15 23:45:00,Telkom,Gauteng,Soweto,JHB-SOW-018,JHB-SOW-018-A,RAN,98.92,99.00750000000001,-0.08750000000000568,99.1,0.63,97.49,36.29,40.65375,10.733942133259546,12.01,55.6,-83.5,-10.8,12.2,47.0,33,2,1,0,0.41,28,0,0,0,0,normal,,0.0,normal
2026-09-14 00:00:00,Telkom,Gauteng,Soweto,JHB-SOW-018,JHB-SOW-018-B,RAN,98.96,98.96,0.0,98.55,0.78,98.61,36.92,36.92,0.0,11.89,40.6,-84.6,-8.9,15.8,51.19,39,0,5,2,0.44,0,0,0,0,0,normal,,0.0,normal
2026-09-14 00:15:00,Telkom,Gauteng,Soweto,JHB-SOW-018,JHB-SOW-018-B,RAN,98.61,98.96,-0.3499999999999943,99.11,0.22,99.05,43.89,36.92,-18.87865655471289,12.55,54.1,-90.6,-11.3,17.4,41.24,25,3,2,0,0.76,0,0,0,0,0,normal,,0.0,normal
2026-09-14 00:30:00,Telkom,Gauteng,Soweto,JHB-SOW-018,JHB-SOW-018-B,RAN,99.23,98.785,0.4450000000000074,97.84,0.82,99.24,43.74,40.405,-8.253928969186983,12.18,53.5,-90.5,-10.7,9.8,50.37,32,1,3,2,1.27,15,0,0,0,0,normal,,0.0,normal
2026-09-14 00:45:00,Telkom,Gauteng,Soweto,JHB-SOW-018,JHB-SOW-018-B,RAN,98.52,98.93333333333334,-0.4133333333333411,99.09,0.6,98.88,35.9,41.51666666666667,13.528703331995198,13.34,51.2,-88.0,-8.3,15.9,54.05,39,6,3,2,0.8,62,0,0,0,0,normal,,0.0,normal
2026-09-14 01:00:00,Telkom,Gauteng,Soweto,JHB-SOW-018,JHB-SOW-018-B,RAN,99.83,98.83,1.0,98.31,0.63,99.17,43.84,40.1125,-9.292614521657853,13.49,46.1,-89.8,-13.2,15.0,45.76,28,3,4,1,0.73,0,0,0,1,0,normal,,0.0,normal
2026-09-14 01:15:00,Telkom,Gauteng,Soweto,JHB-SOW-018,JHB-SOW-018-B,RAN,99.0,99.03,-0.030000000000001137,98.56,0.13,98.87,44.7,40.858000000000004,-9.40329923148465,14.15,43.5,-87.2,-10.4,16.8,41.82,32,1,2,0,0.25,80,0,0,1,0,normal,,0.0,normal
2026-09-14 01:30:00,Telkom,Gauteng,Soweto,JHB-SOW-018,JHB-SOW-018-B,RAN,99.31,99.02499999999999,0.2850000000000108,98.53,0.58,99.0,43.58,41.498333333333335,-5.016265713482461,8.35,53.1,-85.9,-8.5,17.9,52.27,33,3,0,1,0.44,24,0,0,1,0,normal,,0.0,normal
2026-09-14 01:45:00,Telkom,Gauteng,Soweto,JHB-SOW-018,JHB-SOW-018-B,RAN,99.15,99.0657142857143,0.08428571428571274,99.09,0.77,98.11,42.32,41.79571428571428,-1.2544006562532124,12.98,55.4,-83.0,-9.7,14.5,46.3,29,2,0,2,0.99,84,1,0,1,0,normal,,0.0,normal
2026-09-14 02:00:00,Telkom,Gauteng,Soweto,JHB-SOW-018,JHB-SOW-018-B,RAN,99.66,99.07625,0.5837499999999949,98.93,0.79,98.73,44.46,41.86125,-6.2080085998387595,13.31,55.5,-83.3,-11.1,12.8,41.72,35,0,3,4,1.2,40,1,0,0,0,normal,,0.0,normal
2026-09-14 02:15:00,Telkom,Gauteng,Soweto,JHB-SOW-018,JHB-SOW-018-B,RAN,99.61,99.14111111111112,0.468888888888884,99.18,0.32,97.47,46.76,42.150000000000006,-10.937129300118604,12.28,50.1,-87.0,-9.4,16.3,50.21,31,0,1,0,0.45,59,1,0,0,0,normal,,0.0,normal
2026-09-14 02:30:00,Telkom,Gauteng,Soweto,JHB-SOW-018,JHB-SOW-018-B,RAN,99.44,99.188,0.25199999999999534,98.3,0.55,98.5,41.35,42.611000000000004,2.959329750533906,12.26,63.6,-83.2,-9.7,12.5,46.08,33,3,7,0,1.03,0,1,0,0,0,normal,,0.0,normal
2026-09-14 02:45:00,Telkom,Gauteng,Soweto,JHB-SOW-018,JHB-SOW-018-B,RAN,99.44,99.21090909090908,0.2290909090909139,98.95,0.46,98.89,43.11,42.49636363636364,-1.4439738159414617,11.38,49.2,-89.6,-10.9,20.6,41.63,28,2,2,1,1.08,48,2,0,0,0,normal,,0.0,normal
2026-09-14 03:00:00,Telkom,Gauteng,Soweto,JHB-SOW-018,JHB-SOW-018-B,RAN,99.02,99.23,-0.21000000000000796,99.32,0.16,98.4,42.11,42.5475,1.0282625301134027,16.58,44.8,-89.2,-10.3,19.4,33.35,25,5,0,0,0.86,0,2,0,0,0,normal,,0.0,normal
2026-09-14 03:15:00,Telkom,Gauteng,Soweto,JHB-SOW-018,JHB-SOW-018-B,RAN,98.6,99.21384615384615,-0.6138461538461542,98.94,0.77,98.2,45.68,42.51384615384616,-7.447347470507331,11.38,50.0,-88.0,-11.3,14.2,48.54,37,5,6,2,0.38,151,1,0,0,0,normal,,0.0,normal
2026-09-14 03:30:00,Telkom,Gauteng,Soweto,JHB-SOW-018,JHB-SOW-018-B,RAN,98.55,99.16999999999999,-0.6199999999999903,98.51,0.51,98.84,50.89,42.74,-19.068788020589608,16.71,45.2,-87.1,-11.3,16.2,33.79,31,1,8,3,0.43,0,1,0,0,0,normal,,0.0,normal
2026-09-14 03:45:00,Telkom,Gauteng,Soweto,JHB-SOW-018,JHB-SOW-018-B,RAN,98.97,99.12866666666667,-0.15866666666667584,98.68,0.11,97.4,38.19,43.28333333333333,11.767423950712361,12.14,46.9,-87.1,-9.1,17.6,49.79,37,1,0,0,0.49,137,0,0,0,0,normal,,0.0,normal
2026-09-14 04:00:00,Telkom,Gauteng,Soweto,JHB-SOW-018,JHB-SOW-018-B,RAN,99.15,99.11875,0.03125,98.79,0.21,98.17,44.28,42.965,-3.060630745956005,14.47,46.1,-87.4,-10.4,17.0,44.88,30,2,4,0,1.04,132,0,0,0,0,normal,,0.0,normal
2026-09-14 04:15:00,Telkom,Gauteng,Soweto,JHB-SOW-018,JHB-SOW-018-B,RAN,99.15,99.130625,0.0193750000000108,98.93,1.33,98.72,39.35,43.425000000000004,9.383995394358093,11.94,53.0,-90.1,-11.5,17.8,53.72,37,1,1,2,0.96,115,0,0,0,0,normal,,0.0,normal
2026-09-14 04:30:00,Telkom,Gauteng,Soweto,JHB-SOW-018,JHB-SOW-018-B,RAN,98.4,99.164375,-0.7643750000000011,99.3,0.32,98.96,42.31,43.14125000000001,1.9268101874656023,12.77,48.4,-84.9,-10.4,17.6,49.91,38,3,0,0,1.46,44,0,0,0,0,normal,,0.0,normal
2026-09-14 04:45:00,Telkom,Gauteng,Soweto,JHB-SOW-018,JHB-SOW-018-B,RAN,99.42,99.1125,0.30750000000000455,99.31,0.86,98.67,36.37,43.051875,15.520520302542002,9.6,52.2,-86.6,-8.2,17.4,52.42,35,0,1,3,0.28,80,0,0,0,0,normal,,0.0,normal
2026-09-14 05:00:00,Telkom,Gauteng,Soweto,JHB-SOW-018,JHB-SOW-018-B,RAN,99.73,99.16875,0.5612500000000011,98.72,0.36,98.4,42.94,43.08125,0.3278688524590151,11.26,53.0,-85.5,-11.7,16.2,41.48,28,2,2,0,0.3,0,0,0,0,0,normal,,0.0,normal
2026-09-14 05:15:00,Telkom,Gauteng,Soweto,JHB-SOW-018,JHB-SOW-018-B,RAN,99.4,99.1625,0.23750000000001137,98.93,0.45,97.58,47.61,43.025000000000006,-10.656595002905272,14.8,40.4,-80.0,-9.1,15.4,34.67,29,3,0,0,0.66,111,1,0,0,0,normal,,0.0,normal
2026-09-14 05:30:00,Telkom,Gauteng,Soweto,JHB-SOW-018,JHB-SOW-018-B,RAN,99.44,99.1875,0.2524999999999977,98.71,0.42,99.37,46.7,43.206875,-8.084650880212944,14.62,45.6,-86.6,-12.0,17.9,43.1,39,4,4,3,1.01,0,0,0,0,0,normal,,0.0,normal
2026-09-14 05:45:00,Telkom,Gauteng,Soweto,JHB-SOW-018,JHB-SOW-018-B,RAN,99.13,99.19562499999999,-0.06562499999999716,98.92,0.53,98.32,49.67,43.401875,-14.442060394856227,12.74,49.4,-79.5,-9.2,15.4,45.57,37,4,0,1,0.21,43,0,0,0,0,normal,,0.0,normal
2026-09-14 06:00:00,Telkom,Gauteng,Soweto,JHB-SOW-018,JHB-SOW-018-B,RAN,99.06,99.19437500000001,-0.13437500000000568,99.06,0.45,97.72,34.49,43.86125,21.365670153039407,14.73,41.9,-82.6,-9.3,16.2,45.16,40,2,0,0,0.1,0,0,0,0,0,normal,,0.0,normal
2026-09-14 06:15:00,Telkom,Gauteng,Soweto,JHB-SOW-018,JHB-SOW-018-B,RAN,99.18,99.156875,0.02312500000000739,98.43,0.35,98.17,41.23,43.238125,4.64433876353334,15.42,48.7,-84.8,-10.3,19.9,44.56,39,0,4,1,0.97,0,0,0,0,0,normal,,0.0,normal
2026-09-14 06:30:00,Telkom,Gauteng,Soweto,JHB-SOW-018,JHB-SOW-018-B,RAN,98.75,99.13000000000001,-0.38000000000000966,98.53,0.88,97.65,35.47,42.8925,17.304890132307513,12.06,41.7,-88.0,-9.7,15.2,53.08,36,1,4,2,0.61,165,0,0,0,0,normal,,0.0,normal
2026-09-14 06:45:00,Telkom,Gauteng,Soweto,JHB-SOW-018,JHB-SOW-018-B,RAN,98.56,99.086875,-0.526875000000004,98.52,0.07,98.13,36.0,42.525,15.34391534391534,13.56,44.8,-90.5,-9.4,14.2,54.94,48,5,7,0,0.14,168,0,0,0,0,normal,,0.0,normal
2026-09-14 07:00:00,Telkom,Gauteng,Soweto,JHB-SOW-018,JHB-SOW-018-B,RAN,99.22,99.031875,0.18812499999999943,98.76,0.44,97.91,43.13,42.080625,-2.49372484367807,13.19,65.7,-86.0,-10.2,18.5,48.6,34,1,1,0,0.74,47,0,0,0,0,normal,,0.0,normal
2026-09-14 07:15:00,Telkom,Gauteng,Soweto,JHB-SOW-018,JHB-SOW-018-B,RAN,99.39,99.044375,0.3456249999999983,99.07,0.66,99.39,39.19,42.144375000000004,7.010128872477065,11.44,49.0,-87.0,-11.5,14.3,45.95,40,1,4,3,0.84,85,1,0,0,0,normal,,0.0,normal
2026-09-14 07:30:00,Telkom,Gauteng,Soweto,JHB-SOW-018,JHB-SOW-018-B,RAN,99.15,99.09375000000001,0.056249999999991473,99.3,0.22,98.9,47.85,41.738749999999996,-14.641669911053892,15.09,48.4,-89.6,-9.9,18.3,44.76,41,0,4,1,1.37,15,1,0,0,0,normal,,0.0,normal
2026-09-14 07:45:00,Telkom,Gauteng,Soweto,JHB-SOW-018,JHB-SOW-018-B,RAN,99.65,99.13125,0.5187500000000114,99.0,0.74,97.96,41.47,41.54875,0.1895363879779763,12.97,51.5,-85.1,-8.6,17.1,44.83,36,0,2,0,0.1,0,1,0,0,0,normal,,0.0,normal
2026-09-14 08:00:00,Telkom,Gauteng,Soweto,JHB-SOW-018,JHB-SOW-018-B,RAN,98.96,99.17375000000001,-0.21375000000001876,98.39,0.7,98.18,49.37,41.75375,-18.24087656797294,13.47,52.1,-88.2,-11.7,17.8,49.08,48,4,5,2,1.2,170,1,0,0,0,normal,,0.0,normal
2026-09-14 08:15:00,Telkom,Gauteng,Soweto,JHB-SOW-018,JHB-SOW-018-B,RAN,99.1,99.16187500000001,-0.06187500000001478,98.76,0.38,98.54,34.82,42.071875,17.2368714253881,8.62,59.0,-87.2,-10.5,16.4,70.26,56,2,4,2,0.87,91,0,0,0,0,normal,,0.0,normal
2026-09-14 08:30:00,Telkom,Gauteng,Soweto,JHB-SOW-018,JHB-SOW-018-B,RAN,98.8,99.15875,-0.35875000000000057,99.48,0.46,98.75,44.27,41.78875,-5.937602823726488,12.95,47.0,-81.5,-9.5,13.2,50.95,48,6,3,3,1.28,161,0,0,0,0,normal,,0.0,normal
2026-09-14 08:45:00,Telkom,Gauteng,Soweto,JHB-SOW-018,JHB-SOW-018-B,RAN,99.37,99.18375,0.18625000000000114,99.07,0.05,99.15,43.3,41.91125,-3.313549464642535,15.31,41.6,-82.2,-10.9,14.6,50.19,42,1,5,0,0.24,0,0,0,0,0,normal,,0.0,normal
2026-09-14 09:00:00,Telkom,Gauteng,Soweto,JHB-SOW-018,JHB-SOW-018-B,RAN,98.86,99.180625,-0.3206250000000068,98.91,0.36,98.94,45.84,42.344375,-8.255228705111373,8.98,59.3,-85.8,-8.9,13.8,49.64,51,8,3,1,1.22,51,0,0,0,0,normal,,0.0,normal
2026-09-14 09:15:00,Telkom,Gauteng,Soweto,JHB-SOW-018,JHB-SOW-018-B,RAN,99.61,99.12625,0.48375000000000057,98.56,0.56,97.37,42.87,42.525625,-0.8098058523537266,13.16,56.4,-82.5,-9.5,17.0,57.32,48,1,8,3,0.43,0,0,0,0,0,normal,,0.0,normal
2026-09-14 09:30:00,Telkom,Gauteng,Soweto,JHB-SOW-018,JHB-SOW-018-B,RAN,99.53,99.139375,0.390625,99.08,0.1,97.94,38.2,42.229375000000005,9.541640149777262,14.15,52.9,-87.7,-9.5,16.8,54.36,59,1,4,0,1.11,0,0,0,0,0,normal,,0.0,normal
2026-09-14 09:45:00,Telkom,Gauteng,Soweto,JHB-SOW-018,JHB-SOW-018-B,RAN,99.13,99.14500000000001,-0.01500000000001478,98.35,0.79,99.67,35.65,41.698125,14.50454906545558,11.4,59.5,-87.8,-10.1,16.1,58.15,56,4,2,2,0.66,90,0,0,0,0,normal,,0.0,normal
2026-09-14 10:00:00,Telkom,Gauteng,Soweto,JHB-SOW-018,JHB-SOW-018-B,RAN,99.13,99.145,-0.015000000000000568,98.51,0.49,98.82,34.61,40.821875000000006,15.21702518563884,12.68,49.6,-88.2,-9.9,18.7,46.6,49,3,6,1,0.48,0,0,0,0,0,normal,,0.0,normal
2026-09-14 10:15:00,Telkom,Gauteng,Soweto,JHB-SOW-018,JHB-SOW-018-B,RAN,99.11,99.149375,-0.03937500000000682,98.82,0.5,98.78,41.41,40.829375,-1.4220766298773806,11.07,51.8,-88.4,-7.9,16.8,52.14,52,6,4,1,0.94,37,0,0,0,0,normal,,0.0,normal
2026-09-14 10:30:00,Telkom,Gauteng,Soweto,JHB-SOW-018,JHB-SOW-018-B,RAN,99.19,99.145,0.045000000000001705,98.61,0.58,98.32,31.29,40.840625,23.38510980182111,10.79,58.8,-85.9,-9.0,16.2,60.26,51,2,5,3,1.14,181,0,0,0,0,normal,,0.0,normal
2026-09-14 10:45:00,Telkom,Gauteng,Soweto,JHB-SOW-018,JHB-SOW-018-B,RAN,98.89,99.1725,-0.28249999999999886,98.33,0.21,98.09,45.19,40.579375,-11.361991159301983,9.82,56.4,-86.1,-9.0,17.7,59.36,57,6,10,1,0.59,0,0,0,0,0,normal,,0.0,normal
2026-09-14 11:00:00,Telkom,Gauteng,Soweto,JHB-SOW-018,JHB-SOW-018-B,RAN,99.19,99.193125,-0.003124999999997158,98.5,0.54,98.99,45.92,41.15375,-11.58156911581569,12.52,53.2,-79.9,-9.5,20.1,50.29,51,5,6,2,1.14,171,0,0,0,0,normal,,0.0,normal
2026-09-14 11:15:00,Telkom,Gauteng,Soweto,JHB-SOW-018,JHB-SOW-018-B,RAN,99.16,99.19125,-0.03125,98.98,0.79,97.66,35.95,41.328125,13.013232514177686,12.28,65.8,-87.0,-7.2,15.8,71.72,56,5,5,4,0.63,0,0,0,0,0,normal,,0.0,normal
2026-09-14 11:30:00,Telkom,Gauteng,Soweto,JHB-SOW-018,JHB-SOW-018-B,RAN,99.51,99.176875,0.33312500000000966,98.44,0.72,98.7,33.6,41.125625,18.29911399522803,11.51,57.2,-90.8,-10.8,17.2,61.1,59,3,8,5,0.37,0,0,0,0,0,normal,,0.0,normal
2026-09-14 11:45:00,Telkom,Gauteng,Soweto,JHB-SOW-018,JHB-SOW-018-B,RAN,98.47,99.199375,-0.7293750000000045,98.24,0.21,98.86,33.78,40.235,16.043245930160303,12.74,49.3,-85.9,-9.6,20.2,58.57,58,11,6,1,0.7,0,0,0,0,0,normal,,0.0,normal
2026-09-14 12:00:00,Telkom,Gauteng,Soweto,JHB-SOW-018,JHB-SOW-018-B,RAN,99.11,99.125625,-0.015625,98.77,0.98,98.25,33.04,39.754375,16.889650510163985,12.73,65.4,-87.5,-10.3,19.4,58.38,46,0,6,6,1.0,14,0,0,0,0,normal,,0.0,normal
2026-09-14 12:15:00,Telkom,Gauteng,Soweto,JHB-SOW-018,JHB-SOW-018-B,RAN,99.1,99.13499999999999,-0.03499999999999659,98.67,0.53,99.32,44.54,38.73375,-14.99015716268112,13.14,45.0,-85.9,-10.4,21.3,49.99,52,5,4,1,0.34,9,0,0,0,0,normal,,0.0,normal
2026-09-14 12:30:00,Telkom,Gauteng,Soweto,JHB-SOW-018,JHB-SOW-018-B,RAN,99.01,99.135,-0.125,98.75,0.37,97.94,33.79,39.341249999999995,14.110507419057598,8.26,56.5,-83.8,-9.6,14.7,67.01,50,3,4,1,1.02,7,0,0,0,0,normal,,0.0,normal
2026-09-14 12:45:00,Telkom,Gauteng,Soweto,JHB-SOW-018,JHB-SOW-018-B,RAN,99.41,99.14812500000001,0.2618749999999892,98.33,0.28,98.7,36.41,38.68625,5.883873469255884,14.71,66.3,-88.8,-9.7,14.4,49.45,45,0,6,1,1.13,45,0,0,0,0,normal,,0.0,normal
2026-09-14 13:00:00,Telkom,Gauteng,Soweto,JHB-SOW-018,JHB-SOW-018-B,RAN,99.61,99.15062499999999,0.4593750000000085,98.28,0.57,98.56,41.3,38.255625,-7.957980035615664,13.43,58.5,-90.9,-9.5,18.4,55.94,42,4,8,3,0.24,0,0,0,0,0,normal,,0.0,normal
2026-09-14 13:15:00,Telkom,Gauteng,Soweto,JHB-SOW-018,JHB-SOW-018-B,RAN,98.64,99.1975,-0.5575000000000045,98.59,0.3,98.89,47.13,37.971875,-24.118179573697653,10.96,36.3,-85.2,-11.2,14.8,51.16,56,6,5,3,0.5,81,0,0,0,0,normal,,0.0,normal
2026-09-14 13:30:00,Telkom,Gauteng,Soweto,JHB-SOW-018,JHB-SOW-018-B,RAN,99.06,99.13687499999999,-0.07687499999998693,98.78,0.64,98.73,36.38,38.238125,4.859351759533173,11.03,56.2,-89.0,-10.5,18.1,51.53,34,2,0,2,1.0,35,0,0,0,0,normal,,0.0,normal
2026-09-14 13:45:00,Telkom,Gauteng,Soweto,JHB-SOW-018,JHB-SOW-018-B,RAN,99.27,99.10749999999999,0.16250000000000853,98.74,0.7,98.24,45.31,38.124375,-18.847849964753525,12.36,50.6,-88.1,-8.7,16.3,55.36,43,2,4,3,0.61,168,0,0,0,0,normal,,0.0,normal
2026-09-14 14:00:00,Telkom,Gauteng,Soweto,JHB-SOW-018,JHB-SOW-018-B,RAN,98.69,99.11625000000001,-0.42625000000001023,98.86,0.62,98.11,50.34,38.728125,-29.983054950375227,12.2,41.4,-84.7,-11.1,17.3,44.69,34,5,3,0,1.04,58,0,0,0,0,normal,,0.0,normal
2026-09-14 14:15:00,Telkom,Gauteng,Soweto,JHB-SOW-018,JHB-SOW-018-B,RAN,98.97,99.08874999999999,-0.11874999999999147,98.58,0.41,98.23,37.84,39.71125,4.712140766155677,11.59,55.8,-81.5,-10.1,17.5,55.24,38,9,3,3,0.88,144,0,0,0,0,normal,,0.0,normal
2026-09-14 14:30:00,Telkom,Gauteng,Soweto,JHB-SOW-018,JHB-SOW-018-B,RAN,99.49,99.08,0.4099999999999966,98.83,0.21,97.9,35.51,39.488125,10.074231177094378,16.64,38.9,-84.2,-9.1,13.0,49.0,40,1,3,1,0.85,60,0,0,0,0,normal,,0.0,normal
2026-09-14 14:45:00,Telkom,Gauteng,Soweto,JHB-SOW-018,JHB-SOW-018-B,RAN,99.3,99.09875,0.2012500000000017,98.53,0.76,97.96,44.21,39.751875,-11.214879801267243,12.56,42.6,-87.3,-10.1,20.4,45.77,39,0,4,2,0.73,0,0,0,0,0,normal,,0.0,normal
2026-09-14 15:00:00,Telkom,Gauteng,Soweto,JHB-SOW-018,JHB-SOW-018-B,RAN,99.34,99.124375,0.21562500000000284,99.36,0.25,99.37,42.71,39.690625,-7.607275017715151,12.66,47.6,-85.0,-9.3,20.4,44.57,35,0,3,1,0.94,148,0,0,0,0,normal,,0.0,normal
2026-09-14 15:15:00,Telkom,Gauteng,Soweto,JHB-SOW-018,JHB-SOW-018-B,RAN,99.1,99.13375,-0.03375000000001194,98.87,0.23,97.46,45.4,39.49,-14.965814130159524,12.47,54.1,-85.8,-9.0,16.1,47.95,46,3,9,0,0.67,84,0,0,0,0,normal,,0.0,normal
2026-09-14 15:30:00,Telkom,Gauteng,Soweto,JHB-SOW-018,JHB-SOW-018-B,RAN,99.2,99.13,0.07000000000000739,98.53,0.8,98.51,41.16,40.080625,-2.693009402922232,12.89,49.6,-80.6,-9.2,16.7,54.57,39,3,3,1,0.31,62,0,0,0,0,normal,,0.0,normal
2026-09-14 15:45:00,Telkom,Gauteng,Soweto,JHB-SOW-018,JHB-SOW-018-B,RAN,98.87,99.110625,-0.24062499999999432,98.3,0.76,98.14,41.59,40.553125,-2.55683131694537,15.32,60.2,-84.1,-8.7,16.9,51.72,38,1,1,3,0.56,15,0,0,0,0,normal,,0.0,normal
2026-09-14 16:00:00,Telkom,Gauteng,Soweto,JHB-SOW-018,JHB-SOW-018-B,RAN,99.28,99.13562499999999,0.1443750000000108,99.11,0.37,98.51,38.92,41.04125,5.168580391679094,13.03,57.3,-85.1,-8.3,15.5,54.96,42,5,4,0,0.43,0,0,0,0,0,normal,,0.0,normal
2026-09-14 16:15:00,Telkom,Gauteng,Soweto,JHB-SOW-018,JHB-SOW-018-B,RAN,99.04,99.14625000000001,-0.10625000000000284,98.73,0.69,98.45,37.64,41.40875,9.101337277749263,9.15,59.3,-86.2,-8.8,14.8,62.29,47,4,6,3,0.59,8,0,0,0,0,normal,,0.0,normal
2026-09-14 16:30:00,Telkom,Gauteng,Soweto,JHB-SOW-018,JHB-SOW-018-B,RAN,99.42,99.1425,0.2775000000000034,98.7,0.16,98.47,35.91,40.9775,12.36654261484962,14.18,54.6,-81.9,-10.3,18.9,44.35,38,1,1,0,0.8,143,0,0,0,0,normal,,0.0,normal
2026-09-14 16:45:00,Telkom,Gauteng,Soweto,JHB-SOW-018,JHB-SOW-018-B,RAN,99.01,99.16812499999999,-0.15812499999998408,99.14,0.43,98.86,38.29,41.11,6.85964485526636,7.93,51.3,-88.0,-9.0,15.8,58.67,47,3,5,1,0.6,163,0,0,0,0,normal,,0.0,normal
2026-09-14 17:00:00,Telkom,Gauteng,Soweto,JHB-SOW-018,JHB-SOW-018-B,RAN,99.18,99.143125,0.036875000000009095,98.44,0.66,98.43,43.74,41.2275,-6.094233218118981,14.76,42.0,-84.7,-9.6,16.0,44.78,38,0,4,2,0.75,0,0,0,0,0,normal,,0.0,normal
2026-09-14 17:15:00,Telkom,Gauteng,Soweto,JHB-SOW-018,JHB-SOW-018-B,RAN,99.27,99.11625,0.15375000000000227,99.16,0.44,98.62,43.63,41.38,-5.437409376510391,13.06,46.0,-85.7,-9.9,16.4,49.06,45,3,0,2,0.22,154,0,0,0,0,normal,,0.0,normal
2026-09-14 17:30:00,Telkom,Gauteng,Soweto,JHB-SOW-018,JHB-SOW-018-B,RAN,98.89,99.155625,-0.265625,99.47,0.4,98.25,35.85,41.16125,12.90351969388685,14.36,58.4,-85.7,-7.3,19.0,55.21,37,2,5,0,1.01,53,0,0,0,0,normal,,0.0,normal
2026-09-14 17:45:00,Telkom,Gauteng,Soweto,JHB-SOW-018,JHB-SOW-018-B,RAN,98.99,99.145,-0.15500000000000114,98.53,0.8,98.42,42.77,41.128125000000004,-3.99209786490388,10.82,48.0,-81.9,-8.2,17.4,54.84,51,4,5,3,0.45,78,0,0,0,0,normal,,0.0,normal
2026-09-14 18:00:00,Telkom,Gauteng,Soweto,JHB-SOW-018,JHB-SOW-018-B,RAN,99.28,99.1275,0.1525000000000034,99.06,0.78,99.12,36.98,40.969375,9.737456331711194,13.09,61.3,-83.3,-10.1,17.3,56.28,40,0,3,2,1.09,0,0,0,0,0,normal,,0.0,normal
2026-09-14 18:15:00,Telkom,Gauteng,Soweto,JHB-SOW-018,JHB-SOW-018-B,RAN,98.85,99.164375,-0.3143750000000125,98.68,0.87,98.94,39.2,40.134375,2.328116483687601,12.61,54.9,-85.4,-10.3,18.7,57.5,47,5,3,2,1.66,0,0,0,0,0,normal,,0.0,normal
2026-09-14 18:30:00,Telkom,Gauteng,Soweto,JHB-SOW-018,JHB-SOW-018-B,RAN,99.46,99.156875,0.3031249999999943,98.83,0.68,98.31,45.41,40.219375,-12.905782349924625,11.28,46.8,-86.9,-9.8,14.9,46.24,45,0,5,3,0.68,43,0,0,0,0,normal,,0.0,normal
2026-09-14 18:45:00,Telkom,Gauteng,Soweto,JHB-SOW-018,JHB-SOW-018-B,RAN,98.78,99.155,-0.375,98.92,0.86,99.37,37.39,40.838125000000005,8.4433969483173,10.41,48.4,-88.0,-8.6,13.2,55.68,46,4,4,2,0.54,95,0,0,0,0,normal,,0.0,normal
2026-09-14 19:00:00,Telkom,Gauteng,Soweto,JHB-SOW-018,JHB-SOW-018-B,RAN,99.24,99.1225,0.11749999999999261,98.94,0.55,98.6,35.39,40.411875,12.426731004191222,10.56,56.8,-79.1,-10.3,20.8,51.58,51,0,4,2,1.07,131,0,0,0,0,normal,,0.0,normal
2026-09-14 19:15:00,Telkom,Gauteng,Soweto,JHB-SOW-018,JHB-SOW-018-B,RAN,99.58,99.11625,0.46375000000000455,98.88,0.71,98.12,42.97,39.954375,-7.547671562876405,11.47,58.2,-84.0,-12.2,15.2,53.74,42,4,5,4,0.35,30,0,0,0,0,normal,,0.0,normal
2026-09-14 19:30:00,Telkom,Gauteng,Soweto,JHB-SOW-018,JHB-SOW-018-B,RAN,98.29,99.14625,-0.8562499999999886,98.35,0.25,97.82,42.48,39.8025,-6.726964386659116,11.64,52.6,-87.0,-9.9,17.0,56.52,46,6,6,0,0.27,0,0,0,0,0,normal,,0.0,normal
2026-09-14 19:45:00,Telkom,Gauteng,Soweto,JHB-SOW-018,JHB-SOW-018-B,RAN,99.03,99.089375,-0.05937500000000284,98.79,0.43,97.79,36.88,39.885000000000005,7.534160712047141,11.72,52.5,-88.2,-11.3,16.5,44.58,48,7,7,2,0.96,99,0,0,0,0,normal,,0.0,normal
2026-09-14 20:00:00,Telkom,Gauteng,Soweto,JHB-SOW-018,JHB-SOW-018-B,RAN,99.69,99.09937500000001,0.5906249999999886,98.93,0.29,99.2,31.91,39.590625,19.400110505959432,14.39,46.7,-85.5,-9.8,19.6,56.71,42,1,0,1,1.68,5,0,0,0,0,normal,,0.0,normal
2026-09-14 20:15:00,Telkom,Gauteng,Soweto,JHB-SOW-018,JHB-SOW-018-B,RAN,99.0,99.125,-0.125,98.54,0.73,99.07,37.11,39.1525,5.216780537641284,10.86,64.7,-87.5,-9.8,17.0,60.35,43,1,4,2,0.72,0,0,0,0,0,normal,,0.0,normal
2026-09-14 20:30:00,Telkom,Gauteng,Soweto,JHB-SOW-018,JHB-SOW-018-B,RAN,99.25,99.1225,0.12749999999999773,99.29,0.69,98.17,37.93,39.119375000000005,3.040373216596649,11.24,43.2,-92.3,-11.7,15.3,47.47,34,3,0,0,0.56,9,1,0,0,0,normal,,0.0,normal
2026-09-14 20:45:00,Telkom,Gauteng,Soweto,JHB-SOW-018,JHB-SOW-018-B,RAN,98.57,99.111875,-0.5418750000000045,98.5,0.82,99.27,43.44,39.245625,-10.687497013998378,13.99,59.0,-86.8,-9.2,19.7,51.61,45,5,3,3,0.88,0,1,0,0,0,normal,,0.0,normal
2026-09-14 21:00:00,Telkom,Gauteng,Soweto,JHB-SOW-018,JHB-SOW-018-B,RAN,99.2,99.08437500000001,0.11562499999999432,98.85,0.3,98.6,49.51,39.5675,-25.127945915208176,11.75,50.5,-86.0,-10.2,15.0,39.0,37,4,4,0,0.62,175,1,0,0,0,normal,,0.0,normal
2026-09-14 21:15:00,Telkom,Gauteng,Soweto,JHB-SOW-018,JHB-SOW-018-B,RAN,98.71,99.08562500000001,-0.37562500000001364,99.04,0.6,98.59,37.64,39.928125,5.730609689285437,13.03,61.2,-82.1,-9.6,20.2,55.62,41,4,2,2,0.46,136,1,0,0,0,normal,,0.0,normal
2026-09-14 21:30:00,Telkom,Gauteng,Soweto,JHB-SOW-018,JHB-SOW-018-B,RAN,98.57,99.050625,-0.4806250000000034,98.46,0.13,98.54,41.65,39.55375,-5.29975033972758,11.74,60.3,-83.8,-8.3,13.0,44.37,36,10,6,0,0.24,109,0,0,0,0,normal,,0.0,normal
2026-09-14 21:45:00,Telkom,Gauteng,Soweto,JHB-SOW-018,JHB-SOW-018-B,RAN,98.74,99.030625,-0.2906250000000057,99.03,0.95,97.64,39.43,39.91625,1.2181755550684203,14.08,58.1,-83.1,-10.9,14.4,41.41,26,0,4,0,1.03,0,0,0,0,0,normal,,0.0,normal
2026-09-14 22:00:00,Telkom,Gauteng,Soweto,JHB-SOW-018,JHB-SOW-018-B,RAN,99.29,99.015,0.2750000000000057,99.13,0.41,98.34,40.36,39.707499999999996,-1.6432663854435647,13.73,56.9,-86.1,-9.9,16.7,41.55,37,3,3,3,0.1,146,1,0,0,0,normal,,0.0,normal
2026-09-14 22:15:00,Telkom,Gauteng,Soweto,JHB-SOW-018,JHB-SOW-018-B,RAN,98.72,99.015625,-0.29562500000000114,98.28,0.39,99.07,43.5,39.918749999999996,-8.971348050728054,11.92,52.3,-84.2,-9.0,19.0,46.43,31,4,2,0,1.34,147,1,0,0,0,normal,,0.0,normal
2026-09-14 22:30:00,Telkom,Gauteng,Soweto,JHB-SOW-018,JHB-SOW-018-B,RAN,99.61,99.00750000000001,0.602499999999992,98.43,0.05,98.37,47.39,40.1875,-17.922239502332815,13.32,46.0,-85.7,-11.5,13.5,41.62,40,0,4,0,1.26,145,1,0,0,0,normal,,0.0,normal
2026-09-14 22:45:00,Telkom,Gauteng,Soweto,JHB-SOW-018,JHB-SOW-018-B,RAN,98.78,99.016875,-0.23687499999999773,98.68,0.67,98.26,31.64,40.31125,21.510744519209897,10.48,60.8,-89.2,-10.6,17.2,64.59,43,5,2,1,1.02,100,1,0,0,0,normal,,0.0,normal
2026-09-14 23:00:00,Telkom,Gauteng,Soweto,JHB-SOW-018,JHB-SOW-018-B,RAN,98.9,99.016875,-0.11687499999999318,98.98,0.31,98.69,52.57,39.951875,-31.58331117125291,10.37,47.5,-89.2,-8.9,18.7,44.35,35,2,3,0,1.64,59,1,0,0,0,normal,,0.0,normal
2026-09-14 23:15:00,Telkom,Gauteng,Soweto,JHB-SOW-018,JHB-SOW-018-B,RAN,98.58,98.995625,-0.4156250000000057,98.67,0.42,97.47,36.68,41.025625,10.592465075181666,11.1,50.2,-86.5,-8.8,16.9,48.99,29,4,3,0,0.95,146,1,0,0,0,normal,,0.0,normal
2026-09-14 23:30:00,Telkom,Gauteng,Soweto,JHB-SOW-018,JHB-SOW-018-B,RAN,99.46,98.933125,0.5268749999999898,98.39,0.54,98.59,44.08,40.6325,-8.484587460776467,13.22,50.5,-86.3,-9.9,19.2,44.5,27,3,5,2,1.08,0,2,0,0,0,normal,,0.0,normal
2026-09-14 23:45:00,Telkom,Gauteng,Soweto,JHB-SOW-018,JHB-SOW-018-B,RAN,98.47,99.00625,-0.5362499999999955,99.53,0.73,98.49,44.11,40.7325,-8.291904498864538,14.3,55.3,-85.8,-10.1,15.6,47.75,32,4,0,1,0.93,30,2,0,0,0,normal,,0.0,normal
2026-09-15 00:00:00,Telkom,Gauteng,Soweto,JHB-SOW-018,JHB-SOW-018-B,RAN,98.99,98.97125,0.018749999999997158,98.72,0.29,98.75,42.01,41.184374999999996,-2.0047044540557004,12.8,53.4,-85.3,-9.8,18.1,43.41,30,3,2,0,0.38,95,1,0,0,0,normal,,0.0,normal
2026-09-15 00:15:00,Telkom,Gauteng,Soweto,JHB-SOW-018,JHB-SOW-018-B,RAN,98.58,98.9275,-0.3474999999999966,98.85,0.56,98.23,48.2,41.815625,-15.267917196024229,12.05,48.1,-87.9,-8.9,14.9,42.86,29,4,6,2,0.48,0,1,0,0,0,normal,,0.0,normal
2026-09-15 00:30:00,Telkom,Gauteng,Soweto,JHB-SOW-018,JHB-SOW-018-B,RAN,99.11,98.90125,0.20874999999999488,98.9,0.23,98.75,57.68,42.50875,-35.68971094186491,15.4,49.6,-82.8,-10.0,15.1,35.16,19,1,3,0,0.65,0,1,0,0,0,normal,,0.0,normal
2026-09-15 00:45:00,Telkom,Gauteng,Soweto,JHB-SOW-018,JHB-SOW-018-B,RAN,99.9,98.89250000000001,1.0074999999999932,99.0,0.56,98.68,44.34,43.743125,-1.3645001357356255,12.01,54.4,-92.1,-11.7,15.7,51.96,35,0,2,2,0.66,0,1,0,0,0,normal,,0.0,normal
2026-09-15 01:00:00,Telkom,Gauteng,Soweto,JHB-SOW-018,JHB-SOW-018-B,RAN,99.12,98.975625,0.1443750000000108,99.6,0.36,99.68,45.0,43.799375,-2.741192083220371,11.8,45.2,-85.0,-9.3,15.1,43.97,34,2,0,1,0.1,103,0,0,0,0,normal,,0.0,normal
2026-09-15 01:15:00,Telkom,Gauteng,Soweto,JHB-SOW-018,JHB-SOW-018-B,RAN,98.71,98.970625,-0.26062500000000455,99.54,0.24,98.55,40.44,43.5175,7.071867639455393,13.57,48.4,-86.1,-10.6,19.4,41.72,37,6,4,0,0.44,47,0,0,0,0,normal,,0.0,normal
2026-09-15 01:30:00,Telkom,Gauteng,Soweto,JHB-SOW-018,JHB-SOW-018-B,RAN,99.21,98.970625,0.23937499999999545,99.34,0.81,98.88,44.93,43.692499999999995,-2.8322938719459962,14.76,34.4,-83.7,-10.6,17.1,41.66,26,2,0,3,0.99,0,0,0,0,0,normal,,0.0,normal
2026-09-15 01:45:00,Telkom,Gauteng,Soweto,JHB-SOW-018,JHB-SOW-018-B,RAN,98.72,99.01062499999999,-0.2906249999999915,99.24,0.17,98.82,36.91,43.8975,15.91776297055642,12.78,47.0,-83.8,-12.6,14.8,44.99,21,1,1,0,0.91,0,0,0,0,0,normal,,0.0,normal
2026-09-15 02:00:00,Telkom,Gauteng,Soweto,JHB-SOW-018,JHB-SOW-018-B,RAN,98.88,99.00937499999999,-0.12937499999999602,98.72,0.47,98.58,34.23,43.74,21.742112482853234,12.33,45.6,-85.8,-9.3,14.0,55.04,40,6,2,0,0.76,0,0,0,0,0,normal,,0.0,normal
2026-09-15 02:15:00,Telkom,Gauteng,Soweto,JHB-SOW-018,JHB-SOW-018-B,RAN,99.43,98.98375,0.44625000000000625,98.93,0.51,98.72,41.88,43.356875,3.406322526704242,12.2,58.7,-88.1,-10.5,20.5,47.41,35,1,2,1,0.3,48,0,0,0,0,normal,,0.0,normal
2026-09-15 02:30:00,Telkom,Gauteng,Soweto,JHB-SOW-018,JHB-SOW-018-B,RAN,99.41,99.02812499999999,0.38187500000000796,99.19,0.28,98.23,41.81,43.255625,3.342050889335201,12.29,38.8,-79.4,-10.3,17.3,43.32,31,1,2,0,0.64,97,0,0,0,0,normal,,0.0,normal
2026-09-15 02:45:00,Telkom,Gauteng,Soweto,JHB-SOW-018,JHB-SOW-018-B,RAN,99.21,99.015625,0.19437499999999375,98.06,0.82,98.34,48.34,42.90687500000001,-12.66259777716274,10.55,54.9,-91.6,-12.5,14.1,41.47,25,4,5,1,0.31,0,0,0,0,0,normal,,0.0,normal
2026-09-15 03:00:00,Telkom,Gauteng,Soweto,JHB-SOW-018,JHB-SOW-018-B,RAN,99.04,99.0425,-0.0024999999999977263,99.2,0.34,98.26,38.1,43.950624999999995,13.311812971942935,13.48,48.0,-86.3,-9.5,18.3,47.43,34,1,2,0,0.24,156,0,0,0,0,normal,,0.0,normal
2026-09-15 03:15:00,Telkom,Gauteng,Soweto,JHB-SOW-018,JHB-SOW-018-B,RAN,99.05,99.05125,-0.0012499999999988631,98.63,0.86,98.2,49.26,43.04625,-14.435055318407523,9.67,54.8,-84.8,-8.3,18.7,42.19,37,8,3,2,0.79,165,0,0,0,0,normal,,0.0,normal
2026-09-15 03:30:00,Telkom,Gauteng,Soweto,JHB-SOW-018,JHB-SOW-018-B,RAN,99.21,99.080625,0.12937499999999602,99.12,0.05,98.78,45.44,43.832499999999996,-3.6673701020932,14.09,37.5,-81.0,-9.2,16.5,46.52,30,0,2,0,0.6,160,0,0,0,0,normal,,0.0,normal
2026-09-15 03:45:00,Telkom,Gauteng,Soweto,JHB-SOW-018,JHB-SOW-018-B,RAN,98.85,99.065,-0.2150000000000034,99.05,0.53,98.55,38.3,43.917500000000004,12.79102863323278,14.19,47.3,-88.8,-10.5,12.6,48.77,32,2,6,3,0.75,8,0,0,0,0,normal,,0.0,normal
2026-09-15 04:00:00,Telkom,Gauteng,Soweto,JHB-SOW-018,JHB-SOW-018-B,RAN,99.18,99.08874999999999,0.09125000000001648,98.5,0.27,97.87,41.5,43.554375,4.716805142996542,12.22,46.0,-88.5,-9.8,15.4,40.96,31,0,4,0,1.13,40,0,0,0,0,normal,,0.0,normal
2026-09-15 04:15:00,Telkom,Gauteng,Soweto,JHB-SOW-018,JHB-SOW-018-B,RAN,99.22,99.100625,0.11937500000000512,98.6,0.71,98.78,42.59,43.5225,2.142569935091039,12.0,45.8,-91.2,-8.4,17.3,38.73,28,2,4,3,0.73,119,0,0,0,0,normal,,0.0,normal
2026-09-15 04:30:00,Telkom,Gauteng,Soweto,JHB-SOW-018,JHB-SOW-018-B,RAN,99.47,99.140625,0.32937499999999886,98.26,0.82,99.44,45.59,43.171875,-5.6011581614187556,10.64,47.4,-87.1,-10.6,18.0,53.08,38,2,4,3,0.51,95,0,0,0,0,normal,,0.0,normal
2026-09-15 04:45:00,Telkom,Gauteng,Soweto,JHB-SOW-018,JHB-SOW-018-B,RAN,99.01,99.163125,-0.15312499999998863,98.45,0.05,98.49,43.35,42.416250000000005,-2.2013968703032356,15.25,53.4,-84.7,-9.3,16.2,44.92,30,4,0,0,0.58,0,0,0,0,0,normal,,0.0,normal
2026-09-15 05:00:00,Telkom,Gauteng,Soweto,JHB-SOW-018,JHB-SOW-018-B,RAN,99.07,99.1075,-0.037500000000008527,98.65,0.67,98.32,35.54,42.354375,16.088951849720363,13.91,54.9,-79.3,-11.1,18.3,46.02,31,4,3,1,0.23,0,0,0,0,0,normal,,0.0,normal
2026-09-15 05:15:00,Telkom,Gauteng,Soweto,JHB-SOW-018,JHB-SOW-018-B,RAN,98.7,99.10437499999999,-0.4043749999999875,98.98,0.66,98.33,39.68,41.763125,4.987952889061828,13.11,56.2,-79.9,-7.0,16.4,47.17,39,1,3,2,0.29,40,0,0,0,0,normal,,0.0,normal
2026-09-15 05:30:00,Telkom,Gauteng,Soweto,JHB-SOW-018,JHB-SOW-018-B,RAN,98.65,99.10375,-0.45374999999999943,98.81,0.45,98.31,36.28,41.715624999999996,13.030189527305405,11.4,56.2,-82.1,-11.4,13.8,49.08,27,4,2,1,0.58,82,0,0,0,0,normal,,0.0,normal
2026-09-15 05:45:00,Telkom,Gauteng,Soweto,JHB-SOW-018,JHB-SOW-018-B,RAN,99.85,99.06875000000001,0.7812499999999858,98.61,0.1,98.21,37.41,41.175,9.143897996357014,12.49,46.1,-89.9,-11.5,17.0,53.66,37,0,0,1,0.69,4,0,0,0,0,normal,,0.0,normal
2026-09-15 06:00:00,Telkom,Gauteng,Soweto,JHB-SOW-018,JHB-SOW-018-B,RAN,99.14,99.139375,0.0006249999999994316,98.96,0.12,98.06,41.19,41.206250000000004,0.03943576520553686,12.28,54.5,-87.6,-10.5,16.1,44.91,44,0,5,1,0.5,118,0,0,0,0,normal,,0.0,normal
2026-09-15 06:15:00,Telkom,Gauteng,Soweto,JHB-SOW-018,JHB-SOW-018-B,RAN,99.77,99.155625,0.6143749999999955,98.91,0.49,98.88,38.48,41.64125,7.591630894845862,13.98,50.9,-83.4,-10.4,18.5,49.81,43,2,4,0,0.92,61,0,0,0,0,normal,,0.0,normal
2026-09-15 06:30:00,Telkom,Gauteng,Soweto,JHB-SOW-018,JHB-SOW-018-B,RAN,99.34,99.17687500000001,0.16312499999999375,98.68,0.56,98.88,46.82,41.42875,-13.013305977129408,12.03,51.5,-84.9,-10.6,17.1,51.32,32,0,4,0,0.26,78,0,0,0,0,normal,,0.0,normal
2026-09-15 06:45:00,Telkom,Gauteng,Soweto,JHB-SOW-018,JHB-SOW-018-B,RAN,99.59,99.1725,0.417500000000004,98.47,0.55,99.0,43.7,41.74187499999999,-4.69103268600179,13.71,38.3,-92.3,-10.8,15.4,45.24,40,4,3,1,0.81,87,0,0,0,0,normal,,0.0,normal
2026-09-15 07:00:00,Telkom,Gauteng,Soweto,JHB-SOW-018,JHB-SOW-018-B,RAN,99.12,99.19624999999999,-0.0762499999999875,98.38,0.96,98.12,45.99,41.451875,-10.94793661324126,12.64,56.8,-87.4,-9.5,15.9,40.05,35,3,5,1,0.45,224,0,0,0,0,normal,,0.0,normal
2026-09-15 07:15:00,Telkom,Gauteng,Soweto,JHB-SOW-018,JHB-SOW-018-B,RAN,99.42,99.20125,0.21875,98.96,0.39,98.29,47.37,41.945,-12.93360352843008,13.07,54.9,-82.3,-9.5,16.1,38.21,41,2,4,2,1.02,42,0,0,0,0,normal,,0.0,normal
2026-09-15 07:30:00,Telkom,Gauteng,Soweto,JHB-SOW-018,JHB-SOW-018-B,RAN,99.01,99.22437500000001,-0.21437500000000398,98.28,0.71,98.69,37.85,41.826875,9.507941963151682,10.19,58.7,-82.4,-9.8,18.2,50.06,55,2,6,3,1.3,0,0,0,0,0,normal,,0.0,normal
2026-09-15 07:45:00,Telkom,Gauteng,Soweto,JHB-SOW-018,JHB-SOW-018-B,RAN,98.75,99.211875,-0.46187500000000625,99.0,0.32,98.77,34.3,41.3525,17.054591620820993,11.39,49.2,-83.2,-12.0,16.6,52.13,49,4,0,2,0.39,0,0,0,0,0,normal,,0.0,normal
2026-09-15 08:00:00,Telkom,Gauteng,Soweto,JHB-SOW-018,JHB-SOW-018-B,RAN,98.93,99.20562500000001,-0.2756250000000051,98.84,0.7,98.81,32.94,41.1025,19.858889361960955,10.52,57.3,-86.7,-9.8,17.4,60.15,53,3,1,2,1.12,43,0,0,0,0,normal,,0.0,normal
2026-09-15 08:15:00,Telkom,Gauteng,Soweto,JHB-SOW-018,JHB-SOW-018-B,RAN,99.36,99.19,0.1700000000000017,98.25,0.57,99.17,39.05,40.5675,3.7406791150551686,15.23,50.1,-87.6,-10.0,18.9,52.92,48,3,8,4,0.4,0,0,0,0,0,normal,,0.0,normal
2026-09-15 08:30:00,Telkom,Gauteng,Soweto,JHB-SOW-018,JHB-SOW-018-B,RAN,98.42,99.19875,-0.7787500000000023,99.57,0.81,98.28,38.91,40.34625,3.5598103913003096,12.26,61.5,-88.5,-9.4,19.7,57.54,44,6,1,3,1.26,0,0,0,0,0,normal,,0.0,normal
2026-09-15 08:45:00,Telkom,Gauteng,Soweto,JHB-SOW-018,JHB-SOW-018-B,RAN,99.12,99.133125,-0.013125000000002274,99.14,0.31,98.71,45.35,39.928749999999994,-13.577309582694195,10.99,53.4,-84.8,-10.5,18.6,50.61,54,4,4,3,0.86,152,0,0,0,0,normal,,0.0,normal
2026-09-15 09:00:00,Telkom,Gauteng,Soweto,JHB-SOW-018,JHB-SOW-018-B,RAN,99.14,99.14,0.0,98.87,0.66,98.99,30.11,40.05375,24.82601504228693,10.13,67.0,-88.6,-10.1,17.3,64.88,56,4,4,3,1.18,135,0,0,0,0,normal,,0.0,normal
2026-09-15 09:15:00,Telkom,Gauteng,Soweto,JHB-SOW-018,JHB-SOW-018-B,RAN,99.27,99.14437500000001,0.12562499999998522,99.4,0.54,97.9,45.35,39.714375,-14.190390759013594,10.53,58.1,-81.9,-10.3,18.0,63.99,53,4,1,1,0.8,0,0,0,0,0,normal,,0.0,normal
2026-09-15 09:30:00,Telkom,Gauteng,Soweto,JHB-SOW-018,JHB-SOW-018-B,RAN,99.3,99.18,0.11999999999999034,98.9,0.8,98.9,37.82,40.06875,5.6122289814381565,13.44,57.6,-86.4,-9.9,17.8,56.36,55,4,6,2,0.99,70,0,0,0,0,normal,,0.0,normal
2026-09-15 09:45:00,Telkom,Gauteng,Soweto,JHB-SOW-018,JHB-SOW-018-B,RAN,99.35,99.220625,0.12937499999999602,99.31,0.61,98.71,33.59,40.165,16.369973857836413,9.38,54.3,-88.7,-9.4,18.9,52.86,47,0,5,2,0.4,129,0,0,0,0,normal,,0.0,normal
2026-09-15 10:00:00,Telkom,Gauteng,Soweto,JHB-SOW-018,JHB-SOW-018-B,RAN,98.8,99.189375,-0.38937500000000114,97.66,1.24,97.58,36.82,39.926249999999996,7.779969318430847,12.64,47.9,-82.4,-11.0,17.0,62.78,59,8,12,7,0.76,8,0,0,0,0,normal,,0.0,normal
2026-09-15 10:15:00,Telkom,Gauteng,Soweto,JHB-SOW-018,JHB-SOW-018-B,RAN,98.94,99.16812499999999,-0.22812499999999147,98.52,0.6,98.62,31.51,39.653125,20.535897233824574,10.77,51.2,-87.4,-9.6,16.7,65.07,65,7,7,2,0.83,0,0,0,0,0,normal,,0.0,normal
2026-09-15 10:30:00,Telkom,Gauteng,Soweto,JHB-SOW-018,JHB-SOW-018-B,RAN,98.36,99.11625,-0.7562499999999943,98.49,0.62,98.43,33.95,39.2175,13.43150379294957,13.27,50.0,-89.3,-11.0,16.9,61.42,57,8,4,3,0.4,55,0,0,0,0,normal,,0.0,normal
2026-09-15 10:45:00,Telkom,Gauteng,Soweto,JHB-SOW-018,JHB-SOW-018-B,RAN,99.22,99.055,0.16499999999999204,98.89,0.86,98.35,35.53,38.413125,7.505572639560046,12.83,53.6,-82.9,-8.3,15.9,61.63,55,5,4,3,0.79,22,0,0,0,0,normal,,0.0,normal
2026-09-15 11:00:00,Telkom,Gauteng,Soweto,JHB-SOW-018,JHB-SOW-018-B,RAN,98.44,99.031875,-0.5918750000000017,98.94,0.25,99.32,36.19,37.9025,4.518171624563038,11.65,61.9,-88.3,-10.5,15.6,55.91,53,5,8,2,0.26,7,0,0,0,0,normal,,0.0,normal
2026-09-15 11:15:00,Telkom,Gauteng,Soweto,JHB-SOW-018,JHB-SOW-018-B,RAN,99.55,98.989375,0.5606250000000017,98.51,0.53,98.41,32.81,37.29,12.01394475730758,7.39,55.2,-84.4,-11.3,14.4,70.87,59,3,8,3,0.69,7,0,0,0,0,normal,,0.0,normal
2026-09-15 11:30:00,Telkom,Gauteng,Soweto,JHB-SOW-018,JHB-SOW-018-B,RAN,98.92,98.99749999999999,-0.07749999999998636,98.56,0.23,99.34,35.26,36.38,3.078614623419474,11.44,58.7,-86.4,-10.4,14.8,59.34,49,5,8,0,0.54,2,0,0,0,0,normal,,0.0,normal
2026-09-15 11:45:00,Telkom,Gauteng,Soweto,JHB-SOW-018,JHB-SOW-018-B,RAN,99.01,98.991875,0.018125000000011937,99.04,0.26,97.03,38.99,36.218125,-7.653281333586433,14.6,42.8,-85.7,-10.7,17.7,57.77,56,6,4,3,0.42,198,0,0,0,0,normal,,0.0,normal
2026-09-15 12:00:00,Telkom,Gauteng,Soweto,JHB-SOW-018,JHB-SOW-018-B,RAN,98.93,99.00812499999999,-0.07812499999998579,98.15,0.62,98.63,41.42,36.511250000000004,-13.444486288472724,12.87,49.0,-84.3,-10.4,24.2,49.15,44,4,7,1,0.61,43,0,0,0,0,normal,,0.0,normal
2026-09-15 12:15:00,Telkom,Gauteng,Soweto,JHB-SOW-018,JHB-SOW-018-B,RAN,98.87,99.008125,-0.13812500000000227,98.62,0.77,98.57,37.46,37.04125,-1.1304964060338214,14.44,48.6,-89.0,-9.9,16.3,50.6,42,2,0,2,1.3,10,0,0,0,0,normal,,0.0,normal
2026-09-15 12:30:00,Telkom,Gauteng,Soweto,JHB-SOW-018,JHB-SOW-018-B,RAN,98.98,98.97749999999999,0.002500000000011937,98.56,0.14,99.1,40.11,36.941875,-8.575972389057123,11.24,51.1,-87.1,-11.1,16.6,50.1,43,5,5,0,0.44,52,0,0,0,0,normal,,0.0,normal
2026-09-15 12:45:00,Telkom,Gauteng,Soweto,JHB-SOW-018,JHB-SOW-018-B,RAN,98.85,99.01249999999999,-0.16249999999999432,98.76,0.73,98.18,34.92,37.016875000000006,5.664646191770656,10.52,66.3,-86.5,-8.7,20.2,61.7,49,8,3,5,0.1,113,0,0,0,0,normal,,0.0,normal
2026-09-15 13:00:00,Telkom,Gauteng,Soweto,JHB-SOW-018,JHB-SOW-018-B,RAN,98.71,98.995625,-0.28562500000001023,98.99,0.38,98.25,33.03,36.365,9.170906091021589,9.79,48.5,-83.6,-10.3,17.7,57.21,49,5,5,2,0.47,61,0,0,0,0,normal,,0.0,normal
2026-09-15 13:15:00,Telkom,Gauteng,Soweto,JHB-SOW-018,JHB-SOW-018-B,RAN,99.24,98.96875,0.2712499999999949,99.01,0.65,98.76,36.63,36.5475,-0.225733634311521,13.88,54.7,-84.4,-8.1,14.5,52.43,54,1,6,2,0.99,82,0,0,0,0,normal,,0.0,normal
2026-09-15 13:30:00,Telkom,Gauteng,Soweto,JHB-SOW-018,JHB-SOW-018-B,RAN,99.1,98.96687499999999,0.13312500000000682,99.27,0.57,98.41,37.51,36.0025,-4.187209221581836,14.02,56.1,-88.1,-12.4,16.1,57.05,40,5,1,2,0.77,0,0,0,0,0,normal,,0.0,normal
2026-09-15 13:45:00,Telkom,Gauteng,Soweto,JHB-SOW-018,JHB-SOW-018-B,RAN,99.43,98.954375,0.47562500000000796,99.33,0.44,97.39,40.27,35.983125,-11.913570597328613,11.79,48.1,-85.3,-9.4,18.9,51.64,41,3,3,3,0.23,35,0,0,0,0,normal,,0.0,normal
2026-09-15 14:00:00,Telkom,Gauteng,Soweto,JHB-SOW-018,JHB-SOW-018-B,RAN,99.45,98.95937500000001,0.4906249999999943,98.72,0.64,99.06,42.78,36.400625000000005,-17.52545457667278,11.55,56.0,-82.0,-9.7,21.2,45.68,44,1,3,3,0.74,146,0,0,0,0,normal,,0.0,normal
2026-09-15 14:15:00,Telkom,Gauteng,Soweto,JHB-SOW-018,JHB-SOW-018-B,RAN,99.62,99.0,0.6200000000000045,99.13,0.59,98.77,41.11,36.773125,-11.793599265768137,13.02,53.5,-83.1,-10.6,19.7,54.21,45,0,0,2,0.92,178,0,0,0,0,normal,,0.0,normal
2026-09-15 14:30:00,Telkom,Gauteng,Soweto,JHB-SOW-018,JHB-SOW-018-B,RAN,99.14,99.0425,0.09749999999999659,98.56,0.44,98.2,40.11,37.373125,-7.3231098550094424,13.44,59.5,-80.5,-10.6,17.1,51.9,45,2,9,1,0.98,0,0,0,0,0,normal,,0.0,normal
2026-09-15 14:45:00,Telkom,Gauteng,Soweto,JHB-SOW-018,JHB-SOW-018-B,RAN,98.96,99.09124999999999,-0.13124999999999432,99.04,0.79,98.61,37.96,37.75812500000001,-0.5346531375697124,13.74,52.9,-86.4,-8.7,17.9,49.31,53,2,3,4,0.62,160,0,0,0,0,normal,,0.0,normal
2026-09-15 15:00:00,Telkom,Gauteng,Soweto,JHB-SOW-018,JHB-SOW-018-B,RAN,98.75,99.075,-0.32500000000000284,99.35,0.68,98.68,37.19,37.91,1.899235030335001,12.01,57.0,-85.7,-10.3,15.4,57.24,42,7,1,2,1.24,109,0,0,0,0,normal,,0.0,normal
2026-09-15 15:15:00,Telkom,Gauteng,Soweto,JHB-SOW-018,JHB-SOW-018-B,RAN,99.38,99.094375,0.285624999999996,99.06,0.05,98.11,36.01,37.972500000000004,5.168213838962422,10.22,56.7,-89.0,-10.6,18.6,60.66,46,4,1,0,0.83,0,0,0,0,0,normal,,0.0,normal
2026-09-15 15:30:00,Telkom,Gauteng,Soweto,JHB-SOW-018,JHB-SOW-018-B,RAN,99.33,99.08375000000001,0.2462499999999892,98.94,0.99,98.4,39.95,38.1725,-4.656493549020901,11.09,57.5,-90.0,-11.6,14.8,56.09,42,0,2,4,0.64,43,0,0,0,0,normal,,0.0,normal
2026-09-15 15:45:00,Telkom,Gauteng,Soweto,JHB-SOW-018,JHB-SOW-018-B,RAN,98.67,99.109375,-0.4393749999999983,99.02,0.52,98.32,34.64,38.465624999999996,9.94556828336988,11.58,49.8,-85.5,-10.2,15.0,53.14,46,4,7,2,0.16,71,0,0,0,0,normal,,0.0,normal
2026-09-15 16:00:00,Telkom,Gauteng,Soweto,JHB-SOW-018,JHB-SOW-018-B,RAN,98.76,99.088125,-0.328125,98.82,0.47,98.1,38.99,38.193749999999994,-2.084765177548703,11.47,51.1,-85.3,-9.2,15.0,42.9,38,4,6,0,0.39,0,0,0,0,0,normal,,0.0,normal
2026-09-15 16:15:00,Telkom,Gauteng,Soweto,JHB-SOW-018,JHB-SOW-018-B,RAN,99.18,99.0775,0.10250000000000625,98.96,0.58,98.69,30.22,38.041875,20.56122365156817,12.74,64.7,-86.0,-11.2,15.2,59.22,49,6,3,3,0.9,81,0,0,0,0,normal,,0.0,normal
2026-09-15 16:30:00,Telkom,Gauteng,Soweto,JHB-SOW-018,JHB-SOW-018-B,RAN,98.84,99.09687500000001,-0.25687500000000796,98.61,0.52,97.75,41.5,37.589375,-10.403538233875938,11.58,56.0,-83.5,-10.4,18.0,47.99,43,0,6,0,0.85,3,0,0,0,0,normal,,0.0,normal
2026-09-15 16:45:00,Telkom,Gauteng,Soweto,JHB-SOW-018,JHB-SOW-018-B,RAN,99.26,99.088125,0.171875,98.89,0.38,99.04,39.99,37.676249999999996,-6.141136657708786,13.03,54.8,-86.8,-11.0,17.7,54.82,41,4,1,0,0.44,136,0,0,0,0,normal,,0.0,normal
2026-09-15 17:00:00,Telkom,Gauteng,Soweto,JHB-SOW-018,JHB-SOW-018-B,RAN,99.45,99.11375,0.3362500000000068,98.42,0.16,98.99,38.97,37.993125,-2.5711888664067506,13.62,45.3,-87.7,-10.5,16.7,45.73,50,6,5,0,1.01,105,0,0,0,0,normal,,0.0,normal
2026-09-15 17:15:00,Telkom,Gauteng,Soweto,JHB-SOW-018,JHB-SOW-018-B,RAN,99.1,99.16000000000001,-0.060000000000016485,98.27,0.38,98.46,42.03,38.364375,-9.554762719319678,12.25,52.9,-83.7,-10.4,17.1,47.09,43,4,5,1,0.1,79,0,0,0,0,normal,,0.0,normal
2026-09-15 17:30:00,Telkom,Gauteng,Soweto,JHB-SOW-018,JHB-SOW-018-B,RAN,98.99,99.15125,-0.16125000000000966,98.52,1.03,98.95,39.19,38.701875,-1.2612438027873238,12.49,52.6,-85.1,-9.0,16.3,40.83,42,3,3,6,0.86,0,0,0,0,0,normal,,0.0,normal
2026-09-15 17:45:00,Telkom,Gauteng,Soweto,JHB-SOW-018,JHB-SOW-018-B,RAN,99.13,99.144375,-0.014375000000001137,99.13,0.66,98.32,43.15,38.806875000000005,-11.191638079592838,12.86,44.4,-86.4,-10.9,15.8,53.75,47,4,7,4,0.55,68,0,0,0,0,normal,,0.0,normal
2026-09-15 18:00:00,Telkom,Gauteng,Soweto,JHB-SOW-018,JHB-SOW-018-B,RAN,98.92,99.125625,-0.20562499999999773,98.93,0.62,98.67,32.34,38.986875000000005,17.049006877314483,8.59,60.1,-84.5,-11.5,13.7,61.47,52,8,5,4,0.29,175,0,0,0,0,normal,,0.0,normal
2026-09-15 18:15:00,Telkom,Gauteng,Soweto,JHB-SOW-018,JHB-SOW-018-B,RAN,99.29,99.0925,0.19750000000000512,98.65,0.68,98.65,35.03,38.334375,8.619874459933156,13.49,63.1,-87.7,-9.5,15.2,63.18,50,3,5,3,0.28,68,0,0,0,0,normal,,0.0,normal
2026-09-15 18:30:00,Telkom,Gauteng,Soweto,JHB-SOW-018,JHB-SOW-018-B,RAN,98.54,99.071875,-0.5318749999999994,99.75,0.05,99.38,40.96,37.954375,-7.919047540632674,13.63,48.0,-85.0,-10.0,14.9,52.47,43,6,0,1,1.0,0,0,0,0,0,normal,,0.0,normal
2026-09-15 18:45:00,Telkom,Gauteng,Soweto,JHB-SOW-018,JHB-SOW-018-B,RAN,99.66,99.03437500000001,0.6256249999999852,98.75,0.87,98.58,42.35,38.00750000000001,-11.425376570413716,12.21,53.4,-86.4,-9.2,16.2,56.43,43,1,0,4,1.29,72,0,0,0,0,normal,,0.0,normal
2026-09-15 19:00:00,Telkom,Gauteng,Soweto,JHB-SOW-018,JHB-SOW-018-B,RAN,98.94,99.078125,-0.13812500000000227,99.01,0.25,97.25,44.21,38.281875,-15.485461461853689,13.78,68.9,-88.7,-10.9,13.7,57.43,40,1,2,2,0.34,0,0,0,0,0,normal,,0.0,normal
2026-09-15 19:15:00,Telkom,Gauteng,Soweto,JHB-SOW-018,JHB-SOW-018-B,RAN,99.11,99.09,0.01999999999999602,98.77,0.59,97.82,43.1,38.720625,-11.310186754475176,12.08,48.8,-87.6,-11.8,20.6,42.98,36,3,1,2,1.27,38,0,0,0,0,normal,,0.0,normal
2026-09-15 19:30:00,Telkom,Gauteng,Soweto,JHB-SOW-018,JHB-SOW-018-B,RAN,99.02,99.073125,-0.053125000000008527,99.05,0.59,99.12,34.81,39.16375,11.11678529252178,12.16,61.4,-83.9,-11.9,14.5,52.72,41,3,3,1,1.14,33,0,0,0,0,normal,,0.0,normal
2026-09-15 19:45:00,Telkom,Gauteng,Soweto,JHB-SOW-018,JHB-SOW-018-B,RAN,98.62,99.05375000000001,-0.4337500000000034,98.2,0.72,98.14,49.6,38.8425,-27.695179249533368,15.57,46.6,-86.8,-8.9,16.3,47.34,40,7,7,2,0.53,142,0,0,0,0,normal,,0.0,normal
2026-09-15 20:00:00,Telkom,Gauteng,Soweto,JHB-SOW-018,JHB-SOW-018-B,RAN,98.98,99.050625,-0.07062499999999261,98.63,0.85,98.58,44.22,39.777499999999996,-11.168374080824595,10.43,55.2,-90.1,-11.9,14.4,43.45,35,2,5,3,0.79,0,0,0,0,0,normal,,0.0,normal
2026-09-15 20:15:00,Telkom,Gauteng,Soweto,JHB-SOW-018,JHB-SOW-018-B,RAN,99.17,99.064375,0.10562500000000341,98.9,0.29,97.95,38.4,40.104375000000005,4.249848052737402,12.66,50.8,-90.5,-10.6,19.2,51.91,43,2,1,0,0.96,33,0,0,0,0,normal,,0.0,normal
2026-09-15 20:30:00,Telkom,Gauteng,Soweto,JHB-SOW-018,JHB-SOW-018-B,RAN,99.09,99.06375,0.026250000000004547,98.79,0.95,99.18,39.72,40.615625,2.205124259444493,8.96,58.7,-88.1,-10.2,15.7,56.57,43,5,4,6,0.1,72,0,0,0,0,normal,,0.0,normal
2026-09-15 20:45:00,Telkom,Gauteng,Soweto,JHB-SOW-018,JHB-SOW-018-B,RAN,99.08,99.079375,0.0006249999999994316,98.74,0.5,98.7,43.24,40.504375,-6.753900041662162,11.58,49.5,-83.6,-10.1,19.7,47.45,35,3,5,2,0.1,35,0,0,0,0,normal,,0.0,normal
2026-09-15 21:00:00,Telkom,Gauteng,Soweto,JHB-SOW-018,JHB-SOW-018-B,RAN,98.85,99.068125,-0.21812500000000057,99.13,0.39,98.58,35.22,40.7075,13.480316894921094,12.06,44.9,-85.3,-11.3,16.8,53.61,39,4,0,2,1.23,0,0,0,0,0,normal,,0.0,normal
2026-09-15 21:15:00,Telkom,Gauteng,Soweto,JHB-SOW-018,JHB-SOW-018-B,RAN,99.37,99.030625,0.339375000000004,98.99,0.65,97.74,41.93,40.473124999999996,-3.5996108528807786,12.11,50.2,-89.0,-9.4,17.1,46.49,46,0,2,2,0.62,88,0,0,0,0,normal,,0.0,normal
2026-09-15 21:30:00,Telkom,Gauteng,Soweto,JHB-SOW-018,JHB-SOW-018-B,RAN,99.37,99.0475,0.3225000000000051,99.15,0.62,98.06,38.39,40.466875,5.132284121272031,12.92,44.0,-83.3,-10.2,16.4,50.92,42,0,0,1,0.58,114,0,0,0,0,normal,,0.0,normal
2026-09-15 21:45:00,Telkom,Gauteng,Soweto,JHB-SOW-018,JHB-SOW-018-B,RAN,99.62,99.07125,0.5487499999999983,99.31,0.45,99.34,43.36,40.416875,-7.281921227210174,13.51,46.1,-85.8,-10.8,16.5,52.8,42,2,4,0,0.1,0,0,0,0,0,normal,,0.0,normal
2026-09-15 22:00:00,Telkom,Gauteng,Soweto,JHB-SOW-018,JHB-SOW-018-B,RAN,98.97,99.10187499999999,-0.13187499999999375,99.27,0.24,98.26,34.37,40.43,14.988869651249079,15.15,52.7,-83.5,-10.7,14.4,48.81,32,0,3,0,0.29,17,0,0,0,0,normal,,0.0,normal
2026-09-15 22:15:00,Telkom,Gauteng,Soweto,JHB-SOW-018,JHB-SOW-018-B,RAN,98.46,99.105,-0.6450000000000102,98.77,0.3,98.87,44.58,40.556875,-9.919711516234917,13.73,56.0,-87.3,-10.4,18.6,41.6,37,2,7,0,0.68,0,0,0,0,0,normal,,0.0,normal
2026-09-15 22:30:00,Telkom,Gauteng,Soweto,JHB-SOW-018,JHB-SOW-018-B,RAN,98.91,99.053125,-0.14312499999999773,98.62,0.05,98.26,44.05,41.15375,-7.037633265498271,12.09,41.9,-89.3,-9.7,16.6,51.0,37,4,4,0,0.55,143,0,0,0,0,normal,,0.0,normal
2026-09-15 22:45:00,Telkom,Gauteng,Soweto,JHB-SOW-018,JHB-SOW-018-B,RAN,99.0,99.07625,-0.0762500000000017,98.17,0.8,98.53,46.95,41.346875,-13.551507822537994,14.39,51.6,-84.7,-10.8,19.5,39.94,37,2,4,2,0.62,0,0,0,0,0,normal,,0.0,normal
2026-09-15 23:00:00,Telkom,Gauteng,Soweto,JHB-SOW-018,JHB-SOW-018-B,RAN,98.9,99.03500000000001,-0.13500000000000512,99.51,0.28,98.09,34.53,41.634375000000006,17.063724386399468,13.73,61.0,-84.7,-11.0,18.6,45.19,32,2,4,0,0.47,65,0,0,1,0,normal,,0.0,normal
2026-09-15 23:15:00,Telkom,Gauteng,Soweto,JHB-SOW-018,JHB-SOW-018-B,RAN,99.81,99.0325,0.7775000000000034,99.14,0.66,98.82,38.74,41.029375,5.579843709537373,11.73,58.2,-79.7,-8.8,15.3,55.13,27,0,0,2,0.54,0,0,0,1,0,normal,,0.0,normal
2026-09-15 23:30:00,Telkom,Gauteng,Soweto,JHB-SOW-018,JHB-SOW-018-B,RAN,98.74,99.07624999999999,-0.3362499999999926,98.81,0.65,98.45,32.15,40.756875,21.117602858413463,10.94,56.9,-89.7,-11.2,17.7,49.55,31,4,0,2,1.17,52,0,0,1,0,normal,,0.0,normal
2026-09-15 23:45:00,Telkom,Gauteng,Soweto,JHB-SOW-018,JHB-SOW-018-B,RAN,98.83,99.05874999999999,-0.2287499999999909,98.96,0.59,98.46,45.13,40.590625,-11.183308953730078,10.7,59.5,-84.2,-8.4,17.0,52.4,35,1,3,2,0.11,107,0,0,1,0,normal,,0.0,normal
2026-09-14 00:00:00,Telkom,Gauteng,Soweto,JHB-SOW-018,JHB-SOW-018-C,RAN,98.97,98.97,0.0,98.49,0.35,98.6,40.39,40.39,0.0,13.92,44.0,-80.7,-12.9,16.9,46.64,32,2,2,2,1.04,101,0,0,0,0,normal,,0.0,normal
2026-09-14 00:15:00,Telkom,Gauteng,Soweto,JHB-SOW-018,JHB-SOW-018-C,RAN,99.1,98.97,0.12999999999999545,98.96,0.61,98.81,43.02,40.39,-6.511512750680867,13.3,48.0,-82.9,-9.6,18.2,41.09,27,5,4,2,1.3,95,0,0,0,0,normal,,0.0,normal
2026-09-14 00:30:00,Telkom,Gauteng,Soweto,JHB-SOW-018,JHB-SOW-018-C,RAN,98.81,99.035,-0.22499999999999432,98.81,0.68,98.98,48.1,41.705,-15.33389281860689,12.53,55.4,-86.4,-10.2,19.5,41.33,31,1,0,1,1.28,66,0,0,0,0,normal,,0.0,normal
2026-09-14 00:45:00,Telkom,Gauteng,Soweto,JHB-SOW-018,JHB-SOW-018-C,RAN,98.57,98.96,-0.39000000000000057,98.31,0.6,99.08,51.2,43.836666666666666,-16.797201733708473,13.58,45.8,-87.2,-10.9,17.0,34.07,27,4,4,0,0.59,0,0,0,0,0,normal,,0.0,normal
2026-09-14 01:00:00,Telkom,Gauteng,Soweto,JHB-SOW-018,JHB-SOW-018-C,RAN,98.49,98.8625,-0.3725000000000023,98.63,0.42,98.98,44.66,45.6775,2.227573750752571,13.26,53.0,-82.7,-9.0,19.9,45.29,31,7,2,1,0.67,0,0,0,0,0,normal,,0.0,normal
2026-09-14 01:15:00,Telkom,Gauteng,Soweto,JHB-SOW-018,JHB-SOW-018-C,RAN,99.66,98.788,0.8719999999999999,98.73,0.58,99.27,47.47,45.474000000000004,-4.389321370453435,12.95,40.3,-83.6,-9.4,15.6,42.63,27,0,4,0,0.1,0,0,0,0,0,normal,,0.0,normal
2026-09-14 01:30:00,Telkom,Gauteng,Soweto,JHB-SOW-018,JHB-SOW-018-C,RAN,99.05,98.93333333333334,0.11666666666666003,98.96,0.94,98.58,47.89,45.80666666666667,-4.548100713142181,12.89,50.5,-81.0,-8.7,15.6,48.52,32,4,0,3,0.89,85,0,0,0,0,normal,,0.0,normal
2026-09-14 01:45:00,Telkom,Gauteng,Soweto,JHB-SOW-018,JHB-SOW-018-C,RAN,99.03,98.95,0.0799999999999983,98.98,0.32,99.36,32.96,46.104285714285716,28.50989991633874,9.01,50.1,-90.3,-10.9,19.1,55.3,43,2,2,0,0.88,0,0,0,0,0,normal,,0.0,normal
2026-09-14 02:00:00,Telkom,Gauteng,Soweto,JHB-SOW-018,JHB-SOW-018-C,RAN,99.18,98.96,0.22000000000001307,99.02,0.55,98.26,45.83,44.46125,-3.07852343332677,11.82,64.1,-87.5,-10.1,16.8,41.58,30,3,0,2,0.41,134,0,0,0,0,normal,,0.0,normal
2026-09-14 02:15:00,Telkom,Gauteng,Soweto,JHB-SOW-018,JHB-SOW-018-C,RAN,99.84,98.98444444444445,0.8555555555555543,98.45,0.81,98.66,45.79,44.61333333333333,-2.6374775851763363,11.53,49.4,-90.3,-11.0,14.2,46.92,35,2,4,3,0.66,0,0,0,0,0,normal,,0.0,normal
2026-09-14 02:30:00,Telkom,Gauteng,Soweto,JHB-SOW-018,JHB-SOW-018-C,RAN,99.27,99.07000000000001,0.19999999999998863,98.63,0.35,98.73,45.02,44.731,-0.6460843710178656,15.61,52.4,-85.1,-10.5,18.5,35.7,29,3,3,0,0.55,122,0,0,0,0,normal,,0.0,normal
2026-09-14 02:45:00,Telkom,Gauteng,Soweto,JHB-SOW-018,JHB-SOW-018-C,RAN,99.22,99.08818181818182,0.13181818181817562,99.03,0.12,98.73,39.96,44.75727272727273,10.718420571567849,14.0,49.7,-85.0,-8.0,19.3,49.85,36,5,0,1,1.27,0,1,0,0,0,normal,,0.0,normal
2026-09-14 03:00:00,Telkom,Gauteng,Soweto,JHB-SOW-018,JHB-SOW-018-C,RAN,98.29,99.09916666666668,-0.8091666666666697,98.6,0.45,98.47,39.27,44.357499999999995,11.469311841289505,8.96,58.6,-85.4,-9.9,14.9,53.29,32,4,0,0,0.75,36,1,0,0,0,normal,,0.0,normal
2026-09-14 03:15:00,Telkom,Gauteng,Soweto,JHB-SOW-018,JHB-SOW-018-C,RAN,99.27,99.03692307692307,0.23307692307692207,98.93,0.42,98.66,40.24,43.96615384615385,8.475050738330191,14.2,43.0,-83.3,-9.1,18.2,46.09,30,1,2,0,0.19,0,0,0,0,0,normal,,0.0,normal
2026-09-14 03:30:00,Telkom,Gauteng,Soweto,JHB-SOW-018,JHB-SOW-018-C,RAN,99.13,99.05357142857143,0.07642857142856485,99.11,0.9,99.13,37.39,43.699999999999996,14.439359267734545,12.17,45.0,-87.1,-7.4,18.1,43.84,29,0,0,1,0.98,87,0,0,0,0,normal,,0.0,normal
2026-09-14 03:45:00,Telkom,Gauteng,Soweto,JHB-SOW-018,JHB-SOW-018-C,RAN,99.14,99.05866666666665,0.08133333333334747,98.76,0.62,98.32,37.15,43.279333333333334,14.162263744050282,14.69,53.3,-89.1,-8.6,16.5,47.05,32,5,2,2,0.38,63,0,0,0,0,normal,,0.0,normal
2026-09-14 04:00:00,Telkom,Gauteng,Soweto,JHB-SOW-018,JHB-SOW-018-C,RAN,98.67,99.06375,-0.39374999999999716,98.86,0.43,98.81,41.64,42.89625,2.928577672873506,12.94,36.9,-85.8,-8.5,13.1,39.02,34,6,4,1,0.88,105,0,0,0,0,normal,,0.0,normal
2026-09-14 04:15:00,Telkom,Gauteng,Soweto,JHB-SOW-018,JHB-SOW-018-C,RAN,99.07,99.045,0.024999999999991473,98.65,0.21,99.02,44.6,42.974375,-3.782777527305515,12.25,53.4,-87.8,-10.5,20.0,50.67,31,1,0,1,1.39,86,0,0,0,0,normal,,0.0,normal
2026-09-14 04:30:00,Telkom,Gauteng,Soweto,JHB-SOW-018,JHB-SOW-018-C,RAN,98.56,99.043125,-0.48312500000000114,98.95,0.15,98.29,37.39,43.073125000000005,13.194132071912598,11.7,56.3,-85.3,-8.4,15.7,55.94,36,5,3,0,0.14,78,0,0,0,0,normal,,0.0,normal
2026-09-14 04:45:00,Telkom,Gauteng,Soweto,JHB-SOW-018,JHB-SOW-018-C,RAN,99.38,99.0275,0.35249999999999204,99.16,0.43,98.98,39.5,42.40375,6.847861333018901,11.84,47.9,-84.8,-10.7,18.3,48.76,43,0,1,1,1.01,0,0,0,0,0,normal,,0.0,normal
2026-09-14 05:00:00,Telkom,Gauteng,Soweto,JHB-SOW-018,JHB-SOW-018-C,RAN,99.38,99.078125,0.30187499999999545,98.41,0.61,98.12,40.43,41.6725,2.981582578439018,9.91,50.3,-85.1,-10.6,12.9,54.42,38,0,6,0,0.51,0,0,0,0,0,normal,,0.0,normal
2026-09-14 05:15:00,Telkom,Gauteng,Soweto,JHB-SOW-018,JHB-SOW-018-C,RAN,99.22,99.13374999999999,0.08625000000000682,98.52,0.35,97.25,41.71,41.408125,-0.7290235913845473,11.41,56.1,-84.7,-10.2,17.6,47.92,36,7,0,0,0.89,86,1,0,0,0,normal,,0.0,normal
2026-09-14 05:30:00,Telkom,Gauteng,Soweto,JHB-SOW-018,JHB-SOW-018-C,RAN,99.65,99.10625,0.5437500000000028,98.92,0.36,98.17,32.45,41.048125,20.946450051007194,13.13,38.6,-88.9,-8.4,20.3,43.46,37,2,0,0,0.61,0,0,0,0,0,normal,,0.0,normal
2026-09-14 05:45:00,Telkom,Gauteng,Soweto,JHB-SOW-018,JHB-SOW-018-C,RAN,99.22,99.14375000000001,0.0762499999999875,98.58,0.56,99.08,40.71,40.083125,-1.5639374425022956,12.98,43.5,-86.8,-12.0,15.7,43.32,27,2,4,1,0.72,184,0,0,0,0,normal,,0.0,normal
2026-09-14 06:00:00,Telkom,Gauteng,Soweto,JHB-SOW-018,JHB-SOW-018-C,RAN,99.04,99.155625,-0.11562499999999432,99.2,0.47,98.77,35.92,40.567499999999995,11.45621495039131,10.76,58.9,-90.6,-8.5,14.9,49.57,45,3,2,1,1.04,64,0,0,0,0,normal,,0.0,normal
2026-09-14 06:15:00,Telkom,Gauteng,Soweto,JHB-SOW-018,JHB-SOW-018-C,RAN,98.93,99.14687500000001,-0.2168750000000017,98.92,0.24,99.41,41.22,39.948125000000005,-3.183816512039036,12.76,60.5,-83.6,-10.8,15.8,50.78,40,4,1,0,0.85,58,1,0,0,0,normal,,0.0,normal
2026-09-14 06:30:00,Telkom,Gauteng,Soweto,JHB-SOW-018,JHB-SOW-018-C,RAN,98.73,99.09,-0.35999999999999943,98.58,0.29,98.96,39.79,39.6625,-0.32146233848092715,14.89,51.3,-88.3,-10.1,17.1,48.07,32,2,4,0,0.62,10,1,0,0,0,normal,,0.0,normal
2026-09-14 06:45:00,Telkom,Gauteng,Soweto,JHB-SOW-018,JHB-SOW-018-C,RAN,98.58,99.05624999999999,-0.4762499999999932,98.99,0.53,98.15,37.52,39.335625,4.615726837949053,16.44,50.7,-87.9,-9.9,17.7,37.33,37,6,2,0,1.2,103,1,0,0,0,normal,,0.0,normal
2026-09-14 07:00:00,Telkom,Gauteng,Soweto,JHB-SOW-018,JHB-SOW-018-C,RAN,98.56,99.01625,-0.45624999999999716,98.46,0.25,97.88,40.0,39.183125000000004,-2.084762254159146,10.32,55.3,-89.9,-10.3,18.6,50.78,39,6,4,1,0.82,70,0,0,0,0,normal,,0.0,normal
2026-09-14 07:15:00,Telkom,Gauteng,Soweto,JHB-SOW-018,JHB-SOW-018-C,RAN,99.13,99.033125,0.09687499999999716,99.07,0.39,98.39,36.91,39.22875,5.910843450275631,13.03,62.4,-89.8,-10.5,12.3,56.88,46,2,3,3,0.44,52,1,0,0,0,normal,,0.0,normal
2026-09-14 07:30:00,Telkom,Gauteng,Soweto,JHB-SOW-018,JHB-SOW-018-C,RAN,98.92,99.02437499999999,-0.10437499999999034,98.65,0.34,97.89,35.87,39.020625,8.074255602005362,13.62,57.5,-85.7,-7.9,18.2,53.54,43,7,4,1,0.51,82,1,0,0,0,normal,,0.0,normal
2026-09-14 07:45:00,Telkom,Gauteng,Soweto,JHB-SOW-018,JHB-SOW-018-C,RAN,99.76,99.01125,0.7487500000000011,98.67,0.57,98.61,39.56,38.925625,-1.629710505611678,13.54,48.6,-85.2,-10.0,13.4,55.25,42,1,1,0,0.79,0,1,0,0,0,normal,,0.0,normal
2026-09-14 08:00:00,Telkom,Gauteng,Soweto,JHB-SOW-018,JHB-SOW-018-C,RAN,99.09,99.05,0.04000000000000625,98.63,0.31,98.76,33.94,39.07625,13.144173251015653,8.55,64.2,-83.8,-9.4,19.7,65.56,51,6,5,0,1.25,38,1,0,0,0,normal,,0.0,normal
2026-09-14 08:15:00,Telkom,Gauteng,Soweto,JHB-SOW-018,JHB-SOW-018-C,RAN,99.18,99.07625,0.10375000000000512,98.9,0.05,98.14,43.72,38.595,-13.278922140173599,11.57,45.9,-85.0,-10.3,20.9,51.58,50,6,5,1,0.35,98,0,0,0,0,normal,,0.0,normal
2026-09-14 08:30:00,Telkom,Gauteng,Soweto,JHB-SOW-018,JHB-SOW-018-C,RAN,99.11,99.083125,0.02687500000000398,99.76,0.63,97.86,40.65,38.54,-5.474831344058121,12.68,47.0,-88.2,-10.0,15.7,55.73,49,8,0,2,0.14,11,0,0,0,0,normal,,0.0,normal
2026-09-14 08:45:00,Telkom,Gauteng,Soweto,JHB-SOW-018,JHB-SOW-018-C,RAN,98.87,99.1175,-0.24750000000000227,99.21,0.62,98.23,42.7,38.74375,-10.211324407162458,13.57,50.4,-81.6,-11.0,15.4,49.25,47,6,2,3,1.03,40,0,0,0,0,normal,,0.0,normal
2026-09-14 09:00:00,Telkom,Gauteng,Soweto,JHB-SOW-018,JHB-SOW-018-C,RAN,99.02,99.085625,-0.06562499999999716,99.06,0.43,97.85,33.24,38.94375,14.646124217621567,12.33,50.5,-87.9,-11.8,17.3,57.9,45,5,6,1,0.1,96,0,0,0,0,normal,,0.0,normal
2026-09-14 09:15:00,Telkom,Gauteng,Soweto,JHB-SOW-018,JHB-SOW-018-C,RAN,98.94,99.063125,-0.1231250000000017,99.32,0.68,98.29,30.13,38.494375000000005,21.728824016495928,13.69,57.9,-84.5,-8.1,18.5,62.02,55,3,1,5,1.06,0,0,0,0,0,normal,,0.0,normal
2026-09-14 09:30:00,Telkom,Gauteng,Soweto,JHB-SOW-018,JHB-SOW-018-C,RAN,99.12,99.045625,0.07437500000000341,98.79,0.17,98.93,37.83,37.770625,-0.15719888140584312,9.92,46.0,-86.7,-10.9,20.1,46.16,48,5,3,3,1.12,0,0,0,0,0,normal,,0.0,normal
2026-09-14 09:45:00,Telkom,Gauteng,Soweto,JHB-SOW-018,JHB-SOW-018-C,RAN,99.9,99.0125,0.8875000000000028,99.01,0.22,99.03,35.07,38.106874999999995,7.969362483803763,7.6,65.1,-84.8,-11.8,17.6,64.04,55,0,0,0,0.25,0,0,0,0,0,normal,,0.0,normal
2026-09-14 10:00:00,Telkom,Gauteng,Soweto,JHB-SOW-018,JHB-SOW-018-C,RAN,98.97,99.05499999999999,-0.08499999999999375,98.42,0.64,97.92,35.87,37.754375,4.991143410531906,8.42,60.6,-84.5,-9.7,21.1,60.97,50,6,4,3,0.1,34,0,0,0,0,normal,,0.0,normal
2026-09-14 10:15:00,Telkom,Gauteng,Soweto,JHB-SOW-018,JHB-SOW-018-C,RAN,98.86,99.050625,-0.19062499999999716,99.09,0.3,99.04,40.44,37.75125,-7.122280719181481,12.65,42.3,-84.4,-8.3,14.8,53.34,52,8,5,2,0.87,65,0,0,0,0,normal,,0.0,normal
2026-09-14 10:30:00,Telkom,Gauteng,Soweto,JHB-SOW-018,JHB-SOW-018-C,RAN,99.3,99.04625000000001,0.2537499999999824,98.22,0.26,98.64,43.08,37.7025,-14.262979908494126,10.86,45.1,-84.4,-10.4,15.4,58.04,53,0,8,1,0.58,139,0,0,0,0,normal,,0.0,normal
2026-09-14 10:45:00,Telkom,Gauteng,Soweto,JHB-SOW-018,JHB-SOW-018-C,RAN,99.45,99.08187500000001,0.36812499999999204,98.43,0.84,98.16,42.86,37.908125,-13.062832835968546,12.39,47.4,-87.1,-11.4,22.0,59.43,52,0,0,3,0.56,0,0,0,0,0,normal,,0.0,normal
2026-09-14 11:00:00,Telkom,Gauteng,Soweto,JHB-SOW-018,JHB-SOW-018-C,RAN,98.9,99.13625,-0.2362499999999983,98.48,0.75,98.43,32.36,38.241875,15.380718126399401,10.34,60.3,-89.8,-11.2,17.3,69.33,54,6,3,4,0.91,0,0,0,0,0,normal,,0.0,normal
2026-09-14 11:15:00,Telkom,Gauteng,Soweto,JHB-SOW-018,JHB-SOW-018-C,RAN,98.42,99.1575,-0.7374999999999972,99.09,0.59,97.48,34.06,37.764375,9.809178624033892,12.12,54.2,-87.2,-11.2,18.2,58.14,53,6,4,3,0.93,0,0,0,0,0,normal,,0.0,normal
2026-09-14 11:30:00,Telkom,Gauteng,Soweto,JHB-SOW-018,JHB-SOW-018-C,RAN,98.98,99.113125,-0.1331249999999926,98.51,0.92,97.28,44.29,37.58625,-17.835644683893708,12.67,46.0,-86.1,-8.4,14.6,52.92,54,3,7,5,0.78,0,0,0,0,0,normal,,0.0,normal
2026-09-14 11:45:00,Telkom,Gauteng,Soweto,JHB-SOW-018,JHB-SOW-018-C,RAN,98.76,99.11687500000001,-0.3568750000000023,99.11,0.21,98.94,42.87,38.1125,-12.48278123975074,14.1,53.0,-86.5,-10.0,14.9,47.01,44,7,3,1,0.87,0,0,0,0,0,normal,,0.0,normal
2026-09-14 12:00:00,Telkom,Gauteng,Soweto,JHB-SOW-018,JHB-SOW-018-C,RAN,98.8,99.05437500000001,-0.25437500000001023,98.73,0.32,98.32,36.28,38.319374999999994,5.322046614799936,13.61,56.2,-89.2,-12.3,14.8,56.85,50,3,7,0,0.31,36,0,0,0,0,normal,,0.0,normal
2026-09-14 12:15:00,Telkom,Gauteng,Soweto,JHB-SOW-018,JHB-SOW-018-C,RAN,99.03,99.03625,-0.006249999999994316,98.92,0.79,98.58,33.81,38.465625,12.1033390202291,12.59,48.1,-87.7,-10.0,18.9,59.52,51,0,3,4,1.11,0,0,0,0,0,normal,,0.0,normal
2026-09-14 12:30:00,Telkom,Gauteng,Soweto,JHB-SOW-018,JHB-SOW-018-C,RAN,98.92,99.026875,-0.10687500000000227,98.37,0.78,98.39,34.49,37.84625,8.868117713115556,11.32,57.9,-88.1,-9.6,19.2,59.68,46,3,1,1,1.02,10,0,0,0,0,normal,,0.0,normal
2026-09-14 12:45:00,Telkom,Gauteng,Soweto,JHB-SOW-018,JHB-SOW-018-C,RAN,98.8,99.015,-0.2150000000000034,99.15,0.85,98.84,42.03,37.46125,-12.195935800327009,12.51,52.9,-87.7,-9.5,16.9,51.44,46,6,1,3,1.03,146,0,0,0,0,normal,,0.0,normal
2026-09-14 13:00:00,Telkom,Gauteng,Soweto,JHB-SOW-018,JHB-SOW-018-C,RAN,99.49,99.010625,0.47937499999999034,98.63,0.34,98.95,34.32,37.419374999999995,8.28280803728014,11.24,54.2,-85.5,-11.1,18.0,63.87,45,0,1,1,0.1,57,0,0,0,0,normal,,0.0,normal
2026-09-14 13:15:00,Telkom,Gauteng,Soweto,JHB-SOW-018,JHB-SOW-018-C,RAN,99.21,99.04,0.1699999999999875,98.91,0.54,99.33,47.64,37.486875,-27.084479567848756,12.0,46.4,-84.3,-10.6,18.1,49.48,37,6,6,2,0.44,7,0,0,0,0,normal,,0.0,normal
2026-09-14 13:30:00,Telkom,Gauteng,Soweto,JHB-SOW-018,JHB-SOW-018-C,RAN,99.46,99.056875,0.40312499999998863,98.93,0.71,98.9,44.76,38.58125,-16.014903612506078,13.14,59.7,-89.2,-11.0,17.9,46.57,44,3,8,4,0.1,72,0,0,0,0,normal,,0.0,normal
2026-09-14 13:45:00,Telkom,Gauteng,Soweto,JHB-SOW-018,JHB-SOW-018-C,RAN,98.95,99.078125,-0.12812499999999716,98.15,0.74,98.56,40.79,39.014375,-4.55120708713134,13.55,61.4,-85.1,-8.2,17.9,50.79,44,5,7,1,0.1,107,0,0,0,0,normal,,0.0,normal
2026-09-14 14:00:00,Telkom,Gauteng,Soweto,JHB-SOW-018,JHB-SOW-018-C,RAN,99.07,99.01875,0.05124999999999602,98.48,0.81,98.15,45.63,39.371874999999996,-15.894912294626575,11.88,52.8,-86.5,-8.4,19.2,51.66,42,7,4,2,0.9,0,0,0,0,0,normal,,0.0,normal
2026-09-14 14:15:00,Telkom,Gauteng,Soweto,JHB-SOW-018,JHB-SOW-018-C,RAN,98.73,99.025,-0.2950000000000017,98.49,0.66,98.87,39.18,39.981874999999995,2.0055962858169996,14.05,56.3,-88.6,-8.7,17.0,41.19,36,7,2,3,0.88,34,0,0,0,0,normal,,0.0,normal
2026-09-14 14:30:00,Telkom,Gauteng,Soweto,JHB-SOW-018,JHB-SOW-018-C,RAN,99.13,99.016875,0.11312499999999659,98.84,0.92,98.52,39.5,39.903125,1.0102592215522037,11.59,54.2,-81.4,-10.2,18.2,49.41,39,4,4,3,1.0,0,0,0,0,0,normal,,0.0,normal
2026-09-14 14:45:00,Telkom,Gauteng,Soweto,JHB-SOW-018,JHB-SOW-018-C,RAN,99.35,99.00625,0.34375,98.39,0.25,98.75,44.65,39.679375,-12.526974026178584,12.47,55.2,-85.3,-10.7,17.3,45.12,33,4,5,0,0.85,84,0,0,0,0,normal,,0.0,normal
2026-09-14 15:00:00,Telkom,Gauteng,Soweto,JHB-SOW-018,JHB-SOW-018-C,RAN,98.46,99.0,-0.5400000000000063,99.88,0.2,98.87,37.73,39.79125,5.18015895454403,11.85,57.4,-89.2,-10.1,16.9,53.82,38,9,0,0,0.1,193,0,0,0,0,normal,,0.0,normal
2026-09-14 15:15:00,Telkom,Gauteng,Soweto,JHB-SOW-018,JHB-SOW-018-C,RAN,99.8,98.9725,0.8275000000000006,98.65,0.46,98.96,36.71,40.126875,8.51517841845396,13.73,47.5,-88.8,-10.4,13.2,43.24,38,0,0,0,0.57,136,0,0,0,0,normal,,0.0,normal
2026-09-14 15:30:00,Telkom,Gauteng,Soweto,JHB-SOW-018,JHB-SOW-018-C,RAN,98.91,99.05875,-0.14875000000000682,98.84,0.97,98.55,41.72,40.292500000000004,-3.54284296084878,12.85,52.1,-88.8,-9.3,20.2,46.13,40,6,2,5,1.25,0,0,0,0,0,normal,,0.0,normal
2026-09-14 15:45:00,Telkom,Gauteng,Soweto,JHB-SOW-018,JHB-SOW-018-C,RAN,99.4,99.054375,0.3456250000000125,98.9,0.49,99.06,39.46,40.131875,1.6741679774493465,12.55,60.0,-89.5,-10.0,15.3,41.26,39,4,4,2,0.1,57,0,0,0,0,normal,,0.0,normal
2026-09-14 16:00:00,Telkom,Gauteng,Soweto,JHB-SOW-018,JHB-SOW-018-C,RAN,99.72,99.094375,0.6256249999999994,98.78,0.85,98.92,36.25,39.91875,9.19054329105997,9.55,54.8,-83.2,-11.8,16.4,57.56,41,4,5,3,0.66,0,0,0,0,0,normal,,0.0,normal
2026-09-14 16:15:00,Telkom,Gauteng,Soweto,JHB-SOW-018,JHB-SOW-018-C,RAN,99.27,99.151875,0.11812499999999204,98.71,0.19,98.44,38.91,39.916875,2.5224294236460167,12.48,60.3,-86.4,-10.3,18.5,62.78,50,2,0,1,0.2,162,0,0,0,0,normal,,0.0,normal
2026-09-14 16:30:00,Telkom,Gauteng,Soweto,JHB-SOW-018,JHB-SOW-018-C,RAN,98.92,99.166875,-0.24687500000000284,98.45,0.26,98.47,31.54,40.235625,21.61175575127763,9.53,60.6,-85.0,-10.5,14.8,61.57,56,3,5,0,0.48,158,0,0,0,0,normal,,0.0,normal
2026-09-14 16:45:00,Telkom,Gauteng,Soweto,JHB-SOW-018,JHB-SOW-018-C,RAN,99.66,99.16687499999999,0.49312500000000625,98.76,0.55,98.08,39.18,40.05125,2.175337848381769,11.01,50.5,-88.3,-9.6,17.7,55.83,41,0,3,3,1.5,70,0,0,0,0,normal,,0.0,normal
2026-09-14 17:00:00,Telkom,Gauteng,Soweto,JHB-SOW-018,JHB-SOW-018-C,RAN,99.11,99.220625,-0.11062499999999886,99.32,0.68,98.64,42.92,39.873125,-7.641425145383011,11.57,59.4,-83.9,-11.1,21.8,51.35,43,1,3,1,1.24,177,0,0,0,0,normal,,0.0,normal
2026-09-14 17:15:00,Telkom,Gauteng,Soweto,JHB-SOW-018,JHB-SOW-018-C,RAN,99.23,99.19687499999999,0.033125000000012506,99.07,1.25,98.23,37.68,40.410624999999996,6.7571956632692425,11.7,43.8,-90.1,-9.8,14.9,47.47,35,4,3,6,0.51,0,0,0,0,0,normal,,0.0,normal
2026-09-14 17:30:00,Telkom,Gauteng,Soweto,JHB-SOW-018,JHB-SOW-018-C,RAN,98.88,99.19812499999999,-0.3181249999999949,98.86,0.95,98.54,43.25,39.788125,-8.70077441447668,12.32,48.5,-85.7,-11.0,14.3,49.73,43,1,7,4,0.74,0,0,0,0,0,normal,,0.0,normal
2026-09-14 17:45:00,Telkom,Gauteng,Soweto,JHB-SOW-018,JHB-SOW-018-C,RAN,98.91,99.161875,-0.2518749999999983,98.56,0.74,98.52,37.31,39.69375,6.005353487639739,12.09,56.4,-82.5,-9.6,16.7,43.29,39,3,1,1,0.32,27,0,0,0,0,normal,,0.0,normal
2026-09-14 18:00:00,Telkom,Gauteng,Soweto,JHB-SOW-018,JHB-SOW-018-C,RAN,98.26,99.15937500000001,-0.8993750000000063,98.59,0.75,98.71,34.14,39.47625,13.51762135461195,11.92,56.1,-84.6,-10.6,17.7,43.11,46,9,1,3,0.1,129,0,0,0,0,normal,,0.0,normal
2026-09-14 18:15:00,Telkom,Gauteng,Soweto,JHB-SOW-018,JHB-SOW-018-C,RAN,98.94,99.10875,-0.16875000000000284,99.15,0.25,98.72,44.93,38.758125,-15.924080434747554,14.98,52.2,-86.1,-8.6,18.4,51.1,43,4,5,1,0.69,0,0,0,0,0,normal,,0.0,normal
2026-09-14 18:30:00,Telkom,Gauteng,Soweto,JHB-SOW-018,JHB-SOW-018-C,RAN,99.62,99.12187499999999,0.4981250000000159,98.24,0.25,98.47,37.5,39.1175,4.134977951044928,9.88,56.4,-85.1,-9.8,11.8,58.01,46,0,6,2,0.54,37,0,0,0,0,normal,,0.0,normal
2026-09-14 18:45:00,Telkom,Gauteng,Soweto,JHB-SOW-018,JHB-SOW-018-C,RAN,99.08,99.1525,-0.07250000000000512,98.6,0.55,97.68,36.61,38.9925,6.110149387702764,10.99,51.6,-88.3,-9.4,15.2,52.92,47,6,3,3,0.56,12,0,0,1,0,normal,,0.0,normal
2026-09-14 19:00:00,Telkom,Gauteng,Soweto,JHB-SOW-018,JHB-SOW-018-C,RAN,99.07,99.135625,-0.06562500000001137,99.01,0.57,98.01,36.46,38.49,5.274097168095612,11.61,57.0,-87.2,-11.8,15.1,58.52,50,5,5,3,0.86,122,0,0,1,0,normal,,0.0,normal
2026-09-14 19:15:00,Telkom,Gauteng,Soweto,JHB-SOW-018,JHB-SOW-018-C,RAN,98.96,99.17375,-0.21375000000000455,98.61,0.65,97.3,41.4,38.410624999999996,-7.782677319101168,14.52,47.8,-84.2,-10.4,15.7,52.4,49,9,7,3,0.93,0,0,0,1,0,normal,,0.0,normal
2026-09-14 19:30:00,Telkom,Gauteng,Soweto,JHB-SOW-018,JHB-SOW-018-C,RAN,98.31,99.12125,-0.8112500000000011,99.18,0.45,98.62,41.88,38.70375,-8.206569130898176,10.57,44.4,-85.5,-8.8,21.2,47.39,41,7,1,2,0.11,10,0,0,1,0,normal,,0.0,normal
2026-09-14 19:45:00,Telkom,Gauteng,Soweto,JHB-SOW-018,JHB-SOW-018-C,RAN,99.06,99.08375,-0.02374999999999261,99.43,0.43,97.85,38.47,38.713750000000005,0.6296212585967664,17.11,47.5,-87.2,-8.8,16.6,55.71,53,4,1,2,0.74,159,0,0,1,0,normal,,0.0,normal
2026-09-14 20:00:00,Telkom,Gauteng,Soweto,JHB-SOW-018,JHB-SOW-018-C,RAN,99.65,99.0625,0.5875000000000057,98.76,0.56,98.63,37.12,38.651875,3.9632618081270303,13.34,51.6,-85.1,-10.5,18.0,56.74,34,0,0,1,0.71,62,0,0,0,0,normal,,0.0,normal
2026-09-14 20:15:00,Telkom,Gauteng,Soweto,JHB-SOW-018,JHB-SOW-018-C,RAN,99.13,99.05812499999999,0.07187500000000568,98.72,0.56,98.51,38.0,38.70625,1.824640723397377,10.89,50.6,-83.1,-10.7,15.8,49.41,37,7,5,2,0.86,0,0,0,0,0,normal,,0.0,normal
2026-09-14 20:30:00,Telkom,Gauteng,Soweto,JHB-SOW-018,JHB-SOW-018-C,RAN,98.99,99.049375,-0.05937500000000284,98.54,0.21,98.71,33.63,38.649375,12.986949983020416,13.71,58.7,-90.7,-9.4,15.2,50.43,41,5,1,0,0.1,55,1,0,0,0,normal,,0.0,normal
2026-09-14 20:45:00,Telkom,Gauteng,Soweto,JHB-SOW-018,JHB-SOW-018-C,RAN,99.21,99.05375000000001,0.1562499999999858,99.15,0.73,97.68,40.8,38.779999999999994,-5.20887055183085,10.16,50.5,-88.6,-6.4,13.2,46.65,42,3,2,2,0.83,0,1,0,0,0,normal,,0.0,normal
2026-09-14 21:00:00,Telkom,Gauteng,Soweto,JHB-SOW-018,JHB-SOW-018-C,RAN,99.25,99.025625,0.22437499999999488,98.26,0.5,98.45,36.77,38.88125,5.429995177624171,11.01,59.5,-85.5,-10.3,21.9,52.14,46,3,7,1,0.27,111,1,0,0,0,normal,,0.0,normal
2026-09-14 21:15:00,Telkom,Gauteng,Soweto,JHB-SOW-018,JHB-SOW-018-C,RAN,99.53,99.03437500000001,0.49562499999998977,99.25,0.61,98.83,46.39,38.496875,-20.503287604513346,13.72,43.2,-87.2,-11.0,12.7,43.41,41,3,3,2,0.17,132,1,0,0,0,normal,,0.0,normal
2026-09-14 21:30:00,Telkom,Gauteng,Soweto,JHB-SOW-018,JHB-SOW-018-C,RAN,99.04,99.05312500000001,-0.013125000000002274,98.87,0.29,98.42,41.26,39.04125,-5.683091601831396,9.72,63.7,-86.4,-9.5,18.2,52.35,40,2,2,0,1.08,108,0,0,0,0,normal,,0.0,normal
2026-09-14 21:45:00,Telkom,Gauteng,Soweto,JHB-SOW-018,JHB-SOW-018-C,RAN,99.55,99.063125,0.4868749999999977,98.57,0.23,98.2,44.21,38.916875,-13.601104919138557,16.83,41.0,-81.9,-10.1,17.4,37.5,26,0,2,0,1.3,88,0,0,0,0,normal,,0.0,normal
2026-09-14 22:00:00,Telkom,Gauteng,Soweto,JHB-SOW-018,JHB-SOW-018-C,RAN,98.94,99.10312499999999,-0.16312499999999375,97.81,0.06,97.95,39.75,39.348125,-1.0213320202677938,12.97,63.9,-84.9,-10.7,13.3,52.98,36,2,5,0,1.04,0,1,0,0,0,normal,,0.0,normal
2026-09-14 22:15:00,Telkom,Gauteng,Soweto,JHB-SOW-018,JHB-SOW-018-C,RAN,98.41,99.145625,-0.7356249999999989,98.74,0.2,98.72,39.53,39.698750000000004,0.42507635630845514,12.59,47.2,-82.7,-10.4,11.8,52.26,40,5,1,0,0.78,0,1,0,0,0,normal,,0.0,normal
2026-09-14 22:30:00,Telkom,Gauteng,Soweto,JHB-SOW-018,JHB-SOW-018-C,RAN,99.49,99.1125,0.3774999999999977,99.17,0.46,98.22,40.55,39.36125,-3.020102257931338,12.7,47.7,-87.4,-11.3,16.0,46.63,42,0,1,1,0.67,0,1,0,0,0,normal,,0.0,normal
2026-09-14 22:45:00,Telkom,Gauteng,Soweto,JHB-SOW-018,JHB-SOW-018-C,RAN,98.93,99.10437499999999,-0.17437499999998352,99.17,0.67,97.58,37.34,39.551874999999995,5.592339174817862,11.4,53.8,-87.7,-10.6,17.7,46.43,28,3,3,1,0.78,117,1,0,0,0,normal,,0.0,normal
2026-09-14 23:00:00,Telkom,Gauteng,Soweto,JHB-SOW-018,JHB-SOW-018-C,RAN,99.09,99.095,-0.0049999999999954525,98.7,0.26,98.85,43.13,39.5975,-8.92101774101902,10.08,44.3,-84.3,-9.6,18.6,47.04,33,5,2,1,0.5,10,1,0,0,0,normal,,0.0,normal
2026-09-14 23:15:00,Telkom,Gauteng,Soweto,JHB-SOW-018,JHB-SOW-018-C,RAN,99.22,99.09625,0.12375000000000114,98.88,0.53,98.71,42.41,40.014375,-5.986910953875939,15.05,52.0,-86.1,-10.6,17.7,29.74,30,5,3,1,1.41,190,1,0,0,0,normal,,0.0,normal
2026-09-14 23:30:00,Telkom,Gauteng,Soweto,JHB-SOW-018,JHB-SOW-018-C,RAN,99.08,99.1125,-0.03249999999999886,99.36,0.4,98.75,46.71,40.0775,-16.54918595221758,13.42,50.1,-89.0,-10.1,18.9,40.86,34,2,0,0,1.39,0,2,0,0,0,normal,,0.0,normal
2026-09-14 23:45:00,Telkom,Gauteng,Soweto,JHB-SOW-018,JHB-SOW-018-C,RAN,99.04,99.16062500000001,-0.12062500000000398,99.35,0.59,98.76,43.38,40.379374999999996,-7.431083319145001,15.45,56.0,-86.8,-9.7,14.0,41.52,31,3,0,0,0.56,12,2,0,0,0,normal,,0.0,normal
2026-09-15 00:00:00,Telkom,Gauteng,Soweto,JHB-SOW-018,JHB-SOW-018-C,RAN,99.9,99.159375,0.7406250000000085,99.25,0.37,99.15,35.74,40.68625,12.1570555162985,11.99,54.6,-86.1,-10.0,14.9,48.04,17,0,0,0,0.81,101,1,0,0,0,normal,,0.0,normal
2026-09-15 00:15:00,Telkom,Gauteng,Soweto,JHB-SOW-018,JHB-SOW-018-C,RAN,99.13,99.17500000000001,-0.045000000000015916,98.96,1.0,99.48,40.82,40.6,-0.5418719211822632,13.31,43.3,-83.5,-9.8,19.0,44.08,30,1,1,3,0.29,2,1,0,0,0,normal,,0.0,normal
2026-09-15 00:30:00,Telkom,Gauteng,Soweto,JHB-SOW-018,JHB-SOW-018-C,RAN,98.78,99.175,-0.394999999999996,98.4,0.96,97.87,37.54,40.776250000000005,7.936605254284062,12.53,51.0,-88.9,-9.8,14.9,52.58,30,7,5,3,0.76,90,1,0,0,0,normal,,0.0,normal
2026-09-15 00:45:00,Telkom,Gauteng,Soweto,JHB-SOW-018,JHB-SOW-018-C,RAN,99.62,99.161875,0.45812500000000966,98.4,0.52,98.75,49.49,41.020625,-20.646625935124096,13.69,41.2,-83.2,-8.6,17.5,34.17,34,3,5,0,0.66,0,1,0,0,0,normal,,0.0,normal
2026-09-15 01:00:00,Telkom,Gauteng,Soweto,JHB-SOW-018,JHB-SOW-018-C,RAN,98.76,99.1875,-0.4274999999999949,99.48,0.33,99.23,42.31,41.56375,-1.7954347237677144,12.16,55.8,-85.1,-7.2,17.7,44.71,29,2,1,1,0.58,0,0,0,0,0,normal,,0.0,normal
2026-09-15 01:15:00,Telkom,Gauteng,Soweto,JHB-SOW-018,JHB-SOW-018-C,RAN,99.04,99.156875,-0.11687499999999318,98.36,0.55,98.73,46.61,41.910000000000004,-11.214507277499393,15.64,56.4,-84.9,-8.3,15.5,40.31,18,0,2,0,0.48,0,0,0,0,0,normal,,0.0,normal
2026-09-15 01:30:00,Telkom,Gauteng,Soweto,JHB-SOW-018,JHB-SOW-018-C,RAN,99.32,99.12625,0.19374999999999432,98.71,0.32,98.32,39.42,41.92375,5.972151823250536,13.01,51.9,-86.3,-9.4,20.2,49.63,23,4,0,0,0.79,0,0,0,0,0,normal,,0.0,normal
2026-09-15 01:45:00,Telkom,Gauteng,Soweto,JHB-SOW-018,JHB-SOW-018-C,RAN,99.24,99.14375,0.09624999999999773,98.35,0.48,98.34,49.83,41.80875,-19.185577181810014,16.27,48.1,-85.6,-11.8,16.6,36.14,26,0,4,0,0.42,0,0,0,0,0,normal,,0.0,normal
2026-09-15 02:00:00,Telkom,Gauteng,Soweto,JHB-SOW-018,JHB-SOW-018-C,RAN,99.04,99.124375,-0.08437499999999432,98.22,0.47,98.35,39.34,42.16,6.68880455407968,12.89,49.2,-86.5,-11.5,14.0,40.96,26,1,4,2,0.73,1,0,0,0,0,normal,,0.0,normal
2026-09-15 02:15:00,Telkom,Gauteng,Soweto,JHB-SOW-018,JHB-SOW-018-C,RAN,99.03,99.130625,-0.10062499999999375,98.89,0.54,98.95,42.86,42.134375,-1.7221686568271177,14.94,52.9,-85.0,-7.2,15.5,39.67,26,1,2,2,0.91,114,0,0,0,0,normal,,0.0,normal
2026-09-15 02:30:00,Telkom,Gauteng,Soweto,JHB-SOW-018,JHB-SOW-018-C,RAN,98.54,99.169375,-0.629374999999996,98.54,0.59,98.11,45.41,42.3425,-7.244494302414821,13.58,40.3,-82.0,-9.8,17.2,39.53,23,3,3,0,0.76,9,0,0,0,0,normal,,0.0,normal
2026-09-15 02:45:00,Telkom,Gauteng,Soweto,JHB-SOW-018,JHB-SOW-018-C,RAN,99.51,99.11000000000001,0.3999999999999915,98.44,0.58,98.73,45.41,42.64625,-6.480640150071798,13.33,46.0,-87.9,-9.9,22.5,33.98,22,1,3,2,0.1,79,0,0,0,0,normal,,0.0,normal
2026-09-15 03:00:00,Telkom,Gauteng,Soweto,JHB-SOW-018,JHB-SOW-018-C,RAN,98.3,99.14625000000001,-0.8462500000000119,98.55,0.72,98.79,46.85,43.150625000000005,-8.573166669080681,13.58,49.3,-86.7,-8.7,14.5,39.57,27,3,2,3,1.29,0,0,0,0,0,normal,,0.0,normal
2026-09-15 03:15:00,Telkom,Gauteng,Soweto,JHB-SOW-018,JHB-SOW-018-C,RAN,99.34,99.096875,0.24312500000000625,98.35,0.11,98.29,40.37,43.383125,6.9453848702692635,12.25,51.3,-86.3,-8.9,17.0,42.47,31,0,3,0,0.52,0,0,0,0,0,normal,,0.0,normal
2026-09-15 03:30:00,Telkom,Gauteng,Soweto,JHB-SOW-018,JHB-SOW-018-C,RAN,99.51,99.104375,0.40562500000000057,98.88,0.39,98.46,38.2,43.255624999999995,11.68778627057173,13.37,45.2,-85.9,-10.4,14.4,51.73,32,2,2,0,0.52,178,0,0,0,0,normal,,0.0,normal
2026-09-15 03:45:00,Telkom,Gauteng,Soweto,JHB-SOW-018,JHB-SOW-018-C,RAN,99.39,99.13125,0.25875000000000625,99.0,0.05,98.0,46.65,42.72375,-9.1898534187659,14.49,63.1,-87.2,-11.0,22.2,42.67,31,1,0,1,0.34,28,0,0,0,0,normal,,0.0,normal
2026-09-15 04:00:00,Telkom,Gauteng,Soweto,JHB-SOW-018,JHB-SOW-018-C,RAN,98.86,99.153125,-0.2931250000000034,97.96,0.66,97.87,39.82,42.928125,7.240299919924295,13.15,53.4,-90.8,-10.9,16.9,46.96,36,5,4,2,0.4,81,0,0,0,0,normal,,0.0,normal
2026-09-15 04:15:00,Telkom,Gauteng,Soweto,JHB-SOW-018,JHB-SOW-018-C,RAN,98.51,99.088125,-0.578125,98.48,0.46,98.18,32.58,43.183125000000004,24.553862185749654,12.33,50.1,-85.7,-9.7,12.7,56.39,32,6,3,1,0.64,0,0,0,0,0,normal,,0.0,normal
2026-09-15 04:30:00,Telkom,Gauteng,Soweto,JHB-SOW-018,JHB-SOW-018-C,RAN,98.36,99.049375,-0.6893749999999983,98.79,0.86,97.92,40.76,42.668124999999996,4.472015116670813,12.32,51.9,-84.6,-9.4,16.2,48.68,29,0,4,1,0.1,0,0,0,0,0,normal,,0.0,normal
2026-09-15 04:45:00,Telkom,Gauteng,Soweto,JHB-SOW-018,JHB-SOW-018-C,RAN,99.53,99.02312500000001,0.5068749999999937,98.4,0.43,97.9,37.34,42.869375,12.898193640565076,11.78,47.5,-82.8,-10.1,21.8,49.9,33,3,4,3,1.68,0,0,0,0,0,normal,,0.0,normal
2026-09-15 05:00:00,Telkom,Gauteng,Soweto,JHB-SOW-018,JHB-SOW-018-C,RAN,99.02,99.0175,0.0024999999999977263,98.02,0.88,98.62,45.25,42.11,-7.456661125623369,15.38,36.5,-84.3,-11.5,17.7,36.23,34,6,5,2,0.54,0,0,0,0,0,normal,,0.0,normal
2026-09-15 05:15:00,Telkom,Gauteng,Soweto,JHB-SOW-018,JHB-SOW-018-C,RAN,98.67,99.03375,-0.363749999999996,98.81,0.46,98.76,36.98,42.293749999999996,12.563913107728682,14.95,61.3,-88.1,-10.6,18.0,48.13,38,7,3,1,0.66,75,0,0,0,0,normal,,0.0,normal
2026-09-15 05:30:00,Telkom,Gauteng,Soweto,JHB-SOW-018,JHB-SOW-018-C,RAN,99.22,99.010625,0.20937499999999432,98.91,0.64,98.77,42.25,41.691875,-1.3386900924940335,13.22,46.9,-87.5,-8.7,15.7,45.21,29,1,2,0,0.74,0,0,0,0,0,normal,,0.0,normal
2026-09-15 05:45:00,Telkom,Gauteng,Soweto,JHB-SOW-018,JHB-SOW-018-C,RAN,98.95,99.00437500000001,-0.05437500000000739,99.39,0.7,98.15,41.63,41.86875,0.5702343633378021,12.95,47.7,-82.9,-9.7,13.8,43.9,41,2,0,2,0.99,43,0,0,0,0,normal,,0.0,normal
2026-09-15 06:00:00,Telkom,Gauteng,Soweto,JHB-SOW-018,JHB-SOW-018-C,RAN,99.01,98.98625,0.02375000000000682,98.97,0.56,98.4,45.31,41.35625,-9.560223666314037,11.94,59.8,-83.8,-11.6,18.7,36.67,27,2,1,2,0.79,52,0,0,0,0,normal,,0.0,normal
2026-09-15 06:15:00,Telkom,Gauteng,Soweto,JHB-SOW-018,JHB-SOW-018-C,RAN,98.97,98.984375,-0.014375000000001137,98.26,0.55,98.58,40.51,41.729375000000005,2.9221022361346325,13.39,55.9,-82.1,-9.5,21.7,54.18,46,2,5,3,0.46,0,0,0,0,0,normal,,0.0,normal
2026-09-15 06:30:00,Telkom,Gauteng,Soweto,JHB-SOW-018,JHB-SOW-018-C,RAN,99.12,98.980625,0.13937500000000114,98.78,0.7,98.04,43.74,41.5825,-5.188480731076773,12.83,46.9,-86.2,-8.3,20.4,42.24,39,5,5,4,0.39,245,0,0,0,0,normal,,0.0,normal
2026-09-15 06:45:00,Telkom,Gauteng,Soweto,JHB-SOW-018,JHB-SOW-018-C,RAN,99.01,99.016875,-0.006874999999993747,98.8,0.49,98.58,39.34,41.478125000000006,5.154825585775639,13.81,51.3,-88.7,-10.1,19.4,47.88,36,5,1,2,0.72,0,0,0,0,0,normal,,0.0,normal
2026-09-15 07:00:00,Telkom,Gauteng,Soweto,JHB-SOW-018,JHB-SOW-018-C,RAN,99.2,98.985625,0.21437500000000398,98.12,0.06,98.42,39.44,41.098749999999995,4.036010827579909,10.27,46.0,-84.1,-8.5,13.8,52.62,45,5,2,0,1.01,146,0,0,0,0,normal,,0.0,normal
2026-09-15 07:15:00,Telkom,Gauteng,Soweto,JHB-SOW-018,JHB-SOW-018-C,RAN,99.45,99.041875,0.4081249999999983,98.98,0.59,98.29,37.89,40.635625000000005,6.7566944030023,14.04,54.5,-85.7,-10.3,15.0,48.07,40,2,5,2,0.81,105,0,0,0,0,normal,,0.0,normal
2026-09-15 07:30:00,Telkom,Gauteng,Soweto,JHB-SOW-018,JHB-SOW-018-C,RAN,98.87,99.04875,-0.17874999999999375,99.03,0.7,98.33,37.85,40.480625,6.498479210733535,11.08,50.4,-86.3,-9.2,15.5,57.38,46,2,6,3,0.21,0,0,0,0,0,normal,,0.0,normal
2026-09-15 07:45:00,Telkom,Gauteng,Soweto,JHB-SOW-018,JHB-SOW-018-C,RAN,98.68,99.00875,-0.32874999999999943,98.99,0.55,98.59,37.17,40.45875,8.12864955046807,14.16,44.9,-89.0,-9.3,21.2,57.19,49,6,5,2,0.71,0,0,0,0,0,normal,,0.0,normal
2026-09-15 08:00:00,Telkom,Gauteng,Soweto,JHB-SOW-018,JHB-SOW-018-C,RAN,99.33,98.964375,0.3656249999999943,98.95,0.65,99.69,39.85,39.86625,0.04076129558210123,13.23,54.5,-83.5,-11.4,15.0,51.72,48,4,6,3,0.13,101,0,0,0,0,normal,,0.0,normal
2026-09-15 08:15:00,Telkom,Gauteng,Soweto,JHB-SOW-018,JHB-SOW-018-C,RAN,99.68,98.99375,0.6862500000000011,98.18,0.36,98.62,42.0,39.868125,-5.347316935521801,16.01,53.7,-84.3,-8.8,17.7,50.71,41,0,2,2,0.93,0,0,0,0,0,normal,,0.0,normal
2026-09-15 08:30:00,Telkom,Gauteng,Soweto,JHB-SOW-018,JHB-SOW-018-C,RAN,99.49,99.06687500000001,0.42312499999998465,98.96,0.39,98.48,43.45,40.456875000000004,-7.398309928782189,11.64,42.8,-87.8,-11.5,14.5,57.55,49,2,5,1,0.94,0,0,0,0,0,normal,,0.0,normal
2026-09-15 08:45:00,Telkom,Gauteng,Soweto,JHB-SOW-018,JHB-SOW-018-C,RAN,99.4,99.1375,0.26250000000000284,98.8,0.22,98.82,33.46,40.625,17.636923076923075,10.42,52.0,-84.3,-12.9,17.6,61.1,51,2,6,0,1.0,16,0,0,0,0,normal,,0.0,normal
2026-09-15 09:00:00,Telkom,Gauteng,Soweto,JHB-SOW-018,JHB-SOW-018-C,RAN,98.96,99.129375,-0.16937500000000227,98.99,0.31,97.86,36.32,40.3825,10.060050764563858,11.18,54.5,-85.2,-10.3,18.5,54.76,56,3,5,1,1.02,0,0,0,0,0,normal,,0.0,normal
2026-09-15 09:15:00,Telkom,Gauteng,Soweto,JHB-SOW-018,JHB-SOW-018-C,RAN,98.58,99.125625,-0.5456250000000011,99.66,0.9,98.86,31.24,39.824375,21.55557996829832,12.11,54.8,-86.6,-9.1,15.9,60.9,45,4,0,2,0.23,18,0,0,0,0,normal,,0.0,normal
2026-09-15 09:30:00,Telkom,Gauteng,Soweto,JHB-SOW-018,JHB-SOW-018-C,RAN,99.11,99.11999999999999,-0.009999999999990905,98.46,0.3,98.71,33.11,39.465625,16.1042046084409,8.68,56.4,-89.9,-9.0,18.9,60.18,56,5,5,1,0.93,142,0,0,0,0,normal,,0.0,normal
2026-09-15 09:45:00,Telkom,Gauteng,Soweto,JHB-SOW-018,JHB-SOW-018-C,RAN,99.0,99.113125,-0.11312499999999659,98.8,0.56,98.41,36.87,38.894375,5.2048014655075425,10.85,58.9,-86.5,-10.9,13.9,62.26,61,6,4,3,0.65,0,0,0,0,0,normal,,0.0,normal
2026-09-15 10:00:00,Telkom,Gauteng,Soweto,JHB-SOW-018,JHB-SOW-018-C,RAN,98.98,99.11625000000001,-0.13625000000000398,98.89,0.36,98.37,43.26,38.596875,-12.081612824872483,12.69,51.4,-84.4,-11.8,14.0,54.04,46,9,1,2,0.84,0,0,0,0,0,normal,,0.0,normal
2026-09-15 10:15:00,Telkom,Gauteng,Soweto,JHB-SOW-018,JHB-SOW-018-C,RAN,99.68,99.11437500000001,0.5656249999999972,98.93,0.08,98.02,35.85,38.46875,6.8074735987002395,11.82,51.0,-85.9,-8.5,16.9,63.17,56,2,4,0,0.63,82,0,0,0,0,normal,,0.0,normal
2026-09-15 10:30:00,Telkom,Gauteng,Soweto,JHB-SOW-018,JHB-SOW-018-C,RAN,98.76,99.15875000000001,-0.3987500000000068,98.79,0.5,97.61,38.85,38.177499999999995,-1.7615087420601312,12.89,52.4,-86.4,-9.0,17.5,64.47,55,6,6,2,0.84,101,0,0,0,0,normal,,0.0,normal
2026-09-15 10:45:00,Telkom,Gauteng,Soweto,JHB-SOW-018,JHB-SOW-018-C,RAN,99.3,99.13625,0.16374999999999318,98.61,0.41,99.11,42.83,37.871874999999996,-13.09183926066508,10.0,44.6,-87.5,-8.0,19.5,45.75,36,2,3,1,0.5,145,0,0,0,0,normal,,0.0,normal
2026-09-15 11:00:00,Telkom,Gauteng,Soweto,JHB-SOW-018,JHB-SOW-018-C,RAN,99.25,99.154375,0.0956249999999983,98.6,0.62,98.5,39.8,38.09,-4.489367288002084,13.69,61.2,-85.0,-10.3,18.3,62.01,51,0,2,0,0.81,0,0,0,0,0,normal,,0.0,normal
2026-09-15 11:15:00,Telkom,Gauteng,Soweto,JHB-SOW-018,JHB-SOW-018-C,RAN,98.85,99.1575,-0.30750000000000455,98.92,0.78,98.54,35.86,38.1125,5.910134470318132,8.87,46.0,-84.0,-12.0,16.5,56.13,45,10,2,2,0.93,96,0,0,0,0,normal,,0.0,normal
2026-09-15 11:30:00,Telkom,Gauteng,Soweto,JHB-SOW-018,JHB-SOW-018-C,RAN,99.9,99.12,0.7800000000000011,98.53,0.05,98.72,34.6,37.985625,8.912911134146134,12.78,57.6,-88.8,-10.3,17.4,66.35,56,1,7,1,0.44,116,0,0,0,0,normal,,0.0,normal
2026-09-15 11:45:00,Telkom,Gauteng,Soweto,JHB-SOW-018,JHB-SOW-018-C,RAN,99.24,99.184375,0.05562499999999204,98.32,0.43,98.85,41.19,37.7825,-9.018725600476408,13.61,63.8,-88.3,-9.3,14.7,57.33,55,6,6,2,0.93,57,0,0,0,0,normal,,0.0,normal
2026-09-15 12:00:00,Telkom,Gauteng,Soweto,JHB-SOW-018,JHB-SOW-018-C,RAN,99.3,99.219375,0.08062499999999773,99.42,0.64,98.39,39.28,38.03375,-3.2766950405889594,14.28,65.5,-82.7,-10.7,17.9,61.14,63,5,2,5,0.72,44,0,0,0,0,normal,,0.0,normal
2026-09-15 12:15:00,Telkom,Gauteng,Soweto,JHB-SOW-018,JHB-SOW-018-C,RAN,98.89,99.2175,-0.32750000000000057,98.74,0.76,98.74,38.99,37.998125,-2.6103261674095766,10.78,52.2,-91.6,-11.4,17.5,55.31,55,4,2,3,0.73,112,0,0,0,0,normal,,0.0,normal
2026-09-15 12:30:00,Telkom,Gauteng,Soweto,JHB-SOW-018,JHB-SOW-018-C,RAN,98.41,99.168125,-0.7581250000000068,98.59,0.39,97.95,29.53,37.81,21.89896852684475,12.64,74.4,-82.8,-9.8,18.3,63.43,50,6,4,3,1.05,0,0,0,0,0,normal,,0.0,normal
2026-09-15 12:45:00,Telkom,Gauteng,Soweto,JHB-SOW-018,JHB-SOW-018-C,RAN,99.28,99.100625,0.1793750000000074,98.64,0.42,97.73,45.84,36.94,-24.093123984840297,10.96,51.3,-89.2,-10.5,15.3,52.25,46,2,4,1,0.58,17,0,0,0,0,normal,,0.0,normal
2026-09-15 13:00:00,Telkom,Gauteng,Soweto,JHB-SOW-018,JHB-SOW-018-C,RAN,99.32,99.093125,0.2268749999999926,98.05,0.35,98.0,31.2,37.713750000000005,17.271552152729456,11.24,64.2,-89.5,-8.1,15.8,61.7,61,2,9,1,0.1,149,0,0,0,0,normal,,0.0,normal
2026-09-15 13:15:00,Telkom,Gauteng,Soweto,JHB-SOW-018,JHB-SOW-018-C,RAN,99.08,99.115625,-0.03562499999999602,99.08,0.33,99.14,33.28,37.39375,11.001169981614565,11.07,56.9,-86.0,-9.6,16.1,48.62,36,4,0,0,1.01,121,0,0,0,0,normal,,0.0,normal
2026-09-15 13:30:00,Telkom,Gauteng,Soweto,JHB-SOW-018,JHB-SOW-018-C,RAN,99.18,99.14687500000001,0.033124999999998295,99.12,0.96,98.56,36.96,37.521249999999995,1.4958190358796526,10.78,56.1,-87.4,-10.4,13.6,57.74,50,2,1,3,0.26,81,0,0,0,0,normal,,0.0,normal
2026-09-15 13:45:00,Telkom,Gauteng,Soweto,JHB-SOW-018,JHB-SOW-018-C,RAN,98.67,99.15125,-0.48125000000000284,99.39,0.31,98.94,35.17,37.761875,6.863734917823868,11.15,59.9,-83.3,-8.3,17.0,54.99,43,2,0,0,0.94,58,0,0,0,0,normal,,0.0,normal
2026-09-15 14:00:00,Telkom,Gauteng,Soweto,JHB-SOW-018,JHB-SOW-018-C,RAN,99.18,99.130625,0.04937500000001194,99.01,0.74,98.21,41.53,37.655625,-10.28896745174194,12.0,47.3,-82.2,-7.7,12.8,44.18,54,6,6,4,0.69,0,0,0,0,0,normal,,0.0,normal
2026-09-15 14:15:00,Telkom,Gauteng,Soweto,JHB-SOW-018,JHB-SOW-018-C,RAN,98.91,99.143125,-0.23312500000000114,99.23,0.59,98.59,47.21,37.54750000000001,-25.734070177774797,12.49,61.6,-87.3,-9.5,22.5,47.32,38,0,7,0,0.34,0,0,0,0,0,normal,,0.0,normal
2026-09-15 14:30:00,Telkom,Gauteng,Soweto,JHB-SOW-018,JHB-SOW-018-C,RAN,98.95,99.095,-0.14499999999999602,98.53,0.55,99.5,47.56,38.2575,-24.315493694046925,10.45,46.0,-81.0,-9.7,15.6,52.97,47,6,2,1,0.89,153,0,0,0,0,normal,,0.0,normal
2026-09-15 14:45:00,Telkom,Gauteng,Soweto,JHB-SOW-018,JHB-SOW-018-C,RAN,99.07,99.10687499999999,-0.036874999999994884,99.24,0.05,98.41,37.16,38.801875,4.231432115071774,12.7,54.8,-83.7,-10.2,17.5,54.26,43,1,1,0,0.15,95,0,0,0,0,normal,,0.0,normal
2026-09-15 15:00:00,Telkom,Gauteng,Soweto,JHB-SOW-018,JHB-SOW-018-C,RAN,99.79,99.0925,0.6975000000000051,98.09,0.49,98.11,38.94,38.4475,-1.2809675531569016,11.33,64.1,-82.6,-9.1,14.2,55.13,43,2,8,2,0.63,200,0,0,0,0,normal,,0.0,normal
2026-09-15 15:15:00,Telkom,Gauteng,Soweto,JHB-SOW-018,JHB-SOW-018-C,RAN,98.4,99.12625,-0.7262499999999932,98.64,0.52,98.73,36.96,38.393750000000004,3.7343317597265266,9.92,51.5,-84.7,-8.2,15.2,55.56,46,6,5,1,0.1,31,0,0,0,0,normal,,0.0,normal
2026-09-15 15:30:00,Telkom,Gauteng,Soweto,JHB-SOW-018,JHB-SOW-018-C,RAN,99.63,99.09812500000001,0.5318749999999852,98.18,0.88,98.65,39.46,38.4625,-2.593435164120903,13.74,58.7,-84.1,-9.5,19.0,53.57,38,0,6,1,0.63,0,0,0,0,0,normal,,0.0,normal
2026-09-15 15:45:00,Telkom,Gauteng,Soweto,JHB-SOW-018,JHB-SOW-018-C,RAN,99.01,99.08125,-0.07124999999999204,98.96,0.43,98.76,47.0,38.76625,-21.23948021797311,14.76,47.7,-87.6,-8.8,16.5,41.64,34,4,0,2,0.93,0,0,0,0,0,normal,,0.0,normal
2026-09-15 16:00:00,Telkom,Gauteng,Soweto,JHB-SOW-018,JHB-SOW-018-C,RAN,98.63,99.066875,-0.43687500000000057,98.97,0.63,98.76,38.27,39.129375,2.1962400370565587,14.52,58.5,-85.4,-10.0,18.5,49.14,44,5,5,1,0.86,59,0,0,0,0,normal,,0.0,normal
2026-09-15 16:15:00,Telkom,Gauteng,Soweto,JHB-SOW-018,JHB-SOW-018-C,RAN,98.65,99.025,-0.375,99.04,0.51,98.11,33.81,39.06625,13.45470834799858,11.21,44.6,-84.7,-8.9,18.4,50.41,37,2,2,2,0.58,0,0,0,0,0,normal,,0.0,normal
2026-09-15 16:30:00,Telkom,Gauteng,Soweto,JHB-SOW-018,JHB-SOW-018-C,RAN,99.43,99.01,0.4200000000000017,99.12,0.56,98.06,39.7,38.7425,-2.4714460863392995,13.33,49.2,-84.0,-8.8,17.5,56.74,41,3,2,2,0.72,0,0,0,0,0,normal,,0.0,normal
2026-09-15 16:45:00,Telkom,Gauteng,Soweto,JHB-SOW-018,JHB-SOW-018-C,RAN,99.32,99.07375,0.2462499999999892,98.83,0.57,97.71,41.07,39.378125,-4.296484405999532,12.38,41.6,-89.3,-10.5,17.8,38.82,43,0,3,2,0.62,201,0,0,0,0,normal,,0.0,normal
2026-09-15 17:00:00,Telkom,Gauteng,Soweto,JHB-SOW-018,JHB-SOW-018-C,RAN,98.94,99.07625,-0.13625000000000398,98.31,1.01,97.53,41.02,39.080000000000005,-4.964176049129984,12.16,59.1,-82.3,-8.7,19.1,59.65,50,8,9,6,0.62,0,0,0,0,0,normal,,0.0,normal
2026-09-15 17:15:00,Telkom,Gauteng,Soweto,JHB-SOW-018,JHB-SOW-018-C,RAN,99.33,99.05250000000001,0.2774999999999892,98.28,0.06,98.56,46.18,39.69375,-16.340733742717678,13.92,52.5,-88.1,-9.0,19.3,50.93,44,0,9,0,0.84,82,0,0,0,0,normal,,0.0,normal
2026-09-15 17:30:00,Telkom,Gauteng,Soweto,JHB-SOW-018,JHB-SOW-018-C,RAN,99.19,99.068125,0.12187500000000284,98.87,0.66,98.55,36.96,40.5,8.740740740740739,11.05,49.1,-90.5,-12.5,21.0,51.27,45,1,5,3,1.07,0,0,0,0,0,normal,,0.0,normal
2026-09-15 17:45:00,Telkom,Gauteng,Soweto,JHB-SOW-018,JHB-SOW-018-C,RAN,99.06,99.06875,-0.008749999999992042,98.33,0.32,98.59,47.35,40.5,-16.913580246913583,14.49,64.8,-88.4,-10.6,13.9,42.28,49,3,6,3,0.37,75,0,0,0,0,normal,,0.0,normal
2026-09-15 18:00:00,Telkom,Gauteng,Soweto,JHB-SOW-018,JHB-SOW-018-C,RAN,99.34,99.093125,0.24687500000000284,99.13,0.48,98.5,42.13,41.261250000000004,-2.1054863825017383,13.0,56.2,-89.4,-11.2,20.8,47.44,50,5,1,3,0.74,0,0,0,0,0,normal,,0.0,normal
2026-09-15 18:15:00,Telkom,Gauteng,Soweto,JHB-SOW-018,JHB-SOW-018-C,RAN,98.56,99.103125,-0.5431250000000034,99.01,0.34,98.46,41.0,41.29875,0.7233875117285591,13.25,49.7,-86.6,-9.1,21.5,58.61,49,2,3,1,0.9,78,0,0,0,0,normal,,0.0,normal
2026-09-15 18:30:00,Telkom,Gauteng,Soweto,JHB-SOW-018,JHB-SOW-018-C,RAN,98.98,99.08125,-0.10124999999999318,98.46,0.88,98.27,37.47,40.910625,8.41010128786838,9.92,61.2,-82.7,-10.4,18.0,52.25,52,6,7,5,1.05,48,0,0,0,0,normal,,0.0,normal
2026-09-15 18:45:00,Telkom,Gauteng,Soweto,JHB-SOW-018,JHB-SOW-018-C,RAN,99.9,99.08312500000001,0.816874999999996,98.2,0.44,98.83,39.87,40.28,1.0178748758689267,12.91,46.7,-81.6,-9.4,19.1,52.68,50,0,8,1,0.84,0,0,0,0,0,normal,,0.0,normal
2026-09-15 19:00:00,Telkom,Gauteng,Soweto,JHB-SOW-018,JHB-SOW-018-C,RAN,99.23,99.13499999999999,0.09500000000001307,99.38,0.63,97.88,41.78,40.449375,-3.289605834453555,11.98,57.6,-87.5,-7.6,13.1,57.7,57,6,8,5,0.63,16,0,0,0,0,normal,,0.0,normal
2026-09-15 19:15:00,Telkom,Gauteng,Soweto,JHB-SOW-018,JHB-SOW-018-C,RAN,99.21,99.1,0.10999999999999943,98.59,0.48,98.79,34.42,40.626875,15.27775641124255,12.46,55.2,-87.6,-9.7,17.3,57.41,52,0,6,3,0.33,83,0,0,0,0,normal,,0.0,normal
2026-09-15 19:30:00,Telkom,Gauteng,Soweto,JHB-SOW-018,JHB-SOW-018-C,RAN,99.43,99.15062499999999,0.2793750000000159,98.92,0.14,98.5,30.03,40.468125,25.79344854746791,13.67,59.2,-86.8,-6.4,13.4,54.15,39,5,3,1,0.73,0,0,0,0,0,normal,,0.0,normal
2026-09-15 19:45:00,Telkom,Gauteng,Soweto,JHB-SOW-018,JHB-SOW-018-C,RAN,98.82,99.138125,-0.3181250000000091,98.63,0.59,97.9,33.59,39.878750000000004,15.769676832899727,11.72,57.6,-86.0,-8.8,12.5,62.83,46,4,2,0,0.71,0,0,0,0,0,normal,,0.0,normal
2026-09-15 20:00:00,Telkom,Gauteng,Soweto,JHB-SOW-018,JHB-SOW-018-C,RAN,98.93,99.12625,-0.19624999999999204,98.6,0.33,98.34,37.87,39.040625,2.998479148323064,13.58,65.5,-85.6,-9.9,15.9,55.58,52,4,5,2,0.29,35,0,0,0,0,normal,,0.0,normal
2026-09-15 20:15:00,Telkom,Gauteng,Soweto,JHB-SOW-018,JHB-SOW-018-C,RAN,99.17,99.145,0.025000000000005684,98.88,0.49,98.48,43.18,39.015625,-10.673608329995995,12.89,52.5,-85.3,-10.5,18.3,49.11,36,1,0,2,0.9,55,0,0,0,0,normal,,0.0,normal
2026-09-15 20:30:00,Telkom,Gauteng,Soweto,JHB-SOW-018,JHB-SOW-018-C,RAN,99.01,99.17750000000001,-0.16750000000000398,99.33,0.34,98.87,46.33,39.60125,-16.991256589122813,10.91,58.2,-87.1,-9.7,14.7,51.77,43,2,2,0,0.6,4,0,0,0,0,normal,,0.0,normal
2026-09-15 20:45:00,Telkom,Gauteng,Soweto,JHB-SOW-018,JHB-SOW-018-C,RAN,99.09,99.15125,-0.06125000000000114,98.77,0.39,99.17,32.82,40.015625,17.982038266302226,12.67,60.4,-88.4,-10.2,16.6,55.53,41,4,3,1,1.46,146,0,0,0,0,normal,,0.0,normal
2026-09-15 21:00:00,Telkom,Gauteng,Soweto,JHB-SOW-018,JHB-SOW-018-C,RAN,98.95,99.136875,-0.18687500000000057,99.14,0.49,98.83,35.79,39.5,9.392405063291141,11.17,48.6,-84.8,-10.5,18.5,50.36,39,0,2,1,1.2,0,0,0,0,0,normal,,0.0,normal
2026-09-15 21:15:00,Telkom,Gauteng,Soweto,JHB-SOW-018,JHB-SOW-018-C,RAN,99.15,99.1375,0.012500000000002842,98.87,0.52,98.58,35.92,39.173125,8.304481707803493,14.35,53.9,-85.8,-10.7,17.0,45.27,36,3,1,0,1.34,129,0,0,0,0,normal,,0.0,normal
2026-09-15 21:30:00,Telkom,Gauteng,Soweto,JHB-SOW-018,JHB-SOW-018-C,RAN,99.56,99.12625,0.4337500000000034,98.77,0.54,98.67,47.57,38.531875,-23.456229420447357,14.09,56.6,-83.2,-10.6,13.1,48.21,34,3,1,3,0.79,0,0,0,0,0,normal,,0.0,normal
2026-09-15 21:45:00,Telkom,Gauteng,Soweto,JHB-SOW-018,JHB-SOW-018-C,RAN,99.28,99.149375,0.13062499999999488,99.12,0.54,98.47,32.2,39.195,17.846664115320827,11.25,56.1,-84.0,-10.7,17.1,56.3,38,3,2,1,0.91,51,0,0,0,0,normal,,0.0,normal
2026-09-15 22:00:00,Telkom,Gauteng,Soweto,JHB-SOW-018,JHB-SOW-018-C,RAN,99.18,99.16312500000001,0.016874999999998863,98.81,0.31,98.78,43.48,38.248125,-13.678775103354726,13.99,57.2,-85.2,-11.9,19.6,47.12,40,3,3,0,0.72,22,0,0,0,0,normal,,0.0,normal
2026-09-15 22:15:00,Telkom,Gauteng,Soweto,JHB-SOW-018,JHB-SOW-018-C,RAN,99.36,99.153125,0.2068749999999966,98.62,0.26,98.84,43.74,38.3325,-14.106828409313241,14.14,47.6,-84.9,-11.1,17.5,39.54,22,0,3,0,1.18,111,0,0,0,0,normal,,0.0,normal
2026-09-15 22:30:00,Telkom,Gauteng,Soweto,JHB-SOW-018,JHB-SOW-018-C,RAN,98.77,99.203125,-0.433125000000004,98.37,0.68,97.37,37.96,38.503750000000004,1.4122001103788664,12.31,50.5,-84.1,-11.2,18.5,45.21,32,7,3,3,0.13,158,0,0,0,0,normal,,0.0,normal
2026-09-15 22:45:00,Telkom,Gauteng,Soweto,JHB-SOW-018,JHB-SOW-018-C,RAN,99.36,99.19,0.1700000000000017,98.8,0.69,98.57,43.99,38.534375,-14.157813640418471,15.06,49.1,-88.2,-11.3,17.0,41.69,22,2,7,1,0.47,29,0,0,0,0,normal,,0.0,normal
2026-09-15 23:00:00,Telkom,Gauteng,Soweto,JHB-SOW-018,JHB-SOW-018-C,RAN,99.49,99.15625000000001,0.3337499999999807,98.73,0.46,98.24,45.12,38.791875,-16.31301657885833,12.78,48.3,-83.7,-10.1,14.8,49.15,32,0,1,0,1.07,41,0,0,0,0,normal,,0.0,normal
2026-09-15 23:15:00,Telkom,Gauteng,Soweto,JHB-SOW-018,JHB-SOW-018-C,RAN,98.75,99.17250000000001,-0.42250000000001364,98.89,0.44,97.95,35.81,39.000625,8.18095863848335,10.92,57.6,-84.3,-11.1,21.2,47.01,37,0,0,2,0.94,0,0,0,0,0,normal,,0.0,normal
2026-09-15 23:30:00,Telkom,Gauteng,Soweto,JHB-SOW-018,JHB-SOW-018-C,RAN,98.83,99.14375000000001,-0.3137500000000131,98.77,0.89,98.72,33.05,39.087500000000006,15.446114486728513,10.22,52.2,-83.6,-9.7,23.0,49.98,28,3,2,1,0.43,75,0,0,0,0,normal,,0.0,normal
2026-09-15 23:45:00,Telkom,Gauteng,Soweto,JHB-SOW-018,JHB-SOW-018-C,RAN,99.09,99.10625,-0.01624999999999943,99.49,0.67,98.23,41.39,39.27625,-5.381751058209486,12.98,54.2,-83.8,-11.9,18.6,45.39,32,0,1,3,1.3,70,0,0,0,0,normal,,0.0,normal
2026-09-14 00:00:00,Telkom,Gauteng,Pretoria,PTA-HAT-011,PTA-HAT-011-A,RAN,98.4,98.4,0.0,98.99,0.46,98.88,48.07,48.07,0.0,14.01,39.1,-87.5,-10.2,17.0,36.87,29,0,5,0,0.56,0,0,0,0,0,normal,,0.0,normal
2026-09-14 00:15:00,Telkom,Gauteng,Pretoria,PTA-HAT-011,PTA-HAT-011-A,RAN,98.96,98.4,0.5599999999999881,98.57,0.39,99.34,30.48,48.07,36.59246931558145,9.09,49.7,-89.1,-9.1,18.1,54.57,47,5,4,1,1.08,11,0,0,0,0,normal,,2.2,normal
2026-09-14 00:30:00,Telkom,Gauteng,Pretoria,PTA-HAT-011,PTA-HAT-011-A,RAN,98.62,98.68,-0.060000000000002274,98.73,0.05,97.93,40.21,39.275,-2.380649267982183,13.5,57.9,-87.0,-10.8,15.8,40.63,36,0,2,0,0.58,27,0,0,0,0,normal,,0.0,normal
2026-09-14 00:45:00,Telkom,Gauteng,Pretoria,PTA-HAT-011,PTA-HAT-011-A,RAN,99.42,98.66000000000001,0.7599999999999909,98.78,0.41,97.82,40.9,39.586666666666666,-3.3176153587066333,12.23,65.5,-86.7,-8.5,17.5,56.93,34,0,2,1,0.43,54,0,0,0,0,normal,,0.0,normal
2026-09-14 01:00:00,Telkom,Gauteng,Pretoria,PTA-HAT-011,PTA-HAT-011-A,RAN,99.51,98.85,0.6600000000000108,98.78,0.4,98.24,39.25,39.915,1.6660403357133888,14.71,54.1,-87.4,-10.8,15.2,45.54,36,0,4,1,0.67,16,0,0,0,0,normal,,0.0,normal
2026-09-14 01:15:00,Telkom,Gauteng,Pretoria,PTA-HAT-011,PTA-HAT-011-A,RAN,99.49,98.982,0.5079999999999956,99.17,0.99,98.89,42.6,39.782,-7.083605650796857,11.31,65.7,-87.9,-8.7,16.9,53.83,38,2,2,3,0.38,23,0,0,0,0,normal,,0.0,normal
2026-09-14 01:30:00,Telkom,Gauteng,Pretoria,PTA-HAT-011,PTA-HAT-011-A,RAN,98.64,99.06666666666666,-0.4266666666666623,98.67,0.61,98.06,43.54,40.251666666666665,-8.169433977889117,10.58,48.1,-89.8,-11.6,19.2,48.29,41,8,4,0,0.79,0,0,0,0,0,normal,,0.0,normal
2026-09-14 01:45:00,Telkom,Gauteng,Pretoria,PTA-HAT-011,PTA-HAT-011-A,RAN,99.28,99.00571428571428,0.2742857142857247,98.88,0.36,98.61,42.68,40.721428571428575,-4.809682511840018,11.34,62.8,-85.6,-8.5,16.9,43.94,24,0,1,0,0.47,121,0,0,0,0,normal,,0.0,normal
2026-09-14 02:00:00,Telkom,Gauteng,Pretoria,PTA-HAT-011,PTA-HAT-011-A,RAN,99.21,99.04,0.1699999999999875,99.1,0.35,98.63,41.8,40.96625,-2.035211912244823,14.7,54.0,-85.1,-9.6,18.1,44.34,42,5,0,2,1.34,0,0,0,0,0,normal,,0.0,normal
2026-09-14 02:15:00,Telkom,Gauteng,Pretoria,PTA-HAT-011,PTA-HAT-011-A,RAN,98.65,99.05888888888889,-0.40888888888888175,98.92,0.09,97.78,41.61,41.05888888888889,-1.3422455551646708,11.54,52.6,-81.3,-8.8,18.8,44.29,36,2,4,1,0.52,0,0,0,0,0,normal,,0.0,normal
2026-09-14 02:30:00,Telkom,Gauteng,Pretoria,PTA-HAT-011,PTA-HAT-011-A,RAN,98.86,99.018,-0.15800000000000125,98.65,0.45,98.54,38.65,41.114,5.993092377292403,12.91,49.4,-83.2,-10.9,21.2,48.56,32,0,0,2,0.7,143,0,0,0,0,normal,,0.0,normal
2026-09-14 02:45:00,Telkom,Gauteng,Pretoria,PTA-HAT-011,PTA-HAT-011-A,RAN,99.26,99.00363636363636,0.2563636363636448,98.88,0.2,97.71,51.25,40.89,-25.336268036194664,15.01,55.8,-83.8,-9.2,13.9,42.11,34,3,1,0,0.81,23,0,0,1,0,normal,,0.0,normal
2026-09-14 03:00:00,Telkom,Gauteng,Pretoria,PTA-HAT-011,PTA-HAT-011-A,RAN,99.52,99.02499999999999,0.49500000000000455,99.38,1.01,98.3,53.1,41.75333333333334,-27.17547501197508,10.47,62.1,-82.4,-11.7,17.8,47.54,24,2,0,2,0.95,116,0,0,1,0,normal,,0.0,normal
2026-09-14 03:15:00,Telkom,Gauteng,Pretoria,PTA-HAT-011,PTA-HAT-011-A,RAN,98.05,99.06307692307692,-1.0130769230769232,99.11,0.52,98.58,39.19,42.62615384615385,8.061139784170074,12.45,54.1,-81.6,-12.1,15.5,49.35,41,10,3,4,0.13,90,0,0,1,0,normal,,0.0,normal
2026-09-14 03:30:00,Telkom,Gauteng,Pretoria,PTA-HAT-011,PTA-HAT-011-A,RAN,99.67,98.99071428571428,0.6792857142857258,98.5,0.42,98.05,43.62,42.38071428571429,-2.924173731313079,10.77,49.9,-86.0,-8.4,22.1,48.85,35,0,3,1,0.23,133,0,0,1,0,normal,,0.0,normal
2026-09-14 03:45:00,Telkom,Gauteng,Pretoria,PTA-HAT-011,PTA-HAT-011-A,RAN,98.72,99.036,-0.3160000000000025,99.02,0.63,98.11,44.92,42.46333333333334,-5.785383468090108,12.62,45.2,-83.8,-10.4,17.2,41.07,29,0,1,0,0.54,42,0,0,0,0,normal,,0.0,normal
2026-09-14 04:00:00,Telkom,Gauteng,Pretoria,PTA-HAT-011,PTA-HAT-011-A,RAN,98.87,99.01625,-0.14624999999999488,99.25,0.39,98.96,49.39,42.616875,-15.893058794198309,13.05,52.2,-82.9,-9.8,13.9,34.1,33,4,0,2,0.71,5,0,0,0,0,normal,,0.0,normal
2026-09-14 04:15:00,Telkom,Gauteng,Pretoria,PTA-HAT-011,PTA-HAT-011-A,RAN,98.85,99.045625,-0.19562500000000682,99.17,0.84,99.08,40.43,42.699374999999996,5.3147733427011445,14.5,48.2,-83.2,-10.4,15.3,49.46,39,5,4,2,0.63,40,0,0,0,0,normal,,0.0,normal
2026-09-14 04:30:00,Telkom,Gauteng,Pretoria,PTA-HAT-011,PTA-HAT-011-A,RAN,99.23,99.03875000000001,0.1912499999999966,99.04,0.33,98.02,40.12,43.321250000000006,7.3895605505381505,12.9,58.5,-84.4,-9.7,19.0,48.98,39,1,1,0,1.0,23,0,0,0,0,normal,,0.0,normal
2026-09-14 04:45:00,Telkom,Gauteng,Pretoria,PTA-HAT-011,PTA-HAT-011-A,RAN,98.69,99.076875,-0.3868750000000034,98.72,0.55,98.23,48.65,43.315625,-12.315128778587408,16.32,44.5,-88.2,-9.9,13.5,41.08,32,3,3,0,0.72,110,0,0,0,0,normal,,0.0,normal
2026-09-14 05:00:00,Telkom,Gauteng,Pretoria,PTA-HAT-011,PTA-HAT-011-A,RAN,99.41,99.03125,0.3787499999999966,98.61,0.38,98.69,41.43,43.800000000000004,5.410958904109599,12.76,52.4,-86.6,-10.2,16.7,52.92,44,0,3,2,1.45,0,0,0,0,0,normal,,0.0,normal
2026-09-14 05:15:00,Telkom,Gauteng,Pretoria,PTA-HAT-011,PTA-HAT-011-A,RAN,98.85,99.02499999999999,-0.17499999999999716,98.49,0.62,98.25,32.26,43.93625,26.575436001024215,9.97,58.1,-85.9,-10.3,16.4,57.09,45,5,4,0,0.47,255,0,0,0,0,normal,,0.0,normal
2026-09-14 05:30:00,Telkom,Gauteng,Pretoria,PTA-HAT-011,PTA-HAT-011-A,RAN,99.18,98.985,0.1950000000000074,99.01,0.18,97.81,42.27,43.29,2.3562023562023473,12.21,48.0,-82.9,-10.4,17.9,49.21,52,7,5,2,1.4,47,0,0,0,0,normal,,0.0,normal
2026-09-14 05:45:00,Telkom,Gauteng,Pretoria,PTA-HAT-011,PTA-HAT-011-A,RAN,98.96,99.01875,-0.05875000000000341,99.45,0.53,98.74,42.96,43.210625,0.5800078105789941,10.78,38.0,-83.2,-8.5,17.7,50.72,41,3,0,2,0.59,47,0,0,0,0,normal,,0.0,normal
2026-09-14 06:00:00,Telkom,Gauteng,Pretoria,PTA-HAT-011,PTA-HAT-011-A,RAN,99.03,98.99875,0.03125,99.03,0.71,98.51,42.71,43.228125,1.1985830983879076,12.5,47.1,-87.8,-9.8,18.3,53.67,40,3,3,2,0.26,177,0,0,0,0,normal,,0.0,normal
2026-09-14 06:15:00,Telkom,Gauteng,Pretoria,PTA-HAT-011,PTA-HAT-011-A,RAN,98.78,98.9875,-0.20749999999999602,98.01,0.76,98.91,31.88,43.285000000000004,26.348619614185058,12.28,52.9,-85.4,-8.8,12.8,57.69,48,6,7,4,0.66,67,0,0,0,0,normal,,0.0,normal
2026-09-14 06:30:00,Telkom,Gauteng,Pretoria,PTA-HAT-011,PTA-HAT-011-A,RAN,98.79,98.99562499999999,-0.20562499999998352,98.36,0.05,98.53,45.67,42.676875,-7.013458693964821,12.33,43.2,-81.5,-9.0,18.1,44.55,47,7,3,0,0.55,54,0,0,0,0,normal,,0.0,normal
2026-09-14 06:45:00,Telkom,Gauteng,Pretoria,PTA-HAT-011,PTA-HAT-011-A,RAN,99.07,98.99125000000001,0.07874999999998522,98.15,0.25,97.83,33.96,43.115625,21.235051098064798,13.53,54.4,-79.0,-10.9,18.5,57.05,42,1,6,0,1.11,17,0,0,0,0,normal,,0.0,normal
2026-09-14 07:00:00,Telkom,Gauteng,Pretoria,PTA-HAT-011,PTA-HAT-011-A,RAN,99.84,98.979375,0.8606249999999989,99.32,0.56,99.03,36.28,42.035000000000004,13.690971809206617,12.96,56.4,-86.6,-9.3,17.6,59.12,53,1,6,2,0.1,6,0,0,0,0,normal,,0.0,normal
2026-09-14 07:15:00,Telkom,Gauteng,Pretoria,PTA-HAT-011,PTA-HAT-011-A,RAN,99.35,98.999375,0.35062499999999375,98.59,0.65,98.86,33.49,40.98375,18.284686003598985,11.71,66.5,-82.8,-8.8,13.9,63.25,52,5,1,2,0.83,83,0,0,0,0,normal,,0.0,normal
2026-09-14 07:30:00,Telkom,Gauteng,Pretoria,PTA-HAT-011,PTA-HAT-011-A,RAN,99.32,99.08062500000001,0.23937499999998124,98.99,0.59,98.63,34.62,40.6275,14.78678235185527,14.53,57.9,-84.6,-9.8,16.7,52.35,47,2,3,0,0.41,135,0,0,0,0,normal,,0.0,normal
2026-09-14 07:45:00,Telkom,Gauteng,Pretoria,PTA-HAT-011,PTA-HAT-011-A,RAN,98.5,99.05875,-0.5587500000000034,98.55,0.36,98.0,38.02,40.065,5.104205665793073,10.06,46.2,-89.8,-9.6,17.4,58.14,59,16,6,3,0.79,0,0,0,0,0,normal,,0.0,normal
2026-09-14 08:00:00,Telkom,Gauteng,Pretoria,PTA-HAT-011,PTA-HAT-011-A,RAN,99.02,99.045,-0.025000000000005684,99.22,0.57,98.15,38.97,39.63375,1.6747090547828563,9.2,64.2,-89.3,-10.4,18.7,63.46,58,3,3,2,0.22,105,0,0,0,0,normal,,0.0,normal
2026-09-14 08:15:00,Telkom,Gauteng,Pretoria,PTA-HAT-011,PTA-HAT-011-A,RAN,98.93,99.054375,-0.12437499999998636,99.34,0.06,98.22,40.02,38.9825,-2.661450650933115,11.22,50.7,-85.4,-10.8,20.7,63.93,55,11,2,1,1.05,33,0,0,0,0,normal,,0.0,normal
2026-09-14 08:30:00,Telkom,Gauteng,Pretoria,PTA-HAT-011,PTA-HAT-011-A,RAN,98.94,99.059375,-0.11937500000000512,99.58,0.66,98.66,33.8,38.956875,13.237393913141132,10.57,62.1,-87.4,-10.9,15.7,62.08,60,8,0,5,0.52,86,0,0,0,0,normal,,0.0,normal
2026-09-14 08:45:00,Telkom,Gauteng,Pretoria,PTA-HAT-011,PTA-HAT-011-A,RAN,98.63,99.04124999999999,-0.41124999999999545,99.5,0.31,98.25,31.76,38.561875,17.6388596249534,11.39,62.3,-82.2,-8.8,16.9,74.48,68,5,2,1,0.83,38,0,0,0,0,normal,,0.0,normal
2026-09-14 09:00:00,Telkom,Gauteng,Pretoria,PTA-HAT-011,PTA-HAT-011-A,RAN,98.93,99.0375,-0.1074999999999875,98.62,0.25,98.04,35.75,37.50625,4.682552907848696,12.88,61.1,-83.4,-10.8,18.5,65.31,62,6,4,0,0.92,186,0,0,0,0,normal,,0.0,normal
2026-09-14 09:15:00,Telkom,Gauteng,Pretoria,PTA-HAT-011,PTA-HAT-011-A,RAN,98.92,99.00750000000001,-0.08750000000000568,98.5,0.34,98.87,40.2,37.151250000000005,-8.206318764509938,10.26,56.6,-90.9,-9.9,15.1,62.28,66,8,8,3,0.59,148,0,0,0,0,normal,,0.0,normal
2026-09-14 09:30:00,Telkom,Gauteng,Pretoria,PTA-HAT-011,PTA-HAT-011-A,RAN,99.1,99.01187499999999,0.08812500000000512,98.9,0.46,98.28,37.64,37.6475,0.01992164154326392,12.25,56.5,-87.6,-12.6,18.8,59.83,62,4,3,1,0.8,85,0,0,0,0,normal,,0.0,normal
2026-09-14 09:45:00,Telkom,Gauteng,Pretoria,PTA-HAT-011,PTA-HAT-011-A,RAN,99.36,99.00687500000001,0.3531249999999915,98.85,0.43,98.64,34.53,37.358125,7.5703076639954485,11.54,62.7,-87.9,-10.7,18.6,57.52,59,3,4,3,0.98,0,0,0,0,0,normal,,0.0,normal
2026-09-14 10:00:00,Telkom,Gauteng,Pretoria,PTA-HAT-011,PTA-HAT-011-A,RAN,98.86,99.031875,-0.171875,98.79,0.05,98.77,41.66,36.83125,-13.110470049210928,12.37,55.2,-82.4,-8.4,18.2,55.19,63,10,5,0,0.61,21,0,0,0,0,normal,,0.0,normal
2026-09-14 10:15:00,Telkom,Gauteng,Pretoria,PTA-HAT-011,PTA-HAT-011-A,RAN,99.39,99.02125000000001,0.3687499999999915,98.31,0.74,98.6,29.84,36.765625,18.837229069273267,11.3,61.7,-86.3,-8.0,19.4,69.2,68,3,11,4,0.97,30,0,0,0,0,normal,,0.0,normal
2026-09-14 10:30:00,Telkom,Gauteng,Pretoria,PTA-HAT-011,PTA-HAT-011-A,RAN,99.79,99.059375,0.7306250000000034,98.15,0.64,98.29,34.2,36.638124999999995,6.654611828525593,9.44,54.5,-82.0,-8.3,18.7,59.05,57,0,6,3,0.47,0,0,0,0,0,normal,,0.0,normal
2026-09-14 10:45:00,Telkom,Gauteng,Pretoria,PTA-HAT-011,PTA-HAT-011-A,RAN,99.29,99.12187499999999,0.16812500000001762,99.04,0.69,97.94,38.88,35.92125,-8.236767929846545,10.21,66.6,-84.2,-8.3,18.5,63.13,69,5,2,4,0.58,0,0,0,0,0,normal,,0.0,normal
2026-09-14 11:00:00,Telkom,Gauteng,Pretoria,PTA-HAT-011,PTA-HAT-011-A,RAN,99.24,99.135625,0.10437499999999034,99.14,0.24,98.57,45.71,36.22875,-26.170513749439333,11.61,58.5,-84.0,-8.4,18.4,52.43,57,5,2,1,0.61,98,0,0,0,0,normal,,0.0,normal
2026-09-14 11:15:00,Telkom,Gauteng,Pretoria,PTA-HAT-011,PTA-HAT-011-A,RAN,98.81,99.09812500000001,-0.28812500000000796,99.46,0.5,98.01,35.73,36.818125,2.9554057953793276,8.0,51.0,-85.1,-11.4,18.7,64.7,67,4,0,3,0.46,0,0,0,0,0,normal,,0.0,normal
2026-09-14 11:30:00,Telkom,Gauteng,Pretoria,PTA-HAT-011,PTA-HAT-011-A,RAN,98.7,99.064375,-0.36437499999999545,98.73,0.42,98.04,39.21,36.958125,-6.093044492922728,12.57,52.6,-82.7,-10.7,16.8,62.1,58,6,5,1,1.09,81,0,0,0,0,normal,,0.0,normal
2026-09-14 11:45:00,Telkom,Gauteng,Pretoria,PTA-HAT-011,PTA-HAT-011-A,RAN,98.81,99.025625,-0.21562500000000284,99.4,0.39,99.35,33.12,37.245,11.07531212243254,12.2,56.8,-82.5,-10.7,14.6,59.02,60,5,0,2,0.73,120,0,0,0,0,normal,,0.0,normal
2026-09-14 12:00:00,Telkom,Gauteng,Pretoria,PTA-HAT-011,PTA-HAT-011-A,RAN,98.94,99.045,-0.10500000000000398,98.53,0.24,99.0,45.53,36.93875,-23.25809617271836,11.44,63.5,-82.5,-9.2,19.1,57.46,54,7,7,1,0.63,64,0,0,0,0,normal,,0.0,normal
2026-09-14 12:15:00,Telkom,Gauteng,Pretoria,PTA-HAT-011,PTA-HAT-011-A,RAN,99.23,99.04,0.18999999999999773,98.71,0.24,99.07,41.04,37.34875,-9.883195555406797,11.1,45.1,-84.6,-9.1,16.1,47.05,59,3,5,2,0.78,30,0,0,0,0,normal,,0.0,normal
2026-09-14 12:30:00,Telkom,Gauteng,Pretoria,PTA-HAT-011,PTA-HAT-011-A,RAN,99.43,99.05875,0.3712500000000034,98.96,0.59,97.5,40.44,37.4125,-8.09221516872702,12.98,59.4,-84.7,-9.8,16.6,55.84,58,3,4,4,0.1,187,0,0,0,0,normal,,0.0,normal
2026-09-14 12:45:00,Telkom,Gauteng,Pretoria,PTA-HAT-011,PTA-HAT-011-A,RAN,99.52,99.089375,0.43062499999999204,98.42,0.44,98.49,38.21,37.8275,-1.0111691229925326,13.63,55.9,-84.7,-10.6,17.7,50.81,59,4,5,1,0.98,91,0,0,0,0,normal,,0.0,normal
2026-09-14 13:00:00,Telkom,Gauteng,Pretoria,PTA-HAT-011,PTA-HAT-011-A,RAN,99.74,99.145,0.5949999999999989,98.7,0.13,98.62,33.21,38.230624999999996,13.132469061125724,12.16,51.7,-78.3,-7.7,18.2,62.88,61,1,4,0,1.16,67,0,0,0,0,normal,,0.0,normal
2026-09-14 13:15:00,Telkom,Gauteng,Pretoria,PTA-HAT-011,PTA-HAT-011-A,RAN,99.68,99.19562499999999,0.4843750000000142,98.49,0.5,98.2,32.69,38.071875000000006,14.136091274727097,10.18,47.7,-87.2,-7.4,18.5,56.56,55,1,6,0,0.75,37,0,0,0,0,normal,,0.0,normal
2026-09-14 13:30:00,Telkom,Gauteng,Pretoria,PTA-HAT-011,PTA-HAT-011-A,RAN,99.9,99.243125,0.6568749999999994,99.3,0.51,98.5,37.62,37.6025,-0.046539458812574416,12.88,59.9,-84.3,-9.9,16.7,54.5,51,0,4,3,1.0,4,0,0,0,0,normal,,0.0,normal
2026-09-14 13:45:00,Telkom,Gauteng,Pretoria,PTA-HAT-011,PTA-HAT-011-A,RAN,99.03,99.293125,-0.2631250000000023,99.17,0.26,98.63,38.25,37.60125,-1.7253415777401009,13.31,51.5,-86.0,-10.1,12.8,48.8,47,4,4,0,0.51,72,0,0,0,0,normal,,0.0,normal
2026-09-14 14:00:00,Telkom,Gauteng,Pretoria,PTA-HAT-011,PTA-HAT-011-A,RAN,98.82,99.27250000000001,-0.4525000000000148,98.83,0.73,98.7,41.28,37.833749999999995,-9.10893051838638,9.36,64.8,-88.1,-8.7,18.3,61.59,50,3,5,3,0.76,28,0,0,0,0,normal,,0.0,normal
2026-09-14 14:15:00,Telkom,Gauteng,Pretoria,PTA-HAT-011,PTA-HAT-011-A,RAN,99.75,99.27,0.480000000000004,98.97,0.32,97.56,41.06,37.809999999999995,-8.595609627082803,8.84,67.7,-84.6,-10.5,21.3,67.76,66,5,3,2,0.96,0,0,0,0,0,normal,,0.0,normal
2026-09-14 14:30:00,Telkom,Gauteng,Pretoria,PTA-HAT-011,PTA-HAT-011-A,RAN,98.76,99.2925,-0.5324999999999989,98.55,1.03,98.0,40.57,38.511250000000004,-5.34584050115225,13.57,69.2,-86.4,-9.0,18.1,52.06,51,4,6,5,1.01,0,0,0,0,0,normal,,0.0,normal
2026-09-14 14:45:00,Telkom,Gauteng,Pretoria,PTA-HAT-011,PTA-HAT-011-A,RAN,99.65,99.228125,0.421875,99.25,0.39,99.23,43.62,38.909375,-12.106658099751026,11.9,63.5,-87.4,-8.9,16.9,51.9,39,0,4,1,0.45,116,0,0,0,0,normal,,0.0,normal
2026-09-14 15:00:00,Telkom,Gauteng,Pretoria,PTA-HAT-011,PTA-HAT-011-A,RAN,97.71,99.250625,-1.5406250000000057,99.08,0.78,97.76,27.16,39.205625,30.72422643434456,10.18,55.7,-85.8,-9.7,17.6,61.77,55,8,0,4,0.83,153,0,0,0,0,normal,,0.24,normal
2026-09-14 15:15:00,Telkom,Gauteng,Pretoria,PTA-HAT-011,PTA-HAT-011-A,RAN,98.56,99.155,-0.5949999999999989,99.06,0.46,99.01,37.58,38.04625,1.2254821434438408,10.79,59.5,-85.7,-9.0,18.7,56.89,54,5,2,2,0.78,0,0,0,0,0,normal,,0.0,normal
2026-09-14 15:30:00,Telkom,Gauteng,Pretoria,PTA-HAT-011,PTA-HAT-011-A,RAN,99.36,99.139375,0.2206249999999983,98.59,0.4,98.03,34.75,38.161874999999995,8.94053292716879,10.7,56.1,-82.0,-9.8,15.7,52.95,54,3,2,1,1.09,0,0,0,0,0,normal,,0.0,normal
2026-09-14 15:45:00,Telkom,Gauteng,Pretoria,PTA-HAT-011,PTA-HAT-011-A,RAN,99.04,99.18062499999999,-0.1406249999999858,98.76,0.25,97.56,44.11,37.883125,-16.43706795571907,14.27,54.4,-88.5,-10.4,22.2,50.83,45,1,4,1,0.34,84,0,0,0,0,normal,,0.0,normal
2026-09-14 16:00:00,Telkom,Gauteng,Pretoria,PTA-HAT-011,PTA-HAT-011-A,RAN,99.18,99.195,-0.014999999999986358,98.38,0.21,98.09,38.8,38.57,-0.5963183821622942,9.05,65.4,-82.2,-9.1,16.4,62.26,46,8,8,0,0.52,37,0,0,0,0,normal,,0.0,normal
2026-09-14 16:15:00,Telkom,Gauteng,Pretoria,PTA-HAT-011,PTA-HAT-011-A,RAN,99.52,99.21,0.3100000000000023,98.77,0.54,97.92,33.52,38.149375,12.134864594767269,11.08,50.7,-82.9,-9.1,16.0,55.51,48,0,2,2,0.64,155,0,0,0,0,normal,,0.0,normal
2026-09-14 16:30:00,Telkom,Gauteng,Pretoria,PTA-HAT-011,PTA-HAT-011-A,RAN,98.06,99.228125,-1.1681250000000034,98.77,0.89,98.74,38.31,37.679375,-1.673660988272767,12.64,66.6,-88.2,-10.2,17.2,60.0,54,6,4,1,0.44,0,0,0,0,0,normal,,0.0,normal
2026-09-14 16:45:00,Telkom,Gauteng,Pretoria,PTA-HAT-011,PTA-HAT-011-A,RAN,98.56,99.1425,-0.582499999999996,98.51,0.64,99.04,31.18,37.54625,16.955754569364455,11.22,63.0,-85.5,-9.9,17.3,60.85,50,8,10,3,0.46,0,0,0,0,0,normal,,0.0,normal
2026-09-14 17:00:00,Telkom,Gauteng,Pretoria,PTA-HAT-011,PTA-HAT-011-A,RAN,98.98,99.08250000000001,-0.10250000000000625,98.75,0.27,98.86,36.95,37.106875,0.4227653231375572,11.84,57.4,-90.4,-9.2,20.4,60.41,54,8,6,0,0.75,95,1,0,0,0,normal,,0.0,normal
2026-09-14 17:15:00,Telkom,Gauteng,Pretoria,PTA-HAT-011,PTA-HAT-011-A,RAN,99.14,99.03500000000001,0.10499999999998977,98.78,0.41,98.85,39.1,37.340624999999996,-4.711691354925114,10.29,50.3,-85.7,-11.8,15.8,63.14,52,6,2,2,0.87,100,0,0,0,0,normal,,0.0,normal
2026-09-14 17:30:00,Telkom,Gauteng,Pretoria,PTA-HAT-011,PTA-HAT-011-A,RAN,99.16,99.00125,0.15874999999999773,98.2,0.34,98.6,40.03,37.74125,-6.064319544265228,11.18,58.1,-88.9,-8.5,17.8,50.44,48,2,9,0,0.72,0,0,0,0,0,normal,,0.0,normal
2026-09-14 17:45:00,Telkom,Gauteng,Pretoria,PTA-HAT-011,PTA-HAT-011-A,RAN,99.15,98.955,0.1950000000000074,98.76,0.39,97.63,40.0,37.891875,-5.563527801144708,12.28,57.8,-91.2,-9.7,14.2,52.8,56,2,8,2,1.52,44,0,0,0,0,normal,,0.0,normal
2026-09-14 18:00:00,Telkom,Gauteng,Pretoria,PTA-HAT-011,PTA-HAT-011-A,RAN,99.25,98.96249999999999,0.2875000000000085,98.92,0.47,98.1,40.25,38.00125,-5.917568501036153,15.28,43.6,-90.7,-9.4,15.5,50.11,53,3,0,2,0.66,55,0,0,0,0,normal,,0.0,normal
2026-09-14 18:15:00,Telkom,Gauteng,Pretoria,PTA-HAT-011,PTA-HAT-011-A,RAN,99.26,98.989375,0.27062500000000966,98.68,0.47,98.43,41.16,37.936875,-8.496021351257836,13.17,48.7,-83.9,-9.4,16.8,51.62,63,1,4,2,0.51,0,0,0,0,0,normal,,0.0,normal
2026-09-14 18:30:00,Telkom,Gauteng,Pretoria,PTA-HAT-011,PTA-HAT-011-A,RAN,98.78,98.95875000000001,-0.17875000000000796,98.45,0.19,99.04,36.4,37.943125,4.066942298505996,11.88,53.6,-84.8,-10.6,17.6,55.74,59,8,6,0,0.75,55,0,0,0,0,normal,,0.0,normal
2026-09-14 18:45:00,Telkom,Gauteng,Pretoria,PTA-HAT-011,PTA-HAT-011-A,RAN,99.26,98.96000000000001,0.29999999999999716,98.97,1.08,99.24,41.81,37.6825,-10.953360313142719,9.82,59.1,-85.2,-11.3,19.8,63.24,57,1,1,5,0.83,109,0,0,0,0,normal,,0.0,normal
2026-09-14 19:00:00,Telkom,Gauteng,Pretoria,PTA-HAT-011,PTA-HAT-011-A,RAN,99.68,98.935625,0.7443750000000051,99.06,0.75,98.85,29.75,37.569375,20.813162316381362,12.22,54.2,-87.4,-10.8,17.6,65.01,58,2,10,5,0.49,0,0,0,1,0,normal,,0.0,normal
2026-09-14 19:15:00,Telkom,Gauteng,Pretoria,PTA-HAT-011,PTA-HAT-011-A,RAN,98.89,99.05875,-0.16875000000000284,98.79,0.71,98.54,39.64,37.731249999999996,-5.058804041742601,13.49,57.9,-85.0,-10.9,16.9,58.51,57,4,5,4,0.4,0,0,0,1,0,normal,,0.0,normal
2026-09-14 19:30:00,Telkom,Gauteng,Pretoria,PTA-HAT-011,PTA-HAT-011-A,RAN,99.53,99.079375,0.4506250000000023,98.22,0.41,98.45,34.24,37.86,9.56154252509244,12.32,57.5,-90.1,-12.5,17.5,53.01,54,2,9,2,0.51,57,0,0,1,0,normal,,0.0,normal
2026-09-14 19:45:00,Telkom,Gauteng,Pretoria,PTA-HAT-011,PTA-HAT-011-A,RAN,98.04,99.09,-1.0499999999999972,98.86,0.61,98.69,47.22,37.828125,-24.827757125154893,11.01,51.8,-84.1,-10.5,12.1,44.16,54,12,1,5,0.89,58,0,0,1,0,normal,,0.0,normal
2026-09-14 20:00:00,Telkom,Gauteng,Pretoria,PTA-HAT-011,PTA-HAT-011-A,RAN,99.41,99.0275,0.3824999999999932,98.21,0.51,97.92,35.75,38.0225,5.976724307975543,12.66,60.2,-85.5,-12.3,18.6,60.21,51,5,5,3,0.83,42,0,0,0,0,normal,,0.0,normal
2026-09-14 20:15:00,Telkom,Gauteng,Pretoria,PTA-HAT-011,PTA-HAT-011-A,RAN,99.19,99.041875,0.14812499999999318,98.51,0.52,97.6,39.98,37.831875,-5.678082304934662,12.13,48.2,-83.9,-12.1,14.4,48.27,52,3,6,2,0.88,47,0,0,0,0,normal,,0.0,normal
2026-09-14 20:30:00,Telkom,Gauteng,Pretoria,PTA-HAT-011,PTA-HAT-011-A,RAN,98.91,99.02125000000001,-0.1112500000000125,98.71,0.5,97.74,41.67,38.235625,-8.982133808457435,13.63,55.7,-85.8,-11.9,20.4,51.77,44,7,4,3,1.08,0,0,0,0,0,normal,,0.0,normal
2026-09-14 20:45:00,Telkom,Gauteng,Pretoria,PTA-HAT-011,PTA-HAT-011-A,RAN,99.0,99.074375,-0.07437500000000341,99.11,0.31,98.82,36.09,38.445625,6.127160112496536,9.08,57.3,-89.6,-10.7,21.4,51.13,42,5,1,0,0.62,0,0,0,0,0,normal,,0.0,normal
2026-09-14 21:00:00,Telkom,Gauteng,Pretoria,PTA-HAT-011,PTA-HAT-011-A,RAN,99.38,99.10187499999999,0.27812500000000284,98.55,0.39,98.02,35.76,38.7525,7.722082446293788,12.42,45.3,-84.2,-10.6,14.5,58.17,43,1,2,1,0.24,22,0,0,0,0,normal,,0.0,normal
2026-09-14 21:15:00,Telkom,Gauteng,Pretoria,PTA-HAT-011,PTA-HAT-011-A,RAN,99.11,99.126875,-0.016874999999998863,99.19,0.35,98.53,43.88,38.678125,-13.44913953300477,13.91,52.3,-82.0,-9.8,20.0,49.84,39,0,2,1,0.51,70,0,0,0,0,normal,,0.0,normal
2026-09-14 21:30:00,Telkom,Gauteng,Pretoria,PTA-HAT-011,PTA-HAT-011-A,RAN,98.86,99.125,-0.26500000000000057,97.91,0.81,98.58,36.9,38.976875,5.328480028221865,11.75,55.3,-85.2,-9.4,20.8,45.64,44,6,6,3,0.76,59,0,0,0,0,normal,,0.0,normal
2026-09-14 21:45:00,Telkom,Gauteng,Pretoria,PTA-HAT-011,PTA-HAT-011-A,RAN,99.09,99.10625,-0.01624999999999943,99.09,0.65,98.31,40.73,38.78125,-5.0249798549556735,12.97,53.7,-88.2,-11.2,21.2,46.14,38,3,2,0,0.95,21,0,0,0,0,normal,,0.0,normal
2026-09-14 22:00:00,Telkom,Gauteng,Pretoria,PTA-HAT-011,PTA-HAT-011-A,RAN,98.27,99.1025,-0.8325000000000102,98.72,0.63,98.38,46.52,38.826875,-19.813917550665618,11.04,50.6,-85.3,-9.0,21.0,52.88,42,8,2,0,0.72,0,0,0,0,0,normal,,0.0,normal
2026-09-14 22:15:00,Telkom,Gauteng,Pretoria,PTA-HAT-011,PTA-HAT-011-A,RAN,98.8,99.04125,-0.24125000000000796,98.0,0.64,98.52,47.24,39.21875,-20.45258964143427,12.74,51.3,-88.7,-11.0,18.3,49.13,46,0,6,1,0.66,0,0,0,0,0,normal,,0.0,normal
2026-09-14 22:30:00,Telkom,Gauteng,Pretoria,PTA-HAT-011,PTA-HAT-011-A,RAN,99.55,99.0125,0.5374999999999943,98.6,0.45,98.35,35.18,39.598749999999995,11.15881183118153,11.2,50.5,-86.7,-8.5,19.1,52.71,48,0,1,2,0.61,0,0,0,0,0,normal,,0.0,normal
2026-09-14 22:45:00,Telkom,Gauteng,Pretoria,PTA-HAT-011,PTA-HAT-011-A,RAN,98.88,99.06062499999999,-0.18062499999999204,98.52,0.82,99.2,45.33,39.5225,-14.694161553545444,12.97,60.5,-86.4,-12.0,20.2,43.01,32,0,4,3,0.94,0,0,0,0,0,normal,,0.0,normal
2026-09-14 23:00:00,Telkom,Gauteng,Pretoria,PTA-HAT-011,PTA-HAT-011-A,RAN,98.77,99.036875,-0.26687499999999886,99.13,0.64,98.33,39.81,39.7425,-0.1698433666729636,10.98,66.2,-85.0,-12.8,22.1,53.18,41,7,3,1,0.66,113,0,0,0,0,normal,,0.0,normal
2026-09-14 23:15:00,Telkom,Gauteng,Pretoria,PTA-HAT-011,PTA-HAT-011-A,RAN,99.29,98.98,0.3100000000000023,98.71,0.58,99.21,38.81,40.37125,3.86723225067344,12.1,63.3,-88.8,-12.9,16.8,52.14,38,2,7,1,0.61,0,0,0,0,0,normal,,0.0,normal
2026-09-14 23:30:00,Telkom,Gauteng,Pretoria,PTA-HAT-011,PTA-HAT-011-A,RAN,99.69,99.005,0.6850000000000023,99.35,0.41,97.82,33.99,40.319374999999994,15.698097998790885,11.67,53.4,-82.8,-8.7,14.9,55.44,38,0,3,1,0.33,32,0,0,0,0,normal,,0.0,normal
2026-09-14 23:45:00,Telkom,Gauteng,Pretoria,PTA-HAT-011,PTA-HAT-011-A,RAN,98.83,99.015,-0.18500000000000227,98.56,0.61,98.59,46.02,40.30375,-14.182923425239593,13.9,62.5,-85.0,-9.0,18.5,47.19,43,7,4,2,0.32,29,0,0,0,0,normal,,0.0,normal
2026-09-15 00:00:00,Telkom,Gauteng,Pretoria,PTA-HAT-011,PTA-HAT-011-A,RAN,99.16,99.064375,0.0956249999999983,98.69,0.32,99.27,49.68,40.228750000000005,-23.49377000279649,16.12,49.4,-88.2,-10.6,19.2,30.98,33,1,2,1,0.8,55,0,0,0,0,normal,,0.0,normal
2026-09-15 00:15:00,Telkom,Gauteng,Pretoria,PTA-HAT-011,PTA-HAT-011-A,RAN,99.05,99.04875,0.0012499999999988631,98.83,0.68,98.84,41.19,41.099375,-0.22050213658965798,15.68,49.8,-83.9,-9.6,15.0,41.72,27,0,2,0,0.88,0,0,0,0,0,normal,,0.0,normal
2026-09-15 00:30:00,Telkom,Gauteng,Pretoria,PTA-HAT-011,PTA-HAT-011-A,RAN,99.07,99.03999999999999,0.030000000000001137,98.69,0.05,98.58,43.17,41.175,-4.845173041894365,13.49,53.7,-85.9,-8.7,16.3,48.34,42,5,5,1,0.1,23,0,0,0,0,normal,,0.0,normal
2026-09-15 00:45:00,Telkom,Gauteng,Pretoria,PTA-HAT-011,PTA-HAT-011-A,RAN,98.47,99.05,-0.5799999999999983,98.83,0.53,98.64,40.47,41.268750000000004,1.9354838709677549,12.51,53.0,-88.5,-9.2,16.8,51.81,34,3,0,1,0.61,17,0,0,0,0,normal,,0.0,normal
2026-09-15 01:00:00,Telkom,Gauteng,Pretoria,PTA-HAT-011,PTA-HAT-011-A,RAN,98.8,99.016875,-0.2168750000000017,99.08,1.01,98.37,42.07,41.542500000000004,-1.2697839561894355,9.74,53.0,-87.8,-10.3,14.7,50.36,34,5,1,3,1.24,0,0,0,0,0,normal,,0.0,normal
2026-09-15 01:15:00,Telkom,Gauteng,Pretoria,PTA-HAT-011,PTA-HAT-011-A,RAN,99.18,98.98062499999999,0.19937500000001762,98.78,0.55,97.87,46.44,41.936875,-10.73786494582631,16.43,51.6,-87.4,-10.2,18.7,43.24,34,3,0,1,0.42,0,0,0,0,0,normal,,0.0,normal
2026-09-15 01:30:00,Telkom,Gauteng,Pretoria,PTA-HAT-011,PTA-HAT-011-A,RAN,99.9,98.985,0.9150000000000063,98.82,0.29,98.26,41.09,42.096875000000004,2.39180461732611,13.16,47.2,-90.3,-8.6,15.6,43.44,26,2,4,2,0.75,72,0,0,0,0,normal,,0.0,normal
2026-09-15 01:45:00,Telkom,Gauteng,Pretoria,PTA-HAT-011,PTA-HAT-011-A,RAN,99.28,99.05,0.23000000000000398,98.48,0.38,98.7,41.46,42.35875,2.1217576061616543,10.56,55.3,-86.0,-9.4,16.6,42.34,29,0,1,0,0.62,0,0,0,0,0,normal,,0.0,normal
2026-09-15 02:00:00,Telkom,Gauteng,Pretoria,PTA-HAT-011,PTA-HAT-011-A,RAN,98.75,99.061875,-0.31187500000000057,98.93,0.95,98.45,40.39,42.404375,4.7503942694592265,11.5,56.8,-82.6,-8.7,19.3,51.09,40,5,3,5,0.39,0,0,0,0,0,normal,,0.0,normal
2026-09-15 02:15:00,Telkom,Gauteng,Pretoria,PTA-HAT-011,PTA-HAT-011-A,RAN,99.45,99.091875,0.35812500000000114,98.9,0.39,97.98,46.34,42.02125,-10.277538150340604,15.13,59.4,-87.8,-11.2,16.0,45.99,32,2,6,1,0.46,0,0,0,0,0,normal,,0.0,normal
2026-09-15 02:30:00,Telkom,Gauteng,Pretoria,PTA-HAT-011,PTA-HAT-011-A,RAN,98.67,99.13250000000001,-0.4625000000000057,99.09,0.47,98.07,38.86,41.965,7.39902299535328,14.23,49.3,-80.5,-10.5,17.7,49.58,42,4,2,0,0.76,0,0,0,0,0,normal,,0.0,normal
2026-09-15 02:45:00,Telkom,Gauteng,Pretoria,PTA-HAT-011,PTA-HAT-011-A,RAN,99.34,99.0775,0.26250000000000284,98.56,0.2,98.65,47.15,42.195,-11.743097523403243,10.76,53.6,-84.0,-9.6,14.0,45.95,39,1,4,0,0.37,46,0,0,0,0,normal,,0.0,normal
2026-09-15 03:00:00,Telkom,Gauteng,Pretoria,PTA-HAT-011,PTA-HAT-011-A,RAN,98.68,99.10625,-0.426249999999996,99.04,0.42,98.26,29.84,42.30875,29.470854137737472,11.59,49.2,-85.2,-10.3,17.2,57.8,42,5,0,0,0.59,76,0,0,0,0,normal,,0.0,normal
2026-09-15 03:15:00,Telkom,Gauteng,Pretoria,PTA-HAT-011,PTA-HAT-011-A,RAN,99.07,99.10062500000001,-0.03062500000001478,98.61,0.56,97.59,35.43,41.685625,15.006671964256268,11.06,59.7,-88.5,-7.7,21.7,59.19,47,1,1,2,0.21,107,0,0,0,0,normal,,0.0,normal
2026-09-15 03:30:00,Telkom,Gauteng,Pretoria,PTA-HAT-011,PTA-HAT-011-A,RAN,99.19,99.086875,0.10312499999999147,99.16,0.63,97.37,40.64,41.474375,2.0117843849364854,10.37,50.1,-82.3,-11.8,16.5,52.64,43,4,2,2,0.64,0,0,0,0,0,normal,,0.0,normal
2026-09-15 03:45:00,Telkom,Gauteng,Pretoria,PTA-HAT-011,PTA-HAT-011-A,RAN,98.92,99.055625,-0.13562500000000455,98.83,0.31,97.95,39.79,41.89,5.013129625208883,13.28,45.5,-84.9,-9.8,12.7,49.42,45,2,0,1,0.5,140,0,0,0,0,normal,,0.0,normal
2026-09-15 04:00:00,Telkom,Gauteng,Pretoria,PTA-HAT-011,PTA-HAT-011-A,RAN,99.43,99.06125,0.3687500000000057,98.51,0.7,97.44,36.96,41.500625,10.941100284634263,11.44,54.0,-82.8,-6.3,15.4,54.14,34,3,5,1,0.88,75,0,0,0,0,normal,,0.0,normal
2026-09-15 04:15:00,Telkom,Gauteng,Pretoria,PTA-HAT-011,PTA-HAT-011-A,RAN,98.97,99.078125,-0.10812500000000114,98.56,0.54,98.77,45.26,40.705625,-11.188564234058562,10.98,61.2,-89.6,-10.5,20.1,40.8,32,5,0,0,0.77,13,0,0,0,0,normal,,0.0,normal
2026-09-15 04:30:00,Telkom,Gauteng,Pretoria,PTA-HAT-011,PTA-HAT-011-A,RAN,99.54,99.073125,0.4668750000000017,98.74,0.46,98.1,39.98,40.959999999999994,2.392578124999993,11.37,45.0,-82.1,-11.8,15.2,48.92,38,1,5,0,0.6,2,1,0,0,0,normal,,0.0,normal
2026-09-15 04:45:00,Telkom,Gauteng,Pretoria,PTA-HAT-011,PTA-HAT-011-A,RAN,99.12,99.1025,0.017499999999998295,99.24,0.17,97.42,35.46,40.760625,13.004278025668148,15.57,49.2,-83.8,-8.5,18.8,53.47,32,6,0,0,0.21,109,1,0,0,0,normal,,0.0,normal
2026-09-15 05:00:00,Telkom,Gauteng,Pretoria,PTA-HAT-011,PTA-HAT-011-A,RAN,98.96,99.14312500000001,-0.1831250000000182,98.9,0.35,98.26,34.46,40.4475,14.803139872674448,10.0,45.2,-82.9,-9.2,15.6,61.63,44,7,2,1,0.83,159,1,0,0,0,normal,,0.0,normal
2026-09-15 05:15:00,Telkom,Gauteng,Pretoria,PTA-HAT-011,PTA-HAT-011-A,RAN,98.41,99.153125,-0.7431250000000063,99.17,0.53,98.28,48.16,39.971875000000004,-20.48471581580797,12.3,52.2,-81.3,-10.1,18.4,49.74,39,0,0,0,0.68,6,1,0,0,0,normal,,0.0,normal
2026-09-15 05:30:00,Telkom,Gauteng,Pretoria,PTA-HAT-011,PTA-HAT-011-A,RAN,98.99,99.105,-0.1150000000000091,98.76,0.47,99.3,42.15,40.079375,-5.166310602398365,12.61,54.7,-88.1,-9.7,12.2,48.51,37,2,4,2,0.11,22,1,0,0,0,normal,,0.0,normal
2026-09-15 05:45:00,Telkom,Gauteng,Pretoria,PTA-HAT-011,PTA-HAT-011-A,RAN,99.42,99.048125,0.37187500000000284,98.6,0.23,99.18,33.52,40.145625,16.503977706163496,11.87,58.1,-83.4,-9.0,15.4,56.28,44,3,7,0,0.7,67,0,0,0,0,normal,,0.0,normal
2026-09-15 06:00:00,Telkom,Gauteng,Pretoria,PTA-HAT-011,PTA-HAT-011-A,RAN,99.43,99.056875,0.3731250000000017,98.85,0.35,98.56,46.19,39.649375,-16.496161667113288,13.77,42.0,-87.5,-11.3,16.4,46.85,45,2,6,0,0.42,0,0,0,0,0,normal,,0.0,normal
2026-09-15 06:15:00,Telkom,Gauteng,Pretoria,PTA-HAT-011,PTA-HAT-011-A,RAN,98.94,99.099375,-0.15937499999999716,98.56,0.62,98.6,42.78,40.011875,-6.918258641965661,9.82,53.9,-84.7,-11.1,20.7,59.35,49,2,7,2,1.29,0,0,0,0,0,normal,,0.0,normal
2026-09-15 06:30:00,Telkom,Gauteng,Pretoria,PTA-HAT-011,PTA-HAT-011-A,RAN,99.36,99.0675,0.292500000000004,98.65,0.93,98.79,34.89,39.789375,12.313274586494508,16.16,53.8,-85.9,-11.2,15.6,50.24,44,1,2,3,0.52,16,0,0,0,0,normal,,0.0,normal
2026-09-15 06:45:00,Telkom,Gauteng,Pretoria,PTA-HAT-011,PTA-HAT-011-A,RAN,98.98,99.11062500000001,-0.1306250000000091,98.45,0.67,98.55,34.93,39.54125,11.661872095596367,11.42,59.2,-86.9,-10.6,16.8,50.7,40,0,3,1,0.53,53,0,0,0,0,normal,,0.0,normal
2026-09-15 07:00:00,Telkom,Gauteng,Pretoria,PTA-HAT-011,PTA-HAT-011-A,RAN,99.05,99.08812499999999,-0.03812499999999375,98.69,0.3,98.96,31.66,38.7775,18.354716007994334,13.04,51.1,-86.8,-9.9,19.5,57.43,50,6,1,0,1.32,5,0,0,0,0,normal,,0.0,normal
2026-09-15 07:15:00,Telkom,Gauteng,Pretoria,PTA-HAT-011,PTA-HAT-011-A,RAN,99.03,99.11125,-0.08124999999999716,98.78,0.44,98.07,36.99,38.89125,4.888631761643037,12.08,69.2,-87.8,-12.1,17.9,54.67,49,8,3,2,0.65,171,0,0,0,0,normal,,0.0,normal
2026-09-15 07:30:00,Telkom,Gauteng,Pretoria,PTA-HAT-011,PTA-HAT-011-A,RAN,99.05,99.10875,-0.05875000000000341,98.61,0.37,99.06,36.41,38.98875,6.614087397005562,11.85,59.8,-85.5,-9.1,14.4,61.36,53,4,3,1,1.0,64,0,0,0,0,normal,,0.0,normal
2026-09-15 07:45:00,Telkom,Gauteng,Pretoria,PTA-HAT-011,PTA-HAT-011-A,RAN,98.54,99.1,-0.5599999999999881,99.13,1.12,98.48,38.21,38.724375,1.3282977452831741,12.58,66.2,-86.6,-9.2,18.7,53.24,54,10,4,7,0.53,40,0,0,0,0,normal,,0.0,normal
2026-09-15 08:00:00,Telkom,Gauteng,Pretoria,PTA-HAT-011,PTA-HAT-011-A,RAN,98.88,99.07625,-0.19625000000000625,98.94,0.63,98.75,37.36,38.625625,3.276646008964256,14.36,52.4,-89.5,-9.2,14.3,52.49,58,5,5,2,0.15,6,1,0,0,0,normal,,0.0,normal
2026-09-15 08:15:00,Telkom,Gauteng,Pretoria,PTA-HAT-011,PTA-HAT-011-A,RAN,98.83,99.041875,-0.21187500000000625,99.12,0.1,97.86,31.86,38.650625000000005,17.569250173832906,8.69,52.2,-89.0,-10.3,14.1,68.83,58,10,0,0,0.1,226,1,0,0,0,normal,,0.0,normal
2026-09-15 08:30:00,Telkom,Gauteng,Pretoria,PTA-HAT-011,PTA-HAT-011-A,RAN,99.65,99.033125,0.6168750000000074,99.03,0.38,99.11,30.67,37.813125,18.890596849638843,10.53,62.4,-87.4,-9.2,18.3,72.13,60,1,8,2,1.38,100,0,0,0,0,normal,,0.0,normal
2026-09-15 08:45:00,Telkom,Gauteng,Pretoria,PTA-HAT-011,PTA-HAT-011-A,RAN,99.26,99.04,0.21999999999999886,98.92,0.35,98.1,40.27,37.23125,-8.161826422695988,12.93,44.0,-90.9,-11.2,17.2,51.51,57,6,5,2,0.81,72,0,0,0,0,normal,,0.0,normal
2026-09-15 09:00:00,Telkom,Gauteng,Pretoria,PTA-HAT-011,PTA-HAT-011-A,RAN,99.36,99.04875,0.31125000000000114,99.36,0.37,98.41,25.81,37.531875,31.231786314965614,8.22,66.9,-84.2,-11.7,22.2,70.79,55,4,0,3,0.82,0,0,0,0,0,normal,,0.41,normal
2026-09-15 09:15:00,Telkom,Gauteng,Pretoria,PTA-HAT-011,PTA-HAT-011-A,RAN,99.5,99.07375,0.426249999999996,98.79,0.87,98.35,32.78,36.991249999999994,11.384449025107271,10.28,64.8,-82.4,-10.4,15.0,69.57,68,7,6,7,0.57,0,0,0,0,0,normal,,0.0,normal
2026-09-15 09:30:00,Telkom,Gauteng,Pretoria,PTA-HAT-011,PTA-HAT-011-A,RAN,98.31,99.141875,-0.8318749999999966,98.45,0.67,98.13,34.56,36.03,4.079933388842628,11.71,47.3,-89.7,-11.0,17.0,67.23,58,5,6,1,0.28,5,0,0,0,0,normal,,0.0,normal
2026-09-15 09:45:00,Telkom,Gauteng,Pretoria,PTA-HAT-011,PTA-HAT-011-A,RAN,99.59,99.099375,0.4906250000000085,98.72,0.85,97.45,34.41,35.555625,3.2220640194062193,10.96,58.2,-84.4,-8.9,15.1,65.97,67,3,4,4,1.03,0,0,0,0,0,normal,,0.0,normal
2026-09-15 10:00:00,Telkom,Gauteng,Pretoria,PTA-HAT-011,PTA-HAT-011-A,RAN,99.61,99.11,0.5,99.2,0.83,98.34,30.58,35.61125,14.12826003018709,9.72,55.0,-85.7,-10.7,15.2,69.19,62,0,0,2,0.59,9,0,0,0,0,normal,,0.0,normal
2026-09-15 10:15:00,Telkom,Gauteng,Pretoria,PTA-HAT-011,PTA-HAT-011-A,RAN,98.98,99.12125,-0.14124999999999943,98.93,0.41,99.03,31.54,34.635625,8.937690600357287,11.03,51.4,-87.1,-10.8,13.7,61.21,61,6,3,0,0.7,150,0,0,0,0,normal,,0.0,normal
2026-09-15 10:30:00,Telkom,Gauteng,Pretoria,PTA-HAT-011,PTA-HAT-011-A,RAN,98.81,99.12375,-0.31374999999999886,99.1,0.67,99.28,35.08,33.933125,-3.379809551875937,9.64,58.6,-90.2,-8.8,16.9,70.2,68,6,3,3,1.17,0,1,0,0,0,normal,,0.0,normal
2026-09-15 10:45:00,Telkom,Gauteng,Pretoria,PTA-HAT-011,PTA-HAT-011-A,RAN,99.27,99.08937499999999,0.18062500000000625,97.74,0.44,98.75,36.38,33.945,-7.173368684636919,12.04,51.4,-86.0,-8.8,20.3,57.4,64,3,12,2,0.52,67,1,0,0,0,normal,,0.0,normal
2026-09-15 11:00:00,Telkom,Gauteng,Pretoria,PTA-HAT-011,PTA-HAT-011-A,RAN,98.97,99.10749999999999,-0.13749999999998863,98.53,0.47,98.52,36.94,34.035625,-8.533338230163231,10.96,54.9,-78.8,-11.7,16.0,58.78,66,7,12,4,0.86,41,1,0,0,0,normal,,0.0,normal
2026-09-15 11:15:00,Telkom,Gauteng,Pretoria,PTA-HAT-011,PTA-HAT-011-A,RAN,98.84,99.10249999999999,-0.26249999999998863,98.92,0.54,98.78,26.46,34.365625,23.004455760661997,12.37,47.1,-87.9,-11.3,16.1,63.96,68,8,2,0,0.51,55,1,0,0,0,normal,,0.0,normal
2026-09-15 11:30:00,Telkom,Gauteng,Pretoria,PTA-HAT-011,PTA-HAT-011-A,RAN,99.16,99.090625,0.06937499999999375,99.16,0.3,98.3,33.14,33.7075,1.6836015723503746,12.2,53.0,-85.6,-9.8,19.4,61.16,62,6,1,0,0.1,48,1,0,0,0,normal,,0.0,normal
2026-09-15 11:45:00,Telkom,Gauteng,Pretoria,PTA-HAT-011,PTA-HAT-011-A,RAN,98.24,99.0975,-0.8575000000000017,98.91,0.11,97.65,36.49,33.503125,-8.91521313310327,12.25,47.6,-89.0,-9.0,20.5,66.06,65,5,10,0,1.15,144,1,0,0,0,normal,,0.0,normal
2026-09-15 12:00:00,Telkom,Gauteng,Pretoria,PTA-HAT-011,PTA-HAT-011-A,RAN,99.08,99.07875,0.0012499999999988631,98.77,0.44,98.93,38.39,33.395625,-14.955177512024399,13.04,56.3,-89.7,-10.0,14.5,55.02,56,3,0,1,0.27,0,1,0,0,0,normal,,0.0,normal
2026-09-15 12:15:00,Telkom,Gauteng,Pretoria,PTA-HAT-011,PTA-HAT-011-A,RAN,99.71,99.09125,0.6187499999999915,98.59,0.72,98.51,35.02,33.46,-4.662283323371196,9.99,56.1,-86.7,-13.6,13.9,62.05,61,0,8,6,0.55,0,1,0,0,0,normal,,0.0,normal
2026-09-15 12:30:00,Telkom,Gauteng,Pretoria,PTA-HAT-011,PTA-HAT-011-A,RAN,99.13,99.14625,-0.01624999999999943,98.72,0.39,97.91,38.52,33.6575,-14.447002896828357,12.03,57.9,-81.5,-9.7,15.0,58.33,58,8,8,1,0.55,51,0,0,0,0,normal,,0.0,normal
2026-09-15 12:45:00,Telkom,Gauteng,Pretoria,PTA-HAT-011,PTA-HAT-011-A,RAN,99.09,99.11375,-0.02374999999999261,98.4,1.15,98.33,26.53,34.148125,22.309057964383108,11.66,57.0,-83.1,-9.8,18.3,64.36,68,3,8,10,0.13,0,0,0,0,0,normal,,0.0,normal
2026-09-15 13:00:00,Telkom,Gauteng,Pretoria,PTA-HAT-011,PTA-HAT-011-A,RAN,99.25,99.10312499999999,0.14687500000000853,98.82,0.76,99.1,29.34,33.289375,11.863770347145298,10.71,54.6,-82.6,-10.6,15.7,62.05,58,3,2,5,1.48,66,0,0,0,0,normal,,0.0,normal
2026-09-15 13:15:00,Telkom,Gauteng,Pretoria,PTA-HAT-011,PTA-HAT-011-A,RAN,98.28,99.09625,-0.8162499999999966,98.34,0.64,97.94,33.96,33.51,-1.3428827215756576,13.94,51.4,-87.1,-10.7,17.4,67.76,62,12,8,4,0.45,141,0,0,0,0,normal,,0.0,normal
2026-09-15 13:30:00,Telkom,Gauteng,Pretoria,PTA-HAT-011,PTA-HAT-011-A,RAN,99.1,99.02,0.0799999999999983,98.85,0.41,97.66,38.45,33.58375,-14.489894666319278,11.94,59.3,-86.4,-8.9,16.5,56.56,48,4,4,0,0.3,0,0,0,0,0,normal,,0.0,normal
2026-09-15 13:45:00,Telkom,Gauteng,Pretoria,PTA-HAT-011,PTA-HAT-011-A,RAN,99.26,99.06937500000001,0.19062499999999716,97.87,0.26,99.13,36.54,33.826875,-8.020619699573189,9.53,59.0,-88.9,-10.9,14.3,62.22,59,2,7,1,0.32,114,0,0,0,0,normal,,0.0,normal
2026-09-15 14:00:00,Telkom,Gauteng,Pretoria,PTA-HAT-011,PTA-HAT-011-A,RAN,99.24,99.04875,0.1912499999999966,98.47,0.83,98.71,42.03,33.96,-23.763250883392224,8.74,67.5,-87.8,-10.5,16.5,59.43,57,3,6,4,0.79,29,0,0,0,0,normal,,0.0,normal
2026-09-15 14:15:00,Telkom,Gauteng,Pretoria,PTA-HAT-011,PTA-HAT-011-A,RAN,99.32,99.025625,0.29437499999998806,98.82,0.56,98.54,39.0,34.675625,-12.470935996106787,11.54,49.8,-87.3,-10.0,18.0,61.36,53,3,7,2,0.92,0,0,0,0,0,normal,,0.0,normal
2026-09-15 14:30:00,Telkom,Gauteng,Pretoria,PTA-HAT-011,PTA-HAT-011-A,RAN,98.94,99.046875,-0.10687500000000227,98.77,0.06,97.85,32.34,35.141875,7.9730378643711965,13.91,54.4,-80.2,-8.9,15.3,52.9,51,6,5,0,0.87,56,0,0,0,0,normal,,0.0,normal
2026-09-15 14:45:00,Telkom,Gauteng,Pretoria,PTA-HAT-011,PTA-HAT-011-A,RAN,98.65,99.055,-0.40500000000000114,98.56,0.13,98.96,32.0,34.970625,8.494629421121294,9.82,64.5,-86.1,-11.0,19.7,61.87,56,11,7,0,0.96,66,0,0,0,0,normal,,0.0,normal
2026-09-15 15:00:00,Telkom,Gauteng,Pretoria,PTA-HAT-011,PTA-HAT-011-A,RAN,99.27,99.01625,0.2537499999999966,98.6,0.52,98.18,35.51,34.696875,-2.343510762856884,14.84,53.3,-89.1,-10.6,17.2,52.7,46,6,3,4,0.67,74,0,0,0,0,normal,,0.0,normal
2026-09-15 15:15:00,Telkom,Gauteng,Pretoria,PTA-HAT-011,PTA-HAT-011-A,RAN,98.83,99.035,-0.2049999999999983,98.52,0.28,98.92,37.49,34.6075,-8.3291194105324,12.22,65.2,-87.2,-10.9,17.3,52.27,53,8,10,0,0.56,91,0,0,0,0,normal,,0.0,normal
2026-09-15 15:30:00,Telkom,Gauteng,Pretoria,PTA-HAT-011,PTA-HAT-011-A,RAN,98.5,99.034375,-0.5343749999999972,98.8,0.78,98.22,32.78,35.296875,7.130588756086762,7.97,59.7,-87.5,-10.5,16.9,66.03,55,7,6,3,1.17,226,0,0,0,0,normal,,0.0,normal
2026-09-15 15:45:00,Telkom,Gauteng,Pretoria,PTA-HAT-011,PTA-HAT-011-A,RAN,99.45,98.993125,0.4568749999999966,98.7,0.5,98.54,40.04,35.274375,-13.51016141320718,12.27,58.1,-87.3,-9.9,20.1,54.37,47,7,1,2,0.45,66,0,0,0,0,normal,,0.0,normal
2026-09-15 16:00:00,Telkom,Gauteng,Pretoria,PTA-HAT-011,PTA-HAT-011-A,RAN,99.38,99.06875000000001,0.3112499999999869,98.19,0.08,97.95,40.43,35.49625,-13.899355565728763,12.1,56.7,-78.3,-8.3,14.2,48.25,46,0,4,1,0.28,192,0,0,0,0,normal,,0.0,normal
2026-09-15 16:15:00,Telkom,Gauteng,Pretoria,PTA-HAT-011,PTA-HAT-011-A,RAN,99.72,99.08749999999999,0.6325000000000074,98.85,0.75,98.15,39.9,35.62375,-12.003929962454816,8.15,52.3,-85.2,-10.5,20.6,57.72,52,2,6,4,1.05,58,0,0,0,0,normal,,0.0,normal
2026-09-15 16:30:00,Telkom,Gauteng,Pretoria,PTA-HAT-011,PTA-HAT-011-A,RAN,99.76,99.088125,0.671875,99.03,0.3,97.51,41.04,35.92875,-14.226072435027653,12.05,57.5,-87.0,-11.7,16.8,50.15,53,0,5,1,0.54,64,0,0,0,0,normal,,0.0,normal
2026-09-15 16:45:00,Telkom,Gauteng,Pretoria,PTA-HAT-011,PTA-HAT-011-A,RAN,99.68,99.1275,0.5525000000000091,98.88,0.61,99.13,44.44,36.08625,-23.149399009317946,10.61,53.2,-90.0,-11.6,12.1,56.46,58,1,4,1,0.74,176,0,0,0,0,normal,,0.0,normal
2026-09-15 17:00:00,Telkom,Gauteng,Pretoria,PTA-HAT-011,PTA-HAT-011-A,RAN,99.3,99.164375,0.13562499999999034,99.22,0.47,98.35,44.49,37.205625,-19.578692737993258,13.38,57.8,-83.5,-10.7,20.2,56.75,53,1,4,2,1.43,0,1,0,0,0,normal,,0.0,normal
2026-09-15 17:15:00,Telkom,Gauteng,Pretoria,PTA-HAT-011,PTA-HAT-011-A,RAN,99.02,99.1675,-0.14750000000000796,98.94,0.3,98.94,34.33,38.1525,10.019002686586736,7.94,52.9,-83.4,-11.5,17.8,60.3,64,8,6,1,0.96,0,2,0,0,0,normal,,0.0,normal
2026-09-15 17:30:00,Telkom,Gauteng,Pretoria,PTA-HAT-011,PTA-HAT-011-A,RAN,98.77,99.21375,-0.4437500000000085,98.89,0.44,98.61,26.28,38.175625,31.16026260211849,10.39,54.2,-84.1,-9.5,18.8,59.15,53,7,2,1,1.07,0,2,0,0,0,normal,,0.39,normal
2026-09-15 17:45:00,Telkom,Gauteng,Pretoria,PTA-HAT-011,PTA-HAT-011-A,RAN,99.9,99.193125,0.7068750000000108,99.26,0.48,99.18,35.46,37.415,5.225177068020843,13.37,48.4,-83.1,-10.0,13.8,55.31,56,0,2,4,0.23,73,1,0,0,0,normal,,0.0,normal
2026-09-15 18:00:00,Telkom,Gauteng,Pretoria,PTA-HAT-011,PTA-HAT-011-A,RAN,98.91,99.233125,-0.32312500000000455,98.68,0.26,98.41,32.55,37.3475,12.8455719927706,11.69,55.0,-87.1,-9.8,19.3,63.89,63,4,4,1,0.72,0,0,0,0,0,normal,,0.0,normal
2026-09-15 18:15:00,Telkom,Gauteng,Pretoria,PTA-HAT-011,PTA-HAT-011-A,RAN,98.47,99.21249999999999,-0.7424999999999926,98.52,1.26,97.56,31.81,36.755,13.453951843286639,12.41,69.9,-86.4,-8.1,16.2,60.78,47,6,5,5,0.78,0,0,0,0,0,normal,,0.0,normal
2026-09-15 18:30:00,Telkom,Gauteng,Pretoria,PTA-HAT-011,PTA-HAT-011-A,RAN,99.21,99.159375,0.05062499999999659,98.63,0.67,99.36,36.3,36.305625,0.015493466921453602,9.16,56.0,-83.2,-11.6,14.5,69.25,57,3,4,1,0.89,0,0,0,0,0,normal,,0.0,normal
2026-09-15 18:45:00,Telkom,Gauteng,Pretoria,PTA-HAT-011,PTA-HAT-011-A,RAN,99.04,99.17625,-0.13624999999998977,98.73,0.19,97.95,39.79,36.553125,-8.855262032999908,13.29,51.5,-80.6,-8.8,16.4,46.6,52,7,5,0,1.02,147,0,0,0,0,normal,,0.0,normal
2026-09-15 19:00:00,Telkom,Gauteng,Pretoria,PTA-HAT-011,PTA-HAT-011-A,RAN,99.11,99.200625,-0.09062500000000284,98.6,0.73,98.82,34.0,37.04,8.207343412526996,9.61,49.6,-77.8,-11.4,15.9,60.72,54,3,7,3,0.5,139,0,0,0,0,normal,,0.0,normal
2026-09-15 19:15:00,Telkom,Gauteng,Pretoria,PTA-HAT-011,PTA-HAT-011-A,RAN,99.07,99.19062500000001,-0.12062500000001819,98.74,0.31,98.0,34.59,36.945625,6.375924077614051,13.6,59.1,-83.6,-9.7,17.7,61.33,61,3,6,3,0.38,167,0,0,0,0,normal,,0.0,normal
2026-09-15 19:30:00,Telkom,Gauteng,Pretoria,PTA-HAT-011,PTA-HAT-011-A,RAN,98.82,99.205625,-0.38562500000000455,98.64,0.82,98.92,42.82,36.764375,-16.471448243034185,10.79,61.0,-81.2,-10.1,20.4,59.94,56,4,3,3,0.67,212,0,0,0,0,normal,,0.0,normal
2026-09-15 19:45:00,Telkom,Gauteng,Pretoria,PTA-HAT-011,PTA-HAT-011-A,RAN,98.97,99.225625,-0.2556249999999949,99.03,0.47,97.97,27.14,37.391875,27.41738679860263,13.55,53.0,-86.9,-11.7,17.4,67.4,59,4,2,3,0.79,28,0,0,0,0,normal,,0.0,normal
2026-09-15 20:00:00,Telkom,Gauteng,Pretoria,PTA-HAT-011,PTA-HAT-011-A,RAN,99.03,99.19562499999999,-0.16562499999999147,99.24,0.19,98.27,37.64,36.585625,-2.8819379196064037,11.74,55.1,-87.2,-9.6,18.2,63.96,58,0,3,0,0.9,64,0,0,0,0,normal,,0.0,normal
2026-09-15 20:15:00,Telkom,Gauteng,Pretoria,PTA-HAT-011,PTA-HAT-011-A,RAN,99.07,99.17375,-0.10375000000000512,99.32,0.23,99.52,39.6,36.411249999999995,-8.757595523361616,12.56,56.3,-89.8,-9.0,15.1,57.82,56,3,1,1,0.1,0,0,0,0,0,normal,,0.0,normal
2026-09-15 20:30:00,Telkom,Gauteng,Pretoria,PTA-HAT-011,PTA-HAT-011-A,RAN,98.88,99.13312499999999,-0.25312499999999716,97.69,0.42,99.35,43.83,36.3925,-20.43690320807859,12.34,50.2,-87.8,-10.4,18.7,49.23,46,3,11,2,1.45,23,0,0,0,0,normal,,0.0,normal
2026-09-15 20:45:00,Telkom,Gauteng,Pretoria,PTA-HAT-011,PTA-HAT-011-A,RAN,98.47,99.078125,-0.6081250000000011,98.47,0.32,98.15,32.32,36.566875,11.61399490659238,12.31,55.9,-88.5,-10.7,18.3,62.63,49,5,5,2,0.67,0,0,0,0,0,normal,,0.0,normal
2026-09-15 21:00:00,Telkom,Gauteng,Pretoria,PTA-HAT-011,PTA-HAT-011-A,RAN,99.22,99.0025,0.21750000000000114,98.42,0.49,99.04,30.5,35.809375,14.826773714983862,10.29,57.8,-85.5,-10.4,17.5,59.63,46,2,7,3,0.43,106,1,0,0,0,normal,,0.0,normal
2026-09-15 21:15:00,Telkom,Gauteng,Pretoria,PTA-HAT-011,PTA-HAT-011-A,RAN,99.53,98.9975,0.5324999999999989,98.49,0.48,98.73,47.2,34.935,-35.108057821668815,11.98,55.6,-83.2,-11.6,18.9,47.27,43,2,6,2,1.59,0,1,0,0,0,normal,,0.0,normal
2026-09-15 21:30:00,Telkom,Gauteng,Pretoria,PTA-HAT-011,PTA-HAT-011-A,RAN,99.32,99.029375,0.2906249999999915,98.63,0.21,99.22,43.95,35.739375,-22.973611038245632,14.21,58.9,-87.3,-11.3,20.1,51.56,44,2,4,0,0.1,4,1,0,0,0,normal,,0.0,normal
2026-09-15 21:45:00,Telkom,Gauteng,Pretoria,PTA-HAT-011,PTA-HAT-011-A,RAN,99.74,99.06375,0.676249999999996,98.87,0.16,98.35,41.44,36.84375,-12.474978795589477,14.35,49.4,-85.0,-10.8,16.7,49.75,43,1,0,0,0.54,0,1,0,0,0,normal,,0.0,normal
2026-09-15 22:00:00,Telkom,Gauteng,Pretoria,PTA-HAT-011,PTA-HAT-011-A,RAN,99.61,99.05375,0.5562500000000057,98.88,0.4,98.5,43.06,37.2175,-15.69826022704373,12.12,51.3,-86.3,-9.7,18.3,50.89,33,0,2,2,1.01,0,1,0,0,0,normal,,0.0,normal
2026-09-15 22:15:00,Telkom,Gauteng,Pretoria,PTA-HAT-011,PTA-HAT-011-A,RAN,99.42,99.0975,0.3225000000000051,98.25,0.39,98.51,44.33,37.874375,-17.044835723361764,12.17,52.5,-86.9,-9.7,15.3,43.68,34,5,0,1,0.48,0,1,0,0,0,normal,,0.0,normal
2026-09-15 22:30:00,Telkom,Gauteng,Pretoria,PTA-HAT-011,PTA-HAT-011-A,RAN,98.86,99.156875,-0.296875,98.72,0.7,98.81,41.49,38.656875,-7.3289033322015875,9.67,32.9,-81.3,-10.5,18.8,45.52,39,5,7,3,0.31,124,1,0,0,0,normal,,0.0,normal
2026-09-15 22:45:00,Telkom,Gauteng,Pretoria,PTA-HAT-011,PTA-HAT-011-A,RAN,99.34,99.13499999999999,0.2050000000000125,98.74,0.65,98.54,42.04,38.981249999999996,-7.846721180054524,9.66,53.6,-86.4,-10.2,13.7,51.61,35,6,2,2,0.81,50,1,0,0,0,normal,,0.0,normal
2026-09-15 23:00:00,Telkom,Gauteng,Pretoria,PTA-HAT-011,PTA-HAT-011-A,RAN,99.64,99.15375,0.4862499999999983,98.62,0.4,98.13,38.44,39.121875,1.7429507149133445,12.83,53.6,-92.5,-10.2,17.8,39.95,29,0,3,0,0.58,19,0,0,0,0,normal,,0.0,normal
2026-09-15 23:15:00,Telkom,Gauteng,Pretoria,PTA-HAT-011,PTA-HAT-011-A,RAN,98.84,99.18687499999999,-0.34687499999998295,98.69,0.32,98.92,40.45,39.399375,-2.6666032138834783,13.12,49.0,-86.6,-8.5,20.5,51.43,42,7,0,1,0.85,187,0,0,0,0,normal,,0.0,normal
2026-09-15 23:30:00,Telkom,Gauteng,Pretoria,PTA-HAT-011,PTA-HAT-011-A,RAN,99.35,99.1725,0.17749999999999488,98.31,0.34,97.85,44.97,39.765625,-13.087622789783888,15.37,58.1,-86.2,-10.5,14.0,45.22,29,3,0,0,0.22,0,0,0,0,0,normal,,0.0,normal
2026-09-15 23:45:00,Telkom,Gauteng,Pretoria,PTA-HAT-011,PTA-HAT-011-A,RAN,99.45,99.205625,0.24437500000000512,98.18,0.66,98.61,37.36,39.900000000000006,6.3659147869674335,13.27,62.7,-82.8,-9.2,18.7,52.13,35,1,6,1,0.66,43,0,0,0,0,normal,,0.0,normal
2026-09-14 00:00:00,Telkom,Gauteng,Pretoria,PTA-HAT-011,PTA-HAT-011-B,RAN,99.41,99.41,0.0,99.14,0.61,97.85,43.24,43.24,0.0,11.47,60.3,-90.7,-12.9,14.9,50.52,35,2,2,1,0.48,80,0,0,0,0,normal,,0.0,normal
2026-09-14 00:15:00,Telkom,Gauteng,Pretoria,PTA-HAT-011,PTA-HAT-011-B,RAN,98.5,99.41,-0.9099999999999966,98.79,0.13,99.13,39.39,43.24,8.903792784458837,11.35,48.1,-83.3,-10.4,16.3,50.78,40,3,2,0,0.33,0,0,0,0,0,normal,,0.0,normal
2026-09-14 00:30:00,Telkom,Gauteng,Pretoria,PTA-HAT-011,PTA-HAT-011-B,RAN,99.3,98.955,0.34499999999999886,98.53,0.19,98.25,41.14,41.315,0.4235749727701734,10.46,46.0,-85.4,-10.8,16.6,46.28,35,0,0,0,0.24,67,0,0,0,0,normal,,0.0,normal
2026-09-14 00:45:00,Telkom,Gauteng,Pretoria,PTA-HAT-011,PTA-HAT-011-B,RAN,98.92,99.07,-0.14999999999999147,98.61,0.6,97.24,48.72,41.25666666666667,-18.090005655651606,15.69,46.4,-85.9,-9.0,18.9,37.52,37,2,1,3,0.94,36,0,0,0,0,normal,,0.0,normal
2026-09-14 01:00:00,Telkom,Gauteng,Pretoria,PTA-HAT-011,PTA-HAT-011-B,RAN,99.29,99.0325,0.2575000000000074,99.77,0.48,98.18,45.93,43.1225,-6.510522349121682,13.47,40.9,-84.4,-9.7,15.1,45.92,33,3,1,1,0.87,73,0,0,0,0,normal,,0.0,normal
2026-09-14 01:15:00,Telkom,Gauteng,Pretoria,PTA-HAT-011,PTA-HAT-011-B,RAN,98.54,99.084,-0.5439999999999969,98.96,0.35,98.11,41.7,43.684000000000005,4.541708634740412,12.6,47.9,-82.4,-11.7,13.4,47.41,41,7,5,1,0.94,176,0,0,0,0,normal,,0.0,normal
2026-09-14 01:30:00,Telkom,Gauteng,Pretoria,PTA-HAT-011,PTA-HAT-011-B,RAN,98.57,98.99333333333334,-0.4233333333333462,98.27,0.84,98.86,34.09,43.35333333333333,21.367061356297082,12.03,60.4,-91.0,-8.3,17.7,45.6,36,4,2,1,0.34,0,0,0,0,0,normal,,0.0,normal
2026-09-14 01:45:00,Telkom,Gauteng,Pretoria,PTA-HAT-011,PTA-HAT-011-B,RAN,99.1,98.93285714285715,0.16714285714284927,98.5,0.26,97.78,39.92,42.03000000000001,5.020223649773985,12.57,50.6,-84.7,-9.1,13.0,45.55,30,1,2,0,0.85,0,0,0,0,0,normal,,0.0,normal
2026-09-14 02:00:00,Telkom,Gauteng,Pretoria,PTA-HAT-011,PTA-HAT-011-B,RAN,99.72,98.95375,0.7662499999999994,99.08,0.7,98.17,39.49,41.76625,5.449974560799683,12.91,41.3,-84.4,-8.5,16.9,48.37,40,4,2,2,0.8,127,0,0,0,0,normal,,0.0,normal
2026-09-14 02:15:00,Telkom,Gauteng,Pretoria,PTA-HAT-011,PTA-HAT-011-B,RAN,99.44,99.03888888888889,0.4011111111111063,98.96,0.44,98.45,47.3,41.513333333333335,-13.93929661153042,15.82,54.6,-88.0,-9.3,16.7,43.49,37,0,4,2,0.86,118,0,0,0,0,normal,,0.0,normal
2026-09-14 02:30:00,Telkom,Gauteng,Pretoria,PTA-HAT-011,PTA-HAT-011-B,RAN,99.49,99.079,0.41100000000000136,98.96,0.28,97.31,38.5,42.092,8.5336881117552,12.54,54.4,-87.3,-9.2,16.8,42.94,36,0,1,0,1.08,19,0,0,0,0,normal,,0.0,normal
2026-09-14 02:45:00,Telkom,Gauteng,Pretoria,PTA-HAT-011,PTA-HAT-011-B,RAN,98.77,99.11636363636363,-0.346363636363634,99.08,0.77,98.24,35.85,41.765454545454546,14.163510513255842,15.16,44.8,-88.2,-9.1,21.7,46.22,28,7,5,1,0.1,48,0,0,0,0,normal,,0.0,normal
2026-09-14 03:00:00,Telkom,Gauteng,Pretoria,PTA-HAT-011,PTA-HAT-011-B,RAN,99.64,99.08749999999999,0.5525000000000091,99.12,0.09,98.13,40.12,41.2725,2.7924162577987848,13.91,40.2,-84.5,-11.0,18.9,40.63,30,3,1,0,0.51,69,0,0,0,0,normal,,0.0,normal
2026-09-14 03:15:00,Telkom,Gauteng,Pretoria,PTA-HAT-011,PTA-HAT-011-B,RAN,98.43,99.13000000000001,-0.7000000000000028,98.74,0.91,99.08,43.39,41.183846153846154,-5.356842675432862,14.77,52.9,-82.2,-9.4,17.9,45.19,40,10,5,5,1.1,47,0,0,0,0,normal,,0.0,normal
2026-09-14 03:30:00,Telkom,Gauteng,Pretoria,PTA-HAT-011,PTA-HAT-011-B,RAN,99.47,99.08,0.39000000000000057,99.04,0.06,98.63,33.22,41.34142857142857,19.644770033518785,13.81,58.3,-86.7,-10.3,16.0,56.32,36,1,1,0,0.1,68,0,0,0,0,normal,,0.0,normal
2026-09-14 03:45:00,Telkom,Gauteng,Pretoria,PTA-HAT-011,PTA-HAT-011-B,RAN,99.55,99.106,0.4440000000000026,98.44,0.69,99.4,41.74,40.8,-2.303921568627463,12.63,52.6,-86.6,-10.0,14.6,41.93,36,0,6,4,0.77,67,0,0,0,0,normal,,0.0,normal
2026-09-14 04:00:00,Telkom,Gauteng,Pretoria,PTA-HAT-011,PTA-HAT-011-B,RAN,99.2,99.13374999999999,0.0662500000000108,98.69,0.32,98.52,40.34,40.85875,1.269617890904634,8.79,43.9,-85.3,-8.5,20.2,49.7,33,2,3,2,0.43,112,0,0,0,0,normal,,0.0,normal
2026-09-14 04:15:00,Telkom,Gauteng,Pretoria,PTA-HAT-011,PTA-HAT-011-B,RAN,99.21,99.12062499999999,0.08937500000000398,98.59,0.39,98.94,35.16,40.6775,13.56400958760987,10.17,55.0,-83.5,-8.9,16.9,59.5,47,2,6,0,0.45,12,0,0,0,0,normal,,0.0,normal
2026-09-14 04:30:00,Telkom,Gauteng,Pretoria,PTA-HAT-011,PTA-HAT-011-B,RAN,99.75,99.16499999999999,0.585000000000008,99.38,0.74,97.46,35.38,40.413125,12.45418412953712,14.57,44.7,-88.7,-10.6,17.0,45.57,31,0,0,2,0.35,0,0,0,0,0,normal,,0.0,normal
2026-09-14 04:45:00,Telkom,Gauteng,Pretoria,PTA-HAT-011,PTA-HAT-011-B,RAN,98.78,99.193125,-0.41312499999999375,98.67,0.31,98.12,32.93,40.053125,17.78419286884607,13.31,46.9,-85.9,-9.5,18.3,59.04,38,6,3,1,1.07,127,0,0,0,0,normal,,0.0,normal
2026-09-14 05:00:00,Telkom,Gauteng,Pretoria,PTA-HAT-011,PTA-HAT-011-B,RAN,99.29,99.184375,0.10562500000000341,97.87,0.39,98.49,40.25,39.06625,-3.0301091095254944,10.23,51.1,-83.6,-9.4,12.9,62.41,55,4,4,2,0.89,0,0,0,0,0,normal,,0.0,normal
2026-09-14 05:15:00,Telkom,Gauteng,Pretoria,PTA-HAT-011,PTA-HAT-011-B,RAN,99.43,99.18437499999999,0.2456250000000182,99.36,0.43,99.01,46.52,38.71125000000001,-20.171784687913707,13.13,44.3,-86.8,-8.6,15.4,46.91,37,2,0,2,0.98,57,0,0,0,0,normal,,0.0,normal
2026-09-14 05:30:00,Telkom,Gauteng,Pretoria,PTA-HAT-011,PTA-HAT-011-B,RAN,98.95,99.24,-0.28999999999999204,98.3,0.6,98.38,35.13,39.0125,9.951938481256008,10.46,45.7,-83.2,-11.5,16.8,50.61,37,3,5,1,0.37,0,0,0,0,0,normal,,0.0,normal
2026-09-14 05:45:00,Telkom,Gauteng,Pretoria,PTA-HAT-011,PTA-HAT-011-B,RAN,98.7,99.26375,-0.5637499999999989,98.76,0.62,97.45,45.58,39.0775,-16.640010236069344,10.62,46.9,-87.9,-10.3,17.3,46.89,31,3,2,1,0.79,0,0,0,0,0,normal,,0.0,normal
2026-09-14 06:00:00,Telkom,Gauteng,Pretoria,PTA-HAT-011,PTA-HAT-011-B,RAN,98.57,99.23875,-0.6687500000000028,98.46,0.28,98.34,40.01,39.43125,-1.4677444919955605,9.74,55.1,-85.7,-9.3,16.7,57.28,49,2,5,1,0.56,59,0,0,0,0,normal,,0.0,normal
2026-09-14 06:15:00,Telkom,Gauteng,Pretoria,PTA-HAT-011,PTA-HAT-011-B,RAN,98.53,99.166875,-0.6368750000000034,98.54,0.29,98.17,40.75,39.46375,-3.2593202622660105,8.52,46.8,-87.7,-9.7,13.6,49.75,40,4,2,2,0.94,29,0,0,0,0,normal,,0.0,normal
2026-09-14 06:30:00,Telkom,Gauteng,Pretoria,PTA-HAT-011,PTA-HAT-011-B,RAN,98.32,99.11,-0.7900000000000063,98.54,0.59,98.53,48.81,39.054375,-24.979595755917234,11.01,46.9,-87.8,-8.0,14.2,47.2,48,10,6,1,0.33,103,0,0,0,0,normal,,0.0,normal
2026-09-14 06:45:00,Telkom,Gauteng,Pretoria,PTA-HAT-011,PTA-HAT-011-B,RAN,98.68,99.036875,-0.35687499999998806,98.95,0.21,97.87,45.95,39.698750000000004,-15.74671746591517,13.4,52.0,-82.4,-10.9,17.5,46.78,42,4,4,0,1.23,0,0,0,0,0,normal,,0.0,normal
2026-09-14 07:00:00,Telkom,Gauteng,Pretoria,PTA-HAT-011,PTA-HAT-011-B,RAN,99.27,99.03125,0.23874999999999602,98.73,0.63,98.36,49.54,40.330000000000005,-22.836598065955847,11.39,50.4,-87.5,-11.2,16.6,41.01,37,2,4,2,1.06,59,0,0,0,0,normal,,0.0,normal
2026-09-14 07:15:00,Telkom,Gauteng,Pretoria,PTA-HAT-011,PTA-HAT-011-B,RAN,98.58,99.00812499999999,-0.4281249999999943,98.74,0.19,98.78,32.12,40.91875,21.50297846341837,12.03,65.6,-82.1,-10.0,18.8,65.76,51,11,7,0,0.53,181,0,0,0,0,normal,,0.0,normal
2026-09-14 07:30:00,Telkom,Gauteng,Pretoria,PTA-HAT-011,PTA-HAT-011-B,RAN,98.84,99.01750000000001,-0.1775000000000091,99.63,0.69,97.56,38.92,40.214375000000004,3.218687347497014,14.28,50.4,-88.3,-11.3,15.3,54.32,55,7,0,3,0.73,132,0,0,0,0,normal,,0.0,normal
2026-09-14 07:45:00,Telkom,Gauteng,Pretoria,PTA-HAT-011,PTA-HAT-011-B,RAN,99.64,98.978125,0.6618749999999949,98.47,0.63,98.82,31.6,40.570625,22.11113336311678,10.97,61.9,-87.8,-8.7,14.0,62.46,55,0,6,2,0.83,181,0,0,0,0,normal,,0.0,normal
2026-09-14 08:00:00,Telkom,Gauteng,Pretoria,PTA-HAT-011,PTA-HAT-011-B,RAN,99.42,98.98374999999999,0.43625000000001535,98.6,0.7,98.84,43.38,39.936875,-8.621418175558308,10.56,53.8,-86.9,-10.3,14.8,56.21,57,6,8,5,0.48,49,0,0,0,0,normal,,0.0,normal
2026-09-14 08:15:00,Telkom,Gauteng,Pretoria,PTA-HAT-011,PTA-HAT-011-B,RAN,99.07,98.9975,0.0724999999999909,98.79,0.71,99.06,33.74,40.126875,15.916701711758009,9.35,58.7,-86.0,-11.3,15.2,62.52,53,1,5,2,1.31,160,0,0,0,0,normal,,0.0,normal
2026-09-14 08:30:00,Telkom,Gauteng,Pretoria,PTA-HAT-011,PTA-HAT-011-B,RAN,99.35,98.98875,0.3612499999999983,99.25,0.57,98.33,36.77,40.038125,8.16253258612884,10.9,66.0,-83.4,-9.9,16.7,62.11,53,2,3,2,1.04,29,0,0,0,0,normal,,0.0,normal
2026-09-14 08:45:00,Telkom,Gauteng,Pretoria,PTA-HAT-011,PTA-HAT-011-B,RAN,99.15,98.96375,0.18625000000000114,98.87,0.34,98.3,36.24,40.125,9.682242990654201,11.84,64.4,-84.5,-9.3,18.7,57.43,59,5,10,2,0.45,111,0,0,0,0,normal,,0.0,normal
2026-09-14 09:00:00,Telkom,Gauteng,Pretoria,PTA-HAT-011,PTA-HAT-011-B,RAN,99.0,98.986875,0.013125000000002274,98.79,0.52,98.24,41.85,40.331875,-3.76408237901165,10.72,48.7,-86.4,-11.5,16.0,52.13,58,7,5,2,0.8,118,0,0,0,0,normal,,0.0,normal
2026-09-14 09:15:00,Telkom,Gauteng,Pretoria,PTA-HAT-011,PTA-HAT-011-B,RAN,99.29,98.96875,0.32125000000000625,98.8,0.13,97.96,31.67,40.431875,21.670711536380633,10.53,47.6,-83.3,-10.2,17.6,60.45,53,1,3,0,0.83,0,0,0,0,0,normal,,0.0,normal
2026-09-14 09:30:00,Telkom,Gauteng,Pretoria,PTA-HAT-011,PTA-HAT-011-B,RAN,99.02,98.96000000000001,0.05999999999998806,98.72,0.54,99.55,35.53,39.50375,10.059171597633124,12.94,64.0,-88.9,-9.4,13.5,58.51,66,4,8,1,0.48,9,0,0,0,0,normal,,0.0,normal
2026-09-14 09:45:00,Telkom,Gauteng,Pretoria,PTA-HAT-011,PTA-HAT-011-B,RAN,99.61,98.964375,0.6456249999999955,99.02,0.71,99.11,31.76,39.52875,19.653416816873793,11.48,61.4,-83.1,-9.9,16.4,60.17,58,3,5,5,1.33,91,0,0,0,0,normal,,0.0,normal
2026-09-14 10:00:00,Telkom,Gauteng,Pretoria,PTA-HAT-011,PTA-HAT-011-B,RAN,99.47,99.02125,0.448750000000004,98.23,0.9,97.36,40.8,38.665000000000006,-5.521789732316024,12.71,51.2,-84.6,-10.3,16.8,52.54,56,4,10,7,0.64,0,0,0,0,0,normal,,0.0,normal
2026-09-14 10:15:00,Telkom,Gauteng,Pretoria,PTA-HAT-011,PTA-HAT-011-B,RAN,99.55,99.0775,0.4724999999999966,98.84,0.83,99.18,31.64,38.714375000000004,18.27325121482654,9.55,53.9,-80.6,-9.7,19.3,66.05,79,8,8,8,0.94,42,0,0,0,0,normal,,0.0,normal
2026-09-14 10:30:00,Telkom,Gauteng,Pretoria,PTA-HAT-011,PTA-HAT-011-B,RAN,99.09,99.14125,-0.05124999999999602,98.73,0.36,98.8,33.65,38.145,11.783982173286155,11.79,56.1,-82.4,-12.4,17.7,62.6,58,4,5,1,0.39,29,0,0,0,0,normal,,0.0,normal
2026-09-14 10:45:00,Telkom,Gauteng,Pretoria,PTA-HAT-011,PTA-HAT-011-B,RAN,98.76,99.18937500000001,-0.4293750000000074,98.41,0.57,98.39,44.44,37.1975,-19.470394515760468,10.16,60.7,-90.3,-10.8,14.0,58.7,62,7,10,1,0.17,19,0,0,0,0,normal,,0.0,normal
2026-09-14 11:00:00,Telkom,Gauteng,Pretoria,PTA-HAT-011,PTA-HAT-011-B,RAN,98.76,99.19437500000001,-0.43437500000000284,98.9,0.17,98.66,29.19,37.103125,21.327381453718512,9.47,55.2,-84.9,-10.0,14.8,63.75,66,8,5,1,0.91,116,0,0,0,0,normal,,0.0,normal
2026-09-14 11:15:00,Telkom,Gauteng,Pretoria,PTA-HAT-011,PTA-HAT-011-B,RAN,98.82,99.16250000000001,-0.34250000000001535,98.59,0.87,99.01,50.76,35.83125,-41.66405023547881,14.64,48.2,-83.7,-9.7,16.7,54.73,66,8,7,2,0.34,36,0,0,0,0,normal,,0.0,normal
2026-09-14 11:30:00,Telkom,Gauteng,Pretoria,PTA-HAT-011,PTA-HAT-011-B,RAN,98.89,99.1775,-0.2874999999999943,98.18,0.44,98.28,34.09,36.996249999999996,7.855525897895038,12.2,67.7,-81.9,-8.6,16.6,59.22,69,7,9,3,0.92,176,0,0,0,0,normal,,0.0,normal
2026-09-14 11:45:00,Telkom,Gauteng,Pretoria,PTA-HAT-011,PTA-HAT-011-B,RAN,99.14,99.18062499999999,-0.040624999999991473,98.77,0.42,99.36,37.33,36.694375,-1.732213724855642,13.11,59.9,-88.2,-10.4,14.6,59.63,53,2,7,2,0.53,21,0,0,0,0,normal,,0.0,normal
2026-09-14 12:00:00,Telkom,Gauteng,Pretoria,PTA-HAT-011,PTA-HAT-011-B,RAN,99.19,99.149375,0.040624999999991473,98.56,0.99,97.87,32.38,37.0525,12.610485122461371,12.08,55.4,-84.8,-9.7,14.9,63.15,63,5,6,6,1.05,0,0,0,0,0,normal,,0.0,normal
2026-09-14 12:15:00,Telkom,Gauteng,Pretoria,PTA-HAT-011,PTA-HAT-011-B,RAN,99.18,99.135,0.045000000000001705,98.41,0.1,97.98,24.43,36.365,32.820019249278154,10.85,62.4,-85.3,-9.9,18.5,67.14,63,5,10,0,0.1,0,0,0,0,0,normal,,0.94,normal
2026-09-14 12:30:00,Telkom,Gauteng,Pretoria,PTA-HAT-011,PTA-HAT-011-B,RAN,99.36,99.14187500000001,0.21812499999998636,99.25,0.05,98.18,26.54,35.783125,25.830960823013637,12.61,58.8,-87.2,-9.4,14.4,72.16,60,6,2,0,0.44,145,0,0,1,0,normal,,0.0,normal
2026-09-14 12:45:00,Telkom,Gauteng,Pretoria,PTA-HAT-011,PTA-HAT-011-B,RAN,98.67,99.1425,-0.4724999999999966,98.82,1.04,99.24,42.69,35.143750000000004,-21.47252356393382,12.63,56.9,-83.6,-9.9,20.4,56.86,47,8,3,4,0.86,116,0,0,1,0,normal,,0.0,normal
2026-09-14 13:00:00,Telkom,Gauteng,Pretoria,PTA-HAT-011,PTA-HAT-011-B,RAN,99.11,99.11250000000001,-0.002500000000011937,98.76,0.39,98.98,38.51,35.546875,-8.33582417582417,12.5,45.3,-84.9,-9.7,16.7,60.04,55,7,12,3,0.2,0,0,0,1,0,normal,,0.0,normal
2026-09-14 13:15:00,Telkom,Gauteng,Pretoria,PTA-HAT-011,PTA-HAT-011-B,RAN,99.49,99.119375,0.37062499999998977,98.59,0.13,98.66,39.43,35.338125,-11.57920800834793,12.69,58.7,-83.9,-10.8,14.3,55.91,52,0,4,0,1.05,20,0,0,1,0,normal,,0.0,normal
2026-09-14 13:30:00,Telkom,Gauteng,Pretoria,PTA-HAT-011,PTA-HAT-011-B,RAN,98.34,99.131875,-0.7918749999999903,98.64,0.69,99.45,32.77,35.823125000000005,8.522776837587456,12.18,57.1,-86.9,-10.3,14.3,57.54,48,5,2,2,0.88,62,0,0,0,0,normal,,0.0,normal
2026-09-14 13:45:00,Telkom,Gauteng,Pretoria,PTA-HAT-011,PTA-HAT-011-B,RAN,99.51,99.08937499999999,0.42062500000001535,99.25,0.59,98.63,35.74,35.650625,-0.2506968671657341,11.62,55.2,-84.3,-9.4,20.3,55.48,60,1,3,3,1.14,56,0,0,0,0,normal,,0.0,normal
2026-09-14 14:00:00,Telkom,Gauteng,Pretoria,PTA-HAT-011,PTA-HAT-011-B,RAN,98.89,99.083125,-0.19312499999999488,99.9,0.64,97.76,37.75,35.899375,-5.155034036107874,11.63,58.2,-85.0,-9.9,21.9,56.83,57,8,0,3,1.35,0,0,0,0,0,normal,,0.0,normal
2026-09-14 14:15:00,Telkom,Gauteng,Pretoria,PTA-HAT-011,PTA-HAT-011-B,RAN,99.26,99.046875,0.21312500000000512,99.01,0.11,97.86,41.81,35.70875,-17.086148352994716,14.0,54.7,-83.1,-11.1,21.5,50.53,47,2,5,0,0.57,0,0,0,0,0,normal,,0.0,normal
2026-09-14 14:30:00,Telkom,Gauteng,Pretoria,PTA-HAT-011,PTA-HAT-011-B,RAN,99.2,99.02875,0.17125000000000057,99.23,0.3,98.42,38.76,36.344375,-6.646489312307609,10.68,49.1,-86.2,-9.4,16.8,62.16,58,2,2,0,0.45,0,0,0,0,0,normal,,0.0,normal
2026-09-14 14:45:00,Telkom,Gauteng,Pretoria,PTA-HAT-011,PTA-HAT-011-B,RAN,98.57,99.035625,-0.46562500000000284,98.65,0.8,98.69,44.47,36.66375,-21.291466366642798,12.14,59.4,-87.0,-10.8,15.6,58.27,59,7,5,4,0.59,0,0,0,0,0,normal,,0.0,normal
2026-09-14 15:00:00,Telkom,Gauteng,Pretoria,PTA-HAT-011,PTA-HAT-011-B,RAN,98.58,99.02374999999999,-0.4437499999999943,98.22,0.91,98.65,30.25,36.665625,17.497656183414296,9.94,54.7,-85.2,-12.0,10.5,60.34,48,5,7,3,1.0,0,0,0,0,0,normal,,0.0,normal
2026-09-14 15:15:00,Telkom,Gauteng,Pretoria,PTA-HAT-011,PTA-HAT-011-B,RAN,98.75,99.01249999999999,-0.26249999999998863,99.28,0.25,98.73,38.46,36.731875,-4.704701298259342,13.08,63.2,-86.4,-9.2,16.2,52.03,40,4,0,0,0.87,144,0,0,0,0,normal,,0.0,normal
2026-09-14 15:30:00,Telkom,Gauteng,Pretoria,PTA-HAT-011,PTA-HAT-011-B,RAN,98.74,99.008125,-0.26812500000001194,99.12,0.79,97.81,49.22,35.963125000000005,-36.862411150310194,11.36,50.8,-88.1,-10.0,19.1,49.75,48,4,1,3,0.69,72,0,0,0,0,normal,,0.0,normal
2026-09-14 15:45:00,Telkom,Gauteng,Pretoria,PTA-HAT-011,PTA-HAT-011-B,RAN,98.81,98.99875,-0.18874999999999886,99.44,0.35,98.96,35.59,36.90875,3.573000982151914,11.26,62.1,-83.8,-10.5,16.6,60.66,53,5,1,1,0.85,61,0,0,0,0,normal,,0.0,normal
2026-09-14 16:00:00,Telkom,Gauteng,Pretoria,PTA-HAT-011,PTA-HAT-011-B,RAN,99.1,98.978125,0.12187499999998863,98.24,0.39,98.57,39.17,36.8,-6.440217391304361,10.76,54.0,-88.1,-11.3,16.3,55.21,56,4,7,2,0.93,38,0,0,0,0,normal,,0.0,normal
2026-09-14 16:15:00,Telkom,Gauteng,Pretoria,PTA-HAT-011,PTA-HAT-011-B,RAN,99.18,98.9725,0.20750000000001023,98.83,0.87,98.83,48.72,37.224375,-30.88198257190348,12.93,55.4,-83.9,-10.4,13.7,46.59,43,3,0,2,1.14,17,0,0,0,0,normal,,0.0,normal
2026-09-14 16:30:00,Telkom,Gauteng,Pretoria,PTA-HAT-011,PTA-HAT-011-B,RAN,98.88,98.9725,-0.09250000000000114,98.31,0.41,98.77,36.51,38.7425,5.762405626895532,11.96,64.7,-90.9,-9.2,14.9,61.22,66,12,9,3,0.21,0,0,0,0,0,normal,,0.0,normal
2026-09-14 16:45:00,Telkom,Gauteng,Pretoria,PTA-HAT-011,PTA-HAT-011-B,RAN,99.04,98.9425,0.0975000000000108,98.87,0.53,98.49,46.11,39.365624999999994,-17.13265063110266,14.63,45.0,-88.8,-9.5,15.2,50.96,50,5,4,2,0.98,139,0,0,0,0,normal,,0.0,normal
2026-09-14 17:00:00,Telkom,Gauteng,Pretoria,PTA-HAT-011,PTA-HAT-011-B,RAN,99.41,98.96562499999999,0.44437500000000796,98.37,0.52,99.04,39.25,39.579375,0.8321884820060925,12.01,66.0,-87.6,-10.9,18.2,67.54,57,2,9,4,0.67,23,1,0,0,0,normal,,0.0,normal
2026-09-14 17:15:00,Telkom,Gauteng,Pretoria,PTA-HAT-011,PTA-HAT-011-B,RAN,99.27,98.984375,0.285624999999996,98.59,0.56,98.01,38.81,39.625625,2.058327155723089,12.84,56.4,-83.9,-10.8,15.3,52.46,54,3,7,4,0.7,0,0,0,0,0,normal,,0.0,normal
2026-09-14 17:30:00,Telkom,Gauteng,Pretoria,PTA-HAT-011,PTA-HAT-011-B,RAN,99.35,98.970625,0.379374999999996,98.85,0.52,98.08,43.19,39.586875,-9.101817205828949,14.69,57.5,-87.0,-8.3,15.8,51.04,55,1,1,1,0.78,87,0,0,0,0,normal,,0.0,normal
2026-09-14 17:45:00,Telkom,Gauteng,Pretoria,PTA-HAT-011,PTA-HAT-011-B,RAN,98.81,99.03375000000001,-0.22375000000000966,97.93,0.67,97.58,36.25,40.238125,9.911309237197303,10.97,37.8,-87.7,-11.2,17.4,57.62,54,3,4,5,0.41,62,0,0,0,0,normal,,0.0,normal
2026-09-14 18:00:00,Telkom,Gauteng,Pretoria,PTA-HAT-011,PTA-HAT-011-B,RAN,99.21,98.99000000000001,0.21999999999998465,98.76,0.38,98.82,36.62,40.269999999999996,9.063819220263222,12.43,59.2,-87.5,-9.8,17.3,61.13,53,1,0,2,0.56,0,0,0,0,0,normal,,0.0,normal
2026-09-14 18:15:00,Telkom,Gauteng,Pretoria,PTA-HAT-011,PTA-HAT-011-B,RAN,99.42,99.01,0.4099999999999966,98.59,0.45,98.76,36.16,40.199374999999996,10.048352741802578,9.31,54.3,-81.8,-10.3,14.9,55.97,58,0,1,2,1.22,207,0,0,0,0,normal,,0.0,normal
2026-09-14 18:30:00,Telkom,Gauteng,Pretoria,PTA-HAT-011,PTA-HAT-011-B,RAN,98.88,99.02,-0.14000000000000057,98.75,0.61,99.2,27.38,39.84625,31.28588010164068,12.18,60.8,-87.1,-10.6,23.4,58.28,58,4,3,4,1.15,19,0,0,0,0,normal,,0.43,normal
2026-09-14 18:45:00,Telkom,Gauteng,Pretoria,PTA-HAT-011,PTA-HAT-011-B,RAN,99.08,99.0,0.0799999999999983,98.86,0.63,98.33,33.24,39.135,15.063242621694126,12.5,51.0,-87.2,-10.2,17.3,60.37,60,5,7,4,0.59,102,0,0,0,0,normal,,0.0,normal
2026-09-14 19:00:00,Telkom,Gauteng,Pretoria,PTA-HAT-011,PTA-HAT-011-B,RAN,98.88,99.031875,-0.15187500000000398,99.09,0.58,98.08,32.07,38.433125,16.556356008000904,7.92,56.8,-89.1,-9.5,17.3,62.45,50,6,3,2,0.91,0,0,0,0,0,normal,,0.0,normal
2026-09-14 19:15:00,Telkom,Gauteng,Pretoria,PTA-HAT-011,PTA-HAT-011-B,RAN,99.25,99.050625,0.1993750000000034,99.85,0.4,98.55,41.26,38.546875,-7.038508309687874,13.41,57.3,-85.4,-9.8,18.7,51.87,51,3,2,1,0.75,79,0,0,0,0,normal,,0.0,normal
2026-09-14 19:30:00,Telkom,Gauteng,Pretoria,PTA-HAT-011,PTA-HAT-011-B,RAN,99.5,99.081875,0.4181250000000034,98.39,0.43,99.04,39.36,38.721875,-1.6479703010249436,12.57,55.2,-87.1,-10.6,17.3,58.42,53,2,7,1,0.94,0,0,0,0,0,normal,,0.0,normal
2026-09-14 19:45:00,Telkom,Gauteng,Pretoria,PTA-HAT-011,PTA-HAT-011-B,RAN,99.68,99.12937500000001,0.5506249999999966,98.37,0.62,98.46,38.65,38.105625,-1.4285948596827767,15.85,54.9,-88.6,-10.1,16.7,49.06,49,0,8,2,1.02,139,0,0,0,0,normal,,0.0,normal
2026-09-14 20:00:00,Telkom,Gauteng,Pretoria,PTA-HAT-011,PTA-HAT-011-B,RAN,98.75,99.18374999999999,-0.4337499999999892,98.73,0.34,99.06,37.65,38.296875,1.6891064871481065,11.79,57.6,-87.5,-9.8,19.8,54.54,54,6,8,2,0.11,110,0,0,0,0,normal,,0.0,normal
2026-09-14 20:15:00,Telkom,Gauteng,Pretoria,PTA-HAT-011,PTA-HAT-011-B,RAN,99.09,99.161875,-0.07187499999999147,98.39,0.51,98.18,38.25,38.201874999999994,-0.125975492040655,10.84,55.2,-84.0,-11.8,16.0,60.21,54,4,9,1,1.11,37,0,0,0,0,normal,,0.0,normal
2026-09-14 20:30:00,Telkom,Gauteng,Pretoria,PTA-HAT-011,PTA-HAT-011-B,RAN,99.05,99.15625,-0.10625000000000284,98.62,0.05,99.28,37.14,37.5475,1.0852919635128806,13.42,51.5,-88.2,-7.6,18.5,51.41,39,2,2,0,0.62,19,0,0,0,0,normal,,0.0,normal
2026-09-14 20:45:00,Telkom,Gauteng,Pretoria,PTA-HAT-011,PTA-HAT-011-B,RAN,98.54,99.166875,-0.6268749999999983,98.77,0.64,97.52,44.29,37.586875,-17.833685295731556,10.67,58.8,-87.6,-9.3,15.5,54.48,54,5,3,2,0.1,93,0,0,0,0,normal,,0.0,normal
2026-09-14 21:00:00,Telkom,Gauteng,Pretoria,PTA-HAT-011,PTA-HAT-011-B,RAN,98.91,99.135625,-0.22562500000000796,98.71,0.45,98.13,44.52,37.473125,-18.80514368630852,11.39,45.1,-80.3,-8.2,18.2,52.8,49,6,6,2,0.56,139,0,0,0,0,normal,,0.0,normal
2026-09-14 21:15:00,Telkom,Gauteng,Pretoria,PTA-HAT-011,PTA-HAT-011-B,RAN,99.2,99.104375,0.0956249999999983,98.88,0.34,98.61,39.45,37.8025,-4.358177369221615,11.55,56.8,-88.5,-10.7,14.2,51.4,44,7,4,1,0.1,166,0,0,0,0,normal,,0.0,normal
2026-09-14 21:30:00,Telkom,Gauteng,Pretoria,PTA-HAT-011,PTA-HAT-011-B,RAN,99.15,99.10000000000001,0.04999999999999716,98.51,0.49,98.29,40.39,37.8425,-6.731849111448766,12.18,50.9,-88.9,-9.3,16.5,45.63,43,3,4,2,0.85,23,0,0,0,0,normal,,0.0,normal
2026-09-14 21:45:00,Telkom,Gauteng,Pretoria,PTA-HAT-011,PTA-HAT-011-B,RAN,98.61,99.08749999999999,-0.47749999999999204,98.84,0.32,98.22,42.43,37.667500000000004,-12.643525585717116,13.66,54.6,-88.1,-9.4,20.9,44.32,36,7,0,2,0.99,0,0,0,0,0,normal,,0.0,normal
2026-09-14 22:00:00,Telkom,Gauteng,Pretoria,PTA-HAT-011,PTA-HAT-011-B,RAN,99.23,99.075,0.15500000000000114,98.9,0.84,98.35,47.46,38.05375,-24.71832605196597,13.16,42.5,-81.9,-11.3,19.8,36.52,33,2,5,2,0.76,0,0,0,0,0,normal,,0.0,normal
2026-09-14 22:15:00,Telkom,Gauteng,Pretoria,PTA-HAT-011,PTA-HAT-011-B,RAN,99.42,99.07625,0.34375,98.66,0.14,98.58,29.84,38.73125,22.95626916249799,11.33,57.6,-87.2,-10.0,19.1,58.94,42,2,4,0,0.53,144,0,0,0,0,normal,,0.0,normal
2026-09-14 22:30:00,Telkom,Gauteng,Pretoria,PTA-HAT-011,PTA-HAT-011-B,RAN,98.89,99.07625,-0.18625000000000114,99.06,0.68,97.61,42.54,38.33625,-10.96547001858554,12.4,55.0,-87.7,-10.9,19.2,49.98,46,7,4,3,1.9,102,0,0,0,0,normal,,0.0,normal
2026-09-14 22:45:00,Telkom,Gauteng,Pretoria,PTA-HAT-011,PTA-HAT-011-B,RAN,99.44,99.076875,0.3631249999999966,99.03,0.51,98.93,37.57,39.283750000000005,4.362490851815329,14.2,52.9,-89.8,-9.7,18.7,48.06,37,2,3,1,0.28,220,0,0,0,0,normal,,0.0,normal
2026-09-14 23:00:00,Telkom,Gauteng,Pretoria,PTA-HAT-011,PTA-HAT-011-B,RAN,98.58,99.09937500000001,-0.5193750000000108,98.82,0.29,98.71,36.91,39.554375,6.685417226286608,11.62,58.0,-85.6,-10.2,13.6,45.33,31,2,2,1,0.94,96,0,0,0,0,normal,,0.0,normal
2026-09-14 23:15:00,Telkom,Gauteng,Pretoria,PTA-HAT-011,PTA-HAT-011-B,RAN,98.92,99.080625,-0.16062499999999602,98.81,0.54,98.28,35.32,39.856875,11.382916999890238,12.41,53.8,-87.7,-9.5,15.9,51.3,35,3,2,0,0.79,172,0,0,0,0,normal,,0.0,normal
2026-09-14 23:30:00,Telkom,Gauteng,Pretoria,PTA-HAT-011,PTA-HAT-011-B,RAN,99.25,99.06,0.18999999999999773,98.7,0.36,98.4,39.67,39.485625,-0.4669420833531262,11.62,56.5,-89.9,-8.9,16.7,45.53,30,6,5,2,0.45,3,0,0,0,0,normal,,0.0,normal
2026-09-14 23:45:00,Telkom,Gauteng,Pretoria,PTA-HAT-011,PTA-HAT-011-B,RAN,98.7,99.044375,-0.34437499999999943,99.06,0.07,98.4,42.52,39.504999999999995,-7.631945323376808,11.48,62.6,-84.7,-10.8,15.3,54.63,35,6,2,1,0.75,69,0,0,0,0,normal,,0.0,normal
2026-09-15 00:00:00,Telkom,Gauteng,Pretoria,PTA-HAT-011,PTA-HAT-011-B,RAN,99.13,98.983125,0.14687499999999432,98.55,0.05,98.67,44.94,39.746875,-13.065492570170598,14.86,49.3,-87.3,-9.3,12.5,50.26,37,6,2,0,0.87,0,0,0,0,0,normal,,0.0,normal
2026-09-15 00:15:00,Telkom,Gauteng,Pretoria,PTA-HAT-011,PTA-HAT-011-B,RAN,99.61,99.00687500000001,0.6031249999999915,98.4,0.63,99.22,37.93,40.2025,5.652633542690133,10.85,60.3,-85.5,-11.1,18.0,56.32,39,0,2,1,0.26,0,0,0,0,0,normal,,0.0,normal
2026-09-15 00:30:00,Telkom,Gauteng,Pretoria,PTA-HAT-011,PTA-HAT-011-B,RAN,98.41,99.03937499999999,-0.629374999999996,98.53,0.69,98.72,48.46,40.182500000000005,-20.599763578672295,17.22,43.6,-83.6,-10.1,18.2,38.61,37,2,4,4,0.75,0,0,0,0,0,normal,,0.0,normal
2026-09-15 00:45:00,Telkom,Gauteng,Pretoria,PTA-HAT-011,PTA-HAT-011-B,RAN,99.04,98.999375,0.040625000000005684,99.1,0.86,98.22,34.33,40.89,16.043042308632923,15.37,54.1,-84.8,-9.8,18.8,53.88,44,7,2,2,0.23,193,0,0,0,0,normal,,0.0,normal
2026-09-15 01:00:00,Telkom,Gauteng,Pretoria,PTA-HAT-011,PTA-HAT-011-B,RAN,98.61,99.030625,-0.42062500000000114,99.5,0.51,98.2,40.6,40.2675,-0.82572794437202,17.61,52.8,-90.3,-9.3,15.7,40.28,31,2,1,1,0.78,14,0,0,0,0,normal,,0.0,normal
2026-09-15 01:15:00,Telkom,Gauteng,Pretoria,PTA-HAT-011,PTA-HAT-011-B,RAN,98.89,99.011875,-0.12187500000000284,98.52,0.43,97.93,36.31,40.0225,9.27603223186957,12.32,53.3,-90.0,-8.3,15.9,47.67,28,3,5,1,1.19,141,0,0,0,0,normal,,0.0,normal
2026-09-15 01:30:00,Telkom,Gauteng,Pretoria,PTA-HAT-011,PTA-HAT-011-B,RAN,99.12,98.99249999999999,0.12750000000001194,98.14,0.69,98.09,44.66,39.82625,-12.137095508615534,11.57,42.5,-90.7,-8.6,17.9,52.07,33,3,9,0,0.53,0,0,0,0,0,normal,,0.0,normal
2026-09-15 01:45:00,Telkom,Gauteng,Pretoria,PTA-HAT-011,PTA-HAT-011-B,RAN,98.95,98.99062500000001,-0.040625000000005684,99.04,0.15,97.9,46.63,40.093125,-16.304229216355676,12.3,56.4,-83.9,-11.9,16.5,45.9,34,1,0,1,0.27,0,0,0,0,0,normal,,0.0,normal
2026-09-15 02:00:00,Telkom,Gauteng,Pretoria,PTA-HAT-011,PTA-HAT-011-B,RAN,98.69,99.01187499999999,-0.3218749999999915,99.42,0.67,98.99,42.57,40.355625,-5.487153277888762,11.61,49.4,-89.6,-8.9,12.6,47.57,37,4,1,1,0.71,179,0,0,0,0,normal,,0.0,normal
2026-09-15 02:15:00,Telkom,Gauteng,Pretoria,PTA-HAT-011,PTA-HAT-011-B,RAN,99.1,98.97812499999999,0.12187500000000284,99.22,0.59,98.84,42.03,40.05,-4.943820224719111,10.15,48.4,-85.6,-10.6,17.7,47.73,34,2,4,2,0.19,2,0,0,0,0,normal,,0.0,normal
2026-09-15 02:30:00,Telkom,Gauteng,Pretoria,PTA-HAT-011,PTA-HAT-011-B,RAN,98.75,98.95812500000001,-0.20812500000000966,98.97,0.44,98.1,41.29,40.811875,-1.1715340204290996,12.97,65.9,-87.2,-12.1,17.4,46.58,41,0,0,0,0.52,0,0,0,0,0,normal,,0.0,normal
2026-09-15 02:45:00,Telkom,Gauteng,Pretoria,PTA-HAT-011,PTA-HAT-011-B,RAN,98.97,98.949375,0.020624999999995453,98.25,0.4,99.22,35.37,40.73375,13.16782766133735,14.7,45.7,-88.5,-9.2,17.8,48.24,37,1,4,1,0.11,0,0,0,0,0,normal,,0.0,normal
2026-09-15 03:00:00,Telkom,Gauteng,Pretoria,PTA-HAT-011,PTA-HAT-011-B,RAN,99.06,98.91999999999999,0.14000000000001478,98.81,0.3,97.98,30.61,40.596250000000005,24.598946947070242,11.69,55.7,-86.8,-11.8,18.0,61.27,42,8,1,1,0.43,87,0,0,0,0,normal,,0.0,normal
2026-09-15 03:15:00,Telkom,Gauteng,Pretoria,PTA-HAT-011,PTA-HAT-011-B,RAN,99.29,98.95,0.3400000000000034,98.74,0.46,99.2,49.21,40.2025,-22.405323052049003,11.41,48.2,-82.9,-10.3,19.3,41.03,39,1,4,2,0.55,22,0,0,0,0,normal,,0.0,normal
2026-09-15 03:30:00,Telkom,Gauteng,Pretoria,PTA-HAT-011,PTA-HAT-011-B,RAN,99.01,98.973125,0.036875000000009095,98.67,0.47,98.18,48.59,41.070625,-18.308401686119954,13.63,51.1,-86.3,-9.0,16.5,48.3,28,4,1,0,1.11,0,0,0,0,0,normal,,0.0,normal
2026-09-15 03:45:00,Telkom,Gauteng,Pretoria,PTA-HAT-011,PTA-HAT-011-B,RAN,99.27,98.958125,0.31187500000000057,98.62,0.05,98.42,45.31,41.628125000000004,-8.844681330230458,13.38,56.6,-88.8,-8.9,17.5,44.67,27,0,3,0,0.37,0,0,0,0,0,normal,,0.0,normal
2026-09-15 04:00:00,Telkom,Gauteng,Pretoria,PTA-HAT-011,PTA-HAT-011-B,RAN,98.56,98.99375,-0.4337500000000034,98.49,0.87,98.15,44.21,41.802499999999995,-5.759224926738846,11.56,52.0,-88.4,-11.1,17.3,45.05,37,5,4,2,0.63,0,0,0,0,0,normal,,0.0,normal
2026-09-15 04:15:00,Telkom,Gauteng,Pretoria,PTA-HAT-011,PTA-HAT-011-B,RAN,98.58,98.958125,-0.37812499999999716,98.66,0.77,97.9,42.35,41.756875,-1.4204247803505423,15.11,52.3,-87.8,-10.6,16.0,44.69,37,2,6,1,1.02,61,0,0,0,0,normal,,0.0,normal
2026-09-15 04:30:00,Telkom,Gauteng,Pretoria,PTA-HAT-011,PTA-HAT-011-B,RAN,98.96,98.89375000000001,0.06624999999998238,99.22,0.38,98.35,41.21,42.033125,1.958276954187911,12.87,55.1,-89.0,-8.5,14.1,53.48,39,4,2,1,0.2,0,1,0,0,0,normal,,0.0,normal
2026-09-15 04:45:00,Telkom,Gauteng,Pretoria,PTA-HAT-011,PTA-HAT-011-B,RAN,99.62,98.928125,0.6918750000000102,98.94,0.48,99.25,43.21,41.580000000000005,-3.9201539201539086,12.82,52.3,-86.7,-9.8,14.2,44.84,40,0,0,0,0.92,14,1,0,0,0,normal,,0.0,normal
2026-09-15 05:00:00,Telkom,Gauteng,Pretoria,PTA-HAT-011,PTA-HAT-011-B,RAN,98.85,98.964375,-0.11437500000000966,98.33,0.45,98.18,38.9,42.135,7.677702622522842,12.27,56.8,-89.4,-8.2,14.6,55.62,49,7,4,2,1.04,101,1,0,0,0,normal,,0.0,normal
2026-09-15 05:15:00,Telkom,Gauteng,Pretoria,PTA-HAT-011,PTA-HAT-011-B,RAN,99.39,98.97937499999999,0.41062500000001023,99.13,0.39,99.18,37.81,42.02875,10.037771763376261,11.45,61.3,-85.2,-11.0,17.2,49.07,41,2,0,0,0.57,0,1,0,0,0,normal,,0.0,normal
2026-09-15 05:30:00,Telkom,Gauteng,Pretoria,PTA-HAT-011,PTA-HAT-011-B,RAN,99.52,99.010625,0.5093749999999915,98.52,0.81,97.81,42.21,42.1225,-0.20772746157041622,12.32,49.5,-89.4,-9.4,19.2,46.74,43,0,3,2,0.81,91,1,0,0,0,normal,,0.0,normal
2026-09-15 05:45:00,Telkom,Gauteng,Pretoria,PTA-HAT-011,PTA-HAT-011-B,RAN,98.57,99.035625,-0.46562500000000284,98.36,0.49,98.86,31.43,41.969375,25.11206087772334,12.55,57.9,-89.9,-7.0,20.5,59.75,37,7,2,2,0.7,39,0,0,0,0,normal,,0.0,normal
2026-09-15 06:00:00,Telkom,Gauteng,Pretoria,PTA-HAT-011,PTA-HAT-011-B,RAN,99.49,99.011875,0.4781249999999915,98.75,0.8,98.46,36.98,41.019375,9.847480611296492,12.72,49.4,-84.5,-10.1,16.5,56.15,49,3,2,5,0.58,0,0,0,0,0,normal,,0.0,normal
2026-09-15 06:15:00,Telkom,Gauteng,Pretoria,PTA-HAT-011,PTA-HAT-011-B,RAN,99.34,99.061875,0.27812500000000284,97.81,0.13,97.84,45.65,40.67,-12.244897959183664,9.89,58.7,-83.3,-8.8,12.2,55.1,45,1,3,0,0.89,33,0,0,0,0,normal,,0.0,normal
2026-09-15 06:30:00,Telkom,Gauteng,Pretoria,PTA-HAT-011,PTA-HAT-011-B,RAN,99.07,99.07687499999999,-0.006874999999993747,99.22,0.23,98.67,29.4,40.89625,28.110768102209864,11.85,59.1,-90.5,-9.2,16.9,59.92,44,4,0,0,0.94,0,0,0,0,0,normal,,0.0,normal
2026-09-15 06:45:00,Telkom,Gauteng,Pretoria,PTA-HAT-011,PTA-HAT-011-B,RAN,98.88,99.096875,-0.2168750000000017,97.95,0.4,98.16,34.33,40.153124999999996,14.502295898513498,12.15,59.8,-93.7,-9.9,21.2,54.19,48,3,11,0,0.1,0,0,0,0,0,normal,,0.0,normal
2026-09-15 07:00:00,Telkom,Gauteng,Pretoria,PTA-HAT-011,PTA-HAT-011-B,RAN,98.95,99.09125,-0.14124999999999943,98.75,0.49,99.24,38.61,40.088125,3.6871891613788335,13.69,55.2,-82.5,-9.4,13.9,54.07,46,3,3,1,0.33,45,0,0,0,0,normal,,0.0,normal
2026-09-15 07:15:00,Telkom,Gauteng,Pretoria,PTA-HAT-011,PTA-HAT-011-B,RAN,99.03,99.084375,-0.05437499999999318,98.47,0.26,98.29,38.42,40.588125,5.341771762060938,10.72,47.2,-85.6,-10.7,16.0,52.25,47,3,2,1,0.97,0,0,0,0,0,normal,,0.0,normal
2026-09-15 07:30:00,Telkom,Gauteng,Pretoria,PTA-HAT-011,PTA-HAT-011-B,RAN,99.14,99.068125,0.07187500000000568,99.39,0.17,98.55,28.94,39.91375,27.493658200494814,12.04,53.8,-84.5,-9.0,19.7,65.13,59,5,2,0,0.78,0,0,0,0,0,normal,,0.0,normal
2026-09-15 07:45:00,Telkom,Gauteng,Pretoria,PTA-HAT-011,PTA-HAT-011-B,RAN,98.94,99.07625,-0.13625000000000398,99.2,0.54,98.1,32.49,38.685625,16.01531576651534,7.94,55.2,-88.1,-9.6,15.9,66.52,61,3,2,2,0.66,60,0,0,0,0,normal,,0.0,normal
2026-09-15 08:00:00,Telkom,Gauteng,Pretoria,PTA-HAT-011,PTA-HAT-011-B,RAN,98.8,99.05562499999999,-0.2556249999999949,97.89,0.34,99.26,30.15,37.884375000000006,20.41573867854493,11.03,41.4,-86.2,-10.2,18.6,60.42,53,6,4,0,0.87,64,1,0,0,0,normal,,0.0,normal
2026-09-15 08:15:00,Telkom,Gauteng,Pretoria,PTA-HAT-011,PTA-HAT-011-B,RAN,98.76,99.070625,-0.3106250000000017,98.46,0.72,97.56,40.78,37.005625,-10.199462919488589,14.19,56.0,-79.8,-9.4,15.8,56.9,57,8,3,5,0.77,5,1,0,0,0,normal,,0.0,normal
2026-09-15 08:30:00,Telkom,Gauteng,Pretoria,PTA-HAT-011,PTA-HAT-011-B,RAN,99.01,99.081875,-0.07187499999999147,99.53,0.05,98.19,35.66,36.9075,3.380071801124439,13.78,57.1,-83.8,-9.7,15.9,54.9,49,2,2,0,1.1,201,0,0,0,0,normal,,0.0,normal
2026-09-15 08:45:00,Telkom,Gauteng,Pretoria,PTA-HAT-011,PTA-HAT-011-B,RAN,99.11,99.08500000000001,0.024999999999991473,98.79,0.68,98.26,35.47,36.560624999999995,2.9830589602885507,10.43,53.9,-81.4,-8.6,15.5,62.72,54,2,9,3,0.71,144,0,0,0,0,normal,,0.0,normal
2026-09-15 09:00:00,Telkom,Gauteng,Pretoria,PTA-HAT-011,PTA-HAT-011-B,RAN,99.24,99.053125,0.18687500000000057,99.26,0.65,97.89,33.39,36.076875,7.447637856660258,13.7,54.1,-85.4,-10.5,19.4,67.97,61,1,2,3,0.78,137,0,0,0,0,normal,,0.0,normal
2026-09-15 09:15:00,Telkom,Gauteng,Pretoria,PTA-HAT-011,PTA-HAT-011-B,RAN,99.11,99.0775,0.03249999999999886,98.8,0.76,98.37,37.56,35.732499999999995,-5.114391660253293,11.94,54.8,-89.6,-10.2,16.0,58.59,63,1,4,3,0.37,151,0,0,0,0,normal,,0.0,normal
2026-09-15 09:30:00,Telkom,Gauteng,Pretoria,PTA-HAT-011,PTA-HAT-011-B,RAN,98.85,99.06,-0.21000000000000796,98.82,0.49,98.44,38.63,35.716875,-8.15615867849581,10.03,51.9,-88.4,-13.7,16.6,70.41,67,10,5,4,1.22,154,0,0,0,0,normal,,0.0,normal
2026-09-15 09:45:00,Telkom,Gauteng,Pretoria,PTA-HAT-011,PTA-HAT-011-B,RAN,99.49,99.018125,0.47187499999999716,98.99,0.48,98.99,26.25,35.493125,26.042015178995932,7.87,55.2,-82.8,-11.0,18.3,71.53,63,4,7,3,0.46,0,0,0,0,0,normal,,0.0,normal
2026-09-15 10:00:00,Telkom,Gauteng,Pretoria,PTA-HAT-011,PTA-HAT-011-B,RAN,98.72,99.075625,-0.3556250000000034,98.57,0.56,99.25,34.4,35.169375,2.1876277300918874,11.98,58.2,-82.0,-10.8,20.2,62.7,59,8,7,2,0.51,0,0,0,0,0,normal,,0.0,normal
2026-09-15 10:15:00,Telkom,Gauteng,Pretoria,PTA-HAT-011,PTA-HAT-011-B,RAN,99.24,99.0275,0.21249999999999147,98.93,0.74,98.22,28.49,35.008125,18.61889204291861,14.38,53.8,-89.1,-8.4,16.5,59.13,65,0,3,4,0.55,58,0,0,0,0,normal,,0.0,normal
2026-09-15 10:30:00,Telkom,Gauteng,Pretoria,PTA-HAT-011,PTA-HAT-011-B,RAN,99.89,99.02125000000001,0.8687499999999915,98.69,0.6,98.78,34.77,33.935625,-2.4586993756561175,10.56,61.3,-82.6,-9.5,16.2,60.19,64,1,0,2,0.43,241,1,0,0,0,normal,,0.0,normal
2026-09-15 10:45:00,Telkom,Gauteng,Pretoria,PTA-HAT-011,PTA-HAT-011-B,RAN,99.42,99.07249999999999,0.3475000000000108,98.95,0.26,98.5,35.33,34.27125,-3.08932414195571,12.24,58.0,-83.9,-9.4,22.0,59.45,59,4,3,3,0.73,0,1,0,0,0,normal,,0.0,normal
2026-09-15 11:00:00,Telkom,Gauteng,Pretoria,PTA-HAT-011,PTA-HAT-011-B,RAN,99.19,99.10625,0.08374999999999488,99.17,0.52,99.26,46.23,34.33375,-34.64885134889138,13.38,53.2,-89.3,-7.4,12.7,54.22,57,4,4,3,1.15,0,1,0,0,0,normal,,0.0,normal
2026-09-15 11:15:00,Telkom,Gauteng,Pretoria,PTA-HAT-011,PTA-HAT-011-B,RAN,99.38,99.12125,0.25874999999999204,98.92,0.88,99.22,30.91,34.809999999999995,11.203677104280366,6.96,58.2,-86.4,-10.2,18.6,70.81,60,3,4,5,1.16,0,1,0,0,0,normal,,0.0,normal
2026-09-15 11:30:00,Telkom,Gauteng,Pretoria,PTA-HAT-011,PTA-HAT-011-B,RAN,98.86,99.143125,-0.2831249999999983,98.74,0.77,97.62,37.39,34.340625,-8.879788879788872,11.71,61.7,-86.5,-8.6,17.3,61.49,62,6,7,3,1.06,113,1,0,0,0,normal,,0.0,normal
2026-09-15 11:45:00,Telkom,Gauteng,Pretoria,PTA-HAT-011,PTA-HAT-011-B,RAN,99.8,99.125625,0.6743749999999977,98.91,0.42,98.28,40.53,34.86875,-16.235884567126732,8.7,52.4,-81.6,-10.5,18.7,60.91,61,0,3,3,0.63,159,1,0,0,0,normal,,0.0,normal
2026-09-15 12:00:00,Telkom,Gauteng,Pretoria,PTA-HAT-011,PTA-HAT-011-B,RAN,99.28,99.17937500000001,0.10062499999999375,99.29,0.31,98.46,32.83,35.371249999999996,7.184507191575074,12.44,55.5,-87.9,-10.7,19.5,54.77,54,1,8,2,0.86,47,1,0,0,0,normal,,0.0,normal
2026-09-15 12:15:00,Telkom,Gauteng,Pretoria,PTA-HAT-011,PTA-HAT-011-B,RAN,99.9,99.209375,0.6906250000000114,99.09,0.86,98.72,29.44,35.53875,17.16084555590728,8.5,61.0,-82.1,-9.1,15.9,65.98,60,0,2,3,0.58,70,1,0,0,0,normal,,0.0,normal
2026-09-15 12:30:00,Telkom,Gauteng,Pretoria,PTA-HAT-011,PTA-HAT-011-B,RAN,99.03,99.280625,-0.25062499999999943,99.02,0.35,98.71,41.33,34.83,-18.662072925638817,9.21,56.4,-84.8,-10.2,18.0,55.48,61,4,2,0,1.78,72,0,0,1,0,normal,,0.0,normal
2026-09-15 12:45:00,Telkom,Gauteng,Pretoria,PTA-HAT-011,PTA-HAT-011-B,RAN,98.7,99.281875,-0.5818749999999966,99.14,0.66,98.23,32.71,35.184375,7.032596145305983,13.66,57.4,-84.0,-10.0,16.9,58.56,62,8,4,2,0.73,0,0,0,1,0,normal,,0.0,normal
2026-09-15 13:00:00,Telkom,Gauteng,Pretoria,PTA-HAT-011,PTA-HAT-011-B,RAN,99.16,99.25625,-0.09624999999999773,97.95,1.01,98.68,39.68,35.011875,-13.33297631160855,11.55,39.5,-89.6,-10.7,18.3,49.91,52,4,12,6,0.52,82,0,0,1,0,normal,,0.0,normal
2026-09-15 13:15:00,Telkom,Gauteng,Pretoria,PTA-HAT-011,PTA-HAT-011-B,RAN,98.83,99.25125,-0.42125000000000057,98.83,0.8,99.05,36.27,35.405,-2.4431577460810674,12.98,56.9,-86.9,-10.0,20.0,54.56,46,3,2,3,0.75,91,0,0,1,0,normal,,0.0,normal
2026-09-15 13:30:00,Telkom,Gauteng,Pretoria,PTA-HAT-011,PTA-HAT-011-B,RAN,98.38,99.23374999999999,-0.8537499999999909,99.01,0.21,99.19,34.69,35.324374999999996,1.7958562607264774,10.07,60.3,-86.6,-9.2,14.9,59.74,56,12,5,1,0.36,0,0,0,0,0,normal,,0.0,normal
2026-09-15 13:45:00,Telkom,Gauteng,Pretoria,PTA-HAT-011,PTA-HAT-011-B,RAN,99.47,99.204375,0.265625,98.93,0.47,98.48,38.24,35.078125,-9.013808463251676,8.62,58.5,-86.1,-9.4,14.5,55.1,55,0,0,1,0.99,74,0,0,0,0,normal,,0.0,normal
2026-09-15 14:00:00,Telkom,Gauteng,Pretoria,PTA-HAT-011,PTA-HAT-011-B,RAN,99.01,99.203125,-0.19312499999999488,99.02,1.07,98.88,30.59,35.8275,14.618658851440932,14.02,49.0,-86.4,-10.2,17.9,59.0,57,5,3,4,1.13,102,0,0,0,0,normal,,0.0,normal
2026-09-15 14:15:00,Telkom,Gauteng,Pretoria,PTA-HAT-011,PTA-HAT-011-B,RAN,98.95,99.22125,-0.2712499999999949,99.05,0.59,98.51,44.71,35.589375,-25.62738176773266,11.48,40.8,-88.6,-10.7,15.0,50.72,48,3,5,3,0.8,74,0,0,0,0,normal,,0.0,normal
2026-09-15 14:30:00,Telkom,Gauteng,Pretoria,PTA-HAT-011,PTA-HAT-011-B,RAN,99.81,99.203125,0.6068750000000023,98.92,0.27,98.43,42.41,36.603125,-15.864424144113373,13.75,52.8,-90.6,-10.7,14.9,55.07,44,3,5,3,0.7,0,0,0,0,0,normal,,0.0,normal
2026-09-15 14:45:00,Telkom,Gauteng,Pretoria,PTA-HAT-011,PTA-HAT-011-B,RAN,99.31,99.198125,0.11187499999999773,98.58,0.27,98.0,39.23,37.080625,-5.796490754942775,9.59,51.8,-86.8,-8.3,18.1,56.29,52,6,5,2,0.69,62,0,0,0,0,normal,,0.0,normal
2026-09-15 15:00:00,Telkom,Gauteng,Pretoria,PTA-HAT-011,PTA-HAT-011-B,RAN,98.64,99.19125,-0.551249999999996,98.73,0.2,98.98,44.03,37.324374999999996,-17.9658065272359,12.41,66.2,-86.7,-12.8,21.4,46.52,40,5,2,0,0.63,0,0,0,0,0,normal,,0.0,normal
2026-09-15 15:15:00,Telkom,Gauteng,Pretoria,PTA-HAT-011,PTA-HAT-011-B,RAN,99.52,99.156875,0.3631249999999966,98.99,0.81,98.03,30.87,37.186875,16.986840114959914,10.08,68.4,-83.2,-10.1,19.5,59.48,59,1,4,3,0.19,51,0,0,0,0,normal,,0.0,normal
2026-09-15 15:30:00,Telkom,Gauteng,Pretoria,PTA-HAT-011,PTA-HAT-011-B,RAN,98.95,99.165625,-0.21562500000000284,98.64,0.48,98.95,41.36,37.184374999999996,-11.229515085301298,14.84,50.6,-84.5,-11.7,16.4,47.42,43,6,1,2,0.56,0,0,0,0,0,normal,,0.0,normal
2026-09-15 15:45:00,Telkom,Gauteng,Pretoria,PTA-HAT-011,PTA-HAT-011-B,RAN,98.35,99.17125,-0.8212500000000063,99.1,0.14,98.5,40.66,37.4325,-8.622186602551258,12.11,61.4,-84.3,-8.8,17.6,47.14,46,6,3,0,0.93,210,0,0,0,0,normal,,0.0,normal
2026-09-15 16:00:00,Telkom,Gauteng,Pretoria,PTA-HAT-011,PTA-HAT-011-B,RAN,99.41,99.080625,0.32937499999999886,98.48,0.72,98.33,42.32,37.440625,-13.032301143477182,8.75,59.2,-82.8,-9.3,13.9,57.07,50,3,7,4,0.55,84,0,0,0,0,normal,,0.0,normal
2026-09-15 16:15:00,Telkom,Gauteng,Pretoria,PTA-HAT-011,PTA-HAT-011-B,RAN,98.53,99.08875,-0.5587500000000034,98.99,0.64,98.64,29.37,38.03375,22.7791106582969,10.04,59.8,-86.2,-9.0,16.4,62.85,56,10,3,4,1.64,0,0,0,0,0,normal,,0.0,normal
2026-09-15 16:30:00,Telkom,Gauteng,Pretoria,PTA-HAT-011,PTA-HAT-011-B,RAN,99.11,99.003125,0.10687500000000227,98.58,0.67,98.2,38.95,38.029375,-2.4208260062123057,13.21,48.1,-83.4,-12.9,13.3,57.41,48,7,7,1,0.8,95,0,0,0,0,normal,,0.0,normal
2026-09-15 16:45:00,Telkom,Gauteng,Pretoria,PTA-HAT-011,PTA-HAT-011-B,RAN,98.94,99.00812499999999,-0.06812499999999488,98.21,0.29,98.8,38.78,37.880624999999995,-2.374234849609811,10.34,54.0,-85.0,-9.3,16.9,56.13,44,3,1,2,0.83,0,0,0,0,0,normal,,0.0,normal
2026-09-15 17:00:00,Telkom,Gauteng,Pretoria,PTA-HAT-011,PTA-HAT-011-B,RAN,98.7,99.023125,-0.32312499999999034,98.19,0.69,98.41,34.04,38.26,11.029796131730265,12.09,50.3,-87.4,-11.7,19.6,66.2,49,9,6,4,0.99,165,1,0,0,0,normal,,0.0,normal
2026-09-15 17:15:00,Telkom,Gauteng,Pretoria,PTA-HAT-011,PTA-HAT-011-B,RAN,99.27,98.994375,0.2756249999999909,99.14,0.52,99.25,42.27,37.9075,-11.50827672624152,12.07,54.7,-85.3,-9.9,19.5,58.79,53,3,3,0,0.78,137,2,0,0,0,normal,,0.0,normal
2026-09-15 17:30:00,Telkom,Gauteng,Pretoria,PTA-HAT-011,PTA-HAT-011-B,RAN,99.33,99.02187500000001,0.30812499999998977,98.89,0.31,98.86,35.55,38.2825,7.137726115065634,9.25,52.8,-84.6,-9.4,18.2,65.91,64,5,8,1,0.92,35,2,0,0,0,normal,,0.0,normal
2026-09-15 17:45:00,Telkom,Gauteng,Pretoria,PTA-HAT-011,PTA-HAT-011-B,RAN,99.19,99.08125,0.10875000000000057,99.39,1.04,98.49,40.6,38.33625,-5.904985490234443,15.76,53.1,-85.3,-8.9,17.9,62.43,59,4,2,6,0.2,89,1,0,0,0,normal,,0.0,normal
2026-09-15 18:00:00,Telkom,Gauteng,Pretoria,PTA-HAT-011,PTA-HAT-011-B,RAN,99.46,99.06375,0.3962499999999949,98.51,0.5,98.53,41.28,38.48374999999999,-7.266053853899394,13.51,49.7,-81.4,-8.9,14.9,51.14,48,1,1,1,0.68,6,0,0,0,0,normal,,0.0,normal
2026-09-15 18:15:00,Telkom,Gauteng,Pretoria,PTA-HAT-011,PTA-HAT-011-B,RAN,98.76,99.091875,-0.3318749999999966,99.19,0.25,99.04,35.96,39.151875000000004,8.152546972526865,10.73,43.7,-84.5,-8.7,14.5,54.48,51,9,4,2,0.78,241,0,0,0,0,normal,,0.0,normal
2026-09-15 18:30:00,Telkom,Gauteng,Pretoria,PTA-HAT-011,PTA-HAT-011-B,RAN,99.03,99.08,-0.04999999999999716,99.11,0.31,98.44,31.44,38.605,18.559772050252548,12.55,66.4,-88.2,-9.6,19.7,58.1,63,6,1,1,0.71,36,0,0,0,0,normal,,0.0,normal
2026-09-15 18:45:00,Telkom,Gauteng,Pretoria,PTA-HAT-011,PTA-HAT-011-B,RAN,99.45,99.03125,0.41875000000000284,98.49,0.77,98.35,38.31,37.919375,-1.0301461983484697,12.06,50.5,-88.3,-12.3,17.6,58.82,52,4,7,4,0.1,87,0,0,0,0,normal,,0.0,normal
2026-09-15 19:00:00,Telkom,Gauteng,Pretoria,PTA-HAT-011,PTA-HAT-011-B,RAN,98.56,99.04,-0.480000000000004,98.56,0.42,98.74,38.18,37.861875,-0.8402251605341838,10.41,59.1,-89.1,-9.3,14.7,55.5,55,8,5,4,0.1,0,0,0,0,0,normal,,0.0,normal
2026-09-15 19:15:00,Telkom,Gauteng,Pretoria,PTA-HAT-011,PTA-HAT-011-B,RAN,99.1,99.035,0.06499999999999773,98.96,0.5,97.78,33.46,37.49625,10.76440977431077,11.79,56.0,-78.7,-10.7,16.5,64.73,62,6,4,4,0.91,52,0,0,0,0,normal,,0.0,normal
2026-09-15 19:30:00,Telkom,Gauteng,Pretoria,PTA-HAT-011,PTA-HAT-011-B,RAN,99.74,99.00874999999999,0.7312500000000028,99.69,1.04,99.27,35.1,37.658125,6.793022754053732,12.66,62.4,-88.2,-11.2,18.7,71.21,66,1,2,7,0.96,170,0,0,0,0,normal,,0.0,normal
2026-09-15 19:45:00,Telkom,Gauteng,Pretoria,PTA-HAT-011,PTA-HAT-011-B,RAN,99.32,99.05812499999999,0.2618750000000034,98.59,0.13,99.43,36.96,37.266875,0.8234524628104664,10.89,58.7,-87.0,-11.0,16.7,65.6,54,0,1,1,0.52,0,0,0,0,0,normal,,0.0,normal
2026-09-15 20:00:00,Telkom,Gauteng,Pretoria,PTA-HAT-011,PTA-HAT-011-B,RAN,99.3,99.11875,0.18124999999999147,98.98,0.28,98.49,41.74,37.035625,-12.702296775064545,10.72,58.7,-89.5,-8.2,15.9,50.19,54,2,6,0,0.61,22,0,0,0,0,normal,,0.0,normal
2026-09-15 20:15:00,Telkom,Gauteng,Pretoria,PTA-HAT-011,PTA-HAT-011-B,RAN,99.25,99.111875,0.13812500000000227,99.04,0.41,99.66,34.92,36.999375,5.620027365327114,12.78,43.6,-88.1,-12.2,18.5,55.53,48,4,0,0,0.66,0,0,0,0,0,normal,,0.0,normal
2026-09-15 20:30:00,Telkom,Gauteng,Pretoria,PTA-HAT-011,PTA-HAT-011-B,RAN,98.63,99.156875,-0.526875000000004,98.47,0.33,99.11,38.4,37.34625,-2.8215684305653204,10.76,53.1,-87.3,-10.3,16.4,63.28,47,8,7,1,1.05,79,0,0,0,0,normal,,0.0,normal
2026-09-15 20:45:00,Telkom,Gauteng,Pretoria,PTA-HAT-011,PTA-HAT-011-B,RAN,98.6,99.126875,-0.526875000000004,99.37,0.79,99.1,25.78,37.311875,30.90671535536608,8.76,59.4,-89.3,-9.7,14.2,64.21,57,2,0,4,1.05,0,0,0,0,0,normal,,0.3,normal
2026-09-15 21:00:00,Telkom,Gauteng,Pretoria,PTA-HAT-011,PTA-HAT-011-B,RAN,99.09,99.105625,-0.015625,99.26,0.63,99.0,43.15,36.499375,-18.221202417849618,10.7,49.4,-88.9,-9.0,18.5,47.95,51,7,1,2,0.34,92,1,0,0,0,normal,,0.0,normal
2026-09-15 21:15:00,Telkom,Gauteng,Pretoria,PTA-HAT-011,PTA-HAT-011-B,RAN,99.19,99.13,0.060000000000002274,99.29,0.29,98.24,41.02,37.06875,-10.659248018883835,12.91,44.4,-87.4,-10.6,22.2,51.41,43,3,4,0,0.34,55,1,0,0,0,normal,,0.0,normal
2026-09-15 21:30:00,Telkom,Gauteng,Pretoria,PTA-HAT-011,PTA-HAT-011-B,RAN,99.51,99.125,0.3850000000000051,98.72,0.05,98.06,47.9,36.990625,-29.4922700008448,13.92,54.4,-86.8,-10.4,19.9,38.63,35,0,0,0,0.56,150,1,0,0,0,normal,,0.0,normal
2026-09-15 21:45:00,Telkom,Gauteng,Pretoria,PTA-HAT-011,PTA-HAT-011-B,RAN,98.45,99.13625,-0.6862500000000011,99.42,0.66,98.36,40.58,37.762499999999996,-7.461105594174122,10.73,51.9,-82.7,-8.9,16.0,56.16,37,8,4,1,0.84,40,1,0,0,0,normal,,0.0,normal
2026-09-15 22:00:00,Telkom,Gauteng,Pretoria,PTA-HAT-011,PTA-HAT-011-B,RAN,98.06,99.09,-1.0300000000000011,99.39,0.21,98.62,42.48,37.761250000000004,-12.496275944255004,10.14,43.4,-81.9,-9.4,14.0,40.47,33,8,2,0,0.11,0,1,0,0,0,normal,,0.0,normal
2026-09-15 22:15:00,Telkom,Gauteng,Pretoria,PTA-HAT-011,PTA-HAT-011-B,RAN,98.7,99.0025,-0.3024999999999949,99.38,0.53,99.13,40.07,37.83625,-5.903729888664972,11.29,51.5,-83.4,-10.3,15.6,56.76,47,8,5,3,1.33,52,1,0,0,0,normal,,0.0,normal
2026-09-15 22:30:00,Telkom,Gauteng,Pretoria,PTA-HAT-011,PTA-HAT-011-B,RAN,99.53,98.99875,0.53125,98.43,0.23,97.99,38.6,38.093125,-1.330620682866005,13.44,57.5,-79.8,-10.5,16.8,49.61,41,0,7,0,0.34,85,1,0,0,0,normal,,0.0,normal
2026-09-15 22:45:00,Telkom,Gauteng,Pretoria,PTA-HAT-011,PTA-HAT-011-B,RAN,99.14,99.03,0.10999999999999943,98.66,0.41,98.64,30.75,38.540625,20.214059839455118,12.21,63.5,-82.1,-10.1,16.9,64.11,40,0,3,2,0.31,19,1,0,0,0,normal,,0.0,normal
2026-09-15 23:00:00,Telkom,Gauteng,Pretoria,PTA-HAT-011,PTA-HAT-011-B,RAN,99.04,99.01062499999999,0.029375000000015916,98.75,0.63,99.36,37.88,38.068125,0.49417984205946425,11.79,52.5,-82.7,-8.6,15.8,58.18,45,2,5,2,0.1,23,0,0,0,0,normal,,0.0,normal
2026-09-15 23:15:00,Telkom,Gauteng,Pretoria,PTA-HAT-011,PTA-HAT-011-B,RAN,99.1,99.040625,0.05937499999998863,99.24,0.52,98.15,45.98,38.049375,-20.84298362325268,10.21,53.5,-84.2,-10.1,16.1,49.72,48,0,2,2,1.57,0,0,0,0,0,normal,,0.0,normal
2026-09-15 23:30:00,Telkom,Gauteng,Pretoria,PTA-HAT-011,PTA-HAT-011-B,RAN,99.07,99.040625,0.029374999999987494,98.68,0.27,97.94,45.37,38.831875,-16.837005681543836,14.55,41.0,-83.1,-9.3,18.5,45.3,36,2,3,2,1.27,0,0,0,0,0,normal,,0.0,normal
2026-09-15 23:45:00,Telkom,Gauteng,Pretoria,PTA-HAT-011,PTA-HAT-011-B,RAN,99.22,98.99875,0.22124999999999773,99.09,0.18,98.02,47.7,39.47375,-20.839798600335666,13.4,57.6,-90.8,-8.5,21.0,47.73,33,0,0,0,0.1,0,0,0,0,0,normal,,0.0,normal
2026-09-14 00:00:00,Telkom,Gauteng,Pretoria,PTA-HAT-011,PTA-HAT-011-C,RAN,99.34,99.34,0.0,99.23,0.51,98.01,40.59,40.59,0.0,13.18,43.2,-87.0,-10.4,17.1,46.38,35,1,0,0,0.1,0,0,0,0,0,normal,,0.0,normal
2026-09-14 00:15:00,Telkom,Gauteng,Pretoria,PTA-HAT-011,PTA-HAT-011-C,RAN,99.08,99.34,-0.2600000000000051,99.08,0.5,99.03,39.61,40.59,2.4143877802414484,11.03,39.7,-81.5,-10.5,13.3,48.66,36,2,0,0,0.49,46,0,0,0,0,normal,,0.0,normal
2026-09-14 00:30:00,Telkom,Gauteng,Pretoria,PTA-HAT-011,PTA-HAT-011-C,RAN,99.9,99.21000000000001,0.6899999999999977,99.03,0.48,97.28,42.18,40.1,-5.187032418952614,12.0,54.2,-81.8,-8.6,12.7,62.08,37,0,0,1,0.72,0,0,0,0,0,normal,,0.0,normal
2026-09-14 00:45:00,Telkom,Gauteng,Pretoria,PTA-HAT-011,PTA-HAT-011-C,RAN,98.74,99.44,-0.7000000000000028,98.54,0.63,98.26,44.3,40.79333333333333,-8.59617584572643,11.25,53.1,-89.7,-8.2,12.8,41.37,26,3,0,2,0.79,140,0,0,0,0,normal,,0.0,normal
2026-09-14 01:00:00,Telkom,Gauteng,Pretoria,PTA-HAT-011,PTA-HAT-011-C,RAN,99.24,99.265,-0.025000000000005684,99.04,0.6,98.25,37.18,41.67,10.775137988960887,11.82,60.5,-78.0,-12.1,17.4,51.41,34,2,0,1,1.15,0,0,0,0,0,normal,,0.0,normal
2026-09-14 01:15:00,Telkom,Gauteng,Pretoria,PTA-HAT-011,PTA-HAT-011-C,RAN,98.71,99.26,-0.5500000000000114,98.6,0.65,99.1,39.33,40.772000000000006,3.5367409006180885,13.07,46.6,-82.8,-10.0,16.4,44.82,34,5,2,4,0.52,64,0,0,0,0,normal,,0.0,normal
2026-09-14 01:30:00,Telkom,Gauteng,Pretoria,PTA-HAT-011,PTA-HAT-011-C,RAN,99.01,99.16833333333334,-0.15833333333333144,98.85,0.37,98.58,43.46,40.531666666666666,-7.224803651465934,15.76,60.4,-84.2,-11.5,17.2,41.3,36,1,3,1,0.91,2,0,0,0,0,normal,,0.0,normal
2026-09-14 01:45:00,Telkom,Gauteng,Pretoria,PTA-HAT-011,PTA-HAT-011-C,RAN,99.53,99.14571428571428,0.3842857142857241,98.76,0.46,97.95,32.35,40.949999999999996,21.00122100122099,16.5,59.7,-89.5,-11.7,14.3,49.91,33,0,3,0,0.26,39,0,0,0,0,normal,,0.0,normal
2026-09-14 02:00:00,Telkom,Gauteng,Pretoria,PTA-HAT-011,PTA-HAT-011-C,RAN,99.04,99.19375,-0.15374999999998806,98.64,0.56,98.07,43.8,39.875,-9.843260188087767,13.38,57.4,-85.1,-7.3,18.3,36.08,37,4,2,3,0.65,80,0,0,0,0,normal,,0.0,normal
2026-09-14 02:15:00,Telkom,Gauteng,Pretoria,PTA-HAT-011,PTA-HAT-011-C,RAN,98.99,99.17666666666668,-0.18666666666668164,99.33,0.52,98.49,44.27,40.31111111111111,-9.820837927232645,11.34,48.8,-84.5,-11.0,17.4,44.88,34,3,2,2,0.98,1,0,0,0,0,normal,,0.0,normal
2026-09-14 02:30:00,Telkom,Gauteng,Pretoria,PTA-HAT-011,PTA-HAT-011-C,RAN,99.0,99.158,-0.15800000000000125,98.63,0.41,98.62,43.17,40.707,-6.05055641535854,9.99,55.6,-89.6,-10.3,16.3,44.06,32,5,4,0,0.65,118,0,0,0,0,normal,,0.0,normal
2026-09-14 02:45:00,Telkom,Gauteng,Pretoria,PTA-HAT-011,PTA-HAT-011-C,RAN,98.84,99.14363636363636,-0.3036363636363575,98.47,0.56,98.61,32.14,40.93090909090909,21.477434257285,10.61,42.6,-83.5,-10.9,18.6,49.93,34,5,3,1,0.53,63,0,0,0,0,normal,,0.0,normal
2026-09-14 03:00:00,Telkom,Gauteng,Pretoria,PTA-HAT-011,PTA-HAT-011-C,RAN,98.74,99.11833333333334,-0.3783333333333445,98.82,0.3,98.98,41.97,40.19833333333333,-4.407313736058714,12.9,44.9,-87.5,-10.3,13.4,48.34,36,3,2,0,0.79,0,0,0,0,0,normal,,0.0,normal
2026-09-14 03:15:00,Telkom,Gauteng,Pretoria,PTA-HAT-011,PTA-HAT-011-C,RAN,99.29,99.08923076923078,0.20076923076922526,98.95,0.34,98.69,45.41,40.33461538461539,-12.583198245446722,13.49,54.8,-84.0,-11.1,18.6,51.86,43,6,1,0,0.6,8,0,0,0,0,normal,,0.0,normal
2026-09-14 03:30:00,Telkom,Gauteng,Pretoria,PTA-HAT-011,PTA-HAT-011-C,RAN,98.73,99.10357142857143,-0.3735714285714238,98.56,1.27,99.18,46.06,40.69714285714286,-13.17747823645044,14.36,38.9,-82.1,-10.6,17.1,46.96,33,4,7,3,1.34,49,0,0,0,0,normal,,0.0,normal
2026-09-14 03:45:00,Telkom,Gauteng,Pretoria,PTA-HAT-011,PTA-HAT-011-C,RAN,98.56,99.07866666666668,-0.5186666666666753,98.7,0.42,98.14,44.52,41.05466666666667,-8.440778149459257,9.76,56.8,-85.5,-11.4,17.5,46.89,36,4,1,3,1.34,0,0,0,0,0,normal,,0.0,normal
2026-09-14 04:00:00,Telkom,Gauteng,Pretoria,PTA-HAT-011,PTA-HAT-011-C,RAN,98.73,99.04625,-0.3162499999999966,99.19,0.84,99.59,37.31,41.27125,9.59808583457007,11.11,58.9,-84.3,-9.8,17.7,51.51,41,5,2,2,1.05,22,0,0,0,0,normal,,0.0,normal
2026-09-14 04:15:00,Telkom,Gauteng,Pretoria,PTA-HAT-011,PTA-HAT-011-C,RAN,99.84,99.008125,0.8318749999999966,98.98,0.58,97.94,38.77,41.06625,5.591574589839573,11.87,44.5,-87.5,-10.2,11.1,45.25,36,0,4,3,1.36,117,0,0,0,0,normal,,0.0,normal
2026-09-14 04:30:00,Telkom,Gauteng,Pretoria,PTA-HAT-011,PTA-HAT-011-C,RAN,98.96,99.05562499999999,-0.0956249999999983,99.47,0.38,99.12,44.16,41.013749999999995,-7.67120782664351,14.15,58.5,-86.1,-10.5,21.8,51.37,38,4,4,2,0.71,0,0,0,0,0,normal,,0.0,normal
2026-09-14 04:45:00,Telkom,Gauteng,Pretoria,PTA-HAT-011,PTA-HAT-011-C,RAN,99.38,98.996875,0.3831249999999926,98.5,0.5,98.05,38.16,41.1375,7.237921604375584,14.82,55.5,-81.5,-8.2,14.9,51.3,38,3,5,1,0.84,2,0,0,0,0,normal,,0.0,normal
2026-09-14 05:00:00,Telkom,Gauteng,Pretoria,PTA-HAT-011,PTA-HAT-011-C,RAN,99.24,99.03687500000001,0.2031249999999858,98.92,0.65,98.27,48.44,40.753750000000004,-18.860227586418414,13.02,53.3,-87.4,-8.8,16.9,46.18,34,3,3,1,0.67,49,0,0,0,0,normal,,0.0,normal
2026-09-14 05:15:00,Telkom,Gauteng,Pretoria,PTA-HAT-011,PTA-HAT-011-C,RAN,99.11,99.03687500000001,0.07312499999999034,98.62,0.05,98.68,40.22,41.457499999999996,2.984984622806482,13.84,42.8,-88.8,-10.4,14.6,47.19,34,7,2,0,0.51,0,0,0,0,0,normal,,0.0,normal
2026-09-14 05:30:00,Telkom,Gauteng,Pretoria,PTA-HAT-011,PTA-HAT-011-C,RAN,99.33,99.061875,0.2681249999999977,99.12,0.93,97.61,47.64,41.513125,-14.758886496740484,16.48,46.3,-82.5,-10.7,14.0,42.22,40,1,0,3,0.22,23,0,0,0,0,normal,,0.0,normal
2026-09-14 05:45:00,Telkom,Gauteng,Pretoria,PTA-HAT-011,PTA-HAT-011-C,RAN,99.76,99.081875,0.6781250000000085,98.8,1.15,98.65,43.14,41.774375,-3.2690495070243455,12.63,56.7,-77.5,-11.0,14.2,54.73,44,2,5,6,0.8,0,0,0,0,0,normal,,0.0,normal
2026-09-14 06:00:00,Telkom,Gauteng,Pretoria,PTA-HAT-011,PTA-HAT-011-C,RAN,98.9,99.09625,-0.19624999999999204,98.2,0.57,99.16,40.84,42.44875,3.789864248063827,11.46,60.7,-86.5,-10.6,21.8,57.45,44,6,11,3,0.46,0,0,0,0,0,normal,,0.0,normal
2026-09-14 06:15:00,Telkom,Gauteng,Pretoria,PTA-HAT-011,PTA-HAT-011-C,RAN,98.82,99.0875,-0.2675000000000125,98.63,0.33,98.33,36.79,42.26375,12.951406347046824,10.54,46.8,-87.1,-9.7,20.3,52.23,48,2,1,1,0.26,55,0,0,0,0,normal,,0.0,normal
2026-09-14 06:30:00,Telkom,Gauteng,Pretoria,PTA-HAT-011,PTA-HAT-011-C,RAN,98.77,99.076875,-0.3068750000000051,98.74,0.78,99.01,34.02,41.79625,18.605138020755444,10.26,56.8,-85.4,-10.3,17.2,64.88,39,5,5,2,0.79,0,0,0,0,0,normal,,0.0,normal
2026-09-14 06:45:00,Telkom,Gauteng,Pretoria,PTA-HAT-011,PTA-HAT-011-C,RAN,99.71,99.0625,0.6474999999999937,98.41,0.46,98.46,33.93,41.224375,17.694325262663174,11.55,53.0,-82.7,-8.6,18.3,58.07,50,0,4,1,0.61,36,0,0,0,0,normal,,0.0,normal
2026-09-14 07:00:00,Telkom,Gauteng,Pretoria,PTA-HAT-011,PTA-HAT-011-C,RAN,99.05,99.116875,-0.06687499999999602,98.62,0.41,98.37,35.21,41.33625,14.820526777344337,11.72,51.7,-87.1,-9.3,13.8,56.98,49,2,1,0,0.32,113,0,0,0,0,normal,,0.0,normal
2026-09-14 07:15:00,Telkom,Gauteng,Pretoria,PTA-HAT-011,PTA-HAT-011-C,RAN,99.25,99.13624999999999,0.11375000000001023,98.97,0.31,99.1,38.67,40.91375,5.484097644434936,12.59,56.1,-86.5,-8.9,16.5,58.68,56,5,0,2,0.38,48,0,0,0,0,normal,,0.0,normal
2026-09-14 07:30:00,Telkom,Gauteng,Pretoria,PTA-HAT-011,PTA-HAT-011-C,RAN,98.97,99.13374999999999,-0.16374999999999318,98.49,0.45,98.03,40.41,40.4925,0.20374143359882232,11.88,48.6,-83.9,-7.5,13.9,54.83,45,0,4,2,1.27,0,0,0,0,0,normal,,0.0,normal
2026-09-14 07:45:00,Telkom,Gauteng,Pretoria,PTA-HAT-011,PTA-HAT-011-C,RAN,98.95,99.14874999999999,-0.19874999999998977,99.03,0.7,98.5,33.65,40.139374999999994,16.16710524267006,13.55,52.9,-83.8,-10.0,11.4,60.16,54,3,3,3,0.61,0,0,0,0,0,normal,,0.0,normal
2026-09-14 08:00:00,Telkom,Gauteng,Pretoria,PTA-HAT-011,PTA-HAT-011-C,RAN,99.13,99.173125,-0.04312500000000341,98.87,0.7,98.14,41.46,39.46,-5.068423720223011,13.11,42.8,-87.8,-8.7,17.9,59.82,53,6,0,3,0.72,124,0,0,0,0,normal,,0.0,normal
2026-09-14 08:15:00,Telkom,Gauteng,Pretoria,PTA-HAT-011,PTA-HAT-011-C,RAN,99.9,99.198125,0.7018750000000011,98.75,0.59,98.64,27.39,39.719375,31.04121099589306,10.89,53.9,-87.2,-8.2,16.8,65.15,56,0,3,3,0.29,0,0,0,0,0,normal,,0.35,normal
2026-09-14 08:30:00,Telkom,Gauteng,Pretoria,PTA-HAT-011,PTA-HAT-011-C,RAN,99.2,99.201875,-0.0018749999999982947,98.83,0.11,98.99,39.72,39.008125,-1.824940316921152,8.21,45.5,-84.7,-7.9,17.8,60.04,60,2,4,0,0.77,0,0,0,0,0,normal,,0.0,normal
2026-09-14 08:45:00,Telkom,Gauteng,Pretoria,PTA-HAT-011,PTA-HAT-011-C,RAN,99.29,99.216875,0.07312500000000455,98.3,0.45,98.24,29.48,38.730624999999996,23.88452290661459,12.62,65.5,-88.0,-9.6,15.9,69.39,63,6,13,2,0.69,273,0,0,0,0,normal,,0.0,normal
2026-09-14 09:00:00,Telkom,Gauteng,Pretoria,PTA-HAT-011,PTA-HAT-011-C,RAN,99.22,99.21124999999999,0.008750000000006253,98.76,0.83,98.02,24.59,38.188125,35.608255184039535,12.58,65.5,-87.2,-10.3,13.1,64.18,65,7,9,6,0.44,220,0,0,0,0,normal,,1.87,normal
2026-09-14 09:15:00,Telkom,Gauteng,Pretoria,PTA-HAT-011,PTA-HAT-011-C,RAN,99.11,99.21,-0.09999999999999432,98.87,0.22,99.13,35.21,36.697500000000005,4.053409632808785,11.02,68.8,-88.9,-9.4,16.5,69.48,67,4,6,3,0.81,171,0,0,0,0,normal,,0.0,normal
2026-09-14 09:30:00,Telkom,Gauteng,Pretoria,PTA-HAT-011,PTA-HAT-011-C,RAN,99.4,99.21,0.19000000000001194,99.2,0.7,98.9,31.21,36.384375,14.2214205960663,9.54,52.6,-85.8,-9.9,14.7,64.56,66,4,2,5,0.98,0,0,0,0,0,normal,,0.0,normal
2026-09-14 09:45:00,Telkom,Gauteng,Pretoria,PTA-HAT-011,PTA-HAT-011-C,RAN,98.93,99.214375,-0.28437499999999716,98.45,0.56,98.84,29.22,35.3575,17.358410521105856,10.0,59.7,-84.8,-8.2,15.3,66.3,62,9,10,3,0.37,64,0,0,0,0,normal,,0.0,normal
2026-09-14 10:00:00,Telkom,Gauteng,Pretoria,PTA-HAT-011,PTA-HAT-011-C,RAN,99.11,99.16250000000001,-0.052500000000009095,99.11,0.17,98.74,31.35,34.487500000000004,9.0974990938746,9.69,53.7,-81.3,-10.4,12.6,64.61,61,5,0,0,1.19,199,0,0,0,0,normal,,0.0,normal
2026-09-14 10:15:00,Telkom,Gauteng,Pretoria,PTA-HAT-011,PTA-HAT-011-C,RAN,99.05,99.175625,-0.12562499999999943,99.08,0.12,98.56,32.43,33.894375000000004,4.32040714720364,11.22,63.4,-89.3,-8.2,17.4,66.07,64,5,5,0,0.54,0,0,0,0,0,normal,,0.0,normal
2026-09-14 10:30:00,Telkom,Gauteng,Pretoria,PTA-HAT-011,PTA-HAT-011-C,RAN,99.06,99.19,-0.12999999999999545,98.97,0.47,99.37,33.49,33.621875,0.392229761130219,8.75,47.8,-89.7,-8.9,16.0,66.36,66,6,9,4,0.53,0,0,0,0,0,normal,,0.0,normal
2026-09-14 10:45:00,Telkom,Gauteng,Pretoria,PTA-HAT-011,PTA-HAT-011-C,RAN,98.83,99.20812500000001,-0.37812500000001137,98.7,0.05,99.61,38.34,33.588750000000005,-14.145361170034604,11.49,57.7,-85.0,-10.3,15.0,59.38,55,10,4,0,0.39,108,0,0,0,0,normal,,0.0,normal
2026-09-14 11:00:00,Telkom,Gauteng,Pretoria,PTA-HAT-011,PTA-HAT-011-C,RAN,99.1,99.153125,-0.053125000000008527,99.37,0.51,98.23,18.55,33.864375,45.22267131757193,8.13,60.8,-88.3,-8.7,16.5,77.77,72,4,3,4,0.94,23,0,0,0,0,normal,,5.07,normal
2026-09-14 11:15:00,Telkom,Gauteng,Pretoria,PTA-HAT-011,PTA-HAT-011-C,RAN,99.05,99.15625,-0.10625000000000284,98.65,0.42,98.6,31.39,32.823125,4.366205228783052,10.21,51.8,-85.7,-12.1,18.5,68.91,68,4,4,3,1.22,86,0,0,0,0,normal,,0.0,normal
2026-09-14 11:30:00,Telkom,Gauteng,Pretoria,PTA-HAT-011,PTA-HAT-011-C,RAN,99.88,99.14375000000001,0.7362499999999841,98.84,0.22,98.25,41.64,32.368125,-28.645079070845163,11.43,56.6,-78.9,-9.0,15.3,50.39,57,1,4,0,0.93,76,0,0,0,0,normal,,0.0,normal
2026-09-14 11:45:00,Telkom,Gauteng,Pretoria,PTA-HAT-011,PTA-HAT-011-C,RAN,99.76,99.200625,0.5593750000000028,98.76,0.14,98.59,33.39,32.445,-2.912621359223302,12.01,57.8,-86.8,-10.0,15.4,64.02,62,0,7,0,0.95,10,0,0,0,0,normal,,0.0,normal
2026-09-14 12:00:00,Telkom,Gauteng,Pretoria,PTA-HAT-011,PTA-HAT-011-C,RAN,99.53,99.25125,0.2787500000000023,99.33,0.61,98.8,29.03,32.42875,10.480669159310796,11.53,48.9,-84.2,-11.0,15.9,63.44,52,2,1,5,0.66,156,0,0,0,0,normal,,0.0,normal
2026-09-14 12:15:00,Telkom,Gauteng,Pretoria,PTA-HAT-011,PTA-HAT-011-C,RAN,99.16,99.27624999999999,-0.11624999999999375,98.38,0.17,98.68,36.12,31.651875,-14.116462294887732,10.13,56.6,-85.1,-9.4,14.4,63.86,53,2,10,2,1.33,47,0,0,0,0,normal,,0.0,normal
2026-09-14 12:30:00,Telkom,Gauteng,Pretoria,PTA-HAT-011,PTA-HAT-011-C,RAN,98.8,99.23,-0.4300000000000068,98.77,0.37,98.59,30.16,32.1975,6.328131066076552,11.76,51.1,-90.4,-11.1,15.0,61.61,57,2,5,2,0.99,144,0,0,0,0,normal,,0.0,normal
2026-09-14 12:45:00,Telkom,Gauteng,Pretoria,PTA-HAT-011,PTA-HAT-011-C,RAN,99.22,99.205,0.015000000000000568,98.99,0.27,97.68,33.84,31.6,-7.088607594936715,10.05,58.7,-83.8,-10.2,18.0,59.08,60,2,7,2,1.05,233,0,0,0,0,normal,,0.0,normal
2026-09-14 13:00:00,Telkom,Gauteng,Pretoria,PTA-HAT-011,PTA-HAT-011-C,RAN,98.7,99.200625,-0.5006249999999994,99.14,0.05,98.71,46.54,31.872500000000002,-46.01929563102987,13.82,46.0,-84.4,-11.1,16.4,53.14,54,7,6,0,0.47,71,0,0,0,0,normal,,0.0,normal
2026-09-14 13:15:00,Telkom,Gauteng,Pretoria,PTA-HAT-011,PTA-HAT-011-C,RAN,99.15,99.168125,-0.018124999999997726,98.62,0.47,98.25,40.79,33.244375,-22.697448816529118,8.87,57.8,-88.0,-9.0,17.1,52.48,56,5,8,3,0.98,0,0,0,0,0,normal,,0.0,normal
2026-09-14 13:30:00,Telkom,Gauteng,Pretoria,PTA-HAT-011,PTA-HAT-011-C,RAN,99.16,99.170625,-0.010625000000004547,98.57,0.69,98.61,37.04,33.593125,-10.260656012204873,10.41,59.5,-82.8,-8.9,17.7,62.35,57,5,2,2,1.13,59,0,0,0,0,normal,,0.0,normal
2026-09-14 13:45:00,Telkom,Gauteng,Pretoria,PTA-HAT-011,PTA-HAT-011-C,RAN,99.48,99.155625,0.3243750000000034,98.9,0.46,99.19,33.79,33.9575,0.49326363837150544,12.4,53.0,-88.5,-10.6,13.2,63.97,57,1,6,0,0.62,29,0,0,0,0,normal,,0.0,normal
2026-09-14 14:00:00,Telkom,Gauteng,Pretoria,PTA-HAT-011,PTA-HAT-011-C,RAN,99.81,99.19,0.6200000000000045,99.14,0.86,98.55,33.61,34.243125,1.8489112778112387,12.04,69.3,-88.4,-10.6,15.3,51.31,48,3,6,4,0.29,0,0,0,0,0,normal,,0.0,normal
2026-09-14 14:15:00,Telkom,Gauteng,Pretoria,PTA-HAT-011,PTA-HAT-011-C,RAN,98.85,99.23375,-0.38375000000000625,98.97,0.22,99.03,45.27,34.384375,-31.658638553121893,10.06,59.4,-86.4,-8.7,18.7,57.32,56,7,3,2,0.26,0,0,0,0,0,normal,,0.0,normal
2026-09-14 14:30:00,Telkom,Gauteng,Pretoria,PTA-HAT-011,PTA-HAT-011-C,RAN,98.87,99.22125000000001,-0.3512500000000074,98.4,1.02,98.63,45.69,35.186875,-29.849553278033348,11.93,63.8,-83.9,-9.6,18.4,49.87,51,3,3,4,1.04,130,0,0,0,0,normal,,0.0,normal
2026-09-14 14:45:00,Telkom,Gauteng,Pretoria,PTA-HAT-011,PTA-HAT-011-C,RAN,98.81,99.209375,-0.39937499999999204,99.27,0.44,99.11,35.95,35.949375,-0.0017385559554218442,13.08,60.5,-88.8,-9.8,18.8,56.55,49,4,1,1,0.4,8,0,0,0,0,normal,,0.0,normal
2026-09-14 15:00:00,Telkom,Gauteng,Pretoria,PTA-HAT-011,PTA-HAT-011-C,RAN,99.38,99.208125,0.171875,98.98,0.61,98.5,39.59,35.8,-10.586592178770967,11.4,51.3,-88.1,-9.7,13.7,56.36,49,3,2,1,0.46,0,0,0,0,0,normal,,0.0,normal
2026-09-14 15:15:00,Telkom,Gauteng,Pretoria,PTA-HAT-011,PTA-HAT-011-C,RAN,98.62,99.22562500000001,-0.6056250000000034,98.13,0.22,98.37,43.22,37.115,-16.44887511787686,11.94,58.3,-83.8,-10.6,12.0,46.55,48,9,8,2,0.93,0,0,0,0,0,normal,,0.0,normal
2026-09-14 15:30:00,Telkom,Gauteng,Pretoria,PTA-HAT-011,PTA-HAT-011-C,RAN,98.77,99.19874999999999,-0.42874999999999375,98.11,0.49,98.58,46.09,37.854375000000005,-21.756071788267533,14.79,50.7,-85.5,-9.8,22.4,49.12,47,1,2,3,0.72,45,0,0,0,0,normal,,0.0,normal
2026-09-14 15:45:00,Telkom,Gauteng,Pretoria,PTA-HAT-011,PTA-HAT-011-C,RAN,99.12,99.129375,-0.009374999999991473,99.13,0.62,98.62,30.31,38.1325,20.513997246443328,9.75,61.4,-86.0,-11.1,16.6,61.12,53,5,2,1,0.57,149,0,0,0,0,normal,,0.0,normal
2026-09-14 16:00:00,Telkom,Gauteng,Pretoria,PTA-HAT-011,PTA-HAT-011-C,RAN,99.07,99.089375,-0.0193750000000108,98.74,0.55,98.65,32.44,37.94,14.496573537163943,12.18,50.7,-85.8,-9.5,15.9,51.41,53,7,2,1,0.1,6,0,0,0,0,normal,,0.0,normal
2026-09-14 16:15:00,Telkom,Gauteng,Pretoria,PTA-HAT-011,PTA-HAT-011-C,RAN,98.89,99.060625,-0.17062500000000114,98.36,0.81,98.51,37.33,38.153125,2.15742485052012,15.09,59.3,-86.8,-12.0,15.5,46.24,47,2,4,4,1.29,34,0,0,0,0,normal,,0.0,normal
2026-09-14 16:30:00,Telkom,Gauteng,Pretoria,PTA-HAT-011,PTA-HAT-011-C,RAN,99.23,99.04375,0.18625000000000114,99.17,0.54,98.89,39.66,38.22875,-3.7439100153680114,11.78,67.7,-81.9,-9.9,17.1,54.85,53,4,4,3,0.76,130,0,0,0,0,normal,,0.0,normal
2026-09-14 16:45:00,Telkom,Gauteng,Pretoria,PTA-HAT-011,PTA-HAT-011-C,RAN,99.26,99.070625,0.1893749999999983,98.61,0.64,98.86,35.68,38.8225,8.094532809582068,14.32,61.3,-86.1,-10.3,17.8,59.41,50,1,5,2,1.39,74,0,0,0,0,normal,,0.0,normal
2026-09-14 17:00:00,Telkom,Gauteng,Pretoria,PTA-HAT-011,PTA-HAT-011-C,RAN,99.4,99.073125,0.32687500000000114,98.82,0.98,97.67,38.23,38.9375,1.8170144462279374,10.41,57.4,-86.1,-12.1,14.4,59.62,51,1,0,5,0.66,56,2,0,0,0,normal,,0.0,normal
2026-09-14 17:15:00,Telkom,Gauteng,Pretoria,PTA-HAT-011,PTA-HAT-011-C,RAN,99.76,99.116875,0.6431250000000119,98.65,0.14,98.89,40.55,38.418125,-5.549138590183653,11.24,60.6,-84.3,-8.7,14.6,54.1,49,3,6,0,0.39,176,1,0,0,0,normal,,0.0,normal
2026-09-14 17:30:00,Telkom,Gauteng,Pretoria,PTA-HAT-011,PTA-HAT-011-C,RAN,98.96,99.155,-0.1950000000000074,98.91,0.76,99.11,46.93,38.403125,-22.20359671250711,11.88,54.0,-90.0,-9.5,18.2,50.57,46,5,1,4,0.17,139,1,0,0,0,normal,,0.0,normal
2026-09-14 17:45:00,Telkom,Gauteng,Pretoria,PTA-HAT-011,PTA-HAT-011-C,RAN,99.13,99.1425,-0.012500000000002842,98.62,0.77,97.78,34.97,39.021249999999995,10.38216356472434,10.57,64.6,-83.1,-11.1,19.9,61.78,62,5,1,4,0.21,37,1,0,0,0,normal,,0.0,normal
2026-09-14 18:00:00,Telkom,Gauteng,Pretoria,PTA-HAT-011,PTA-HAT-011-C,RAN,99.21,99.120625,0.08937499999998977,98.83,0.27,98.33,38.81,39.095,0.7289934774267722,10.1,43.8,-80.5,-10.1,18.5,56.48,63,3,1,3,0.47,149,0,0,0,0,normal,,0.0,normal
2026-09-14 18:15:00,Telkom,Gauteng,Pretoria,PTA-HAT-011,PTA-HAT-011-C,RAN,99.31,99.083125,0.22687500000000682,99.32,0.75,97.99,41.14,39.42,-4.363267376966004,10.57,63.5,-87.9,-11.5,12.5,53.49,49,1,1,3,0.67,0,0,0,0,0,normal,,0.0,normal
2026-09-14 18:30:00,Telkom,Gauteng,Pretoria,PTA-HAT-011,PTA-HAT-011-C,RAN,98.76,99.111875,-0.3518749999999926,98.93,1.28,98.92,37.9,39.161875,3.2222027162897673,12.11,64.9,-87.2,-10.9,16.9,63.67,57,10,7,9,0.1,28,0,0,0,0,normal,,0.0,normal
2026-09-14 18:45:00,Telkom,Gauteng,Pretoria,PTA-HAT-011,PTA-HAT-011-C,RAN,99.1,99.105,-0.005000000000009663,99.35,0.69,98.06,38.32,38.675,0.9179056237879688,10.51,70.3,-88.1,-9.7,19.4,65.22,50,0,6,2,0.92,71,0,0,0,0,normal,,0.0,normal
2026-09-14 19:00:00,Telkom,Gauteng,Pretoria,PTA-HAT-011,PTA-HAT-011-C,RAN,99.28,99.123125,0.15687499999999943,98.89,0.53,98.38,39.14,38.823125000000005,-0.8162016839190456,15.21,45.0,-87.9,-9.5,17.8,56.47,59,4,2,2,0.88,38,0,0,0,0,normal,,0.0,normal
2026-09-14 19:15:00,Telkom,Gauteng,Pretoria,PTA-HAT-011,PTA-HAT-011-C,RAN,98.59,99.116875,-0.5268749999999898,98.71,0.43,99.51,23.87,38.795,38.47145250676633,8.96,65.1,-83.5,-10.4,19.4,68.6,59,5,2,1,0.64,153,0,0,0,0,normal,,2.82,normal
2026-09-14 19:30:00,Telkom,Gauteng,Pretoria,PTA-HAT-011,PTA-HAT-011-C,RAN,98.99,99.11500000000001,-0.1250000000000142,98.42,0.38,99.09,49.22,37.585625,-30.95432096712506,11.61,68.3,-86.2,-10.6,16.3,54.65,53,5,3,1,0.86,41,0,0,0,0,normal,,0.0,normal
2026-09-14 19:45:00,Telkom,Gauteng,Pretoria,PTA-HAT-011,PTA-HAT-011-C,RAN,98.95,99.12875000000001,-0.17875000000000796,98.81,0.31,98.35,43.58,37.78124999999999,-15.348221670802333,14.63,53.5,-87.4,-8.0,18.1,44.2,45,6,4,0,0.93,38,0,0,0,0,normal,,0.0,normal
2026-09-14 20:00:00,Telkom,Gauteng,Pretoria,PTA-HAT-011,PTA-HAT-011-C,RAN,98.66,99.11812499999999,-0.45812499999999545,99.12,0.15,98.55,37.27,38.610625,3.4721660164786137,7.91,56.4,-88.0,-10.2,19.8,61.89,52,4,1,0,0.42,28,0,0,0,0,normal,,0.0,normal
2026-09-14 20:15:00,Telkom,Gauteng,Pretoria,PTA-HAT-011,PTA-HAT-011-C,RAN,99.9,99.0925,0.8075000000000045,99.27,0.57,98.06,41.12,38.912499999999994,-5.672984259556706,10.56,47.6,-83.5,-11.0,18.0,48.8,50,0,1,2,1.04,0,0,0,0,0,normal,,0.0,normal
2026-09-14 20:30:00,Telkom,Gauteng,Pretoria,PTA-HAT-011,PTA-HAT-011-C,RAN,98.75,99.155625,-0.40562500000000057,98.18,0.26,99.69,36.55,39.149375,6.63963345519565,12.42,54.4,-88.9,-9.6,17.1,61.49,56,8,6,3,0.95,82,0,0,0,0,normal,,0.0,normal
2026-09-14 20:45:00,Telkom,Gauteng,Pretoria,PTA-HAT-011,PTA-HAT-011-C,RAN,98.88,99.125625,-0.24562500000000398,98.97,0.54,99.57,36.65,38.955,5.917083814657938,10.78,61.1,-85.2,-9.9,16.5,51.18,45,6,6,2,0.52,88,0,0,0,0,normal,,0.0,normal
2026-09-14 21:00:00,Telkom,Gauteng,Pretoria,PTA-HAT-011,PTA-HAT-011-C,RAN,99.33,99.10187499999999,0.22812500000000568,99.11,0.36,99.11,32.02,39.015625,17.93031637965558,11.47,53.2,-86.9,-9.6,16.2,62.9,51,3,3,3,0.79,153,0,0,0,0,normal,,0.0,normal
2026-09-14 21:15:00,Telkom,Gauteng,Pretoria,PTA-HAT-011,PTA-HAT-011-C,RAN,99.19,99.0975,0.09250000000000114,98.38,0.59,98.37,42.55,38.6275,-10.154682544819105,11.92,60.0,-85.5,-12.4,21.3,47.41,44,2,4,1,0.13,0,0,0,0,0,normal,,0.0,normal
2026-09-14 21:30:00,Telkom,Gauteng,Pretoria,PTA-HAT-011,PTA-HAT-011-C,RAN,99.25,99.061875,0.18812499999999943,99.29,0.76,99.29,41.75,38.7525,-7.734984839687768,14.41,46.3,-85.9,-10.3,18.7,52.38,42,2,0,1,1.42,13,0,0,0,0,normal,,0.0,normal
2026-09-14 21:45:00,Telkom,Gauteng,Pretoria,PTA-HAT-011,PTA-HAT-011-C,RAN,99.01,99.08,-0.06999999999999318,98.65,0.86,96.96,40.32,38.42875,-4.921445532316298,9.88,56.8,-88.4,-10.3,20.8,52.68,48,6,4,3,1.05,0,0,0,0,0,normal,,0.0,normal
2026-09-14 22:00:00,Telkom,Gauteng,Pretoria,PTA-HAT-011,PTA-HAT-011-C,RAN,99.34,99.07249999999999,0.2675000000000125,99.34,0.79,99.31,40.38,38.763125,-4.171167830251044,12.93,50.1,-82.2,-10.7,15.4,44.45,42,0,1,3,1.64,22,0,0,0,0,normal,,0.0,normal
2026-09-14 22:15:00,Telkom,Gauteng,Pretoria,PTA-HAT-011,PTA-HAT-011-C,RAN,98.7,99.080625,-0.3806249999999949,98.95,0.37,98.76,40.88,38.86125,-5.194763421145754,12.58,53.2,-86.5,-8.1,16.0,46.06,37,2,0,0,0.71,44,0,0,0,0,normal,,0.0,normal
2026-09-14 22:30:00,Telkom,Gauteng,Pretoria,PTA-HAT-011,PTA-HAT-011-C,RAN,98.69,99.04249999999999,-0.35249999999999204,98.62,0.49,98.91,41.8,38.845,-7.60715664821727,11.68,40.7,-91.2,-10.6,17.2,48.35,39,3,3,1,1.38,160,0,0,0,0,normal,,0.0,normal
2026-09-14 22:45:00,Telkom,Gauteng,Pretoria,PTA-HAT-011,PTA-HAT-011-C,RAN,99.5,99.038125,0.46187500000000625,99.13,0.49,99.07,42.05,39.08875,-7.575709123469028,12.9,52.0,-88.3,-7.3,16.6,47.6,35,3,0,1,0.4,107,0,0,0,0,normal,,0.0,normal
2026-09-14 23:00:00,Telkom,Gauteng,Pretoria,PTA-HAT-011,PTA-HAT-011-C,RAN,99.32,99.063125,0.25687499999999375,99.68,0.57,98.63,36.95,39.321875,6.03194786616863,15.59,55.2,-83.9,-10.6,16.7,52.75,39,0,2,1,0.86,101,0,0,0,0,normal,,0.0,normal
2026-09-14 23:15:00,Telkom,Gauteng,Pretoria,PTA-HAT-011,PTA-HAT-011-C,RAN,99.27,99.06562500000001,0.20437499999998465,99.1,0.57,98.08,37.81,39.184999999999995,3.5089957892050356,13.51,49.6,-84.9,-9.3,15.2,47.61,37,0,5,0,0.86,0,0,0,0,0,normal,,0.0,normal
2026-09-14 23:30:00,Telkom,Gauteng,Pretoria,PTA-HAT-011,PTA-HAT-011-C,RAN,99.08,99.108125,-0.028125000000002842,98.78,0.64,98.38,38.23,40.05625,4.559213605866754,15.21,52.9,-88.1,-10.6,18.8,50.42,38,0,5,1,0.45,0,0,0,0,0,normal,,0.0,normal
2026-09-14 23:45:00,Telkom,Gauteng,Pretoria,PTA-HAT-011,PTA-HAT-011-C,RAN,99.07,99.11375,-0.04375000000000284,98.81,0.32,98.11,42.46,39.369375000000005,-7.8503278246098525,10.86,58.6,-83.7,-8.9,12.9,51.81,38,1,5,3,0.56,147,0,0,0,0,normal,,0.0,normal
2026-09-15 00:00:00,Telkom,Gauteng,Pretoria,PTA-HAT-011,PTA-HAT-011-C,RAN,99.12,99.12125,-0.0012499999999988631,98.87,0.17,98.88,37.02,39.299375,5.80002862640944,13.02,48.7,-84.8,-9.0,13.4,55.91,38,4,6,2,0.51,13,0,0,0,0,normal,,0.0,normal
2026-09-15 00:15:00,Telkom,Gauteng,Pretoria,PTA-HAT-011,PTA-HAT-011-C,RAN,98.86,99.15,-0.29000000000000625,98.92,0.15,99.71,38.25,39.28375,2.6314952111241867,12.43,60.4,-88.0,-11.4,18.5,43.33,32,3,3,0,0.72,5,0,0,0,0,normal,,0.0,normal
2026-09-15 00:30:00,Telkom,Gauteng,Pretoria,PTA-HAT-011,PTA-HAT-011-C,RAN,98.95,99.085,-0.1349999999999909,98.77,0.55,98.9,41.87,39.104375000000005,-7.07241836751001,12.91,59.9,-86.1,-9.5,15.8,52.22,37,2,3,1,1.06,0,0,0,0,0,normal,,0.0,normal
2026-09-15 00:45:00,Telkom,Gauteng,Pretoria,PTA-HAT-011,PTA-HAT-011-C,RAN,99.09,99.0975,-0.007499999999993179,98.8,0.41,99.38,45.44,39.436875,-15.22211128544033,13.15,49.1,-84.9,-8.8,17.9,44.35,25,0,1,0,0.32,73,1,0,0,0,normal,,0.0,normal
2026-09-15 01:00:00,Telkom,Gauteng,Pretoria,PTA-HAT-011,PTA-HAT-011-C,RAN,98.97,99.110625,-0.140625,98.7,0.89,98.6,47.83,39.98625,-19.61611804057645,14.07,42.7,-85.6,-8.8,15.8,43.49,30,3,1,0,0.63,0,1,0,0,0,normal,,0.0,normal
2026-09-15 01:15:00,Telkom,Gauteng,Pretoria,PTA-HAT-011,PTA-HAT-011-C,RAN,98.76,99.088125,-0.328125,98.45,0.63,99.23,45.17,40.974375,-10.23963147699019,13.09,52.2,-85.6,-9.7,16.4,52.01,45,6,2,0,1.2,91,1,0,0,0,normal,,0.0,normal
2026-09-15 01:30:00,Telkom,Gauteng,Pretoria,PTA-HAT-011,PTA-HAT-011-C,RAN,99.65,99.06125,0.5887500000000045,99.57,0.14,98.34,47.98,41.138125,-16.631470199480393,14.44,61.6,-85.1,-11.5,14.9,52.7,40,2,0,3,0.94,132,1,0,0,0,normal,,0.0,normal
2026-09-15 01:45:00,Telkom,Gauteng,Pretoria,PTA-HAT-011,PTA-HAT-011-C,RAN,99.01,99.08625,-0.0762500000000017,98.54,0.05,97.87,41.96,41.5275,-1.0414785383179759,11.54,44.3,-88.9,-10.8,15.0,36.21,29,0,0,0,0.94,97,1,0,0,0,normal,,0.0,normal
2026-09-15 02:00:00,Telkom,Gauteng,Pretoria,PTA-HAT-011,PTA-HAT-011-C,RAN,99.05,99.08625,-0.03625000000000966,98.7,0.75,98.21,44.85,41.629999999999995,-7.734806629834269,14.04,53.5,-84.1,-8.9,17.2,45.84,32,6,5,3,0.78,104,1,0,0,0,normal,,0.0,normal
2026-09-15 02:15:00,Telkom,Gauteng,Pretoria,PTA-HAT-011,PTA-HAT-011-C,RAN,99.14,99.068125,0.07187500000000568,97.97,0.2,98.23,46.91,41.909375,-11.931996122585936,13.92,51.5,-82.8,-9.7,12.8,40.11,34,1,1,0,0.51,73,1,0,0,0,normal,,0.0,normal
2026-09-15 02:30:00,Telkom,Gauteng,Pretoria,PTA-HAT-011,PTA-HAT-011-C,RAN,99.38,99.095625,0.28437499999999716,98.22,0.96,98.26,47.79,42.286249999999995,-13.015460108191206,13.35,56.3,-86.5,-11.1,17.0,49.76,31,1,8,3,0.75,0,1,0,0,0,normal,,0.0,normal
2026-09-15 02:45:00,Telkom,Gauteng,Pretoria,PTA-HAT-011,PTA-HAT-011-C,RAN,98.99,99.13875,-0.14875000000000682,98.87,0.74,98.64,39.8,42.660625,6.705539358600597,12.59,54.4,-83.8,-13.0,19.3,47.81,33,3,1,3,0.55,0,0,0,0,0,normal,,0.0,normal
2026-09-15 03:00:00,Telkom,Gauteng,Pretoria,PTA-HAT-011,PTA-HAT-011-C,RAN,99.25,99.106875,0.14312499999999773,98.85,0.27,98.42,44.49,42.519999999999996,-4.633113828786468,12.38,51.2,-89.2,-10.0,18.3,49.85,38,7,5,0,1.03,0,0,0,0,0,normal,,0.0,normal
2026-09-15 03:15:00,Telkom,Gauteng,Pretoria,PTA-HAT-011,PTA-HAT-011-C,RAN,98.89,99.10249999999999,-0.21249999999999147,98.82,0.44,97.95,42.39,42.99125,1.3985404006629263,12.69,47.9,-84.2,-10.4,16.5,51.1,38,5,0,0,0.82,70,0,0,0,0,normal,,0.0,normal
2026-09-15 03:30:00,Telkom,Gauteng,Pretoria,PTA-HAT-011,PTA-HAT-011-C,RAN,98.91,99.07875,-0.16875000000000284,98.88,0.84,98.69,30.99,43.277499999999996,28.392351683900408,12.72,48.1,-90.2,-8.2,20.4,48.67,31,3,2,3,0.52,91,0,0,0,0,normal,,0.0,normal
2026-09-15 03:45:00,Telkom,Gauteng,Pretoria,PTA-HAT-011,PTA-HAT-011-C,RAN,98.52,99.068125,-0.5481249999999989,98.72,0.76,98.56,42.72,42.824999999999996,0.24518388791592965,11.72,51.6,-86.6,-9.4,18.4,41.64,37,6,1,2,1.34,121,0,0,0,0,normal,,0.0,normal
2026-09-15 04:00:00,Telkom,Gauteng,Pretoria,PTA-HAT-011,PTA-HAT-011-C,RAN,98.83,99.03375,-0.20374999999999943,98.83,0.58,98.19,36.17,42.84125,15.572024625798733,13.36,47.8,-86.1,-10.2,15.8,57.01,46,2,3,2,0.6,0,0,0,0,0,normal,,0.0,normal
2026-09-15 04:15:00,Telkom,Gauteng,Pretoria,PTA-HAT-011,PTA-HAT-011-C,RAN,99.22,99.015625,0.20437499999999886,98.89,0.05,98.26,39.82,42.788125,6.936796132104411,13.76,55.4,-90.5,-8.1,16.6,51.49,38,4,8,0,0.91,57,0,0,0,0,normal,,0.0,normal
2026-09-15 04:30:00,Telkom,Gauteng,Pretoria,PTA-HAT-011,PTA-HAT-011-C,RAN,99.35,99.03812500000001,0.31187499999998636,99.12,0.27,98.57,35.78,42.88625,16.56999621090675,12.04,46.6,-89.5,-7.6,17.8,56.31,44,1,1,1,1.3,0,1,0,0,0,normal,,0.0,normal
2026-09-15 04:45:00,Telkom,Gauteng,Pretoria,PTA-HAT-011,PTA-HAT-011-C,RAN,99.26,99.063125,0.19687500000000568,98.76,0.48,98.33,38.52,42.505625,9.376700142628179,12.48,54.7,-86.0,-10.3,18.6,49.83,42,3,3,1,1.09,88,1,0,0,0,normal,,0.0,normal
2026-09-15 05:00:00,Telkom,Gauteng,Pretoria,PTA-HAT-011,PTA-HAT-011-C,RAN,99.34,99.07375,0.26624999999999943,98.93,0.8,98.67,32.94,42.073125,21.707740986674988,12.16,54.0,-82.4,-12.1,13.9,51.98,46,1,6,4,0.5,26,1,0,0,0,normal,,0.0,normal
2026-09-15 05:15:00,Telkom,Gauteng,Pretoria,PTA-HAT-011,PTA-HAT-011-C,RAN,99.49,99.096875,0.3931249999999977,98.69,0.66,98.33,40.68,41.1425,1.1241417026189429,13.64,50.1,-83.6,-9.6,14.6,36.43,35,3,1,1,0.51,0,1,0,0,0,normal,,0.0,normal
2026-09-15 05:30:00,Telkom,Gauteng,Pretoria,PTA-HAT-011,PTA-HAT-011-C,RAN,99.39,99.1425,0.24750000000000227,98.66,0.54,98.38,34.67,40.861875,15.153183744015653,10.04,53.7,-84.5,-10.9,17.3,59.76,40,3,3,2,1.36,127,1,0,0,0,normal,,0.0,normal
2026-09-15 05:45:00,Telkom,Gauteng,Pretoria,PTA-HAT-011,PTA-HAT-011-C,RAN,98.74,99.12625,-0.386250000000004,98.9,0.07,99.87,42.41,40.03,-5.945540844366713,11.63,62.4,-85.8,-8.3,20.3,49.56,38,2,2,1,0.58,79,0,0,0,0,normal,,0.0,normal
2026-09-15 06:00:00,Telkom,Gauteng,Pretoria,PTA-HAT-011,PTA-HAT-011-C,RAN,99.16,99.109375,0.05062499999999659,98.99,0.5,98.04,35.41,40.058125000000004,11.603451234924268,10.63,61.2,-83.1,-10.5,16.3,52.8,40,5,3,2,0.47,0,0,0,0,0,normal,,0.0,normal
2026-09-15 06:15:00,Telkom,Gauteng,Pretoria,PTA-HAT-011,PTA-HAT-011-C,RAN,98.63,99.11625,-0.4862499999999983,98.92,1.11,97.6,33.92,39.468125,14.057229726519815,12.71,52.8,-86.9,-9.8,16.5,58.1,45,1,1,4,0.63,32,0,0,0,0,normal,,0.0,normal
2026-09-15 06:30:00,Telkom,Gauteng,Pretoria,PTA-HAT-011,PTA-HAT-011-C,RAN,98.9,99.084375,-0.18437499999998863,98.96,0.13,98.43,36.25,38.65624999999999,6.224737267582844,11.82,58.4,-87.1,-11.6,17.5,58.48,52,1,7,1,0.1,0,0,0,0,0,normal,,0.0,normal
2026-09-15 06:45:00,Telkom,Gauteng,Pretoria,PTA-HAT-011,PTA-HAT-011-C,RAN,98.95,99.054375,-0.10437499999999034,98.37,0.91,98.22,41.45,37.934999999999995,-9.265849479372633,11.36,54.6,-90.7,-10.6,18.0,54.32,40,2,5,3,0.95,0,0,0,0,0,normal,,0.0,normal
2026-09-15 07:00:00,Telkom,Gauteng,Pretoria,PTA-HAT-011,PTA-HAT-011-C,RAN,99.18,99.051875,0.12812500000001137,98.39,0.98,98.38,28.49,38.038125,25.101460705542145,7.62,56.2,-84.7,-9.1,12.9,64.26,51,1,2,3,0.43,35,0,0,0,0,normal,,0.0,normal
2026-09-15 07:15:00,Telkom,Gauteng,Pretoria,PTA-HAT-011,PTA-HAT-011-C,RAN,98.6,99.0475,-0.4475000000000051,98.62,0.7,98.29,47.27,37.038125,-27.625251008251638,13.08,46.0,-85.3,-9.9,18.7,47.95,44,6,0,2,0.5,155,0,0,0,0,normal,,0.0,normal
2026-09-15 07:30:00,Telkom,Gauteng,Pretoria,PTA-HAT-011,PTA-HAT-011-C,RAN,99.11,99.02937499999999,0.08062500000001194,98.84,0.72,98.72,32.4,37.343125,13.237041624127604,11.99,59.1,-81.9,-11.2,17.7,48.2,47,3,5,3,0.89,43,0,0,0,0,normal,,0.0,normal
2026-09-15 07:45:00,Telkom,Gauteng,Pretoria,PTA-HAT-011,PTA-HAT-011-C,RAN,99.54,99.041875,0.4981250000000017,98.53,0.64,99.04,38.87,37.43125,-3.84371347470362,10.35,66.8,-88.6,-9.2,18.4,59.69,56,0,6,3,0.92,1,0,0,0,0,normal,,0.0,normal
2026-09-15 08:00:00,Telkom,Gauteng,Pretoria,PTA-HAT-011,PTA-HAT-011-C,RAN,98.93,99.105625,-0.1756249999999966,98.5,0.42,98.73,30.12,37.190625,19.01184774388706,8.24,57.2,-82.8,-9.5,18.6,62.28,61,3,8,3,0.79,68,1,0,0,0,normal,,0.0,normal
2026-09-15 08:15:00,Telkom,Gauteng,Pretoria,PTA-HAT-011,PTA-HAT-011-C,RAN,98.9,99.111875,-0.21187499999999204,98.07,0.82,98.74,35.66,36.8125,3.130730050933795,9.13,58.7,-84.4,-10.7,14.8,67.24,61,3,8,4,0.74,91,1,0,0,0,normal,,0.0,normal
2026-09-15 08:30:00,Telkom,Gauteng,Pretoria,PTA-HAT-011,PTA-HAT-011-C,RAN,98.93,99.091875,-0.16187499999999488,98.29,0.37,99.95,30.79,36.552499999999995,15.76499555433964,11.83,49.6,-88.9,-8.6,16.7,60.91,59,6,7,0,1.03,0,0,0,0,0,normal,,0.0,normal
2026-09-15 08:45:00,Telkom,Gauteng,Pretoria,PTA-HAT-011,PTA-HAT-011-C,RAN,99.31,99.065625,0.24437500000000512,99.49,0.86,97.84,40.81,36.240625,-12.608433215486766,7.75,61.6,-88.6,-11.9,18.9,60.38,57,0,4,3,0.1,0,0,0,0,0,normal,,0.0,normal
2026-09-15 09:00:00,Telkom,Gauteng,Pretoria,PTA-HAT-011,PTA-HAT-011-C,RAN,99.53,99.06875,0.4612500000000068,99.48,0.15,97.63,37.61,36.38375,-3.3703232899302584,12.98,54.9,-85.2,-11.1,16.5,66.76,62,0,0,0,0.3,113,0,0,0,0,normal,,0.0,normal
2026-09-15 09:15:00,Telkom,Gauteng,Pretoria,PTA-HAT-011,PTA-HAT-011-C,RAN,98.86,99.08062500000001,-0.2206250000000125,98.91,0.36,98.47,33.77,36.675625,7.922496208312725,13.0,55.5,-87.1,-10.2,11.7,62.75,63,8,4,3,0.47,176,0,0,0,0,normal,,0.0,normal
2026-09-15 09:30:00,Telkom,Gauteng,Pretoria,PTA-HAT-011,PTA-HAT-011-C,RAN,98.84,99.04125,-0.2012500000000017,98.89,0.41,98.1,32.13,36.24375,11.350232798758396,11.95,52.4,-86.8,-8.9,21.5,67.93,65,8,4,2,0.35,12,0,0,0,0,normal,,0.0,normal
2026-09-15 09:45:00,Telkom,Gauteng,Pretoria,PTA-HAT-011,PTA-HAT-011-C,RAN,99.24,99.006875,0.23312500000000114,98.23,0.65,98.22,34.62,36.084999999999994,4.059858667036155,10.28,54.9,-89.3,-11.7,15.1,66.33,62,6,10,5,1.39,105,0,0,0,0,normal,,0.0,normal
2026-09-15 10:00:00,Telkom,Gauteng,Pretoria,PTA-HAT-011,PTA-HAT-011-C,RAN,99.05,99.038125,0.01187500000000341,98.96,0.71,97.71,33.09,35.598124999999996,7.045666028758517,11.24,55.4,-86.3,-10.2,16.3,70.88,69,6,9,5,0.11,83,0,0,0,0,normal,,0.0,normal
2026-09-15 10:15:00,Telkom,Gauteng,Pretoria,PTA-HAT-011,PTA-HAT-011-C,RAN,98.94,99.03125,-0.09125000000000227,98.89,0.87,98.13,39.83,35.453125,-12.34552666372851,10.56,57.2,-89.9,-9.9,14.5,58.35,70,3,5,7,0.35,201,0,0,0,0,normal,,0.0,normal
2026-09-15 10:30:00,Telkom,Gauteng,Pretoria,PTA-HAT-011,PTA-HAT-011-C,RAN,99.42,99.050625,0.3693750000000051,98.73,0.67,98.11,36.33,35.822500000000005,-1.416707376648735,13.48,68.2,-89.3,-9.3,15.4,68.78,73,5,8,6,0.32,13,1,0,0,0,normal,,0.0,normal
2026-09-15 10:45:00,Telkom,Gauteng,Pretoria,PTA-HAT-011,PTA-HAT-011-C,RAN,99.34,99.083125,0.25687500000000796,98.53,0.67,98.24,36.43,35.8275,-1.6816691089247062,12.41,54.7,-84.6,-10.1,19.0,56.1,53,3,5,4,0.52,142,1,0,0,0,normal,,0.0,normal
2026-09-15 11:00:00,Telkom,Gauteng,Pretoria,PTA-HAT-011,PTA-HAT-011-C,RAN,99.01,99.1075,-0.09749999999999659,98.72,0.12,97.97,32.39,35.51375,8.795888916264829,12.96,57.0,-83.8,-8.8,10.8,65.19,63,7,5,0,0.44,11,1,0,0,0,normal,,0.0,normal
2026-09-15 11:15:00,Telkom,Gauteng,Pretoria,PTA-HAT-011,PTA-HAT-011-C,RAN,99.67,99.096875,0.5731250000000045,98.55,0.57,97.78,35.88,35.7575,-0.3425854715793953,13.5,63.0,-89.3,-8.9,19.1,58.23,69,1,6,1,0.1,12,1,0,0,0,normal,,0.0,normal
2026-09-15 11:30:00,Telkom,Gauteng,Pretoria,PTA-HAT-011,PTA-HAT-011-C,RAN,99.22,99.16375000000001,0.056249999999991473,98.33,0.37,98.12,40.37,35.045625,-15.192695236566609,11.49,51.9,-85.2,-9.0,11.2,53.79,55,6,4,1,0.67,115,1,0,0,0,normal,,0.0,normal
2026-09-15 11:45:00,Telkom,Gauteng,Pretoria,PTA-HAT-011,PTA-HAT-011-C,RAN,98.82,99.170625,-0.35062500000000796,99.03,0.37,98.57,25.03,35.54375,29.57974327413399,10.15,58.9,-84.7,-9.7,17.8,69.09,63,6,5,1,0.64,82,1,0,1,0,normal,,0.0,normal
2026-09-15 12:00:00,Telkom,Gauteng,Pretoria,PTA-HAT-011,PTA-HAT-011-C,RAN,99.14,99.125625,0.014375000000001137,98.66,0.44,98.67,36.69,34.67875,-5.799661175792083,12.62,57.6,-87.9,-10.3,17.7,60.3,51,3,7,4,0.83,93,1,0,1,0,normal,,0.0,normal
2026-09-15 12:15:00,Telkom,Gauteng,Pretoria,PTA-HAT-011,PTA-HAT-011-C,RAN,99.28,99.13875,0.14124999999999943,98.87,0.15,98.08,40.04,35.089375000000004,-14.108615499706092,8.62,50.7,-86.6,-12.9,15.9,52.24,55,0,2,0,0.4,148,1,0,1,0,normal,,0.0,normal
2026-09-15 12:30:00,Telkom,Gauteng,Pretoria,PTA-HAT-011,PTA-HAT-011-C,RAN,98.97,99.16250000000001,-0.19250000000000966,98.38,0.1,98.94,41.41,35.363125,-17.099379650412686,11.16,63.2,-87.7,-10.1,18.2,62.91,58,3,8,1,1.4,16,0,0,1,0,normal,,0.0,normal
2026-09-15 12:45:00,Telkom,Gauteng,Pretoria,PTA-HAT-011,PTA-HAT-011-C,RAN,99.51,99.165,0.34499999999999886,98.47,0.6,98.13,40.81,36.026875,-13.276547022188312,10.31,52.3,-86.0,-6.9,16.4,51.53,48,3,6,3,0.35,127,0,0,0,0,normal,,0.0,normal
2026-09-15 13:00:00,Telkom,Gauteng,Pretoria,PTA-HAT-011,PTA-HAT-011-C,RAN,99.26,99.17750000000001,0.08249999999999602,98.56,0.45,98.44,33.27,36.026875000000004,7.652273476397829,13.08,59.3,-90.6,-9.2,17.5,47.63,53,1,8,4,0.85,89,0,0,0,0,normal,,0.0,normal
2026-09-15 13:15:00,Telkom,Gauteng,Pretoria,PTA-HAT-011,PTA-HAT-011-C,RAN,99.08,99.160625,-0.08062499999999773,98.49,0.26,97.99,23.49,35.755625,34.304043070146314,10.74,56.2,-87.6,-10.1,18.0,62.49,60,4,4,2,0.67,68,0,0,0,0,normal,,1.43,normal
2026-09-15 13:30:00,Telkom,Gauteng,Pretoria,PTA-HAT-011,PTA-HAT-011-C,RAN,98.77,99.174375,-0.4043750000000017,98.59,0.65,99.64,38.49,35.113125000000004,-9.617130346558438,10.89,46.8,-86.9,-9.0,17.2,52.4,50,5,4,3,0.82,77,0,0,0,0,normal,,0.0,normal
2026-09-15 13:45:00,Telkom,Gauteng,Pretoria,PTA-HAT-011,PTA-HAT-011-C,RAN,99.36,99.17,0.18999999999999773,98.69,0.8,98.26,41.03,35.510625000000005,-15.542883291972462,12.89,65.2,-84.4,-9.2,21.9,52.43,47,5,5,3,0.74,98,0,0,0,0,normal,,0.0,normal
2026-09-15 14:00:00,Telkom,Gauteng,Pretoria,PTA-HAT-011,PTA-HAT-011-C,RAN,98.26,99.17750000000001,-0.917500000000004,98.8,0.05,98.26,32.83,35.91125,8.580180305614547,11.12,58.2,-84.6,-10.0,17.3,60.34,61,5,2,0,1.22,0,0,0,0,0,normal,,0.0,normal
2026-09-15 14:15:00,Telkom,Gauteng,Pretoria,PTA-HAT-011,PTA-HAT-011-C,RAN,98.44,99.128125,-0.6881249999999994,99.22,0.63,98.06,38.37,35.895,-6.8951107396573175,12.79,58.3,-83.0,-10.8,17.4,54.23,47,7,1,3,0.72,84,0,0,0,0,normal,,0.0,normal
2026-09-15 14:30:00,Telkom,Gauteng,Pretoria,PTA-HAT-011,PTA-HAT-011-C,RAN,99.52,99.09687500000001,0.42312499999998465,98.83,0.46,97.51,43.58,35.80375,-21.71909367035575,11.4,49.9,-85.5,-10.5,20.4,50.5,45,3,7,1,1.01,134,0,0,0,0,normal,,0.0,normal
2026-09-15 14:45:00,Telkom,Gauteng,Pretoria,PTA-HAT-011,PTA-HAT-011-C,RAN,99.67,99.103125,0.566874999999996,99.12,0.05,98.76,36.45,36.256875,-0.532657599420805,9.9,56.9,-88.0,-12.2,17.1,68.67,62,6,6,0,0.14,0,0,0,0,0,normal,,0.0,normal
2026-09-15 15:00:00,Telkom,Gauteng,Pretoria,PTA-HAT-011,PTA-HAT-011-C,RAN,99.36,99.12375,0.2362499999999983,98.99,0.43,99.17,45.29,36.258125,-24.909933980314754,12.42,63.3,-82.9,-8.9,20.7,58.65,51,3,1,0,0.99,22,0,0,0,0,normal,,0.0,normal
2026-09-15 15:15:00,Telkom,Gauteng,Pretoria,PTA-HAT-011,PTA-HAT-011-C,RAN,98.7,99.14562500000001,-0.4456250000000068,98.92,0.48,99.3,39.34,37.064375,-6.13965566666106,14.06,55.6,-83.9,-7.7,16.9,56.55,51,7,1,2,0.86,45,0,0,0,0,normal,,0.0,normal
2026-09-15 15:30:00,Telkom,Gauteng,Pretoria,PTA-HAT-011,PTA-HAT-011-C,RAN,98.81,99.08500000000001,-0.2750000000000057,98.56,0.56,98.23,40.39,37.280625,-8.340458348002482,14.12,51.0,-93.2,-9.8,21.7,57.43,54,0,2,3,0.78,94,0,0,0,0,normal,,0.0,normal
2026-09-15 15:45:00,Telkom,Gauteng,Pretoria,PTA-HAT-011,PTA-HAT-011-C,RAN,98.93,99.059375,-0.12937499999999602,98.72,0.2,98.57,35.42,37.281875,4.994048716702145,13.84,52.4,-87.1,-9.1,17.8,53.21,46,4,4,1,0.1,53,0,0,0,0,normal,,0.0,normal
2026-09-15 16:00:00,Telkom,Gauteng,Pretoria,PTA-HAT-011,PTA-HAT-011-C,RAN,99.55,99.06625,0.48375000000000057,99.13,0.49,99.47,38.14,37.93125,-0.5503377821716975,10.22,62.8,-88.9,-9.8,13.9,58.51,55,0,3,2,0.2,0,0,0,0,0,normal,,0.0,normal
2026-09-15 16:15:00,Telkom,Gauteng,Pretoria,PTA-HAT-011,PTA-HAT-011-C,RAN,99.15,99.091875,0.05812500000000398,98.94,1.04,99.47,42.41,38.021874999999994,-11.54105366976248,13.27,60.9,-86.8,-8.4,16.5,52.94,44,3,2,3,0.94,1,0,0,0,0,normal,,0.0,normal
2026-09-15 16:30:00,Telkom,Gauteng,Pretoria,PTA-HAT-011,PTA-HAT-011-C,RAN,99.22,99.08375,0.13625000000000398,98.3,0.54,99.52,39.91,38.17,-4.558553838092729,13.6,62.0,-87.6,-9.2,15.8,52.94,54,3,6,2,0.81,27,0,0,0,0,normal,,0.0,normal
2026-09-15 16:45:00,Telkom,Gauteng,Pretoria,PTA-HAT-011,PTA-HAT-011-C,RAN,99.54,99.099375,0.44062500000001137,99.03,0.7,98.92,42.24,38.07625,-10.93529431075802,13.54,46.7,-88.2,-10.6,14.3,47.79,54,3,6,6,0.87,0,0,0,0,0,normal,,0.0,normal
2026-09-15 17:00:00,Telkom,Gauteng,Pretoria,PTA-HAT-011,PTA-HAT-011-C,RAN,99.11,99.10125,0.008750000000006253,99.35,0.5,97.69,30.47,38.165625,20.16375992794563,12.67,52.0,-84.8,-10.9,14.5,58.9,48,4,6,3,0.77,0,1,0,0,0,normal,,0.0,normal
2026-09-15 17:15:00,Telkom,Gauteng,Pretoria,PTA-HAT-011,PTA-HAT-011-C,RAN,99.13,99.091875,0.03812499999999375,98.57,0.61,98.92,44.43,37.990625,-16.949905404293816,14.66,52.5,-84.1,-10.7,18.0,53.35,49,5,4,3,0.41,50,2,0,0,0,normal,,0.0,normal
2026-09-15 17:30:00,Telkom,Gauteng,Pretoria,PTA-HAT-011,PTA-HAT-011-C,RAN,99.17,99.095,0.07500000000000284,98.63,0.1,97.95,32.11,39.299375,18.293865996596633,11.5,61.0,-90.6,-10.5,17.3,66.6,51,3,4,0,1.04,0,2,0,0,0,normal,,0.0,normal
2026-09-15 17:45:00,Telkom,Gauteng,Pretoria,PTA-HAT-011,PTA-HAT-011-C,RAN,99.82,99.12,0.6999999999999886,98.76,0.59,99.01,38.95,38.900625,-0.12692598126638027,12.38,56.5,-89.8,-9.9,13.4,59.31,60,1,0,3,1.06,42,1,0,0,0,normal,,0.0,normal
2026-09-15 18:00:00,Telkom,Gauteng,Pretoria,PTA-HAT-011,PTA-HAT-011-C,RAN,98.88,99.14874999999999,-0.26874999999999716,98.6,0.62,98.63,37.71,38.770625,2.7356407073654387,12.07,66.3,-80.5,-10.1,14.1,54.85,52,6,3,6,0.64,3,0,0,0,0,normal,,0.0,normal
2026-09-15 18:15:00,Telkom,Gauteng,Pretoria,PTA-HAT-011,PTA-HAT-011-C,RAN,99.02,99.1875,-0.16750000000000398,98.36,0.14,98.85,33.35,39.075624999999995,14.652676700628575,12.39,52.6,-87.9,-10.7,17.4,59.46,56,6,4,2,0.95,0,0,0,0,0,normal,,0.0,normal
2026-09-15 18:30:00,Telkom,Gauteng,Pretoria,PTA-HAT-011,PTA-HAT-011-C,RAN,99.43,99.22375,0.20625000000001137,98.58,0.71,98.86,33.61,38.761874999999996,13.291088214901878,8.76,64.9,-85.0,-8.2,14.9,65.93,53,4,5,4,0.85,182,0,0,0,0,normal,,0.0,normal
2026-09-15 18:45:00,Telkom,Gauteng,Pretoria,PTA-HAT-011,PTA-HAT-011-C,RAN,99.43,99.218125,0.21187500000000625,98.88,0.99,98.39,36.53,38.13875,4.218150830847892,12.42,36.6,-85.8,-9.3,18.0,55.64,48,3,8,3,0.1,80,0,0,0,0,normal,,0.0,normal
2026-09-15 19:00:00,Telkom,Gauteng,Pretoria,PTA-HAT-011,PTA-HAT-011-C,RAN,99.04,99.203125,-0.16312499999999375,98.55,0.63,99.14,31.69,38.14375,16.919547763395045,10.86,54.9,-86.6,-11.1,18.7,56.47,54,7,9,4,1.16,78,0,0,0,0,normal,,0.0,normal
2026-09-15 19:15:00,Telkom,Gauteng,Pretoria,PTA-HAT-011,PTA-HAT-011-C,RAN,99.36,99.18312499999999,0.17687500000000966,99.12,0.34,98.09,38.8,37.29375,-4.038880509468729,11.0,47.6,-86.7,-8.2,18.8,62.09,60,2,1,2,0.1,80,0,0,0,0,normal,,0.0,normal
2026-09-15 19:30:00,Telkom,Gauteng,Pretoria,PTA-HAT-011,PTA-HAT-011-C,RAN,98.34,99.22437500000001,-0.8843750000000057,98.48,0.29,99.57,31.48,37.26,15.512614063338695,11.23,55.5,-83.6,-10.6,13.9,61.65,53,9,7,1,0.85,0,0,0,0,0,normal,,0.0,normal
2026-09-15 19:45:00,Telkom,Gauteng,Pretoria,PTA-HAT-011,PTA-HAT-011-C,RAN,99.22,99.195,0.025000000000005684,98.46,0.46,98.9,43.9,36.703125,-19.608343976160064,12.4,55.4,-86.2,-11.8,15.4,57.39,46,3,6,2,1.18,9,0,0,0,0,normal,,0.0,normal
2026-09-15 20:00:00,Telkom,Gauteng,Pretoria,PTA-HAT-011,PTA-HAT-011-C,RAN,99.32,99.213125,0.10687499999998806,98.65,0.3,98.45,38.49,37.233125,-3.3756903295116936,11.77,56.5,-84.9,-8.7,15.9,59.22,51,0,6,3,0.75,58,0,0,0,0,normal,,0.0,normal
2026-09-15 20:15:00,Telkom,Gauteng,Pretoria,PTA-HAT-011,PTA-HAT-011-C,RAN,98.96,99.19874999999999,-0.23874999999999602,98.33,0.53,98.32,32.99,37.254999999999995,11.448127768084806,11.24,57.2,-88.8,-9.5,19.0,66.03,62,7,4,3,0.7,88,0,0,0,0,normal,,0.0,normal
2026-09-15 20:30:00,Telkom,Gauteng,Pretoria,PTA-HAT-011,PTA-HAT-011-C,RAN,99.56,99.186875,0.3731250000000017,99.17,0.67,98.74,35.46,36.66625,3.289810111478532,11.77,56.6,-86.4,-11.0,16.2,55.67,46,0,2,1,0.1,0,0,0,0,0,normal,,0.0,normal
2026-09-15 20:45:00,Telkom,Gauteng,Pretoria,PTA-HAT-011,PTA-HAT-011-C,RAN,99.39,99.208125,0.18187500000000512,98.73,0.51,98.55,38.51,36.388125,-5.831229281530708,12.41,46.5,-85.5,-8.8,15.5,55.19,44,3,4,3,0.5,147,0,0,0,0,normal,,0.0,normal
2026-09-15 21:00:00,Telkom,Gauteng,Pretoria,PTA-HAT-011,PTA-HAT-011-C,RAN,99.1,99.19875,-0.09875000000000966,98.77,0.61,98.36,41.81,36.155,-15.640990181164433,12.97,47.4,-84.9,-12.4,16.7,45.26,43,4,5,4,0.54,0,1,0,0,0,normal,,0.0,normal
2026-09-15 21:15:00,Telkom,Gauteng,Pretoria,PTA-HAT-011,PTA-HAT-011-C,RAN,99.32,99.19812499999999,0.12187500000000284,98.92,0.52,98.17,38.04,36.863749999999996,-3.1908039740938006,10.07,48.9,-91.3,-10.6,15.5,59.44,48,1,4,3,0.61,17,1,0,0,0,normal,,0.0,normal
2026-09-15 21:30:00,Telkom,Gauteng,Pretoria,PTA-HAT-011,PTA-HAT-011-C,RAN,99.12,99.21000000000001,-0.09000000000000341,99.06,0.67,97.96,42.11,36.464375000000004,-15.482577172925616,9.86,52.4,-85.9,-12.1,14.3,48.44,40,3,4,0,0.73,0,1,0,0,0,normal,,0.0,normal
2026-09-15 21:45:00,Telkom,Gauteng,Pretoria,PTA-HAT-011,PTA-HAT-011-C,RAN,99.36,99.206875,0.15312500000000284,99.01,0.66,99.33,39.86,37.089375,-7.470131270748031,12.28,55.4,-86.0,-8.4,19.3,55.27,45,5,3,1,0.55,0,1,0,0,0,normal,,0.0,normal
2026-09-15 22:00:00,Telkom,Gauteng,Pretoria,PTA-HAT-011,PTA-HAT-011-C,RAN,99.68,99.17812500000001,0.5018749999999983,98.9,0.43,97.16,38.28,37.146249999999995,-3.052125046269829,10.6,44.0,-89.4,-8.7,15.4,47.75,39,1,2,1,0.2,0,1,0,0,0,normal,,0.0,normal
2026-09-15 22:15:00,Telkom,Gauteng,Pretoria,PTA-HAT-011,PTA-HAT-011-C,RAN,99.2,99.22812499999999,-0.02812499999998863,98.71,0.76,98.16,37.69,37.181875000000005,-1.366593266208314,11.14,57.2,-90.3,-8.5,16.9,54.38,36,0,4,3,0.96,89,1,0,0,0,normal,,0.0,normal
2026-09-15 22:30:00,Telkom,Gauteng,Pretoria,PTA-HAT-011,PTA-HAT-011-C,RAN,99.04,99.239375,-0.1993749999999892,98.6,0.7,99.46,33.11,37.453125,11.596161869002922,12.69,50.0,-87.1,-10.5,19.4,45.59,34,3,5,2,0.72,0,1,0,0,0,normal,,0.0,normal
2026-09-15 22:45:00,Telkom,Gauteng,Pretoria,PTA-HAT-011,PTA-HAT-011-C,RAN,98.81,99.21499999999999,-0.4049999999999869,99.75,0.49,98.65,42.68,37.421875,-14.050939457202505,11.0,49.6,-86.1,-10.3,18.9,44.18,30,4,0,0,0.71,63,1,0,0,0,normal,,0.0,normal
2026-09-15 23:00:00,Telkom,Gauteng,Pretoria,PTA-HAT-011,PTA-HAT-011-C,RAN,99.32,99.17625000000001,0.14374999999998295,98.67,0.82,98.69,40.02,37.80625,-5.855513307984803,13.45,46.7,-92.3,-11.5,13.1,44.22,43,2,4,2,0.1,105,0,0,0,0,normal,,0.0,normal
2026-09-15 23:15:00,Telkom,Gauteng,Pretoria,PTA-HAT-011,PTA-HAT-011-C,RAN,99.28,99.19375000000001,0.08624999999999261,99.12,0.53,99.0,39.7,38.326875,-3.58266881920324,12.61,42.1,-86.5,-10.0,17.8,44.34,27,0,2,2,1.12,24,0,0,0,0,normal,,0.0,normal
2026-09-15 23:30:00,Telkom,Gauteng,Pretoria,PTA-HAT-011,PTA-HAT-011-C,RAN,98.9,99.18875,-0.2887499999999932,98.94,0.37,97.14,41.57,38.383125,-8.302802338267144,13.48,62.3,-85.3,-10.2,16.8,49.92,42,3,0,0,0.64,14,0,0,0,0,normal,,0.0,normal
2026-09-15 23:45:00,Telkom,Gauteng,Pretoria,PTA-HAT-011,PTA-HAT-011-C,RAN,99.03,99.22375000000001,-0.19375000000000853,99.5,0.29,98.67,46.21,39.01375,-18.445419884015248,15.39,44.6,-85.5,-8.0,17.9,41.57,40,0,2,1,0.83,31,0,0,0,0,normal,,0.0,normal
