timestamp,operator,site_id,cell_id,domain,rrc_connection_attempts,rrc_connection_failures,erab_setup_attempts,erab_setup_failures,volte_drops,data_session_drops,dl_prb_used,ul_prb_used,packet_loss_pct,transport_discard_packets,incident_id
2026-09-14T00:00,Telkom,JHB-CBD-003,JHB-CBD-003-A,RAN,297,3,273,3,0,2,4239.7,1780.0,1.06,0,
2026-09-14T00:00,Telkom,JHB-CBD-003,JHB-CBD-003-B,RAN,330,2,303,0,0,2,4675.6,2757.9,0.94,52,
2026-09-14T00:00,Telkom,JHB-CBD-003,JHB-CBD-003-C,RAN,220,1,202,0,0,2,4147.9,2451.7,0.59,255,
2026-09-14T00:00,Telkom,JHB-SOW-018,JHB-SOW-018-A,RAN,243,0,223,5,1,1,3407.6,1573.0,1.08,0,
2026-09-14T00:00,Telkom,JHB-SOW-018,JHB-SOW-018-B,RAN,273,0,251,5,1,2,3838.9,2115.7,0.44,0,
2026-09-14T00:00,Telkom,JHB-SOW-018,JHB-SOW-018-C,RAN,320,2,294,2,0,2,3498.1,1620.6,1.04,101,
2026-09-14T00:00,Telkom,PTA-HAT-011,PTA-HAT-011-A,RAN,261,0,240,5,0,0,3687.4,1937.4,0.56,0,
2026-09-14T00:00,Telkom,PTA-HAT-011,PTA-HAT-011-B,RAN,245,2,225,2,0,1,5051.8,1789.7,0.48,80,
2026-09-14T00:00,Telkom,PTA-HAT-011,PTA-HAT-011-C,RAN,245,1,225,0,0,0,4638.4,2465.0,0.1,0,
2026-09-14T00:00,Telkom,CPT-BEL-007,CPT-BEL-007-A,RAN,196,1,180,4,0,1,3593.0,1694.3,0.94,29,
2026-09-14T00:00,Telkom,CPT-BEL-007,CPT-BEL-007-B,RAN,224,2,206,0,0,0,3379.8,1444.2,0.5,31,
2026-09-14T00:00,Telkom,CPT-BEL-007,CPT-BEL-007-C,RAN,200,0,184,0,0,0,4949.5,2410.7,0.86,116,
2026-09-14T00:15,Telkom,JHB-CBD-003,JHB-CBD-003-A,RAN,216,2,198,3,0,0,3541.4,1386.4,0.42,72,
2026-09-14T00:15,Telkom,JHB-CBD-003,JHB-CBD-003-B,RAN,320,4,294,0,0,2,4648.5,2085.2,0.88,5,
2026-09-14T00:15,Telkom,JHB-CBD-003,JHB-CBD-003-C,RAN,203,0,186,0,0,0,4010.5,2122.7,0.67,0,
2026-09-14T00:15,Telkom,JHB-SOW-018,JHB-SOW-018-A,RAN,270,2,248,3,0,1,3105.9,1616.2,1.04,54,
2026-09-14T00:15,Telkom,JHB-SOW-018,JHB-SOW-018-B,RAN,275,3,253,2,1,0,3093.1,1493.3,0.76,0,
2026-09-14T00:15,Telkom,JHB-SOW-018,JHB-SOW-018-C,RAN,324,5,298,4,0,2,3081.9,1785.6,1.3,95,
2026-09-14T00:15,Telkom,PTA-HAT-011,PTA-HAT-011-A,RAN,470,5,432,4,1,1,5456.7,2207.0,1.08,11,
2026-09-14T00:15,Telkom,PTA-HAT-011,PTA-HAT-011-B,RAN,280,3,257,2,0,0,5077.6,2392.5,0.33,0,
2026-09-14T00:15,Telkom,PTA-HAT-011,PTA-HAT-011-C,RAN,252,2,231,0,1,0,4866.4,2240.3,0.49,46,
2026-09-14T00:15,Telkom,CPT-BEL-007,CPT-BEL-007-A,RAN,238,2,218,0,1,2,4977.2,2435.9,1.29,26,
2026-09-14T00:15,Telkom,CPT-BEL-007,CPT-BEL-007-B,RAN,308,5,283,3,2,1,5016.0,2437.4,0.63,0,
2026-09-14T00:15,Telkom,CPT-BEL-007,CPT-BEL-007-C,RAN,288,7,264,5,0,2,4120.2,1964.1,0.11,0,
2026-09-14T00:30,Telkom,JHB-CBD-003,JHB-CBD-003-A,RAN,396,0,364,5,0,1,4796.5,1563.2,0.27,0,
2026-09-14T00:30,Telkom,JHB-CBD-003,JHB-CBD-003-B,RAN,340,2,312,0,0,0,4989.6,3101.0,1.0,0,
2026-09-14T00:30,Telkom,JHB-CBD-003,JHB-CBD-003-C,RAN,396,4,364,2,2,3,4466.3,2169.7,0.8,14,
2026-09-14T00:30,Telkom,JHB-SOW-018,JHB-SOW-018-A,RAN,224,0,206,1,0,0,3367.1,1675.0,0.54,105,
2026-09-14T00:30,Telkom,JHB-SOW-018,JHB-SOW-018-B,RAN,320,1,294,3,0,2,3777.8,1543.2,1.27,15,
2026-09-14T00:30,Telkom,JHB-SOW-018,JHB-SOW-018-C,RAN,279,1,256,0,0,1,3100.1,1995.0,1.28,66,
2026-09-14T00:30,Telkom,PTA-HAT-011,PTA-HAT-011-A,RAN,288,0,264,2,0,0,4063.1,2542.8,0.58,27,
2026-09-14T00:30,Telkom,PTA-HAT-011,PTA-HAT-011-B,RAN,315,0,289,0,1,0,4628.0,2780.1,0.24,67,
2026-09-14T00:30,Telkom,PTA-HAT-011,PTA-HAT-011-C,RAN,444,0,408,0,1,1,6207.6,2948.6,0.72,0,
2026-09-14T00:30,Telkom,CPT-BEL-007,CPT-BEL-007-A,RAN,250,5,230,0,0,1,4068.5,1354.7,0.73,106,
2026-09-14T00:30,Telkom,CPT-BEL-007,CPT-BEL-007-B,RAN,390,7,358,2,0,0,4324.7,2479.8,0.4,111,
2026-09-14T00:30,Telkom,CPT-BEL-007,CPT-BEL-007-C,RAN,341,5,313,0,1,4,4736.2,2192.0,0.46,23,
2026-09-14T00:45,Telkom,JHB-CBD-003,JHB-CBD-003-A,RAN,300,2,276,4,0,2,4182.8,1984.8,0.68,20,
2026-09-14T00:45,Telkom,JHB-CBD-003,JHB-CBD-003-B,RAN,351,6,322,3,0,0,5683.4,2369.7,0.41,0,
2026-09-14T00:45,Telkom,JHB-CBD-003,JHB-CBD-003-C,RAN,330,3,303,3,0,3,5040.2,2589.9,0.29,0,
2026-09-14T00:45,Telkom,JHB-SOW-018,JHB-SOW-018-A,RAN,352,6,323,2,0,0,3898.0,1473.3,0.1,57,
2026-09-14T00:45,Telkom,JHB-SOW-018,JHB-SOW-018-B,RAN,351,6,322,3,0,2,4053.9,2173.8,0.8,62,
2026-09-14T00:45,Telkom,JHB-SOW-018,JHB-SOW-018-C,RAN,189,4,173,4,0,0,2555.3,1499.6,0.59,0,
2026-09-14T00:45,Telkom,PTA-HAT-011,PTA-HAT-011-A,RAN,238,0,218,2,1,1,5692.6,3333.8,0.43,54,
2026-09-14T00:45,Telkom,PTA-HAT-011,PTA-HAT-011-B,RAN,333,2,306,1,1,3,3752.0,1760.4,0.94,36,
2026-09-14T00:45,Telkom,PTA-HAT-011,PTA-HAT-011-C,RAN,260,3,239,0,1,2,4137.4,2123.3,0.79,140,
2026-09-14T00:45,Telkom,CPT-BEL-007,CPT-BEL-007-A,RAN,348,5,320,3,3,5,4698.1,2203.1,0.76,127,
2026-09-14T00:45,Telkom,CPT-BEL-007,CPT-BEL-007-B,RAN,400,6,368,1,0,2,3740.4,1829.5,0.19,113,
2026-09-14T00:45,Telkom,CPT-BEL-007,CPT-BEL-007-C,RAN,245,1,225,4,1,2,4624.3,2407.7,0.85,0,
2026-09-14T01:00,Telkom,JHB-CBD-003,JHB-CBD-003-A,RAN,252,3,231,5,1,0,4239.0,2202.2,0.88,85,
2026-09-14T01:00,Telkom,JHB-CBD-003,JHB-CBD-003-B,RAN,259,3,238,5,0,0,4370.5,1676.7,0.26,56,
2026-09-14T01:00,Telkom,JHB-CBD-003,JHB-CBD-003-C,RAN,279,1,256,3,0,1,4398.5,2196.4,0.52,16,
2026-09-14T01:00,Telkom,JHB-SOW-018,JHB-SOW-018-A,RAN,260,4,239,0,0,0,2886.1,1526.1,0.47,40,
2026-09-14T01:00,Telkom,JHB-SOW-018,JHB-SOW-018-B,RAN,252,3,231,4,2,1,3431.9,1188.5,0.73,0,
2026-09-14T01:00,Telkom,JHB-SOW-018,JHB-SOW-018-C,RAN,341,7,313,2,0,1,3396.9,1667.9,0.67,0,
2026-09-14T01:00,Telkom,PTA-HAT-011,PTA-HAT-011-A,RAN,396,0,364,4,0,1,4553.9,2413.6,0.67,16,
2026-09-14T01:00,Telkom,PTA-HAT-011,PTA-HAT-011-B,RAN,330,3,303,1,0,1,4592.3,1695.7,0.87,73,
2026-09-14T01:00,Telkom,PTA-HAT-011,PTA-HAT-011-C,RAN,238,2,218,0,0,1,5141.4,2482.0,1.15,0,
2026-09-14T01:00,Telkom,CPT-BEL-007,CPT-BEL-007-A,RAN,224,0,206,1,0,0,3992.8,2024.3,1.28,128,
2026-09-14T01:00,Telkom,CPT-BEL-007,CPT-BEL-007-B,RAN,224,2,206,4,0,2,4356.7,1860.2,0.97,35,
2026-09-14T01:00,Telkom,CPT-BEL-007,CPT-BEL-007-C,RAN,352,2,323,3,0,1,4226.1,1353.0,0.75,0,
2026-09-14T01:15,Telkom,JHB-CBD-003,JHB-CBD-003-A,RAN,288,0,264,5,0,2,4634.8,2478.8,0.82,56,
2026-09-14T01:15,Telkom,JHB-CBD-003,JHB-CBD-003-B,RAN,238,0,218,0,0,1,3830.2,1529.8,0.49,63,
2026-09-14T01:15,Telkom,JHB-CBD-003,JHB-CBD-003-C,RAN,266,3,244,2,0,0,4161.0,1665.5,0.57,92,
2026-09-14T01:15,Telkom,JHB-SOW-018,JHB-SOW-018-A,RAN,370,1,340,4,0,1,3690.7,1838.3,0.72,43,
2026-09-14T01:15,Telkom,JHB-SOW-018,JHB-SOW-018-B,RAN,288,1,264,2,1,0,3136.4,1523.8,0.25,80,
2026-09-14T01:15,Telkom,JHB-SOW-018,JHB-SOW-018-C,RAN,297,0,273,4,0,0,3197.1,1259.4,0.1,0,
2026-09-14T01:15,Telkom,PTA-HAT-011,PTA-HAT-011-A,RAN,304,2,279,2,1,3,5382.9,2354.0,0.38,23,
2026-09-14T01:15,Telkom,PTA-HAT-011,PTA-HAT-011-B,RAN,410,7,377,5,0,1,4741.1,2056.8,0.94,176,
2026-09-14T01:15,Telkom,PTA-HAT-011,PTA-HAT-011-C,RAN,374,5,344,2,1,4,4482.2,1701.9,0.52,64,
2026-09-14T01:15,Telkom,CPT-BEL-007,CPT-BEL-007-A,RAN,176,2,161,2,0,0,3754.8,1899.2,0.78,101,
2026-09-14T01:15,Telkom,CPT-BEL-007,CPT-BEL-007-B,RAN,333,2,306,2,1,2,4702.4,2018.0,0.71,55,
2026-09-14T01:15,Telkom,CPT-BEL-007,CPT-BEL-007-C,RAN,182,1,167,0,0,1,4871.4,2192.4,0.64,20,
2026-09-14T01:30,Telkom,JHB-CBD-003,JHB-CBD-003-A,RAN,363,0,333,1,0,1,4472.3,2031.3,0.58,114,
2026-09-14T01:30,Telkom,JHB-CBD-003,JHB-CBD-003-B,RAN,224,0,206,3,0,1,3429.2,1433.7,0.7,0,
2026-09-14T01:30,Telkom,JHB-CBD-003,JHB-CBD-003-C,RAN,363,8,333,5,1,2,4560.8,1859.5,0.34,0,
2026-09-14T01:30,Telkom,JHB-SOW-018,JHB-SOW-018-A,RAN,360,0,331,4,0,0,3015.0,1462.8,0.81,35,
2026-09-14T01:30,Telkom,JHB-SOW-018,JHB-SOW-018-B,RAN,264,3,242,0,0,1,3919.9,2018.5,0.44,24,
2026-09-14T01:30,Telkom,JHB-SOW-018,JHB-SOW-018-C,RAN,288,4,264,0,0,3,3638.9,1430.8,0.89,85,
2026-09-14T01:30,Telkom,PTA-HAT-011,PTA-HAT-011-A,RAN,328,8,301,4,0,0,4828.8,2241.5,0.79,0,
2026-09-14T01:30,Telkom,PTA-HAT-011,PTA-HAT-011-B,RAN,324,4,298,2,0,1,4560.1,2056.9,0.34,0,
2026-09-14T01:30,Telkom,PTA-HAT-011,PTA-HAT-011-C,RAN,252,1,231,3,1,1,4129.8,1386.1,0.91,2,
2026-09-14T01:30,Telkom,CPT-BEL-007,CPT-BEL-007-A,RAN,360,5,331,5,0,1,5347.8,2421.7,1.28,81,
2026-09-14T01:30,Telkom,CPT-BEL-007,CPT-BEL-007-B,RAN,231,0,212,0,0,1,4544.8,2510.8,0.62,0,
2026-09-14T01:30,Telkom,CPT-BEL-007,CPT-BEL-007-C,RAN,288,6,264,5,0,0,5213.5,2331.8,0.62,0,
2026-09-14T01:45,Telkom,JHB-CBD-003,JHB-CBD-003-A,RAN,456,6,419,2,0,2,4877.0,2457.4,0.39,0,
2026-09-14T01:45,Telkom,JHB-CBD-003,JHB-CBD-003-B,RAN,270,4,248,1,0,0,5184.4,2386.9,0.46,15,
2026-09-14T01:45,Telkom,JHB-CBD-003,JHB-CBD-003-C,RAN,418,3,384,4,0,2,5453.4,2714.8,1.08,19,
2026-09-14T01:45,Telkom,JHB-SOW-018,JHB-SOW-018-A,RAN,154,3,141,3,0,1,3415.0,1587.3,0.88,0,
2026-09-14T01:45,Telkom,JHB-SOW-018,JHB-SOW-018-B,RAN,319,2,293,0,0,2,3472.2,1657.7,0.99,84,
2026-09-14T01:45,Telkom,JHB-SOW-018,JHB-SOW-018-C,RAN,430,2,395,2,0,0,4147.2,1904.3,0.88,0,
2026-09-14T01:45,Telkom,PTA-HAT-011,PTA-HAT-011-A,RAN,240,0,220,1,0,0,4394.3,2364.0,0.47,121,
2026-09-14T01:45,Telkom,PTA-HAT-011,PTA-HAT-011-B,RAN,240,1,220,2,0,0,4555.5,2319.0,0.85,0,
2026-09-14T01:45,Telkom,PTA-HAT-011,PTA-HAT-011-C,RAN,330,0,303,3,1,0,4990.9,2710.8,0.26,39,
2026-09-14T01:45,Telkom,CPT-BEL-007,CPT-BEL-007-A,RAN,252,2,231,3,0,0,5162.9,2082.4,1.11,4,
2026-09-14T01:45,Telkom,CPT-BEL-007,CPT-BEL-007-B,RAN,224,0,206,0,0,0,4414.3,2105.8,0.89,51,
2026-09-14T01:45,Telkom,CPT-BEL-007,CPT-BEL-007-C,RAN,408,3,375,3,1,2,4827.2,2491.1,0.52,0,
2026-09-14T02:00,Telkom,JHB-CBD-003,JHB-CBD-003-A,RAN,380,0,349,2,0,1,3959.7,2271.2,0.3,0,
2026-09-14T02:00,Telkom,JHB-CBD-003,JHB-CBD-003-B,RAN,333,4,306,2,0,0,5703.7,2851.8,0.88,79,
2026-09-14T02:00,Telkom,JHB-CBD-003,JHB-CBD-003-C,RAN,484,9,445,4,0,2,4838.4,2244.6,0.4,123,
2026-09-14T02:00,Telkom,JHB-SOW-018,JHB-SOW-018-A,RAN,310,3,285,2,0,1,4014.0,2137.0,0.31,120,
2026-09-14T02:00,Telkom,JHB-SOW-018,JHB-SOW-018-B,RAN,420,0,386,3,0,4,3129.0,1219.5,1.2,40,
2026-09-14T02:00,Telkom,JHB-SOW-018,JHB-SOW-018-C,RAN,360,3,331,0,1,2,3118.6,1636.9,0.41,134,
2026-09-14T02:00,Telkom,PTA-HAT-011,PTA-HAT-011-A,RAN,420,5,386,0,0,2,4433.6,2493.7,1.34,0,
2026-09-14T02:00,Telkom,PTA-HAT-011,PTA-HAT-011-B,RAN,320,4,294,2,1,2,4837.3,1944.1,0.8,127,
2026-09-14T02:00,Telkom,PTA-HAT-011,PTA-HAT-011-C,RAN,370,4,340,2,0,3,3607.8,1340.1,0.65,80,
2026-09-14T02:00,Telkom,CPT-BEL-007,CPT-BEL-007-A,RAN,270,3,248,2,0,1,3749.9,1958.9,1.12,0,
2026-09-14T02:00,Telkom,CPT-BEL-007,CPT-BEL-007-B,RAN,385,2,354,2,0,0,4883.7,2255.4,0.12,140,
2026-09-14T02:00,Telkom,CPT-BEL-007,CPT-BEL-007-C,RAN,368,3,338,3,0,2,5811.5,3184.3,0.98,65,
2026-09-14T02:15,Telkom,JHB-CBD-003,JHB-CBD-003-A,RAN,270,2,248,1,1,3,4491.8,2594.7,0.24,0,
2026-09-14T02:15,Telkom,JHB-CBD-003,JHB-CBD-003-B,RAN,444,8,408,4,1,0,5120.8,2822.2,0.42,13,
2026-09-14T02:15,Telkom,JHB-CBD-003,JHB-CBD-003-C,RAN,370,1,340,7,1,2,5223.7,2537.6,1.06,0,
2026-09-14T02:15,Telkom,JHB-SOW-018,JHB-SOW-018-A,RAN,200,2,184,2,0,0,3167.0,1395.0,0.91,128,
2026-09-14T02:15,Telkom,JHB-SOW-018,JHB-SOW-018-B,RAN,279,0,256,1,0,0,3765.8,1516.4,0.45,59,
2026-09-14T02:15,Telkom,JHB-SOW-018,JHB-SOW-018-C,RAN,350,2,322,4,1,3,3518.7,1909.7,0.66,0,
2026-09-14T02:15,Telkom,PTA-HAT-011,PTA-HAT-011-A,RAN,396,2,364,4,1,1,4429.4,1984.4,0.52,0,
2026-09-14T02:15,Telkom,PTA-HAT-011,PTA-HAT-011-B,RAN,370,0,340,4,0,2,4348.5,1990.7,0.86,118,
2026-09-14T02:15,Telkom,PTA-HAT-011,PTA-HAT-011-C,RAN,306,3,281,2,0,2,4488.2,2561.8,0.98,1,
2026-09-14T02:15,Telkom,CPT-BEL-007,CPT-BEL-007-A,RAN,296,0,272,3,1,1,4911.1,2560.6,0.45,0,
2026-09-14T02:15,Telkom,CPT-BEL-007,CPT-BEL-007-B,RAN,396,2,364,2,0,2,4751.6,2164.6,0.37,28,
2026-09-14T02:15,Telkom,CPT-BEL-007,CPT-BEL-007-C,RAN,250,2,230,4,0,0,4575.1,3082.9,0.8,48,
2026-09-14T02:30,Telkom,JHB-CBD-003,JHB-CBD-003-A,RAN,324,0,298,4,0,2,4412.9,1636.1,0.7,22,
2026-09-14T02:30,Telkom,JHB-CBD-003,JHB-CBD-003-B,RAN,407,3,374,9,1,0,4908.0,2551.3,1.11,89,
2026-09-14T02:30,Telkom,JHB-CBD-003,JHB-CBD-003-C,RAN,396,0,364,5,1,0,5130.9,3298.4,0.72,107,
2026-09-14T02:30,Telkom,JHB-SOW-018,JHB-SOW-018-A,RAN,360,0,331,3,0,0,3601.0,1974.3,0.88,0,
2026-09-14T02:30,Telkom,JHB-SOW-018,JHB-SOW-018-B,RAN,297,3,273,7,0,0,3455.9,2089.8,1.03,0,
2026-09-14T02:30,Telkom,JHB-SOW-018,JHB-SOW-018-C,RAN,290,3,266,3,0,0,2677.7,1181.1,0.55,122,
2026-09-14T02:30,Telkom,PTA-HAT-011,PTA-HAT-011-A,RAN,320,0,294,0,0,2,4856.0,2469.5,0.7,143,
2026-09-14T02:30,Telkom,PTA-HAT-011,PTA-HAT-011-B,RAN,324,0,298,1,0,0,4293.9,2105.0,1.08,19,
2026-09-14T02:30,Telkom,PTA-HAT-011,PTA-HAT-011-C,RAN,352,5,323,4,0,0,4406.3,2216.8,0.65,118,
2026-09-14T02:30,Telkom,CPT-BEL-007,CPT-BEL-007-A,RAN,208,0,191,0,0,1,4342.7,2303.6,0.47,126,
2026-09-14T02:30,Telkom,CPT-BEL-007,CPT-BEL-007-B,RAN,176,0,161,0,0,1,3425.4,1928.0,1.04,41,
2026-09-14T02:30,Telkom,CPT-BEL-007,CPT-BEL-007-C,RAN,363,4,333,1,0,0,4400.6,1705.4,0.63,78,
2026-09-14T02:45,Telkom,JHB-CBD-003,JHB-CBD-003-A,RAN,385,3,354,2,0,2,4823.2,2750.9,0.66,113,
2026-09-14T02:45,Telkom,JHB-CBD-003,JHB-CBD-003-B,RAN,369,1,339,0,0,1,4465.3,1911.3,0.3,0,
2026-09-14T02:45,Telkom,JHB-CBD-003,JHB-CBD-003-C,RAN,280,0,257,5,0,1,4675.9,1785.1,0.39,0,
2026-09-14T02:45,Telkom,JHB-SOW-018,JHB-SOW-018-A,RAN,259,2,238,4,0,0,3618.6,1661.3,0.56,38,
2026-09-14T02:45,Telkom,JHB-SOW-018,JHB-SOW-018-B,RAN,308,2,283,2,0,1,3122.4,1059.9,1.08,48,
2026-09-14T02:45,Telkom,JHB-SOW-018,JHB-SOW-018-C,RAN,288,5,264,0,1,1,3738.4,1695.5,1.27,0,
2026-09-14T02:45,Telkom,PTA-HAT-011,PTA-HAT-011-A,RAN,238,3,218,1,1,0,4211.3,1779.8,0.81,23,
2026-09-14T02:45,Telkom,PTA-HAT-011,PTA-HAT-011-B,RAN,280,7,257,5,0,1,4622.3,2050.1,0.1,48,
2026-09-14T02:45,Telkom,PTA-HAT-011,PTA-HAT-011-C,RAN,340,5,312,3,0,1,4992.8,2522.7,0.53,63,
2026-09-14T02:45,Telkom,CPT-BEL-007,CPT-BEL-007-A,RAN,360,6,331,3,0,1,5140.3,2651.7,0.71,71,
2026-09-14T02:45,Telkom,CPT-BEL-007,CPT-BEL-007-B,RAN,216,2,198,5,0,2,4938.0,2186.4,0.95,0,
2026-09-14T02:45,Telkom,CPT-BEL-007,CPT-BEL-007-C,RAN,245,4,225,2,0,2,4349.2,2413.9,0.38,37,
2026-09-14T03:00,Telkom,JHB-CBD-003,JHB-CBD-003-A,RAN,320,0,294,2,1,2,4568.5,1940.9,1.04,95,
2026-09-14T03:00,Telkom,JHB-CBD-003,JHB-CBD-003-B,RAN,330,1,303,3,1,0,5145.4,2019.1,0.43,27,
2026-09-14T03:00,Telkom,JHB-CBD-003,JHB-CBD-003-C,RAN,259,3,238,0,0,1,5359.5,1973.4,0.47,47,
2026-09-14T03:00,Telkom,JHB-SOW-018,JHB-SOW-018-A,RAN,248,2,228,4,0,0,3366.7,2000.3,1.11,0,
2026-09-14T03:00,Telkom,JHB-SOW-018,JHB-SOW-018-B,RAN,225,5,207,0,0,0,2501.1,975.5,0.86,0,
2026-09-14T03:00,Telkom,JHB-SOW-018,JHB-SOW-018-C,RAN,256,4,235,0,0,0,3996.6,2185.2,0.75,36,
2026-09-14T03:00,Telkom,PTA-HAT-011,PTA-HAT-011-A,RAN,240,2,220,0,0,2,4754.4,2580.6,0.95,116,
2026-09-14T03:00,Telkom,PTA-HAT-011,PTA-HAT-011-B,RAN,210,3,193,1,0,0,4062.8,1793.5,0.51,69,
2026-09-14T03:00,Telkom,PTA-HAT-011,PTA-HAT-011-C,RAN,252,3,231,2,0,0,4833.5,2148.9,0.79,0,
2026-09-14T03:00,Telkom,CPT-BEL-007,CPT-BEL-007-A,RAN,370,1,340,0,0,2,5442.5,2676.6,0.34,37,
2026-09-14T03:00,Telkom,CPT-BEL-007,CPT-BEL-007-B,RAN,348,3,320,1,0,2,3869.6,1956.5,0.1,97,
2026-09-14T03:00,Telkom,CPT-BEL-007,CPT-BEL-007-C,RAN,363,1,333,5,0,1,5038.7,2669.6,0.28,0,
2026-09-14T03:15,Telkom,JHB-CBD-003,JHB-CBD-003-A,RAN,420,1,386,4,2,4,4421.4,2400.3,0.21,22,
2026-09-14T03:15,Telkom,JHB-CBD-003,JHB-CBD-003-B,RAN,175,2,161,2,2,3,4839.3,2291.6,0.54,4,
2026-09-14T03:15,Telkom,JHB-CBD-003,JHB-CBD-003-C,RAN,304,4,279,3,0,1,4320.5,2947.3,0.76,65,
2026-09-14T03:15,Telkom,JHB-SOW-018,JHB-SOW-018-A,RAN,260,3,239,1,2,2,3263.4,1702.4,1.03,26,
2026-09-14T03:15,Telkom,JHB-SOW-018,JHB-SOW-018-B,RAN,333,5,306,6,0,2,3640.5,1667.5,0.38,151,
2026-09-14T03:15,Telkom,JHB-SOW-018,JHB-SOW-018-C,RAN,270,1,248,2,0,0,3456.8,1708.6,0.19,0,
2026-09-14T03:15,Telkom,PTA-HAT-011,PTA-HAT-011-A,RAN,369,10,339,3,0,4,4935.2,1737.1,0.13,90,
2026-09-14T03:15,Telkom,PTA-HAT-011,PTA-HAT-011-B,RAN,480,10,441,5,0,5,4519.1,2143.0,1.1,47,
2026-09-14T03:15,Telkom,PTA-HAT-011,PTA-HAT-011-C,RAN,516,6,474,1,1,0,5186.0,2165.2,0.6,8,
2026-09-14T03:15,Telkom,CPT-BEL-007,CPT-BEL-007-A,RAN,147,0,135,1,0,0,4101.1,2027.7,0.38,0,
2026-09-14T03:15,Telkom,CPT-BEL-007,CPT-BEL-007-B,RAN,304,0,279,1,0,0,4706.2,2717.2,0.8,115,
2026-09-14T03:15,Telkom,CPT-BEL-007,CPT-BEL-007-C,RAN,306,7,281,5,0,3,3964.6,2076.3,0.8,103,
2026-09-14T03:30,Telkom,JHB-CBD-003,JHB-CBD-003-A,RAN,252,0,231,0,0,2,3644.9,1711.1,0.82,0,
2026-09-14T03:30,Telkom,JHB-CBD-003,JHB-CBD-003-B,RAN,238,1,218,1,0,2,4995.6,2637.4,0.45,62,
2026-09-14T03:30,Telkom,JHB-CBD-003,JHB-CBD-003-C,RAN,252,1,231,1,0,1,4824.4,2514.4,0.84,22,
2026-09-14T03:30,Telkom,JHB-SOW-018,JHB-SOW-018-A,RAN,324,1,298,4,0,0,3621.9,1677.6,0.92,151,
2026-09-14T03:30,Telkom,JHB-SOW-018,JHB-SOW-018-B,RAN,341,1,313,8,1,3,2534.6,1064.3,0.43,0,
2026-09-14T03:30,Telkom,JHB-SOW-018,JHB-SOW-018-C,RAN,290,0,266,0,0,1,3287.8,1813.6,0.98,87,
2026-09-14T03:30,Telkom,PTA-HAT-011,PTA-HAT-011-A,RAN,280,0,257,3,0,1,4885.1,2328.0,0.23,133,
2026-09-14T03:30,Telkom,PTA-HAT-011,PTA-HAT-011-B,RAN,324,1,298,1,0,0,5632.0,3129.7,0.1,68,
2026-09-14T03:30,Telkom,PTA-HAT-011,PTA-HAT-011-C,RAN,330,4,303,7,0,3,4696.1,2278.0,1.34,49,
2026-09-14T03:30,Telkom,CPT-BEL-007,CPT-BEL-007-A,RAN,330,3,303,0,0,2,5123.0,2650.6,0.99,117,
2026-09-14T03:30,Telkom,CPT-BEL-007,CPT-BEL-007-B,RAN,287,6,264,5,0,1,5512.6,2446.2,0.59,20,
2026-09-14T03:30,Telkom,CPT-BEL-007,CPT-BEL-007-C,RAN,315,3,289,2,0,0,4887.4,2033.3,0.69,0,
2026-09-14T03:45,Telkom,JHB-CBD-003,JHB-CBD-003-A,RAN,363,4,333,6,0,2,4910.2,2804.7,1.47,87,
2026-09-14T03:45,Telkom,JHB-CBD-003,JHB-CBD-003-B,RAN,432,4,397,4,0,1,4665.5,1954.0,1.41,0,
2026-09-14T03:45,Telkom,JHB-CBD-003,JHB-CBD-003-C,RAN,306,1,281,0,0,1,4635.8,2115.8,0.1,22,
2026-09-14T03:45,Telkom,JHB-SOW-018,JHB-SOW-018-A,RAN,336,0,309,0,0,0,3372.2,1511.5,0.33,52,
2026-09-14T03:45,Telkom,JHB-SOW-018,JHB-SOW-018-B,RAN,259,1,238,0,0,0,3734.5,1524.1,0.49,137,
2026-09-14T03:45,Telkom,JHB-SOW-018,JHB-SOW-018-C,RAN,352,5,323,2,0,2,3528.9,1742.4,0.38,63,
2026-09-14T03:45,Telkom,PTA-HAT-011,PTA-HAT-011-A,RAN,203,0,186,1,0,0,4107.0,1613.7,0.54,42,
2026-09-14T03:45,Telkom,PTA-HAT-011,PTA-HAT-011-B,RAN,432,0,397,6,0,4,4193.1,1784.9,0.77,67,
2026-09-14T03:45,Telkom,PTA-HAT-011,PTA-HAT-011-C,RAN,360,4,331,1,0,3,4688.6,2325.8,1.34,0,
2026-09-14T03:45,Telkom,CPT-BEL-007,CPT-BEL-007-A,RAN,390,6,358,1,0,3,4764.8,3010.7,0.45,0,
2026-09-14T03:45,Telkom,CPT-BEL-007,CPT-BEL-007-B,RAN,372,5,342,2,1,3,3850.2,1971.5,0.35,0,
2026-09-14T03:45,Telkom,CPT-BEL-007,CPT-BEL-007-C,RAN,216,0,198,0,0,0,4426.6,1916.5,0.55,112,
2026-09-14T04:00,Telkom,JHB-CBD-003,JHB-CBD-003-A,RAN,230,1,211,3,0,1,3547.1,1988.7,0.97,66,
2026-09-14T04:00,Telkom,JHB-CBD-003,JHB-CBD-003-B,RAN,252,3,231,0,0,1,4777.6,2242.8,0.53,0,
2026-09-14T04:00,Telkom,JHB-CBD-003,JHB-CBD-003-C,RAN,304,1,279,0,1,1,5728.9,3414.3,0.87,6,
2026-09-14T04:00,Telkom,JHB-SOW-018,JHB-SOW-018-A,RAN,408,4,375,2,0,1,4191.2,1935.3,0.28,26,
2026-09-14T04:00,Telkom,JHB-SOW-018,JHB-SOW-018-B,RAN,210,2,193,4,1,0,3365.8,1637.2,1.04,132,
2026-09-14T04:00,Telkom,JHB-SOW-018,JHB-SOW-018-C,RAN,408,6,375,4,1,1,2926.5,1521.3,0.88,105,
2026-09-14T04:00,Telkom,PTA-HAT-011,PTA-HAT-011-A,RAN,231,4,212,0,0,2,3410.1,1353.7,0.71,5,
2026-09-14T04:00,Telkom,PTA-HAT-011,PTA-HAT-011-B,RAN,330,2,303,3,0,2,4970.0,2428.2,0.43,112,
2026-09-14T04:00,Telkom,PTA-HAT-011,PTA-HAT-011-C,RAN,492,5,452,2,0,2,5150.9,2146.1,1.05,22,
2026-09-14T04:00,Telkom,CPT-BEL-007,CPT-BEL-007-A,RAN,248,0,228,2,0,0,3870.5,1191.6,0.47,0,
2026-09-14T04:00,Telkom,CPT-BEL-007,CPT-BEL-007-B,RAN,396,2,364,2,0,2,4977.2,2182.7,0.44,14,
2026-09-14T04:00,Telkom,CPT-BEL-007,CPT-BEL-007-C,RAN,259,4,238,0,0,0,5330.4,2360.0,0.27,80,
2026-09-14T04:15,Telkom,JHB-CBD-003,JHB-CBD-003-A,RAN,504,0,463,2,0,2,5832.7,3134.5,0.77,150,
2026-09-14T04:15,Telkom,JHB-CBD-003,JHB-CBD-003-B,RAN,288,5,264,0,0,2,4862.5,2314.7,1.0,153,
2026-09-14T04:15,Telkom,JHB-CBD-003,JHB-CBD-003-C,RAN,387,4,356,4,0,1,5485.7,2217.0,1.23,0,
2026-09-14T04:15,Telkom,JHB-SOW-018,JHB-SOW-018-A,RAN,360,3,331,1,0,2,3099.5,1557.2,0.44,0,
2026-09-14T04:15,Telkom,JHB-SOW-018,JHB-SOW-018-B,RAN,333,1,306,1,0,2,4029.3,2026.3,0.96,115,
2026-09-14T04:15,Telkom,JHB-SOW-018,JHB-SOW-018-C,RAN,341,1,313,0,0,1,3800.1,1840.5,1.39,86,
2026-09-14T04:15,Telkom,PTA-HAT-011,PTA-HAT-011-A,RAN,390,5,358,4,0,2,4946.2,2748.0,0.63,40,
2026-09-14T04:15,Telkom,PTA-HAT-011,PTA-HAT-011-B,RAN,376,2,345,6,0,0,5949.8,3211.6,0.45,12,
2026-09-14T04:15,Telkom,PTA-HAT-011,PTA-HAT-011-C,RAN,432,0,397,4,1,3,4525.0,2506.1,1.36,117,
2026-09-14T04:15,Telkom,CPT-BEL-007,CPT-BEL-007-A,RAN,256,3,235,0,0,0,4356.9,2255.2,0.7,122,
2026-09-14T04:15,Telkom,CPT-BEL-007,CPT-BEL-007-B,RAN,390,1,358,3,0,0,4033.3,1526.4,0.74,109,
2026-09-14T04:15,Telkom,CPT-BEL-007,CPT-BEL-007-C,RAN,238,3,218,0,0,0,5179.0,2515.5,0.56,67,
2026-09-14T04:30,Telkom,JHB-CBD-003,JHB-CBD-003-A,RAN,372,3,342,6,1,5,4638.9,2233.8,0.22,24,
2026-09-14T04:30,Telkom,JHB-CBD-003,JHB-CBD-003-B,RAN,552,5,507,1,1,0,5092.0,2335.1,1.27,0,
2026-09-14T04:30,Telkom,JHB-CBD-003,JHB-CBD-003-C,RAN,308,0,283,5,2,1,4189.1,1957.7,0.62,52,
2026-09-14T04:30,Telkom,JHB-SOW-018,JHB-SOW-018-A,RAN,203,2,186,1,0,0,3524.8,1464.5,0.24,76,
2026-09-14T04:30,Telkom,JHB-SOW-018,JHB-SOW-018-B,RAN,342,3,314,0,0,0,3743.6,1788.1,1.46,44,
2026-09-14T04:30,Telkom,JHB-SOW-018,JHB-SOW-018-C,RAN,324,5,298,3,0,0,4195.3,2094.5,0.14,78,
2026-09-14T04:30,Telkom,PTA-HAT-011,PTA-HAT-011-A,RAN,273,1,251,1,0,0,4897.7,2331.0,1.0,23,
2026-09-14T04:30,Telkom,PTA-HAT-011,PTA-HAT-011-B,RAN,217,0,199,0,0,2,4557.1,2552.9,0.35,0,
2026-09-14T04:30,Telkom,PTA-HAT-011,PTA-HAT-011-C,RAN,304,4,279,4,0,2,5136.7,2581.0,0.71,0,
2026-09-14T04:30,Telkom,CPT-BEL-007,CPT-BEL-007-A,RAN,384,0,353,4,0,1,5223.1,2344.8,0.83,5,
2026-09-14T04:30,Telkom,CPT-BEL-007,CPT-BEL-007-B,RAN,290,4,266,2,0,1,4322.8,2021.3,1.65,0,
2026-09-14T04:30,Telkom,CPT-BEL-007,CPT-BEL-007-C,RAN,243,3,223,1,0,2,4074.8,1922.9,0.13,0,
2026-09-14T04:45,Telkom,JHB-CBD-003,JHB-CBD-003-A,RAN,387,5,356,3,0,2,4222.3,1732.2,1.03,74,
2026-09-14T04:45,Telkom,JHB-CBD-003,JHB-CBD-003-B,RAN,473,2,435,3,0,0,6006.7,3173.7,0.88,14,
2026-09-14T04:45,Telkom,JHB-CBD-003,JHB-CBD-003-C,RAN,259,4,238,1,0,2,4495.6,1676.2,0.78,0,
2026-09-14T04:45,Telkom,JHB-SOW-018,JHB-SOW-018-A,RAN,238,1,218,2,1,0,3636.3,1766.8,0.88,0,
2026-09-14T04:45,Telkom,JHB-SOW-018,JHB-SOW-018-B,RAN,315,0,289,1,0,3,3931.3,1791.0,0.28,80,
2026-09-14T04:45,Telkom,JHB-SOW-018,JHB-SOW-018-C,RAN,387,0,356,1,0,1,3657.0,1633.1,1.01,0,
2026-09-14T04:45,Telkom,PTA-HAT-011,PTA-HAT-011-A,RAN,256,3,235,3,0,0,4108.3,2081.9,0.72,110,
2026-09-14T04:45,Telkom,PTA-HAT-011,PTA-HAT-011-B,RAN,456,6,419,3,0,1,5903.9,3396.3,1.07,127,
2026-09-14T04:45,Telkom,PTA-HAT-011,PTA-HAT-011-C,RAN,418,3,384,5,1,1,5129.6,2476.7,0.84,2,
2026-09-14T04:45,Telkom,CPT-BEL-007,CPT-BEL-007-A,RAN,280,3,257,1,1,1,5314.0,1943.2,0.18,81,
2026-09-14T04:45,Telkom,CPT-BEL-007,CPT-BEL-007-B,RAN,294,2,270,2,2,1,4590.6,1712.5,0.42,238,
2026-09-14T04:45,Telkom,CPT-BEL-007,CPT-BEL-007-C,RAN,288,1,264,0,0,3,3790.1,1429.6,0.8,3,
2026-09-14T05:00,Telkom,JHB-CBD-003,JHB-CBD-003-A,RAN,261,2,240,4,1,2,4302.1,2127.1,0.99,0,
2026-09-14T05:00,Telkom,JHB-CBD-003,JHB-CBD-003-B,RAN,420,3,386,3,0,0,5215.4,2216.5,0.75,0,
2026-09-14T05:00,Telkom,JHB-CBD-003,JHB-CBD-003-C,RAN,328,1,301,3,0,3,5997.7,3354.7,0.54,52,
2026-09-14T05:00,Telkom,JHB-SOW-018,JHB-SOW-018-A,RAN,232,0,213,3,0,0,3241.8,1346.9,1.02,114,
2026-09-14T05:00,Telkom,JHB-SOW-018,JHB-SOW-018-B,RAN,336,2,309,2,1,0,3111.1,1746.9,0.3,0,
2026-09-14T05:00,Telkom,JHB-SOW-018,JHB-SOW-018-C,RAN,456,0,419,6,1,0,4081.2,1722.9,0.51,0,
2026-09-14T05:00,Telkom,PTA-HAT-011,PTA-HAT-011-A,RAN,352,0,323,3,1,2,5291.6,2756.3,1.45,0,
2026-09-14T05:00,Telkom,PTA-HAT-011,PTA-HAT-011-B,RAN,440,4,404,4,0,2,6241.0,3185.3,0.89,0,
2026-09-14T05:00,Telkom,PTA-HAT-011,PTA-HAT-011-C,RAN,238,3,218,3,0,1,4618.1,1961.4,0.67,49,
2026-09-14T05:00,Telkom,CPT-BEL-007,CPT-BEL-007-A,RAN,308,0,283,3,0,0,4808.1,2299.7,0.96,2,
2026-09-14T05:00,Telkom,CPT-BEL-007,CPT-BEL-007-B,RAN,429,3,394,2,0,5,5164.8,2142.7,0.46,0,
2026-09-14T05:00,Telkom,CPT-BEL-007,CPT-BEL-007-C,RAN,444,3,408,7,0,2,5309.7,2549.2,0.99,102,
2026-09-14T05:15,Telkom,JHB-CBD-003,JHB-CBD-003-A,RAN,280,4,257,0,0,0,4873.7,1544.6,0.86,0,
2026-09-14T05:15,Telkom,JHB-CBD-003,JHB-CBD-003-B,RAN,351,1,322,2,0,2,5605.8,2634.5,0.55,13,
2026-09-14T05:15,Telkom,JHB-CBD-003,JHB-CBD-003-C,RAN,451,4,414,0,2,3,5270.2,2054.7,0.88,0,
2026-09-14T05:15,Telkom,JHB-SOW-018,JHB-SOW-018-A,RAN,189,0,173,0,0,0,4002.2,1856.5,0.81,48,
2026-09-14T05:15,Telkom,JHB-SOW-018,JHB-SOW-018-B,RAN,203,3,186,0,0,0,2600.5,1289.8,0.66,111,
2026-09-14T05:15,Telkom,JHB-SOW-018,JHB-SOW-018-C,RAN,288,7,264,0,0,0,3593.8,1703.7,0.89,86,
2026-09-14T05:15,Telkom,PTA-HAT-011,PTA-HAT-011-A,RAN,360,5,331,4,0,0,5709.1,2360.9,0.47,255,
2026-09-14T05:15,Telkom,PTA-HAT-011,PTA-HAT-011-B,RAN,296,2,272,0,1,2,4690.9,3046.0,0.98,57,
2026-09-14T05:15,Telkom,PTA-HAT-011,PTA-HAT-011-C,RAN,408,7,375,2,0,0,4718.9,2588.6,0.51,0,
2026-09-14T05:15,Telkom,CPT-BEL-007,CPT-BEL-007-A,RAN,480,9,441,6,0,3,5853.3,3105.4,1.08,57,
2026-09-14T05:15,Telkom,CPT-BEL-007,CPT-BEL-007-B,RAN,370,1,340,6,0,2,5163.0,2591.8,0.91,71,
2026-09-14T05:15,Telkom,CPT-BEL-007,CPT-BEL-007-C,RAN,319,1,293,2,1,0,5318.9,2847.1,0.32,28,
2026-09-14T05:30,Telkom,JHB-CBD-003,JHB-CBD-003-A,RAN,432,3,397,5,0,3,4274.6,2099.9,0.47,173,
2026-09-14T05:30,Telkom,JHB-CBD-003,JHB-CBD-003-B,RAN,315,5,289,4,0,0,4741.9,2261.4,1.06,0,
2026-09-14T05:30,Telkom,JHB-CBD-003,JHB-CBD-003-C,RAN,232,0,213,1,0,0,3862.6,1687.7,0.72,0,
2026-09-14T05:30,Telkom,JHB-SOW-018,JHB-SOW-018-A,RAN,384,2,353,3,0,1,4105.2,1854.6,0.88,43,
2026-09-14T05:30,Telkom,JHB-SOW-018,JHB-SOW-018-B,RAN,429,4,394,4,3,3,3232.7,1760.1,1.01,0,
2026-09-14T05:30,Telkom,JHB-SOW-018,JHB-SOW-018-C,RAN,407,2,374,0,0,0,3259.4,1640.1,0.61,0,
2026-09-14T05:30,Telkom,PTA-HAT-011,PTA-HAT-011-A,RAN,624,7,574,5,1,2,4921.4,2684.4,1.4,47,
2026-09-14T05:30,Telkom,PTA-HAT-011,PTA-HAT-011-B,RAN,407,3,374,5,0,1,5061.5,2500.2,0.37,0,
2026-09-14T05:30,Telkom,PTA-HAT-011,PTA-HAT-011-C,RAN,320,1,294,0,1,3,4221.7,1988.1,0.22,23,
2026-09-14T05:30,Telkom,CPT-BEL-007,CPT-BEL-007-A,RAN,348,1,320,0,0,1,3559.6,1919.7,0.43,44,
2026-09-14T05:30,Telkom,CPT-BEL-007,CPT-BEL-007-B,RAN,385,5,354,0,0,5,4344.6,2220.5,0.88,0,
2026-09-14T05:30,Telkom,CPT-BEL-007,CPT-BEL-007-C,RAN,400,0,368,6,0,0,3969.3,2277.0,0.96,99,
2026-09-14T05:45,Telkom,JHB-CBD-003,JHB-CBD-003-A,RAN,468,6,430,4,1,3,5427.0,3102.5,0.88,0,
2026-09-14T05:45,Telkom,JHB-CBD-003,JHB-CBD-003-B,RAN,484,0,445,7,2,2,4376.8,2180.9,0.1,177,
2026-09-14T05:45,Telkom,JHB-CBD-003,JHB-CBD-003-C,RAN,468,6,430,4,0,2,5078.5,2660.6,0.57,0,
2026-09-14T05:45,Telkom,JHB-SOW-018,JHB-SOW-018-A,RAN,306,1,281,3,2,1,3705.1,1590.1,0.13,155,
2026-09-14T05:45,Telkom,JHB-SOW-018,JHB-SOW-018-B,RAN,333,4,306,0,0,1,3417.5,1779.2,0.21,43,
2026-09-14T05:45,Telkom,JHB-SOW-018,JHB-SOW-018-C,RAN,270,2,248,4,0,1,3248.8,1977.5,0.72,184,
2026-09-14T05:45,Telkom,PTA-HAT-011,PTA-HAT-011-A,RAN,287,3,264,0,1,2,5071.6,2922.1,0.59,47,
2026-09-14T05:45,Telkom,PTA-HAT-011,PTA-HAT-011-B,RAN,217,3,199,2,1,1,4689.3,2171.3,0.79,0,
2026-09-14T05:45,Telkom,PTA-HAT-011,PTA-HAT-011-C,RAN,484,2,445,5,1,6,5473.0,2642.1,0.8,0,
2026-09-14T05:45,Telkom,CPT-BEL-007,CPT-BEL-007-A,RAN,320,2,294,5,0,0,4939.8,2461.5,1.18,59,
2026-09-14T05:45,Telkom,CPT-BEL-007,CPT-BEL-007-B,RAN,333,3,306,4,0,2,5077.4,2948.1,0.91,60,
2026-09-14T05:45,Telkom,CPT-BEL-007,CPT-BEL-007-C,RAN,473,4,435,5,1,2,6267.6,2991.9,0.82,109,
2026-09-14T06:00,Telkom,JHB-CBD-003,JHB-CBD-003-A,RAN,310,1,285,6,0,1,4629.7,2259.8,0.51,57,
2026-09-14T06:00,Telkom,JHB-CBD-003,JHB-CBD-003-B,RAN,330,3,303,2,0,0,4675.7,2258.0,1.21,0,
2026-09-14T06:00,Telkom,JHB-CBD-003,JHB-CBD-003-C,RAN,414,0,380,9,0,1,5030.5,2377.8,0.69,94,
2026-09-14T06:00,Telkom,JHB-SOW-018,JHB-SOW-018-A,RAN,408,2,375,2,0,3,3997.6,1607.8,0.79,0,
2026-09-14T06:00,Telkom,JHB-SOW-018,JHB-SOW-018-B,RAN,320,2,294,0,1,0,3386.6,1512.1,0.1,0,
2026-09-14T06:00,Telkom,JHB-SOW-018,JHB-SOW-018-C,RAN,405,3,372,2,0,1,3717.9,1844.8,1.04,64,
2026-09-14T06:00,Telkom,PTA-HAT-011,PTA-HAT-011-A,RAN,480,3,441,3,0,2,5366.7,2179.5,0.26,177,
2026-09-14T06:00,Telkom,PTA-HAT-011,PTA-HAT-011-B,RAN,441,2,405,5,0,1,5728.5,3365.7,0.56,59,
2026-09-14T06:00,Telkom,PTA-HAT-011,PTA-HAT-011-C,RAN,528,6,485,11,1,3,5744.7,2789.5,0.46,0,
2026-09-14T06:00,Telkom,CPT-BEL-007,CPT-BEL-007-A,RAN,430,2,395,2,0,1,6108.1,2596.7,1.23,0,
2026-09-14T06:00,Telkom,CPT-BEL-007,CPT-BEL-007-B,RAN,420,5,386,3,0,2,4860.0,2252.4,1.1,110,
2026-09-14T06:00,Telkom,CPT-BEL-007,CPT-BEL-007-C,RAN,232,2,213,1,1,1,4423.4,2512.8,0.9,69,
2026-09-14T06:15,Telkom,JHB-CBD-003,JHB-CBD-003-A,RAN,320,1,294,1,0,1,4970.8,2063.4,0.33,82,
2026-09-14T06:15,Telkom,JHB-CBD-003,JHB-CBD-003-B,RAN,287,2,264,3,0,1,5166.5,2514.1,0.52,12,
2026-09-14T06:15,Telkom,JHB-CBD-003,JHB-CBD-003-C,RAN,392,6,360,3,2,1,5154.3,2111.3,0.16,11,
2026-09-14T06:15,Telkom,JHB-SOW-018,JHB-SOW-018-A,RAN,300,2,276,5,1,4,3679.4,1598.0,0.72,0,
2026-09-14T06:15,Telkom,JHB-SOW-018,JHB-SOW-018-B,RAN,429,0,394,4,0,1,3342.2,1683.5,0.97,0,
2026-09-14T06:15,Telkom,JHB-SOW-018,JHB-SOW-018-C,RAN,400,4,368,1,0,0,3808.7,1795.4,0.85,58,
2026-09-14T06:15,Telkom,PTA-HAT-011,PTA-HAT-011-A,RAN,480,6,441,7,2,4,5769.3,2345.0,0.66,67,
2026-09-14T06:15,Telkom,PTA-HAT-011,PTA-HAT-011-B,RAN,320,4,294,2,0,2,4974.7,2707.4,0.94,29,
2026-09-14T06:15,Telkom,PTA-HAT-011,PTA-HAT-011-C,RAN,528,2,485,1,0,1,5222.9,2511.2,0.26,55,
2026-09-14T06:15,Telkom,CPT-BEL-007,CPT-BEL-007-A,RAN,459,5,422,8,0,3,6360.9,2713.8,0.36,76,
2026-09-14T06:15,Telkom,CPT-BEL-007,CPT-BEL-007-B,RAN,444,4,408,2,0,3,4344.0,1668.6,0.85,38,
2026-09-14T06:15,Telkom,CPT-BEL-007,CPT-BEL-007-C,RAN,342,6,314,5,0,3,5182.9,2347.7,0.69,0,
2026-09-14T06:30,Telkom,JHB-CBD-003,JHB-CBD-003-A,RAN,451,2,414,5,0,0,5050.3,1843.2,0.72,78,
2026-09-14T06:30,Telkom,JHB-CBD-003,JHB-CBD-003-B,RAN,360,3,331,8,0,0,4795.3,2626.3,1.02,100,
2026-09-14T06:30,Telkom,JHB-CBD-003,JHB-CBD-003-C,RAN,552,11,507,4,1,3,5188.8,2364.6,0.93,45,
2026-09-14T06:30,Telkom,JHB-SOW-018,JHB-SOW-018-A,RAN,506,4,465,0,0,0,4527.3,2477.7,0.41,49,
2026-09-14T06:30,Telkom,JHB-SOW-018,JHB-SOW-018-B,RAN,288,1,264,4,0,2,3980.7,1990.2,0.61,165,
2026-09-14T06:30,Telkom,JHB-SOW-018,JHB-SOW-018-C,RAN,384,2,353,4,0,0,3605.3,1652.9,0.62,10,
2026-09-14T06:30,Telkom,PTA-HAT-011,PTA-HAT-011-A,RAN,329,7,302,3,0,0,4454.6,2015.3,0.55,54,
2026-09-14T06:30,Telkom,PTA-HAT-011,PTA-HAT-011-B,RAN,432,10,397,6,0,1,4719.8,2456.1,0.33,103,
2026-09-14T06:30,Telkom,PTA-HAT-011,PTA-HAT-011-C,RAN,351,5,322,5,1,2,6487.9,3165.5,0.79,0,
2026-09-14T06:30,Telkom,CPT-BEL-007,CPT-BEL-007-A,RAN,301,2,276,2,0,0,5825.9,3003.8,1.54,0,
2026-09-14T06:30,Telkom,CPT-BEL-007,CPT-BEL-007-B,RAN,288,4,264,0,1,2,4575.8,2452.3,0.73,13,
2026-09-14T06:30,Telkom,CPT-BEL-007,CPT-BEL-007-C,RAN,344,1,316,10,0,0,3998.0,1941.8,0.87,115,
2026-09-14T06:45,Telkom,JHB-CBD-003,JHB-CBD-003-A,RAN,363,3,333,3,0,4,4790.1,2591.4,1.14,104,
2026-09-14T06:45,Telkom,JHB-CBD-003,JHB-CBD-003-B,RAN,344,0,316,4,0,0,5463.1,2265.5,1.36,253,
2026-09-14T06:45,Telkom,JHB-CBD-003,JHB-CBD-003-C,RAN,396,5,364,6,0,3,5067.3,2481.1,0.83,0,
2026-09-14T06:45,Telkom,JHB-SOW-018,JHB-SOW-018-A,RAN,320,4,294,1,1,2,3528.9,1348.0,0.89,0,
2026-09-14T06:45,Telkom,JHB-SOW-018,JHB-SOW-018-B,RAN,480,5,441,7,0,0,4120.4,1856.9,0.14,168,
2026-09-14T06:45,Telkom,JHB-SOW-018,JHB-SOW-018-C,RAN,407,6,374,2,0,0,2799.6,819.6,1.2,103,
2026-09-14T06:45,Telkom,PTA-HAT-011,PTA-HAT-011-A,RAN,504,1,463,6,1,0,5705.1,2606.9,1.11,17,
2026-09-14T06:45,Telkom,PTA-HAT-011,PTA-HAT-011-B,RAN,378,4,347,4,2,0,4678.2,2135.2,1.23,0,
2026-09-14T06:45,Telkom,PTA-HAT-011,PTA-HAT-011-C,RAN,400,0,368,4,0,1,5807.2,2156.6,0.61,36,
2026-09-14T06:45,Telkom,CPT-BEL-007,CPT-BEL-007-A,RAN,396,4,364,2,0,3,5379.4,2840.4,0.59,144,
2026-09-14T06:45,Telkom,CPT-BEL-007,CPT-BEL-007-B,RAN,352,0,323,4,0,3,4965.7,2931.0,0.56,72,
2026-09-14T06:45,Telkom,CPT-BEL-007,CPT-BEL-007-C,RAN,420,0,386,3,0,1,5155.6,2028.4,0.98,203,
2026-09-14T07:00,Telkom,JHB-CBD-003,JHB-CBD-003-A,RAN,328,1,301,1,0,0,5508.8,2394.7,0.11,80,
2026-09-14T07:00,Telkom,JHB-CBD-003,JHB-CBD-003-B,RAN,350,1,322,3,0,0,6296.5,3047.6,0.59,89,
2026-09-14T07:00,Telkom,JHB-CBD-003,JHB-CBD-003-C,RAN,430,7,395,6,2,3,5779.4,2403.3,0.76,147,
2026-09-14T07:00,Telkom,JHB-SOW-018,JHB-SOW-018-A,RAN,430,6,395,5,0,1,3642.8,1759.8,0.75,23,
2026-09-14T07:00,Telkom,JHB-SOW-018,JHB-SOW-018-B,RAN,374,1,344,1,0,0,3644.6,1164.4,0.74,47,
2026-09-14T07:00,Telkom,JHB-SOW-018,JHB-SOW-018-C,RAN,468,6,430,4,0,1,3808.5,2295.8,0.82,70,
2026-09-14T07:00,Telkom,PTA-HAT-011,PTA-HAT-011-A,RAN,530,1,487,6,0,2,5911.8,3312.2,0.1,6,
2026-09-14T07:00,Telkom,PTA-HAT-011,PTA-HAT-011-B,RAN,370,2,340,4,0,2,4101.0,2167.1,1.06,59,
2026-09-14T07:00,Telkom,PTA-HAT-011,PTA-HAT-011-C,RAN,343,2,315,1,0,0,5698.4,2638.6,0.32,113,
2026-09-14T07:00,Telkom,CPT-BEL-007,CPT-BEL-007-A,RAN,612,9,563,7,1,4,5299.2,2403.9,1.04,0,
2026-09-14T07:00,Telkom,CPT-BEL-007,CPT-BEL-007-B,RAN,266,3,244,5,2,0,5101.3,3024.8,1.0,74,
2026-09-14T07:00,Telkom,CPT-BEL-007,CPT-BEL-007-C,RAN,351,1,322,3,2,3,5166.2,2122.8,1.07,0,
2026-09-14T07:15,Telkom,JHB-CBD-003,JHB-CBD-003-A,RAN,429,2,394,0,0,0,5030.8,1995.6,0.43,6,
2026-09-14T07:15,Telkom,JHB-CBD-003,JHB-CBD-003-B,RAN,376,1,345,2,0,1,4957.9,2518.6,0.21,48,
2026-09-14T07:15,Telkom,JHB-CBD-003,JHB-CBD-003-C,RAN,418,1,384,4,1,4,5093.7,2429.7,0.75,49,
2026-09-14T07:15,Telkom,JHB-SOW-018,JHB-SOW-018-A,RAN,588,6,540,6,0,1,4176.5,1780.6,0.13,44,
2026-09-14T07:15,Telkom,JHB-SOW-018,JHB-SOW-018-B,RAN,480,1,441,4,0,3,3446.2,1968.7,0.84,85,
2026-09-14T07:15,Telkom,JHB-SOW-018,JHB-SOW-018-C,RAN,414,2,380,3,2,3,4266.3,2194.7,0.44,52,
2026-09-14T07:15,Telkom,PTA-HAT-011,PTA-HAT-011-A,RAN,364,5,334,1,0,2,6324.8,3242.3,0.83,83,
2026-09-14T07:15,Telkom,PTA-HAT-011,PTA-HAT-011-B,RAN,612,11,563,7,0,0,6575.9,3104.1,0.53,181,
2026-09-14T07:15,Telkom,PTA-HAT-011,PTA-HAT-011-C,RAN,392,5,360,0,0,2,5868.2,2887.3,0.38,48,
2026-09-14T07:15,Telkom,CPT-BEL-007,CPT-BEL-007-A,RAN,336,5,309,2,0,1,5061.2,2542.2,0.53,20,
2026-09-14T07:15,Telkom,CPT-BEL-007,CPT-BEL-007-B,RAN,342,1,314,5,0,1,4605.9,1878.2,0.28,0,
2026-09-14T07:15,Telkom,CPT-BEL-007,CPT-BEL-007-C,RAN,336,5,309,1,0,0,5127.5,2192.5,0.1,51,
2026-09-14T07:30,Telkom,JHB-CBD-003,JHB-CBD-003-A,RAN,684,2,629,3,3,4,5925.8,2917.6,0.49,83,
2026-09-14T07:30,Telkom,JHB-CBD-003,JHB-CBD-003-B,RAN,540,4,496,2,0,1,4882.0,2360.8,0.46,0,
2026-09-14T07:30,Telkom,JHB-CBD-003,JHB-CBD-003-C,RAN,506,6,465,2,2,5,5083.6,2897.7,0.39,124,
2026-09-14T07:30,Telkom,JHB-SOW-018,JHB-SOW-018-A,RAN,352,2,323,0,0,1,3484.5,1615.2,0.92,0,
2026-09-14T07:30,Telkom,JHB-SOW-018,JHB-SOW-018-B,RAN,369,0,339,4,0,1,3356.6,1474.9,1.37,15,
2026-09-14T07:30,Telkom,JHB-SOW-018,JHB-SOW-018-C,RAN,430,7,395,4,0,1,4015.6,1971.2,0.51,82,
2026-09-14T07:30,Telkom,PTA-HAT-011,PTA-HAT-011-A,RAN,423,2,389,3,2,0,5235.3,3368.2,0.41,135,
2026-09-14T07:30,Telkom,PTA-HAT-011,PTA-HAT-011-B,RAN,440,7,404,0,0,3,5432.4,3178.6,0.73,132,
2026-09-14T07:30,Telkom,PTA-HAT-011,PTA-HAT-011-C,RAN,405,0,372,4,0,2,5482.8,2775.5,1.27,0,
2026-09-14T07:30,Telkom,CPT-BEL-007,CPT-BEL-007-A,RAN,405,1,372,4,0,2,5342.1,2625.3,0.36,210,
2026-09-14T07:30,Telkom,CPT-BEL-007,CPT-BEL-007-B,RAN,336,1,309,0,0,2,5385.6,2300.6,0.52,0,
2026-09-14T07:30,Telkom,CPT-BEL-007,CPT-BEL-007-C,RAN,500,6,460,1,2,3,5037.0,2327.8,0.65,54,
2026-09-14T07:45,Telkom,JHB-CBD-003,JHB-CBD-003-A,RAN,496,6,456,2,0,1,6041.7,2366.1,0.35,8,
2026-09-14T07:45,Telkom,JHB-CBD-003,JHB-CBD-003-B,RAN,413,3,379,4,0,2,5535.3,2398.4,0.67,0,
2026-09-14T07:45,Telkom,JHB-CBD-003,JHB-CBD-003-C,RAN,385,4,354,4,1,0,5521.9,2893.1,1.1,0,
2026-09-14T07:45,Telkom,JHB-SOW-018,JHB-SOW-018-A,RAN,528,2,485,10,1,4,3820.7,1991.8,0.68,23,
2026-09-14T07:45,Telkom,JHB-SOW-018,JHB-SOW-018-B,RAN,252,0,231,2,0,0,3362.4,2006.4,0.1,0,
2026-09-14T07:45,Telkom,JHB-SOW-018,JHB-SOW-018-C,RAN,336,1,309,1,0,0,4143.8,2096.5,0.79,0,
2026-09-14T07:45,Telkom,PTA-HAT-011,PTA-HAT-011-A,RAN,708,16,651,6,0,3,5814.0,2819.5,0.79,0,
2026-09-14T07:45,Telkom,PTA-HAT-011,PTA-HAT-011-B,RAN,385,0,354,6,1,2,6246.2,3195.2,0.83,181,
2026-09-14T07:45,Telkom,PTA-HAT-011,PTA-HAT-011-C,RAN,432,3,397,3,0,3,6015.9,2789.5,0.61,0,
2026-09-14T07:45,Telkom,CPT-BEL-007,CPT-BEL-007-A,RAN,506,2,465,4,0,2,5192.2,2761.8,0.89,11,
2026-09-14T07:45,Telkom,CPT-BEL-007,CPT-BEL-007-B,RAN,484,4,445,12,2,5,4927.4,2310.6,0.88,16,
2026-09-14T07:45,Telkom,CPT-BEL-007,CPT-BEL-007-C,RAN,530,9,487,6,1,5,6424.6,2924.9,0.1,70,
2026-09-14T08:00,Telkom,JHB-CBD-003,JHB-CBD-003-A,RAN,550,2,506,8,0,4,4866.1,1924.5,0.25,99,
2026-09-14T08:00,Telkom,JHB-CBD-003,JHB-CBD-003-B,RAN,392,4,360,5,0,1,5439.0,2689.1,0.75,0,
2026-09-14T08:00,Telkom,JHB-CBD-003,JHB-CBD-003-C,RAN,368,3,338,2,1,3,5275.7,2154.9,0.46,86,
2026-09-14T08:00,Telkom,JHB-SOW-018,JHB-SOW-018-A,RAN,468,4,430,3,0,0,4556.8,2281.6,0.38,27,
2026-09-14T08:00,Telkom,JHB-SOW-018,JHB-SOW-018-B,RAN,432,4,397,5,0,2,3680.7,2456.2,1.2,170,
2026-09-14T08:00,Telkom,JHB-SOW-018,JHB-SOW-018-C,RAN,612,6,563,5,0,0,4917.2,2596.0,1.25,38,
2026-09-14T08:00,Telkom,PTA-HAT-011,PTA-HAT-011-A,RAN,406,3,373,3,0,2,6345.9,3418.5,0.22,105,
2026-09-14T08:00,Telkom,PTA-HAT-011,PTA-HAT-011-B,RAN,627,6,576,8,1,5,5620.7,2707.4,0.48,49,
2026-09-14T08:00,Telkom,PTA-HAT-011,PTA-HAT-011-C,RAN,530,6,487,0,1,3,5982.2,3101.3,0.72,124,
2026-09-14T08:00,Telkom,CPT-BEL-007,CPT-BEL-007-A,RAN,414,3,380,2,3,4,4691.2,1921.3,1.46,38,
2026-09-14T08:00,Telkom,CPT-BEL-007,CPT-BEL-007-B,RAN,336,3,309,1,0,1,5485.0,2945.7,1.32,30,
2026-09-14T08:00,Telkom,CPT-BEL-007,CPT-BEL-007-C,RAN,560,3,515,6,0,4,5848.3,2591.2,0.53,45,
2026-09-14T08:15,Telkom,JHB-CBD-003,JHB-CBD-003-A,RAN,684,3,629,5,0,3,5983.2,2784.6,0.92,116,
2026-09-14T08:15,Telkom,JHB-CBD-003,JHB-CBD-003-B,RAN,400,0,368,4,0,1,5278.0,2982.5,0.27,30,
2026-09-14T08:15,Telkom,JHB-CBD-003,JHB-CBD-003-C,RAN,392,2,360,1,1,1,5581.6,2998.5,0.71,72,
2026-09-14T08:15,Telkom,JHB-SOW-018,JHB-SOW-018-A,RAN,400,3,368,4,0,3,3512.2,1581.7,0.63,141,
2026-09-14T08:15,Telkom,JHB-SOW-018,JHB-SOW-018-B,RAN,448,2,412,4,0,2,5269.2,2673.1,0.87,91,
2026-09-14T08:15,Telkom,JHB-SOW-018,JHB-SOW-018-C,RAN,500,6,460,5,0,1,3868.5,1145.8,0.35,98,
2026-09-14T08:15,Telkom,PTA-HAT-011,PTA-HAT-011-A,RAN,550,11,506,2,2,1,6393.5,3462.2,1.05,33,
2026-09-14T08:15,Telkom,PTA-HAT-011,PTA-HAT-011-B,RAN,371,1,341,5,1,2,6252.1,2891.8,1.31,160,
2026-09-14T08:15,Telkom,PTA-HAT-011,PTA-HAT-011-C,RAN,560,0,515,3,0,3,6515.0,3361.7,0.29,0,
2026-09-14T08:15,Telkom,CPT-BEL-007,CPT-BEL-007-A,RAN,480,3,441,10,0,0,4563.4,2029.8,0.75,149,
2026-09-14T08:15,Telkom,CPT-BEL-007,CPT-BEL-007-B,RAN,376,6,345,1,1,1,5181.2,2907.3,0.49,0,
2026-09-14T08:15,Telkom,CPT-BEL-007,CPT-BEL-007-C,RAN,480,4,441,6,2,4,4442.4,1814.9,0.75,94,
2026-09-14T08:30,Telkom,JHB-CBD-003,JHB-CBD-003-A,RAN,432,2,397,0,0,3,6608.7,2872.0,0.89,0,
2026-09-14T08:30,Telkom,JHB-CBD-003,JHB-CBD-003-B,RAN,540,10,496,3,1,4,5204.0,2483.1,0.82,0,
2026-09-14T08:30,Telkom,JHB-CBD-003,JHB-CBD-003-C,RAN,423,0,389,2,0,0,5755.5,2607.2,0.75,123,
2026-09-14T08:30,Telkom,JHB-SOW-018,JHB-SOW-018-A,RAN,432,0,397,3,0,0,3746.2,1820.8,0.28,0,
2026-09-14T08:30,Telkom,JHB-SOW-018,JHB-SOW-018-B,RAN,432,6,397,3,1,3,3821.6,2133.7,1.28,161,
2026-09-14T08:30,Telkom,JHB-SOW-018,JHB-SOW-018-C,RAN,539,8,495,0,2,2,4179.7,2097.6,0.14,11,
2026-09-14T08:30,Telkom,PTA-HAT-011,PTA-HAT-011-A,RAN,600,8,552,0,0,5,6208.1,2873.9,0.52,86,
2026-09-14T08:30,Telkom,PTA-HAT-011,PTA-HAT-011-B,RAN,371,2,341,3,0,2,6210.7,3270.8,1.04,29,
2026-09-14T08:30,Telkom,PTA-HAT-011,PTA-HAT-011-C,RAN,420,2,386,4,0,0,6004.2,2941.3,0.77,0,
2026-09-14T08:30,Telkom,CPT-BEL-007,CPT-BEL-007-A,RAN,504,5,463,6,1,4,5710.0,2845.7,0.46,17,
2026-09-14T08:30,Telkom,CPT-BEL-007,CPT-BEL-007-B,RAN,517,4,475,2,1,3,6441.9,2905.6,0.38,0,
2026-09-14T08:30,Telkom,CPT-BEL-007,CPT-BEL-007-C,RAN,432,6,397,3,1,2,4998.2,2607.6,0.27,125,
2026-09-14T08:45,Telkom,JHB-CBD-003,JHB-CBD-003-A,RAN,413,1,379,5,0,2,5556.8,2155.8,1.17,17,
2026-09-14T08:45,Telkom,JHB-CBD-003,JHB-CBD-003-B,RAN,708,5,651,4,0,4,5950.5,3035.4,0.57,52,
2026-09-14T08:45,Telkom,JHB-CBD-003,JHB-CBD-003-C,RAN,520,3,478,4,1,4,6057.1,2961.1,0.78,0,
2026-09-14T08:45,Telkom,JHB-SOW-018,JHB-SOW-018-A,RAN,392,7,360,2,1,2,4846.6,2465.0,1.12,78,
2026-09-14T08:45,Telkom,JHB-SOW-018,JHB-SOW-018-B,RAN,378,1,347,5,0,0,3764.5,1881.0,0.24,0,
2026-09-14T08:45,Telkom,JHB-SOW-018,JHB-SOW-018-C,RAN,517,6,475,2,0,3,3693.8,2013.9,1.03,40,
2026-09-14T08:45,Telkom,PTA-HAT-011,PTA-HAT-011-A,RAN,544,5,500,2,1,1,7448.0,3813.6,0.83,38,
2026-09-14T08:45,Telkom,PTA-HAT-011,PTA-HAT-011-B,RAN,531,5,488,10,1,2,5743.1,3083.9,0.45,111,
2026-09-14T08:45,Telkom,PTA-HAT-011,PTA-HAT-011-C,RAN,630,6,579,13,0,2,6939.3,3231.0,0.69,273,
2026-09-14T08:45,Telkom,CPT-BEL-007,CPT-BEL-007-A,RAN,504,3,463,1,0,5,6109.8,2755.0,0.44,65,
2026-09-14T08:45,Telkom,CPT-BEL-007,CPT-BEL-007-B,RAN,540,3,496,3,1,2,5308.1,2419.7,1.38,55,
2026-09-14T08:45,Telkom,CPT-BEL-007,CPT-BEL-007-C,RAN,400,5,368,0,0,2,5940.3,3322.6,0.94,138,
2026-09-14T09:00,Telkom,JHB-CBD-003,JHB-CBD-003-A,RAN,440,7,404,2,2,4,5400.6,2496.0,1.26,8,
2026-09-14T09:00,Telkom,JHB-CBD-003,JHB-CBD-003-B,RAN,308,0,283,4,1,2,6020.0,3170.6,1.06,58,
2026-09-14T09:00,Telkom,JHB-CBD-003,JHB-CBD-003-C,RAN,600,2,552,3,0,1,4480.5,2266.8,0.65,29,
2026-09-14T09:00,Telkom,JHB-SOW-018,JHB-SOW-018-A,RAN,624,4,574,4,0,1,3264.6,1226.2,0.64,13,
2026-09-14T09:00,Telkom,JHB-SOW-018,JHB-SOW-018-B,RAN,459,8,422,3,1,1,3723.3,1475.9,1.22,51,
2026-09-14T09:00,Telkom,JHB-SOW-018,JHB-SOW-018-C,RAN,540,5,496,6,0,1,4342.5,2338.8,0.1,96,
2026-09-14T09:00,Telkom,PTA-HAT-011,PTA-HAT-011-A,RAN,434,6,399,4,1,0,6531.5,3315.6,0.92,186,
2026-09-14T09:00,Telkom,PTA-HAT-011,PTA-HAT-011-B,RAN,696,7,640,5,0,2,5212.7,2488.1,0.8,118,
2026-09-14T09:00,Telkom,PTA-HAT-011,PTA-HAT-011-C,RAN,715,7,657,9,2,6,6417.5,3294.2,0.44,220,
2026-09-14T09:00,Telkom,CPT-BEL-007,CPT-BEL-007-A,RAN,440,5,404,4,0,0,5929.6,2967.1,0.34,0,
2026-09-14T09:00,Telkom,CPT-BEL-007,CPT-BEL-007-B,RAN,385,3,354,6,1,1,5560.9,2161.6,0.6,63,
2026-09-14T09:00,Telkom,CPT-BEL-007,CPT-BEL-007-C,RAN,570,4,524,5,1,3,5913.8,3107.6,0.96,143,
2026-09-14T09:15,Telkom,JHB-CBD-003,JHB-CBD-003-A,RAN,420,0,386,6,2,3,5974.1,2893.1,0.47,163,
2026-09-14T09:15,Telkom,JHB-CBD-003,JHB-CBD-003-B,RAN,528,3,485,2,0,3,5658.9,3212.4,1.3,0,
2026-09-14T09:15,Telkom,JHB-CBD-003,JHB-CBD-003-C,RAN,413,3,379,4,0,0,5691.7,2277.0,0.86,57,
2026-09-14T09:15,Telkom,JHB-SOW-018,JHB-SOW-018-A,RAN,561,4,516,6,2,2,3908.9,2101.3,1.02,136,
2026-09-14T09:15,Telkom,JHB-SOW-018,JHB-SOW-018-B,RAN,528,1,485,8,1,3,4298.9,1765.3,0.43,0,
2026-09-14T09:15,Telkom,JHB-SOW-018,JHB-SOW-018-C,RAN,495,3,455,1,0,5,4651.7,2135.3,1.06,0,
2026-09-14T09:15,Telkom,PTA-HAT-011,PTA-HAT-011-A,RAN,660,8,607,8,2,3,6227.8,3169.7,0.59,148,
2026-09-14T09:15,Telkom,PTA-HAT-011,PTA-HAT-011-B,RAN,583,1,536,3,0,0,6045.0,2831.8,0.83,0,
2026-09-14T09:15,Telkom,PTA-HAT-011,PTA-HAT-011-C,RAN,670,4,616,6,0,3,6948.0,3397.3,0.81,171,
2026-09-14T09:15,Telkom,CPT-BEL-007,CPT-BEL-007-A,RAN,531,2,488,0,0,0,5601.0,2744.0,0.62,77,
2026-09-14T09:15,Telkom,CPT-BEL-007,CPT-BEL-007-B,RAN,684,0,629,6,1,3,5484.4,2702.0,0.67,0,
2026-09-14T09:15,Telkom,CPT-BEL-007,CPT-BEL-007-C,RAN,616,3,566,5,0,1,5670.5,2809.8,0.1,117,
2026-09-14T09:30,Telkom,JHB-CBD-003,JHB-CBD-003-A,RAN,343,2,315,2,0,2,5044.1,1900.4,0.83,0,
2026-09-14T09:30,Telkom,JHB-CBD-003,JHB-CBD-003-B,RAN,627,3,576,9,0,5,6209.4,2633.3,0.91,8,
2026-09-14T09:30,Telkom,JHB-CBD-003,JHB-CBD-003-C,RAN,594,8,546,4,0,3,5913.9,2859.4,0.22,0,
2026-09-14T09:30,Telkom,JHB-SOW-018,JHB-SOW-018-A,RAN,638,5,586,4,1,2,4871.3,2552.8,1.1,0,
2026-09-14T09:30,Telkom,JHB-SOW-018,JHB-SOW-018-B,RAN,413,1,379,4,0,0,4076.9,1759.9,1.11,0,
2026-09-14T09:30,Telkom,JHB-SOW-018,JHB-SOW-018-C,RAN,528,5,485,3,0,3,3462.4,2183.0,1.12,0,
2026-09-14T09:30,Telkom,PTA-HAT-011,PTA-HAT-011-A,RAN,496,4,456,3,0,1,5983.4,2842.3,0.8,85,
2026-09-14T09:30,Telkom,PTA-HAT-011,PTA-HAT-011-B,RAN,594,4,546,8,0,1,5851.0,3176.8,0.48,9,
2026-09-14T09:30,Telkom,PTA-HAT-011,PTA-HAT-011-C,RAN,726,4,667,2,0,5,6455.6,3021.1,0.98,0,
2026-09-14T09:30,Telkom,CPT-BEL-007,CPT-BEL-007-A,RAN,488,1,448,1,0,1,6832.2,2759.3,0.4,3,
2026-09-14T09:30,Telkom,CPT-BEL-007,CPT-BEL-007-B,RAN,768,6,706,3,1,7,6654.9,3506.0,0.81,80,
2026-09-14T09:30,Telkom,CPT-BEL-007,CPT-BEL-007-C,RAN,496,6,456,0,0,0,6575.5,3806.0,1.04,0,
2026-09-14T09:45,Telkom,JHB-CBD-003,JHB-CBD-003-A,RAN,552,8,507,8,0,2,6598.8,3356.3,0.25,125,
2026-09-14T09:45,Telkom,JHB-CBD-003,JHB-CBD-003-B,RAN,672,8,618,1,0,0,5388.9,3084.0,0.94,73,
2026-09-14T09:45,Telkom,JHB-CBD-003,JHB-CBD-003-C,RAN,560,7,515,4,0,2,5456.9,3318.4,0.17,164,
2026-09-14T09:45,Telkom,JHB-SOW-018,JHB-SOW-018-A,RAN,504,5,463,5,2,3,4684.8,2227.1,0.54,50,
2026-09-14T09:45,Telkom,JHB-SOW-018,JHB-SOW-018-B,RAN,392,4,360,2,0,2,4361.5,2339.6,0.66,90,
2026-09-14T09:45,Telkom,JHB-SOW-018,JHB-SOW-018-C,RAN,440,0,404,0,0,0,4803.3,2642.6,0.25,0,
2026-09-14T09:45,Telkom,PTA-HAT-011,PTA-HAT-011-A,RAN,649,3,597,4,2,3,5752.3,2384.9,0.98,0,
2026-09-14T09:45,Telkom,PTA-HAT-011,PTA-HAT-011-B,RAN,580,3,533,5,1,5,6017.4,3161.6,1.33,91,
2026-09-14T09:45,Telkom,PTA-HAT-011,PTA-HAT-011-C,RAN,682,9,627,10,0,3,6629.6,3005.4,0.37,64,
2026-09-14T09:45,Telkom,CPT-BEL-007,CPT-BEL-007-A,RAN,378,2,347,2,2,3,5940.2,3368.5,1.07,0,
2026-09-14T09:45,Telkom,CPT-BEL-007,CPT-BEL-007-B,RAN,416,1,382,7,1,4,5007.7,2675.9,0.89,68,
2026-09-14T09:45,Telkom,CPT-BEL-007,CPT-BEL-007-C,RAN,450,6,414,4,0,0,5118.5,2421.2,0.1,31,
2026-09-14T10:00,Telkom,JHB-CBD-003,JHB-CBD-003-A,RAN,682,10,627,7,0,3,7149.0,3648.5,1.61,28,
2026-09-14T10:00,Telkom,JHB-CBD-003,JHB-CBD-003-B,RAN,385,3,354,1,0,1,6662.4,2550.4,0.72,61,
2026-09-14T10:00,Telkom,JHB-CBD-003,JHB-CBD-003-C,RAN,594,4,546,0,0,3,5648.9,3283.2,1.05,16,
2026-09-14T10:00,Telkom,JHB-SOW-018,JHB-SOW-018-A,RAN,448,6,412,5,1,3,5279.9,2199.0,0.54,133,
2026-09-14T10:00,Telkom,JHB-SOW-018,JHB-SOW-018-B,RAN,588,3,540,6,0,1,3495.3,1350.1,0.48,0,
2026-09-14T10:00,Telkom,JHB-SOW-018,JHB-SOW-018-C,RAN,550,6,506,4,1,3,4572.4,2245.4,0.1,34,
2026-09-14T10:00,Telkom,PTA-HAT-011,PTA-HAT-011-A,RAN,756,10,695,5,0,0,5518.7,2739.7,0.61,21,
2026-09-14T10:00,Telkom,PTA-HAT-011,PTA-HAT-011-B,RAN,672,4,618,10,1,7,5253.9,2339.5,0.64,0,
2026-09-14T10:00,Telkom,PTA-HAT-011,PTA-HAT-011-C,RAN,427,5,392,0,0,0,6461.3,3540.3,1.19,199,
2026-09-14T10:00,Telkom,CPT-BEL-007,CPT-BEL-007-A,RAN,424,2,390,2,1,2,5368.2,2376.2,0.4,70,
2026-09-14T10:00,Telkom,CPT-BEL-007,CPT-BEL-007-B,RAN,636,11,585,4,1,5,5949.0,2796.2,0.1,111,
2026-09-14T10:00,Telkom,CPT-BEL-007,CPT-BEL-007-C,RAN,627,0,576,7,2,4,5314.3,2058.6,0.86,45,
2026-09-14T10:15,Telkom,JHB-CBD-003,JHB-CBD-003-A,RAN,456,5,419,0,0,1,6730.4,3611.1,0.12,0,
2026-09-14T10:15,Telkom,JHB-CBD-003,JHB-CBD-003-B,RAN,424,3,390,4,0,0,6218.5,3104.7,0.58,0,
2026-09-14T10:15,Telkom,JHB-CBD-003,JHB-CBD-003-C,RAN,756,10,695,10,1,0,5913.2,2904.8,0.7,64,
2026-09-14T10:15,Telkom,JHB-SOW-018,JHB-SOW-018-A,RAN,392,1,360,6,1,1,4283.1,2010.2,0.48,73,
2026-09-14T10:15,Telkom,JHB-SOW-018,JHB-SOW-018-B,RAN,468,6,430,4,2,1,3910.8,2056.5,0.94,37,
2026-09-14T10:15,Telkom,JHB-SOW-018,JHB-SOW-018-C,RAN,624,8,574,5,1,2,4000.6,2354.1,0.87,65,
2026-09-14T10:15,Telkom,PTA-HAT-011,PTA-HAT-011-A,RAN,680,3,625,11,1,4,6919.8,3801.5,0.97,30,
2026-09-14T10:15,Telkom,PTA-HAT-011,PTA-HAT-011-B,RAN,869,8,799,8,2,8,6605.4,3130.5,0.94,42,
2026-09-14T10:15,Telkom,PTA-HAT-011,PTA-HAT-011-C,RAN,704,5,647,5,0,0,6607.2,3603.3,0.54,0,
2026-09-14T10:15,Telkom,CPT-BEL-007,CPT-BEL-007-A,RAN,636,2,585,5,1,1,5010.6,2868.6,0.44,0,
2026-09-14T10:15,Telkom,CPT-BEL-007,CPT-BEL-007-B,RAN,392,0,360,3,0,1,5192.3,3093.4,1.24,0,
2026-09-14T10:15,Telkom,CPT-BEL-007,CPT-BEL-007-C,RAN,696,4,640,5,0,5,6305.3,3281.8,0.74,148,
2026-09-14T10:30,Telkom,JHB-CBD-003,JHB-CBD-003-A,RAN,530,3,487,6,0,5,5904.2,3001.2,0.56,130,
2026-09-14T10:30,Telkom,JHB-CBD-003,JHB-CBD-003-B,RAN,561,5,516,2,0,2,5625.3,3006.6,0.2,0,
2026-09-14T10:30,Telkom,JHB-CBD-003,JHB-CBD-003-C,RAN,488,0,448,1,0,1,6373.0,2792.7,0.58,0,
2026-09-14T10:30,Telkom,JHB-SOW-018,JHB-SOW-018-A,RAN,531,12,488,5,0,1,4594.0,2142.3,0.58,110,
2026-09-14T10:30,Telkom,JHB-SOW-018,JHB-SOW-018-B,RAN,561,2,516,5,1,3,4519.3,2348.5,1.14,181,
2026-09-14T10:30,Telkom,JHB-SOW-018,JHB-SOW-018-C,RAN,477,0,438,8,0,1,4352.9,2112.9,0.58,139,
2026-09-14T10:30,Telkom,PTA-HAT-011,PTA-HAT-011-A,RAN,456,0,419,6,0,3,5905.5,3095.6,0.47,0,
2026-09-14T10:30,Telkom,PTA-HAT-011,PTA-HAT-011-B,RAN,406,4,373,5,0,1,6260.1,3201.2,0.39,29,
2026-09-14T10:30,Telkom,PTA-HAT-011,PTA-HAT-011-C,RAN,726,6,667,9,0,4,6635.9,3538.8,0.53,0,
2026-09-14T10:30,Telkom,CPT-BEL-007,CPT-BEL-007-A,RAN,512,1,471,8,1,1,6458.8,3126.9,0.28,18,
2026-09-14T10:30,Telkom,CPT-BEL-007,CPT-BEL-007-B,RAN,572,9,526,6,0,0,5047.6,2660.3,0.9,4,
2026-09-14T10:30,Telkom,CPT-BEL-007,CPT-BEL-007-C,RAN,364,4,334,2,2,3,5740.0,2511.9,1.09,41,
2026-09-14T10:45,Telkom,JHB-CBD-003,JHB-CBD-003-A,RAN,536,12,493,7,0,1,6849.1,2955.6,0.33,81,
2026-09-14T10:45,Telkom,JHB-CBD-003,JHB-CBD-003-B,RAN,413,4,379,1,0,4,6121.8,3261.2,0.94,0,
2026-09-14T10:45,Telkom,JHB-CBD-003,JHB-CBD-003-C,RAN,585,10,538,4,1,2,7102.6,3173.4,0.27,113,
2026-09-14T10:45,Telkom,JHB-SOW-018,JHB-SOW-018-A,RAN,448,1,412,0,0,2,4810.6,1984.0,1.27,38,
2026-09-14T10:45,Telkom,JHB-SOW-018,JHB-SOW-018-B,RAN,513,6,471,10,0,1,4452.3,2387.0,0.59,0,
2026-09-14T10:45,Telkom,JHB-SOW-018,JHB-SOW-018-C,RAN,416,0,382,0,1,3,4457.3,2022.2,0.56,0,
2026-09-14T10:45,Telkom,PTA-HAT-011,PTA-HAT-011-A,RAN,690,5,634,2,0,4,6313.5,3478.1,0.58,0,
2026-09-14T10:45,Telkom,PTA-HAT-011,PTA-HAT-011-B,RAN,558,7,513,10,2,1,5870.2,3368.0,0.17,19,
2026-09-14T10:45,Telkom,PTA-HAT-011,PTA-HAT-011-C,RAN,660,10,607,4,0,0,5938.3,2558.9,0.39,108,
2026-09-14T10:45,Telkom,CPT-BEL-007,CPT-BEL-007-A,RAN,456,2,419,3,0,2,5290.0,2331.8,1.37,148,
2026-09-14T10:45,Telkom,CPT-BEL-007,CPT-BEL-007-B,RAN,399,1,367,3,0,0,6005.7,3015.4,0.45,31,
2026-09-14T10:45,Telkom,CPT-BEL-007,CPT-BEL-007-C,RAN,399,3,367,2,0,2,6384.9,2856.0,1.34,138,
2026-09-14T11:00,Telkom,JHB-CBD-003,JHB-CBD-003-A,RAN,530,5,487,5,1,4,5543.5,2842.4,0.52,1,
2026-09-14T11:00,Telkom,JHB-CBD-003,JHB-CBD-003-B,RAN,576,1,529,1,0,0,5939.6,2970.6,0.91,0,
2026-09-14T11:00,Telkom,JHB-CBD-003,JHB-CBD-003-C,RAN,756,13,695,5,1,5,5713.3,3102.9,0.49,44,
2026-09-14T11:00,Telkom,JHB-SOW-018,JHB-SOW-018-A,RAN,470,4,432,8,0,5,3530.9,1467.4,0.38,10,
2026-09-14T11:00,Telkom,JHB-SOW-018,JHB-SOW-018-B,RAN,561,5,516,6,0,2,3771.6,1478.1,1.14,171,
2026-09-14T11:00,Telkom,JHB-SOW-018,JHB-SOW-018-C,RAN,486,6,447,3,0,4,5199.8,2536.3,0.91,0,
2026-09-14T11:00,Telkom,PTA-HAT-011,PTA-HAT-011-A,RAN,684,5,629,2,0,1,5243.3,2640.9,0.61,98,
2026-09-14T11:00,Telkom,PTA-HAT-011,PTA-HAT-011-B,RAN,528,8,485,5,0,1,6374.7,3027.0,0.91,116,
2026-09-14T11:00,Telkom,PTA-HAT-011,PTA-HAT-011-C,RAN,864,4,794,3,1,4,7777.0,4048.3,0.94,23,
2026-09-14T11:00,Telkom,CPT-BEL-007,CPT-BEL-007-A,RAN,605,6,556,8,1,5,5823.6,2677.9,0.61,34,
2026-09-14T11:00,Telkom,CPT-BEL-007,CPT-BEL-007-B,RAN,522,4,480,3,0,1,6038.3,2517.3,1.25,0,
2026-09-14T11:00,Telkom,CPT-BEL-007,CPT-BEL-007-C,RAN,624,5,574,11,0,2,5097.8,2088.3,1.05,0,
2026-09-14T11:15,Telkom,JHB-CBD-003,JHB-CBD-003-A,RAN,756,7,695,8,0,1,6388.1,3227.0,0.1,26,
2026-09-14T11:15,Telkom,JHB-CBD-003,JHB-CBD-003-B,RAN,720,5,662,2,1,5,5698.1,2629.6,0.53,143,
2026-09-14T11:15,Telkom,JHB-CBD-003,JHB-CBD-003-C,RAN,504,5,463,8,1,0,6974.3,3409.7,0.19,0,
2026-09-14T11:15,Telkom,JHB-SOW-018,JHB-SOW-018-A,RAN,720,6,662,8,2,6,3959.9,2057.0,0.84,0,
2026-09-14T11:15,Telkom,JHB-SOW-018,JHB-SOW-018-B,RAN,504,5,463,5,1,4,5378.9,2430.3,0.63,0,
2026-09-14T11:15,Telkom,JHB-SOW-018,JHB-SOW-018-C,RAN,636,6,585,4,0,3,4360.5,2046.9,0.93,0,
2026-09-14T11:15,Telkom,PTA-HAT-011,PTA-HAT-011-A,RAN,603,4,554,0,0,3,6470.2,3359.9,0.46,0,
2026-09-14T11:15,Telkom,PTA-HAT-011,PTA-HAT-011-B,RAN,462,8,425,7,0,2,5473.2,3118.4,0.34,36,
2026-09-14T11:15,Telkom,PTA-HAT-011,PTA-HAT-011-C,RAN,680,4,625,4,0,3,6891.3,3296.1,1.22,86,
2026-09-14T11:15,Telkom,CPT-BEL-007,CPT-BEL-007-A,RAN,708,11,651,4,1,3,5241.1,2383.8,0.97,183,
2026-09-14T11:15,Telkom,CPT-BEL-007,CPT-BEL-007-B,RAN,682,3,627,9,3,4,6853.7,3430.3,0.87,58,
2026-09-14T11:15,Telkom,CPT-BEL-007,CPT-BEL-007-C,RAN,490,4,450,3,0,2,5158.9,2869.1,0.66,0,
2026-09-14T11:30,Telkom,JHB-CBD-003,JHB-CBD-003-A,RAN,660,7,607,5,0,5,6753.7,3624.2,0.44,0,
2026-09-14T11:30,Telkom,JHB-CBD-003,JHB-CBD-003-B,RAN,768,9,706,5,0,1,6699.9,2805.7,0.97,78,
2026-09-14T11:30,Telkom,JHB-CBD-003,JHB-CBD-003-C,RAN,693,5,637,6,1,1,6228.4,2698.5,0.84,16,
2026-09-14T11:30,Telkom,JHB-SOW-018,JHB-SOW-018-A,RAN,530,10,487,0,0,3,5079.7,2498.8,0.18,194,
2026-09-14T11:30,Telkom,JHB-SOW-018,JHB-SOW-018-B,RAN,649,3,597,8,0,5,4582.7,1994.6,0.37,0,
2026-09-14T11:30,Telkom,JHB-SOW-018,JHB-SOW-018-C,RAN,594,3,546,7,0,5,3969.4,1989.8,0.78,0,
2026-09-14T11:30,Telkom,PTA-HAT-011,PTA-HAT-011-A,RAN,522,6,480,5,0,1,6210.4,2550.8,1.09,81,
2026-09-14T11:30,Telkom,PTA-HAT-011,PTA-HAT-011-B,RAN,690,7,634,9,1,3,5922.3,3206.4,0.92,176,
2026-09-14T11:30,Telkom,PTA-HAT-011,PTA-HAT-011-C,RAN,456,1,419,4,0,0,5038.6,2364.2,0.93,76,
2026-09-14T11:30,Telkom,CPT-BEL-007,CPT-BEL-007-A,RAN,648,6,596,0,2,3,6052.2,2785.4,1.09,69,
2026-09-14T11:30,Telkom,CPT-BEL-007,CPT-BEL-007-B,RAN,567,5,521,7,0,3,6120.8,3003.6,0.51,219,
2026-09-14T11:30,Telkom,CPT-BEL-007,CPT-BEL-007-C,RAN,480,2,441,3,1,4,6120.3,2978.4,1.02,45,
2026-09-14T11:45,Telkom,JHB-CBD-003,JHB-CBD-003-A,RAN,561,0,516,8,0,4,6179.9,3391.0,1.16,120,
2026-09-14T11:45,Telkom,JHB-CBD-003,JHB-CBD-003-B,RAN,530,2,487,4,1,2,4698.0,2378.6,0.53,80,
2026-09-14T11:45,Telkom,JHB-CBD-003,JHB-CBD-003-C,RAN,693,2,637,9,0,0,6122.3,2912.6,0.47,0,
2026-09-14T11:45,Telkom,JHB-SOW-018,JHB-SOW-018-A,RAN,531,0,488,2,0,2,4785.7,2122.4,0.52,0,
2026-09-14T11:45,Telkom,JHB-SOW-018,JHB-SOW-018-B,RAN,638,11,586,6,0,1,4392.6,2493.7,0.7,0,
2026-09-14T11:45,Telkom,JHB-SOW-018,JHB-SOW-018-C,RAN,528,7,485,3,1,1,3525.7,1873.3,0.87,0,
2026-09-14T11:45,Telkom,PTA-HAT-011,PTA-HAT-011-A,RAN,600,5,552,0,0,2,5902.0,2872.0,0.73,120,
2026-09-14T11:45,Telkom,PTA-HAT-011,PTA-HAT-011-B,RAN,636,2,585,7,0,2,5963.3,2381.5,0.53,21,
2026-09-14T11:45,Telkom,PTA-HAT-011,PTA-HAT-011-C,RAN,620,0,570,7,0,0,6401.7,3174.4,0.95,10,
2026-09-14T11:45,Telkom,CPT-BEL-007,CPT-BEL-007-A,RAN,627,9,576,6,0,3,6539.2,2761.3,1.0,1,
2026-09-14T11:45,Telkom,CPT-BEL-007,CPT-BEL-007-B,RAN,510,7,469,6,0,0,5009.3,2621.1,1.18,0,
2026-09-14T11:45,Telkom,CPT-BEL-007,CPT-BEL-007-C,RAN,708,5,651,8,2,6,6022.5,2626.8,0.28,180,
2026-09-14T12:00,Telkom,JHB-CBD-003,JHB-CBD-003-A,RAN,583,2,536,5,2,4,7141.9,3778.3,0.22,0,
2026-09-14T12:00,Telkom,JHB-CBD-003,JHB-CBD-003-B,RAN,456,2,419,5,1,1,5413.0,2380.0,0.4,0,
2026-09-14T12:00,Telkom,JHB-CBD-003,JHB-CBD-003-C,RAN,480,6,441,5,0,1,5396.8,2842.0,1.01,24,
2026-09-14T12:00,Telkom,JHB-SOW-018,JHB-SOW-018-A,RAN,399,0,367,2,0,2,5007.4,1786.7,0.6,0,
2026-09-14T12:00,Telkom,JHB-SOW-018,JHB-SOW-018-B,RAN,506,0,465,6,0,6,4378.7,2161.2,1.0,14,
2026-09-14T12:00,Telkom,JHB-SOW-018,JHB-SOW-018-C,RAN,400,3,368,7,0,0,4263.8,2045.7,0.31,36,
2026-09-14T12:00,Telkom,PTA-HAT-011,PTA-HAT-011-A,RAN,540,7,496,7,1,1,5746.3,2427.5,0.63,64,
2026-09-14T12:00,Telkom,PTA-HAT-011,PTA-HAT-011-B,RAN,567,5,521,6,0,6,6315.4,2843.8,1.05,0,
2026-09-14T12:00,Telkom,PTA-HAT-011,PTA-HAT-011-C,RAN,572,2,526,1,1,5,6343.9,3086.1,0.66,156,
2026-09-14T12:00,Telkom,CPT-BEL-007,CPT-BEL-007-A,RAN,414,6,380,3,1,4,4149.6,1981.7,0.32,22,
2026-09-14T12:00,Telkom,CPT-BEL-007,CPT-BEL-007-B,RAN,480,0,441,0,0,0,5494.1,2860.1,1.07,69,
2026-09-14T12:00,Telkom,CPT-BEL-007,CPT-BEL-007-C,RAN,522,5,480,4,0,0,6122.6,3071.3,0.97,101,
2026-09-14T12:15,Telkom,JHB-CBD-003,JHB-CBD-003-A,RAN,594,2,546,8,1,0,6843.4,3153.4,0.89,37,
2026-09-14T12:15,Telkom,JHB-CBD-003,JHB-CBD-003-B,RAN,477,7,438,1,0,2,5474.2,2127.5,0.47,112,
2026-09-14T12:15,Telkom,JHB-CBD-003,JHB-CBD-003-C,RAN,671,4,617,4,3,2,5875.8,2698.8,1.1,0,
2026-09-14T12:15,Telkom,JHB-SOW-018,JHB-SOW-018-A,RAN,539,2,495,11,0,4,4088.1,2091.6,0.59,0,
2026-09-14T12:15,Telkom,JHB-SOW-018,JHB-SOW-018-B,RAN,572,5,526,4,0,1,3749.4,1710.6,0.34,9,
2026-09-14T12:15,Telkom,JHB-SOW-018,JHB-SOW-018-C,RAN,459,0,422,3,0,4,4464.3,2111.2,1.11,0,
2026-09-14T12:15,Telkom,PTA-HAT-011,PTA-HAT-011-A,RAN,413,3,379,5,0,2,4705.4,2188.2,0.78,30,
2026-09-14T12:15,Telkom,PTA-HAT-011,PTA-HAT-011-B,RAN,756,5,695,10,0,0,6713.8,2538.0,0.1,0,
2026-09-14T12:15,Telkom,PTA-HAT-011,PTA-HAT-011-C,RAN,583,2,536,10,0,2,6385.9,2904.4,1.33,47,
2026-09-14T12:15,Telkom,CPT-BEL-007,CPT-BEL-007-A,RAN,384,2,353,6,0,2,6463.6,3278.3,0.72,76,
2026-09-14T12:15,Telkom,CPT-BEL-007,CPT-BEL-007-B,RAN,594,4,546,3,0,0,6085.1,2361.6,0.49,132,
2026-09-14T12:15,Telkom,CPT-BEL-007,CPT-BEL-007-C,RAN,504,4,463,3,0,1,6155.9,3257.5,0.26,6,
2026-09-14T12:30,Telkom,JHB-CBD-003,JHB-CBD-003-A,RAN,459,4,422,2,1,3,5527.0,2580.3,1.23,59,
2026-09-14T12:30,Telkom,JHB-CBD-003,JHB-CBD-003-B,RAN,540,3,496,9,0,5,5880.1,2535.3,0.32,0,
2026-09-14T12:30,Telkom,JHB-CBD-003,JHB-CBD-003-C,RAN,530,0,487,9,2,2,5641.8,2756.8,0.52,173,
2026-09-14T12:30,Telkom,JHB-SOW-018,JHB-SOW-018-A,RAN,477,5,438,6,0,3,4310.1,1684.2,0.65,53,
2026-09-14T12:30,Telkom,JHB-SOW-018,JHB-SOW-018-B,RAN,400,3,368,4,0,1,5025.6,2398.0,1.02,7,
2026-09-14T12:30,Telkom,JHB-SOW-018,JHB-SOW-018-C,RAN,322,3,296,1,1,1,4476.1,2087.8,1.02,10,
2026-09-14T12:30,Telkom,PTA-HAT-011,PTA-HAT-011-A,RAN,638,3,586,4,0,4,5584.0,2758.5,0.1,187,
2026-09-14T12:30,Telkom,PTA-HAT-011,PTA-HAT-011-B,RAN,540,6,496,2,0,0,7216.3,3468.3,0.44,145,
2026-09-14T12:30,Telkom,PTA-HAT-011,PTA-HAT-011-C,RAN,570,2,524,5,1,2,6161.5,2801.2,0.99,144,
2026-09-14T12:30,Telkom,CPT-BEL-007,CPT-BEL-007-A,RAN,616,1,566,8,0,4,4728.2,1962.4,0.3,1,
2026-09-14T12:30,Telkom,CPT-BEL-007,CPT-BEL-007-B,RAN,616,5,566,4,1,6,6838.4,3135.2,0.68,231,
2026-09-14T12:30,Telkom,CPT-BEL-007,CPT-BEL-007-C,RAN,464,3,426,3,0,2,5810.0,2734.7,1.06,39,
2026-09-14T12:45,Telkom,JHB-CBD-003,JHB-CBD-003-A,RAN,660,8,607,12,1,5,4987.1,2647.6,0.54,0,
2026-09-14T12:45,Telkom,JHB-CBD-003,JHB-CBD-003-B,RAN,572,4,526,6,2,5,6117.5,2949.4,0.65,47,
2026-09-14T12:45,Telkom,JHB-CBD-003,JHB-CBD-003-C,RAN,456,2,419,6,2,4,6749.6,3566.1,0.82,0,
2026-09-14T12:45,Telkom,JHB-SOW-018,JHB-SOW-018-A,RAN,600,4,552,6,0,4,4905.9,2180.1,0.92,0,
2026-09-14T12:45,Telkom,JHB-SOW-018,JHB-SOW-018-B,RAN,450,0,414,6,0,1,3708.6,1705.3,1.13,45,
2026-09-14T12:45,Telkom,JHB-SOW-018,JHB-SOW-018-C,RAN,322,6,296,1,1,3,3858.2,1770.9,1.03,146,
2026-09-14T12:45,Telkom,PTA-HAT-011,PTA-HAT-011-A,RAN,590,4,542,5,0,1,5080.9,2967.1,0.98,91,
2026-09-14T12:45,Telkom,PTA-HAT-011,PTA-HAT-011-B,RAN,376,8,345,3,4,4,5685.5,2875.5,0.86,116,
2026-09-14T12:45,Telkom,PTA-HAT-011,PTA-HAT-011-C,RAN,420,2,386,7,0,2,5907.6,3228.7,1.05,233,
2026-09-14T12:45,Telkom,CPT-BEL-007,CPT-BEL-007-A,RAN,448,2,412,5,2,2,5406.7,2043.0,1.33,97,
2026-09-14T12:45,Telkom,CPT-BEL-007,CPT-BEL-007-B,RAN,490,2,450,1,0,2,5048.1,2673.1,0.32,0,
2026-09-14T12:45,Telkom,CPT-BEL-007,CPT-BEL-007-C,RAN,561,8,516,3,1,4,6320.4,2956.6,0.13,36,
2026-09-14T13:00,Telkom,JHB-CBD-003,JHB-CBD-003-A,RAN,583,1,536,4,0,1,6075.1,2790.0,0.72,119,
2026-09-14T13:00,Telkom,JHB-CBD-003,JHB-CBD-003-B,RAN,486,0,447,8,0,2,4900.1,2901.8,0.29,16,
2026-09-14T13:00,Telkom,JHB-CBD-003,JHB-CBD-003-C,RAN,564,2,518,5,0,3,5868.6,2313.3,0.95,63,
2026-09-14T13:00,Telkom,JHB-SOW-018,JHB-SOW-018-A,RAN,490,2,450,11,0,2,3792.7,1885.8,0.42,117,
2026-09-14T13:00,Telkom,JHB-SOW-018,JHB-SOW-018-B,RAN,504,4,463,8,2,3,4195.2,2378.5,0.24,0,
2026-09-14T13:00,Telkom,JHB-SOW-018,JHB-SOW-018-C,RAN,315,0,289,1,0,1,4790.1,2544.8,0.1,57,
2026-09-14T13:00,Telkom,PTA-HAT-011,PTA-HAT-011-A,RAN,549,1,505,4,0,0,6287.6,2450.2,1.16,67,
2026-09-14T13:00,Telkom,PTA-HAT-011,PTA-HAT-011-B,RAN,660,7,607,12,0,3,6003.7,3443.7,0.2,0,
2026-09-14T13:00,Telkom,PTA-HAT-011,PTA-HAT-011-C,RAN,540,7,496,6,0,0,5314.3,2900.7,0.47,71,
2026-09-14T13:00,Telkom,CPT-BEL-007,CPT-BEL-007-A,RAN,500,3,460,0,2,6,5615.7,2583.3,0.1,25,
2026-09-14T13:00,Telkom,CPT-BEL-007,CPT-BEL-007-B,RAN,517,3,475,2,1,4,5503.8,2657.4,0.76,64,
2026-09-14T13:00,Telkom,CPT-BEL-007,CPT-BEL-007-C,RAN,588,6,540,7,0,0,5168.4,2243.9,1.3,0,
2026-09-14T13:15,Telkom,JHB-CBD-003,JHB-CBD-003-A,RAN,456,0,419,1,0,0,6467.0,2678.8,0.73,11,
2026-09-14T13:15,Telkom,JHB-CBD-003,JHB-CBD-003-B,RAN,400,4,368,2,1,2,5586.8,2919.1,0.3,39,
2026-09-14T13:15,Telkom,JHB-CBD-003,JHB-CBD-003-C,RAN,343,5,315,1,0,2,4820.4,2356.0,0.93,200,
2026-09-14T13:15,Telkom,JHB-SOW-018,JHB-SOW-018-A,RAN,387,2,356,4,0,0,3115.6,1623.6,0.27,93,
2026-09-14T13:15,Telkom,JHB-SOW-018,JHB-SOW-018-B,RAN,616,6,566,5,0,3,3837.1,1486.8,0.5,81,
2026-09-14T13:15,Telkom,JHB-SOW-018,JHB-SOW-018-C,RAN,370,6,340,6,0,2,3711.2,1696.5,0.44,7,
2026-09-14T13:15,Telkom,PTA-HAT-011,PTA-HAT-011-A,RAN,385,1,354,6,0,0,5655.8,2919.3,0.75,37,
2026-09-14T13:15,Telkom,PTA-HAT-011,PTA-HAT-011-B,RAN,572,0,526,4,0,0,5590.6,2726.7,1.05,20,
2026-09-14T13:15,Telkom,PTA-HAT-011,PTA-HAT-011-C,RAN,672,5,618,8,0,3,5248.1,2408.6,0.98,0,
2026-09-14T13:15,Telkom,CPT-BEL-007,CPT-BEL-007-A,RAN,368,1,338,0,0,0,5761.6,2573.4,0.48,87,
2026-09-14T13:15,Telkom,CPT-BEL-007,CPT-BEL-007-B,RAN,539,1,495,8,0,0,5684.0,2661.6,0.54,130,
2026-09-14T13:15,Telkom,CPT-BEL-007,CPT-BEL-007-C,RAN,294,4,270,5,1,2,5380.7,2863.1,0.77,121,
2026-09-14T13:30,Telkom,JHB-CBD-003,JHB-CBD-003-A,RAN,322,5,296,3,1,1,5348.7,2938.6,1.38,51,
2026-09-14T13:30,Telkom,JHB-CBD-003,JHB-CBD-003-B,RAN,424,5,390,1,0,5,6338.8,3268.2,0.84,170,
2026-09-14T13:30,Telkom,JHB-CBD-003,JHB-CBD-003-C,RAN,572,0,526,0,0,2,6632.6,3154.3,0.84,36,
2026-09-14T13:30,Telkom,JHB-SOW-018,JHB-SOW-018-A,RAN,440,4,404,0,1,3,3739.4,1838.1,0.53,0,
2026-09-14T13:30,Telkom,JHB-SOW-018,JHB-SOW-018-B,RAN,374,2,344,0,0,2,3864.5,1275.8,1.0,35,
2026-09-14T13:30,Telkom,JHB-SOW-018,JHB-SOW-018-C,RAN,528,3,485,8,1,4,3492.4,1940.4,0.1,72,
2026-09-14T13:30,Telkom,PTA-HAT-011,PTA-HAT-011-A,RAN,510,0,469,4,0,3,5449.5,2799.3,1.0,4,
2026-09-14T13:30,Telkom,PTA-HAT-011,PTA-HAT-011-B,RAN,384,5,353,2,0,2,5754.2,2918.0,0.88,62,
2026-09-14T13:30,Telkom,PTA-HAT-011,PTA-HAT-011-C,RAN,399,5,367,2,0,2,6234.6,2155.4,1.13,59,
2026-09-14T13:30,Telkom,CPT-BEL-007,CPT-BEL-007-A,RAN,594,0,546,2,0,0,4939.9,1971.6,0.83,0,
2026-09-14T13:30,Telkom,CPT-BEL-007,CPT-BEL-007-B,RAN,460,1,423,1,1,1,5900.7,3049.3,0.51,129,
2026-09-14T13:30,Telkom,CPT-BEL-007,CPT-BEL-007-C,RAN,564,9,518,6,2,6,5697.1,2870.1,0.64,94,
2026-09-14T13:45,Telkom,JHB-CBD-003,JHB-CBD-003-A,RAN,552,3,507,7,2,2,5103.0,2899.0,0.6,43,
2026-09-14T13:45,Telkom,JHB-CBD-003,JHB-CBD-003-B,RAN,405,4,372,1,0,0,4942.2,2088.4,0.19,105,
2026-09-14T13:45,Telkom,JHB-CBD-003,JHB-CBD-003-C,RAN,564,2,518,6,1,2,5753.0,2917.6,0.86,84,
2026-09-14T13:45,Telkom,JHB-SOW-018,JHB-SOW-018-A,RAN,420,0,386,4,1,1,3763.1,1476.2,0.44,106,
2026-09-14T13:45,Telkom,JHB-SOW-018,JHB-SOW-018-B,RAN,387,2,356,4,1,3,4151.7,2050.9,0.61,168,
2026-09-14T13:45,Telkom,JHB-SOW-018,JHB-SOW-018-C,RAN,308,5,283,7,1,1,3809.2,2096.4,0.1,107,
2026-09-14T13:45,Telkom,PTA-HAT-011,PTA-HAT-011-A,RAN,564,4,518,4,0,0,4880.1,2259.5,0.51,72,
2026-09-14T13:45,Telkom,PTA-HAT-011,PTA-HAT-011-B,RAN,660,1,607,3,0,3,5547.8,3040.4,1.14,56,
2026-09-14T13:45,Telkom,PTA-HAT-011,PTA-HAT-011-C,RAN,399,1,367,6,1,0,6396.8,3045.1,0.62,29,
2026-09-14T13:45,Telkom,CPT-BEL-007,CPT-BEL-007-A,RAN,384,3,353,4,2,3,5997.7,2428.3,0.2,93,
2026-09-14T13:45,Telkom,CPT-BEL-007,CPT-BEL-007-B,RAN,336,1,309,1,1,2,4593.9,2157.6,0.92,135,
2026-09-14T13:45,Telkom,CPT-BEL-007,CPT-BEL-007-C,RAN,440,1,404,5,2,4,5171.9,2331.3,0.33,0,
2026-09-14T14:00,Telkom,JHB-CBD-003,JHB-CBD-003-A,RAN,504,0,463,1,0,1,4738.3,2529.3,0.93,0,
2026-09-14T14:00,Telkom,JHB-CBD-003,JHB-CBD-003-B,RAN,510,6,469,6,0,0,5486.3,2380.2,0.56,60,
2026-09-14T14:00,Telkom,JHB-CBD-003,JHB-CBD-003-C,RAN,517,7,475,5,0,0,5668.8,2660.7,0.11,94,
2026-09-14T14:00,Telkom,JHB-SOW-018,JHB-SOW-018-A,RAN,414,6,380,0,2,1,4425.0,2116.0,0.75,90,
2026-09-14T14:00,Telkom,JHB-SOW-018,JHB-SOW-018-B,RAN,272,5,250,3,0,0,3351.4,1280.4,1.04,58,
2026-09-14T14:00,Telkom,JHB-SOW-018,JHB-SOW-018-C,RAN,294,7,270,4,0,2,3874.2,2198.8,0.9,0,
2026-09-14T14:00,Telkom,PTA-HAT-011,PTA-HAT-011-A,RAN,550,3,506,5,1,3,6158.9,3439.0,0.76,28,
2026-09-14T14:00,Telkom,PTA-HAT-011,PTA-HAT-011-B,RAN,684,8,629,0,0,3,5683.0,2730.4,1.35,0,
2026-09-14T14:00,Telkom,PTA-HAT-011,PTA-HAT-011-C,RAN,480,3,441,6,1,4,5130.9,2480.7,0.29,0,
2026-09-14T14:00,Telkom,CPT-BEL-007,CPT-BEL-007-A,RAN,561,5,516,4,2,2,4878.6,2346.1,0.74,161,
2026-09-14T14:00,Telkom,CPT-BEL-007,CPT-BEL-007-B,RAN,420,0,386,7,0,2,4438.2,1986.9,0.44,93,
2026-09-14T14:00,Telkom,CPT-BEL-007,CPT-BEL-007-C,RAN,539,8,495,4,0,1,5337.6,2521.9,0.41,0,
2026-09-14T14:15,Telkom,JHB-CBD-003,JHB-CBD-003-A,RAN,460,10,423,7,0,2,5130.1,2817.2,0.9,172,
2026-09-14T14:15,Telkom,JHB-CBD-003,JHB-CBD-003-B,RAN,450,2,414,7,1,3,4993.4,2450.3,0.93,52,
2026-09-14T14:15,Telkom,JHB-CBD-003,JHB-CBD-003-C,RAN,470,1,432,4,1,1,5640.5,2780.3,1.09,0,
2026-09-14T14:15,Telkom,JHB-SOW-018,JHB-SOW-018-A,RAN,329,0,302,3,1,1,3923.0,2223.2,0.53,20,
2026-09-14T14:15,Telkom,JHB-SOW-018,JHB-SOW-018-B,RAN,418,9,384,3,2,3,4143.4,1906.1,0.88,144,
2026-09-14T14:15,Telkom,JHB-SOW-018,JHB-SOW-018-C,RAN,432,7,397,2,0,3,3089.4,1261.0,0.88,34,
2026-09-14T14:15,Telkom,PTA-HAT-011,PTA-HAT-011-A,RAN,726,5,667,3,0,2,6776.1,3538.1,0.96,0,
2026-09-14T14:15,Telkom,PTA-HAT-011,PTA-HAT-011-B,RAN,517,2,475,5,0,0,5053.4,2422.0,0.57,0,
2026-09-14T14:15,Telkom,PTA-HAT-011,PTA-HAT-011-C,RAN,672,7,618,3,1,2,5731.9,3044.9,0.26,0,
2026-09-14T14:15,Telkom,CPT-BEL-007,CPT-BEL-007-A,RAN,296,0,272,1,0,0,5080.0,2165.0,0.37,99,
2026-09-14T14:15,Telkom,CPT-BEL-007,CPT-BEL-007-B,RAN,480,4,441,1,1,2,5361.3,2306.6,0.19,7,
2026-09-14T14:15,Telkom,CPT-BEL-007,CPT-BEL-007-C,RAN,450,5,414,5,0,3,5670.1,2529.0,0.52,17,
2026-09-14T14:30,Telkom,JHB-CBD-003,JHB-CBD-003-A,RAN,396,8,364,6,1,0,5194.0,2464.9,0.86,9,
2026-09-14T14:30,Telkom,JHB-CBD-003,JHB-CBD-003-B,RAN,649,3,597,3,0,4,5757.4,2577.9,1.08,42,
2026-09-14T14:30,Telkom,JHB-CBD-003,JHB-CBD-003-C,RAN,528,6,485,2,0,3,4601.6,2556.5,0.23,255,
2026-09-14T14:30,Telkom,JHB-SOW-018,JHB-SOW-018-A,RAN,384,5,353,3,0,2,4034.2,2128.8,0.27,37,
2026-09-14T14:30,Telkom,JHB-SOW-018,JHB-SOW-018-B,RAN,320,1,294,3,0,1,3674.9,1669.7,0.85,60,
2026-09-14T14:30,Telkom,JHB-SOW-018,JHB-SOW-018-C,RAN,429,4,394,4,0,3,3705.9,1856.2,1.0,0,
2026-09-14T14:30,Telkom,PTA-HAT-011,PTA-HAT-011-A,RAN,459,4,422,6,0,5,5205.6,2386.2,1.01,0,
2026-09-14T14:30,Telkom,PTA-HAT-011,PTA-HAT-011-B,RAN,638,2,586,2,2,0,6215.9,2788.7,0.45,0,
2026-09-14T14:30,Telkom,PTA-HAT-011,PTA-HAT-011-C,RAN,408,3,375,3,1,4,4987.5,2041.5,1.04,130,
2026-09-14T14:30,Telkom,CPT-BEL-007,CPT-BEL-007-A,RAN,450,2,414,2,0,3,6039.1,2955.9,1.52,0,
2026-09-14T14:30,Telkom,CPT-BEL-007,CPT-BEL-007-B,RAN,540,2,496,6,0,3,4660.0,2501.9,0.92,0,
2026-09-14T14:30,Telkom,CPT-BEL-007,CPT-BEL-007-C,RAN,416,2,382,4,1,2,5872.3,2955.7,0.65,170,
2026-09-14T14:45,Telkom,JHB-CBD-003,JHB-CBD-003-A,RAN,420,0,386,4,3,5,5515.9,2832.3,0.94,0,
2026-09-14T14:45,Telkom,JHB-CBD-003,JHB-CBD-003-B,RAN,572,9,526,7,1,2,5976.9,2599.9,0.19,90,
2026-09-14T14:45,Telkom,JHB-CBD-003,JHB-CBD-003-C,RAN,360,5,331,1,0,0,5370.0,2709.5,0.77,2,
2026-09-14T14:45,Telkom,JHB-SOW-018,JHB-SOW-018-A,RAN,304,6,279,0,0,0,3084.4,1354.8,0.24,47,
2026-09-14T14:45,Telkom,JHB-SOW-018,JHB-SOW-018-B,RAN,468,0,430,4,0,2,3433.1,1380.5,0.73,0,
2026-09-14T14:45,Telkom,JHB-SOW-018,JHB-SOW-018-C,RAN,330,4,303,5,0,0,3384.2,1712.4,0.85,84,
2026-09-14T14:45,Telkom,PTA-HAT-011,PTA-HAT-011-A,RAN,351,0,322,4,0,1,5190.2,2554.3,0.45,116,
2026-09-14T14:45,Telkom,PTA-HAT-011,PTA-HAT-011-B,RAN,531,7,488,5,0,4,5827.1,2769.4,0.59,0,
2026-09-14T14:45,Telkom,PTA-HAT-011,PTA-HAT-011-C,RAN,490,4,450,1,0,1,5655.1,2439.1,0.4,8,
2026-09-14T14:45,Telkom,CPT-BEL-007,CPT-BEL-007-A,RAN,588,2,540,1,1,2,5331.3,2561.7,0.25,58,
2026-09-14T14:45,Telkom,CPT-BEL-007,CPT-BEL-007-B,RAN,344,5,316,3,0,1,5296.0,2567.3,0.44,111,
2026-09-14T14:45,Telkom,CPT-BEL-007,CPT-BEL-007-C,RAN,315,5,289,0,0,2,5118.8,2191.7,0.77,0,
2026-09-14T15:00,Telkom,JHB-CBD-003,JHB-CBD-003-A,RAN,405,5,372,4,0,0,5503.5,2682.1,0.52,0,
2026-09-14T15:00,Telkom,JHB-CBD-003,JHB-CBD-003-B,RAN,420,2,386,5,0,1,5636.5,2209.2,1.09,206,
2026-09-14T15:00,Telkom,JHB-CBD-003,JHB-CBD-003-C,RAN,376,0,345,0,0,2,5542.5,2874.7,0.47,24,
2026-09-14T15:00,Telkom,JHB-SOW-018,JHB-SOW-018-A,RAN,477,2,438,3,0,2,4173.9,1657.2,1.0,0,
2026-09-14T15:00,Telkom,JHB-SOW-018,JHB-SOW-018-B,RAN,280,0,257,3,0,1,3342.6,1336.5,0.94,148,
2026-09-14T15:00,Telkom,JHB-SOW-018,JHB-SOW-018-C,RAN,418,9,384,0,0,0,4036.5,1832.0,0.1,193,
2026-09-14T15:00,Telkom,PTA-HAT-011,PTA-HAT-011-A,RAN,550,8,506,0,0,4,6177.0,2834.6,0.83,153,
2026-09-14T15:00,Telkom,PTA-HAT-011,PTA-HAT-011-B,RAN,480,5,441,7,0,3,6033.7,2821.8,1.0,0,
2026-09-14T15:00,Telkom,PTA-HAT-011,PTA-HAT-011-C,RAN,343,3,315,2,0,1,5636.4,2499.5,0.46,0,
2026-09-14T15:00,Telkom,CPT-BEL-007,CPT-BEL-007-A,RAN,462,2,425,4,1,0,5039.6,2341.1,0.39,50,
2026-09-14T15:00,Telkom,CPT-BEL-007,CPT-BEL-007-B,RAN,408,11,375,3,0,0,5938.2,2815.1,1.08,24,
2026-09-14T15:00,Telkom,CPT-BEL-007,CPT-BEL-007-C,RAN,296,0,272,2,0,1,4918.5,2272.9,0.76,0,
2026-09-14T15:15,Telkom,JHB-CBD-003,JHB-CBD-003-A,RAN,322,1,296,1,0,2,6254.9,2734.2,1.29,142,
2026-09-14T15:15,Telkom,JHB-CBD-003,JHB-CBD-003-B,RAN,423,1,389,7,0,1,4847.2,2874.2,0.1,83,
2026-09-14T15:15,Telkom,JHB-CBD-003,JHB-CBD-003-C,RAN,432,4,397,5,0,1,5335.0,2800.7,0.74,98,
2026-09-14T15:15,Telkom,JHB-SOW-018,JHB-SOW-018-A,RAN,306,5,281,2,0,1,3723.0,1710.3,0.55,127,
2026-09-14T15:15,Telkom,JHB-SOW-018,JHB-SOW-018-B,RAN,552,3,507,9,0,0,3596.0,1604.1,0.67,84,
2026-09-14T15:15,Telkom,JHB-SOW-018,JHB-SOW-018-C,RAN,266,0,244,0,0,0,3243.3,1045.7,0.57,136,
2026-09-14T15:15,Telkom,PTA-HAT-011,PTA-HAT-011-A,RAN,594,5,546,2,0,2,5689.2,3209.8,0.78,0,
2026-09-14T15:15,Telkom,PTA-HAT-011,PTA-HAT-011-B,RAN,320,4,294,0,0,0,5202.6,2570.7,0.87,144,
2026-09-14T15:15,Telkom,PTA-HAT-011,PTA-HAT-011-C,RAN,480,9,441,8,1,2,4654.8,2627.6,0.93,0,
2026-09-14T15:15,Telkom,CPT-BEL-007,CPT-BEL-007-A,RAN,360,1,331,2,0,0,4202.4,2385.3,1.06,0,
2026-09-14T15:15,Telkom,CPT-BEL-007,CPT-BEL-007-B,RAN,322,0,296,1,0,3,5928.3,3524.4,0.66,60,
2026-09-14T15:15,Telkom,CPT-BEL-007,CPT-BEL-007-C,RAN,312,0,287,1,1,1,4501.3,2438.4,0.6,81,
2026-09-14T15:30,Telkom,JHB-CBD-003,JHB-CBD-003-A,RAN,460,0,423,0,1,2,5392.8,3040.9,0.28,72,
2026-09-14T15:30,Telkom,JHB-CBD-003,JHB-CBD-003-B,RAN,564,5,518,0,0,2,6236.7,3222.5,0.32,0,
2026-09-14T15:30,Telkom,JHB-CBD-003,JHB-CBD-003-C,RAN,343,6,315,1,1,2,5698.8,2803.1,0.58,65,
2026-09-14T15:30,Telkom,JHB-SOW-018,JHB-SOW-018-A,RAN,330,3,303,0,0,2,3684.5,2241.7,0.39,0,
2026-09-14T15:30,Telkom,JHB-SOW-018,JHB-SOW-018-B,RAN,312,3,287,3,1,1,4093.1,1816.3,0.31,62,
2026-09-14T15:30,Telkom,JHB-SOW-018,JHB-SOW-018-C,RAN,440,6,404,2,1,5,3460.1,1922.1,1.25,0,
2026-09-14T15:30,Telkom,PTA-HAT-011,PTA-HAT-011-A,RAN,432,3,397,2,1,1,5294.7,2489.4,1.09,0,
2026-09-14T15:30,Telkom,PTA-HAT-011,PTA-HAT-011-B,RAN,480,4,441,1,0,3,4974.7,2172.8,0.69,72,
2026-09-14T15:30,Telkom,PTA-HAT-011,PTA-HAT-011-C,RAN,329,1,302,2,2,3,4912.4,2257.7,0.72,45,
2026-09-14T15:30,Telkom,CPT-BEL-007,CPT-BEL-007-A,RAN,517,5,475,5,0,0,5338.4,1910.0,0.71,127,
2026-09-14T15:30,Telkom,CPT-BEL-007,CPT-BEL-007-B,RAN,500,4,460,3,0,0,4662.2,2422.9,0.36,0,
2026-09-14T15:30,Telkom,CPT-BEL-007,CPT-BEL-007-C,RAN,516,3,474,5,0,2,5770.0,2872.9,0.79,0,
2026-09-14T15:45,Telkom,JHB-CBD-003,JHB-CBD-003-A,RAN,440,5,404,2,0,4,5867.0,2612.6,0.35,0,
2026-09-14T15:45,Telkom,JHB-CBD-003,JHB-CBD-003-B,RAN,520,8,478,2,0,3,6275.0,2763.7,0.1,100,
2026-09-14T15:45,Telkom,JHB-CBD-003,JHB-CBD-003-C,RAN,423,2,389,9,0,3,5039.1,1889.9,0.38,77,
2026-09-14T15:45,Telkom,JHB-SOW-018,JHB-SOW-018-A,RAN,378,0,347,6,0,2,3945.2,1950.8,0.85,110,
2026-09-14T15:45,Telkom,JHB-SOW-018,JHB-SOW-018-B,RAN,304,1,279,1,1,3,3878.6,2091.3,0.56,15,
2026-09-14T15:45,Telkom,JHB-SOW-018,JHB-SOW-018-C,RAN,351,4,322,4,1,2,3094.8,1417.0,0.1,57,
2026-09-14T15:45,Telkom,PTA-HAT-011,PTA-HAT-011-A,RAN,360,1,331,4,0,1,5082.9,2140.9,0.34,84,
2026-09-14T15:45,Telkom,PTA-HAT-011,PTA-HAT-011-B,RAN,371,5,341,1,0,1,6066.3,3525.9,0.85,61,
2026-09-14T15:45,Telkom,PTA-HAT-011,PTA-HAT-011-C,RAN,583,5,536,2,0,1,6111.7,2487.7,0.57,149,
2026-09-14T15:45,Telkom,CPT-BEL-007,CPT-BEL-007-A,RAN,500,4,460,4,0,0,5419.2,2378.1,0.8,106,
2026-09-14T15:45,Telkom,CPT-BEL-007,CPT-BEL-007-B,RAN,308,6,283,0,0,1,5151.2,2099.7,0.52,0,
2026-09-14T15:45,Telkom,CPT-BEL-007,CPT-BEL-007-C,RAN,460,6,423,6,0,1,5840.5,2841.6,0.4,34,
2026-09-14T16:00,Telkom,JHB-CBD-003,JHB-CBD-003-A,RAN,400,5,368,4,2,3,4658.1,2133.7,0.8,42,
2026-09-14T16:00,Telkom,JHB-CBD-003,JHB-CBD-003-B,RAN,500,8,460,6,2,3,5791.2,2745.9,0.71,52,
2026-09-14T16:00,Telkom,JHB-CBD-003,JHB-CBD-003-C,RAN,550,2,506,5,0,3,6423.4,2540.5,1.22,0,
2026-09-14T16:00,Telkom,JHB-SOW-018,JHB-SOW-018-A,RAN,440,5,404,5,0,0,4240.4,1939.0,0.89,52,
2026-09-14T16:00,Telkom,JHB-SOW-018,JHB-SOW-018-B,RAN,294,5,270,4,0,0,4122.2,1833.5,0.43,0,
2026-09-14T16:00,Telkom,JHB-SOW-018,JHB-SOW-018-C,RAN,451,4,414,5,1,3,4316.6,1987.5,0.66,0,
2026-09-14T16:00,Telkom,PTA-HAT-011,PTA-HAT-011-A,RAN,460,8,423,8,0,0,6225.9,3010.1,0.52,37,
2026-09-14T16:00,Telkom,PTA-HAT-011,PTA-HAT-011-B,RAN,504,4,463,7,0,2,5520.8,2419.1,0.93,38,
2026-09-14T16:00,Telkom,PTA-HAT-011,PTA-HAT-011-C,RAN,371,7,341,2,0,1,5141.2,2697.7,0.1,6,
2026-09-14T16:00,Telkom,CPT-BEL-007,CPT-BEL-007-A,RAN,342,0,314,4,0,3,3827.3,1771.7,0.47,0,
2026-09-14T16:00,Telkom,CPT-BEL-007,CPT-BEL-007-B,RAN,392,3,360,0,0,1,6805.6,2923.2,0.6,0,
2026-09-14T16:00,Telkom,CPT-BEL-007,CPT-BEL-007-C,RAN,528,3,485,0,0,1,5904.5,2571.4,0.85,97,
2026-09-14T16:15,Telkom,JHB-CBD-003,JHB-CBD-003-A,RAN,315,0,289,2,2,1,4965.0,2665.0,1.29,25,
2026-09-14T16:15,Telkom,JHB-CBD-003,JHB-CBD-003-B,RAN,376,4,345,0,0,1,5512.3,2756.4,0.83,0,
2026-09-14T16:15,Telkom,JHB-CBD-003,JHB-CBD-003-C,RAN,539,6,495,5,0,2,4043.5,2326.8,0.77,37,
2026-09-14T16:15,Telkom,JHB-SOW-018,JHB-SOW-018-A,RAN,328,2,301,0,0,2,3502.2,1811.3,0.98,0,
2026-09-14T16:15,Telkom,JHB-SOW-018,JHB-SOW-018-B,RAN,564,4,518,6,1,3,4671.9,2197.6,0.59,8,
2026-09-14T16:15,Telkom,JHB-SOW-018,JHB-SOW-018-C,RAN,400,2,368,0,0,1,4708.8,2304.1,0.2,162,
2026-09-14T16:15,Telkom,PTA-HAT-011,PTA-HAT-011-A,RAN,336,0,309,2,0,2,5551.2,2329.2,0.64,155,
2026-09-14T16:15,Telkom,PTA-HAT-011,PTA-HAT-011-B,RAN,516,3,474,0,0,2,4658.7,2196.2,1.14,17,
2026-09-14T16:15,Telkom,PTA-HAT-011,PTA-HAT-011-C,RAN,470,2,432,4,1,4,4623.8,2746.7,1.29,34,
2026-09-14T16:15,Telkom,CPT-BEL-007,CPT-BEL-007-A,RAN,301,2,276,3,0,0,5432.9,2646.6,0.41,91,
2026-09-14T16:15,Telkom,CPT-BEL-007,CPT-BEL-007-B,RAN,506,2,465,4,3,4,5754.9,2905.0,0.65,0,
2026-09-14T16:15,Telkom,CPT-BEL-007,CPT-BEL-007-C,RAN,336,5,309,1,0,2,5941.5,2838.6,0.47,0,
2026-09-14T16:30,Telkom,JHB-CBD-003,JHB-CBD-003-A,RAN,520,7,478,7,0,4,5190.5,2376.3,1.3,137,
2026-09-14T16:30,Telkom,JHB-CBD-003,JHB-CBD-003-B,RAN,516,6,474,8,0,2,6078.9,2926.7,0.38,64,
2026-09-14T16:30,Telkom,JHB-CBD-003,JHB-CBD-003-C,RAN,343,0,315,1,0,0,4915.0,2490.3,1.05,52,
2026-09-14T16:30,Telkom,JHB-SOW-018,JHB-SOW-018-A,RAN,333,4,306,5,1,3,3534.6,1570.8,0.11,7,
2026-09-14T16:30,Telkom,JHB-SOW-018,JHB-SOW-018-B,RAN,380,1,349,1,1,0,3325.9,1182.4,0.8,143,
2026-09-14T16:30,Telkom,JHB-SOW-018,JHB-SOW-018-C,RAN,448,3,412,5,1,0,4617.5,1971.6,0.48,158,
2026-09-14T16:30,Telkom,PTA-HAT-011,PTA-HAT-011-A,RAN,432,6,397,4,0,1,6000.5,2896.4,0.44,0,
2026-09-14T16:30,Telkom,PTA-HAT-011,PTA-HAT-011-B,RAN,660,12,607,9,1,3,6122.4,3232.5,0.21,0,
2026-09-14T16:30,Telkom,PTA-HAT-011,PTA-HAT-011-C,RAN,530,4,487,4,0,3,5484.9,2984.3,0.76,130,
2026-09-14T16:30,Telkom,CPT-BEL-007,CPT-BEL-007-A,RAN,468,0,430,3,0,3,5324.3,2744.1,0.57,168,
2026-09-14T16:30,Telkom,CPT-BEL-007,CPT-BEL-007-B,RAN,513,6,471,2,0,1,6640.5,3253.4,1.32,77,
2026-09-14T16:30,Telkom,CPT-BEL-007,CPT-BEL-007-C,RAN,576,3,529,7,0,1,5943.9,2996.5,0.57,56,
2026-09-14T16:45,Telkom,JHB-CBD-003,JHB-CBD-003-A,RAN,648,5,596,6,1,3,5771.6,2322.3,1.2,103,
2026-09-14T16:45,Telkom,JHB-CBD-003,JHB-CBD-003-B,RAN,500,5,460,4,0,2,5493.4,1973.0,0.63,0,
2026-09-14T16:45,Telkom,JHB-CBD-003,JHB-CBD-003-C,RAN,400,5,368,1,0,2,5483.0,3104.0,0.1,69,
2026-09-14T16:45,Telkom,JHB-SOW-018,JHB-SOW-018-A,RAN,322,6,296,0,1,1,4130.1,1937.0,0.63,63,
2026-09-14T16:45,Telkom,JHB-SOW-018,JHB-SOW-018-B,RAN,423,3,389,5,0,1,4400.5,1883.8,0.6,163,
2026-09-14T16:45,Telkom,JHB-SOW-018,JHB-SOW-018-C,RAN,287,0,264,3,1,3,4187.5,1972.3,1.5,70,
2026-09-14T16:45,Telkom,PTA-HAT-011,PTA-HAT-011-A,RAN,550,8,506,10,0,3,6085.4,2933.8,0.46,0,
2026-09-14T16:45,Telkom,PTA-HAT-011,PTA-HAT-011-B,RAN,350,5,322,4,1,2,5095.9,2702.1,0.98,139,
2026-09-14T16:45,Telkom,PTA-HAT-011,PTA-HAT-011-C,RAN,400,1,368,5,0,2,5941.2,2580.5,1.39,74,
2026-09-14T16:45,Telkom,CPT-BEL-007,CPT-BEL-007-A,RAN,576,7,529,2,0,1,5458.7,2242.1,0.69,36,
2026-09-14T16:45,Telkom,CPT-BEL-007,CPT-BEL-007-B,RAN,612,5,563,2,2,2,5390.8,2763.3,0.55,90,
2026-09-14T16:45,Telkom,CPT-BEL-007,CPT-BEL-007-C,RAN,472,2,434,7,0,1,6406.5,2999.3,0.2,71,
2026-09-14T17:00,Telkom,JHB-CBD-003,JHB-CBD-003-A,RAN,590,5,542,2,0,1,6049.3,2656.7,0.73,127,
2026-09-14T17:00,Telkom,JHB-CBD-003,JHB-CBD-003-B,RAN,280,0,257,1,0,2,5191.0,2165.5,1.01,114,
2026-09-14T17:00,Telkom,JHB-CBD-003,JHB-CBD-003-C,RAN,517,2,475,8,1,1,5586.3,1733.8,0.71,103,
2026-09-14T17:00,Telkom,JHB-SOW-018,JHB-SOW-018-A,RAN,473,0,435,4,2,4,4627.1,2110.2,0.93,58,
2026-09-14T17:00,Telkom,JHB-SOW-018,JHB-SOW-018-B,RAN,456,0,419,4,1,2,3358.3,1419.1,0.75,0,
2026-09-14T17:00,Telkom,JHB-SOW-018,JHB-SOW-018-C,RAN,430,1,395,3,0,1,3851.5,1635.8,1.24,177,
2026-09-14T17:00,Telkom,PTA-HAT-011,PTA-HAT-011-A,RAN,432,8,397,6,0,0,6040.8,3482.3,0.75,95,
2026-09-14T17:00,Telkom,PTA-HAT-011,PTA-HAT-011-B,RAN,684,2,629,9,2,4,6754.4,2959.1,0.67,23,
2026-09-14T17:00,Telkom,PTA-HAT-011,PTA-HAT-011-C,RAN,561,1,516,0,0,5,5961.8,3255.1,0.66,56,
2026-09-14T17:00,Telkom,CPT-BEL-007,CPT-BEL-007-A,RAN,376,4,345,9,0,0,5168.4,2325.9,1.01,0,
2026-09-14T17:00,Telkom,CPT-BEL-007,CPT-BEL-007-B,RAN,576,10,529,4,0,2,4609.3,2313.8,0.45,0,
2026-09-14T17:00,Telkom,CPT-BEL-007,CPT-BEL-007-C,RAN,492,2,452,1,0,1,5484.3,2461.8,0.26,164,
2026-09-14T17:15,Telkom,JHB-CBD-003,JHB-CBD-003-A,RAN,627,3,576,6,0,3,5665.7,2397.3,0.71,174,
2026-09-14T17:15,Telkom,JHB-CBD-003,JHB-CBD-003-B,RAN,570,3,524,3,0,0,5611.6,2800.9,1.41,50,
2026-09-14T17:15,Telkom,JHB-CBD-003,JHB-CBD-003-C,RAN,329,1,302,3,0,2,6408.8,2446.8,1.0,0,
2026-09-14T17:15,Telkom,JHB-SOW-018,JHB-SOW-018-A,RAN,408,3,375,3,0,1,4196.2,1748.6,0.74,61,
2026-09-14T17:15,Telkom,JHB-SOW-018,JHB-SOW-018-B,RAN,360,3,331,0,2,2,3679.8,1727.9,0.22,154,
2026-09-14T17:15,Telkom,JHB-SOW-018,JHB-SOW-018-C,RAN,420,4,386,3,1,6,3560.6,2154.9,0.51,0,
2026-09-14T17:15,Telkom,PTA-HAT-011,PTA-HAT-011-A,RAN,520,6,478,2,1,2,6313.9,3039.3,0.87,100,
2026-09-14T17:15,Telkom,PTA-HAT-011,PTA-HAT-011-B,RAN,540,3,496,7,0,4,5246.4,1957.5,0.7,0,
2026-09-14T17:15,Telkom,PTA-HAT-011,PTA-HAT-011-C,RAN,392,3,360,6,0,0,5410.4,2255.7,0.39,176,
2026-09-14T17:15,Telkom,CPT-BEL-007,CPT-BEL-007-A,RAN,405,8,372,0,0,2,5063.0,2645.2,0.34,39,
2026-09-14T17:15,Telkom,CPT-BEL-007,CPT-BEL-007-B,RAN,459,7,422,6,1,2,5864.3,2949.2,0.97,71,
2026-09-14T17:15,Telkom,CPT-BEL-007,CPT-BEL-007-C,RAN,273,5,251,0,1,0,5720.5,2760.1,0.96,50,
2026-09-14T17:30,Telkom,JHB-CBD-003,JHB-CBD-003-A,RAN,266,0,244,3,0,1,4945.4,2402.5,0.95,134,
2026-09-14T17:30,Telkom,JHB-CBD-003,JHB-CBD-003-B,RAN,583,2,536,4,0,1,5832.7,3325.7,0.27,140,
2026-09-14T17:30,Telkom,JHB-CBD-003,JHB-CBD-003-C,RAN,516,2,474,5,0,1,5375.3,2732.4,0.87,16,
2026-09-14T17:30,Telkom,JHB-SOW-018,JHB-SOW-018-A,RAN,517,5,475,2,0,2,4474.7,2580.5,0.67,0,
2026-09-14T17:30,Telkom,JHB-SOW-018,JHB-SOW-018-B,RAN,370,2,340,5,0,0,4140.7,1734.7,1.01,53,
2026-09-14T17:30,Telkom,JHB-SOW-018,JHB-SOW-018-C,RAN,473,1,435,7,2,4,3729.7,1779.6,0.74,0,
2026-09-14T17:30,Telkom,PTA-HAT-011,PTA-HAT-011-A,RAN,432,2,397,9,0,0,5044.4,2270.2,0.72,0,
2026-09-14T17:30,Telkom,PTA-HAT-011,PTA-HAT-011-B,RAN,440,1,404,1,0,1,5104.0,2306.9,0.78,87,
2026-09-14T17:30,Telkom,PTA-HAT-011,PTA-HAT-011-C,RAN,552,5,507,1,0,4,5056.6,2775.8,0.17,139,
2026-09-14T17:30,Telkom,CPT-BEL-007,CPT-BEL-007-A,RAN,531,6,488,2,0,3,6523.2,2842.2,0.35,13,
2026-09-14T17:30,Telkom,CPT-BEL-007,CPT-BEL-007-B,RAN,648,9,596,2,1,3,5691.6,2651.2,1.38,138,
2026-09-14T17:30,Telkom,CPT-BEL-007,CPT-BEL-007-C,RAN,561,6,516,5,1,3,4700.6,2132.6,0.47,85,
2026-09-14T17:45,Telkom,JHB-CBD-003,JHB-CBD-003-A,RAN,495,0,455,3,2,3,4500.6,2504.3,1.05,138,
2026-09-14T17:45,Telkom,JHB-CBD-003,JHB-CBD-003-B,RAN,528,7,485,2,0,3,5233.8,2329.1,0.25,48,
2026-09-14T17:45,Telkom,JHB-CBD-003,JHB-CBD-003-C,RAN,414,3,380,4,0,0,5650.8,2660.8,0.59,78,
2026-09-14T17:45,Telkom,JHB-SOW-018,JHB-SOW-018-A,RAN,448,2,412,4,1,2,4382.3,2124.1,1.06,0,
2026-09-14T17:45,Telkom,JHB-SOW-018,JHB-SOW-018-B,RAN,459,4,422,5,0,3,4112.7,1889.2,0.45,78,
2026-09-14T17:45,Telkom,JHB-SOW-018,JHB-SOW-018-C,RAN,312,3,287,1,0,1,3246.9,1357.0,0.32,27,
2026-09-14T17:45,Telkom,PTA-HAT-011,PTA-HAT-011-A,RAN,616,2,566,8,1,2,5280.3,2563.0,1.52,44,
2026-09-14T17:45,Telkom,PTA-HAT-011,PTA-HAT-011-B,RAN,432,3,397,4,0,5,5762.0,2767.9,0.41,62,
2026-09-14T17:45,Telkom,PTA-HAT-011,PTA-HAT-011-C,RAN,558,5,513,1,2,4,6177.8,2902.4,0.21,37,
2026-09-14T17:45,Telkom,CPT-BEL-007,CPT-BEL-007-A,RAN,594,5,546,6,1,0,6535.8,3086.4,0.64,91,
2026-09-14T17:45,Telkom,CPT-BEL-007,CPT-BEL-007-B,RAN,530,3,487,5,1,6,5187.0,2686.5,0.69,0,
2026-09-14T17:45,Telkom,CPT-BEL-007,CPT-BEL-007-C,RAN,495,4,455,6,0,0,5091.3,2761.6,0.77,154,
2026-09-14T18:00,Telkom,JHB-CBD-003,JHB-CBD-003-A,RAN,336,4,309,0,0,2,5239.8,2769.4,0.9,137,
2026-09-14T18:00,Telkom,JHB-CBD-003,JHB-CBD-003-B,RAN,371,3,341,0,0,0,5386.5,2638.2,1.27,214,
2026-09-14T18:00,Telkom,JHB-CBD-003,JHB-CBD-003-C,RAN,500,3,460,6,0,4,5368.2,2473.0,0.54,139,
2026-09-14T18:00,Telkom,JHB-SOW-018,JHB-SOW-018-A,RAN,588,0,540,6,1,0,4372.3,2091.8,0.2,3,
2026-09-14T18:00,Telkom,JHB-SOW-018,JHB-SOW-018-B,RAN,320,0,294,3,0,2,4220.7,2119.8,1.09,0,
2026-09-14T18:00,Telkom,JHB-SOW-018,JHB-SOW-018-C,RAN,460,9,423,1,0,3,3233.1,1606.5,0.1,129,
2026-09-14T18:00,Telkom,PTA-HAT-011,PTA-HAT-011-A,RAN,583,3,536,0,1,2,5011.5,1999.8,0.66,55,
2026-09-14T18:00,Telkom,PTA-HAT-011,PTA-HAT-011-B,RAN,371,1,341,0,0,2,6113.3,2894.2,0.56,0,
2026-09-14T18:00,Telkom,PTA-HAT-011,PTA-HAT-011-C,RAN,504,3,463,1,1,3,5648.2,2693.3,0.47,149,
2026-09-14T18:00,Telkom,CPT-BEL-007,CPT-BEL-007-A,RAN,672,7,618,3,1,5,5443.8,2522.6,0.7,23,
2026-09-14T18:00,Telkom,CPT-BEL-007,CPT-BEL-007-B,RAN,480,0,441,8,1,3,6323.1,2917.8,0.56,55,
2026-09-14T18:00,Telkom,CPT-BEL-007,CPT-BEL-007-C,RAN,468,6,430,1,0,2,5222.0,2770.0,0.67,112,
2026-09-14T18:15,Telkom,JHB-CBD-003,JHB-CBD-003-A,RAN,441,5,405,3,1,2,5789.7,2790.5,0.34,32,
2026-09-14T18:15,Telkom,JHB-CBD-003,JHB-CBD-003-B,RAN,456,1,419,4,0,0,5207.7,3014.6,0.11,16,
2026-09-14T18:15,Telkom,JHB-CBD-003,JHB-CBD-003-C,RAN,660,5,607,7,1,1,5640.7,3260.1,0.71,115,
2026-09-14T18:15,Telkom,JHB-SOW-018,JHB-SOW-018-A,RAN,612,7,563,3,0,4,4686.0,2247.3,0.8,95,
2026-09-14T18:15,Telkom,JHB-SOW-018,JHB-SOW-018-B,RAN,329,5,302,3,0,2,4312.4,2067.1,1.66,0,
2026-09-14T18:15,Telkom,JHB-SOW-018,JHB-SOW-018-C,RAN,473,4,435,5,0,1,3832.4,2265.6,0.69,0,
2026-09-14T18:15,Telkom,PTA-HAT-011,PTA-HAT-011-A,RAN,630,1,579,4,0,2,5162.4,2705.7,0.51,0,
2026-09-14T18:15,Telkom,PTA-HAT-011,PTA-HAT-011-B,RAN,522,0,480,1,0,2,5597.4,3083.2,1.22,207,
2026-09-14T18:15,Telkom,PTA-HAT-011,PTA-HAT-011-C,RAN,539,1,495,1,0,3,5348.7,2782.5,0.67,0,
2026-09-14T18:15,Telkom,CPT-BEL-007,CPT-BEL-007-A,RAN,392,3,360,0,0,0,6014.1,2804.6,0.51,0,
2026-09-14T18:15,Telkom,CPT-BEL-007,CPT-BEL-007-B,RAN,470,5,432,2,0,1,5043.0,2782.8,0.63,0,
2026-09-14T18:15,Telkom,CPT-BEL-007,CPT-BEL-007-C,RAN,600,8,552,4,0,0,5591.7,2429.9,0.2,118,
2026-09-14T18:30,Telkom,JHB-CBD-003,JHB-CBD-003-A,RAN,564,6,518,6,0,4,5369.9,2534.3,1.08,0,
2026-09-14T18:30,Telkom,JHB-CBD-003,JHB-CBD-003-B,RAN,432,6,397,1,0,0,5517.2,3115.7,0.1,44,
2026-09-14T18:30,Telkom,JHB-CBD-003,JHB-CBD-003-C,RAN,343,2,315,4,1,3,4438.5,2020.5,0.76,0,
2026-09-14T18:30,Telkom,JHB-SOW-018,JHB-SOW-018-A,RAN,294,2,270,2,0,2,3982.6,1912.1,0.1,179,
2026-09-14T18:30,Telkom,JHB-SOW-018,JHB-SOW-018-B,RAN,495,0,455,5,0,3,3467.8,1618.9,0.68,43,
2026-09-14T18:30,Telkom,JHB-SOW-018,JHB-SOW-018-C,RAN,322,0,296,6,0,2,4350.4,1648.7,0.54,37,
2026-09-14T18:30,Telkom,PTA-HAT-011,PTA-HAT-011-A,RAN,708,8,651,6,0,0,5573.5,2668.6,0.75,55,
2026-09-14T18:30,Telkom,PTA-HAT-011,PTA-HAT-011-B,RAN,464,4,426,3,0,4,5828.5,2802.0,1.15,19,
2026-09-14T18:30,Telkom,PTA-HAT-011,PTA-HAT-011-C,RAN,684,10,629,7,2,9,6367.0,3310.6,0.1,28,
2026-09-14T18:30,Telkom,CPT-BEL-007,CPT-BEL-007-A,RAN,322,3,296,2,1,3,6144.9,2966.5,0.53,60,
2026-09-14T18:30,Telkom,CPT-BEL-007,CPT-BEL-007-B,RAN,378,3,347,0,0,0,5349.9,3121.3,0.75,159,
2026-09-14T18:30,Telkom,CPT-BEL-007,CPT-BEL-007-C,RAN,384,4,353,4,0,0,4882.8,2445.6,0.32,143,
2026-09-14T18:45,Telkom,JHB-CBD-003,JHB-CBD-003-A,RAN,477,4,438,4,0,1,6529.4,2750.4,0.27,74,
2026-09-14T18:45,Telkom,JHB-CBD-003,JHB-CBD-003-B,RAN,495,2,455,10,0,2,6982.3,3522.6,1.11,0,
2026-09-14T18:45,Telkom,JHB-CBD-003,JHB-CBD-003-C,RAN,660,3,607,5,2,5,5196.9,2602.1,0.36,38,
2026-09-14T18:45,Telkom,JHB-SOW-018,JHB-SOW-018-A,RAN,418,0,384,2,1,0,3363.9,1622.3,0.52,197,
2026-09-14T18:45,Telkom,JHB-SOW-018,JHB-SOW-018-B,RAN,460,4,423,4,0,2,4175.8,2029.1,0.54,95,
2026-09-14T18:45,Telkom,JHB-SOW-018,JHB-SOW-018-C,RAN,564,6,518,3,0,3,3968.8,2418.1,0.56,12,
2026-09-14T18:45,Telkom,PTA-HAT-011,PTA-HAT-011-A,RAN,399,1,367,1,1,5,6324.3,2531.6,0.83,109,
2026-09-14T18:45,Telkom,PTA-HAT-011,PTA-HAT-011-B,RAN,660,5,607,7,1,4,6036.7,2934.0,0.59,102,
2026-09-14T18:45,Telkom,PTA-HAT-011,PTA-HAT-011-C,RAN,400,0,368,6,0,2,6522.1,2997.9,0.92,71,
2026-09-14T18:45,Telkom,CPT-BEL-007,CPT-BEL-007-A,RAN,470,5,432,7,0,0,5571.0,2899.5,0.56,0,
2026-09-14T18:45,Telkom,CPT-BEL-007,CPT-BEL-007-B,RAN,360,7,331,3,1,2,6180.3,3375.9,0.14,38,
2026-09-14T18:45,Telkom,CPT-BEL-007,CPT-BEL-007-C,RAN,564,7,518,3,0,2,4918.8,2474.8,1.13,66,
2026-09-14T19:00,Telkom,JHB-CBD-003,JHB-CBD-003-A,RAN,490,4,450,3,0,3,6233.6,2763.8,0.68,0,
2026-09-14T19:00,Telkom,JHB-CBD-003,JHB-CBD-003-B,RAN,371,2,341,3,0,0,6176.8,2852.8,0.93,153,
2026-09-14T19:00,Telkom,JHB-CBD-003,JHB-CBD-003-C,RAN,732,8,673,8,3,3,5980.2,3028.8,0.64,0,
2026-09-14T19:00,Telkom,JHB-SOW-018,JHB-SOW-018-A,RAN,531,3,488,8,0,2,5235.6,2439.8,0.78,82,
2026-09-14T19:00,Telkom,JHB-SOW-018,JHB-SOW-018-B,RAN,459,0,422,4,1,2,3868.6,2236.5,1.07,131,
2026-09-14T19:00,Telkom,JHB-SOW-018,JHB-SOW-018-C,RAN,600,5,552,5,0,3,4389.2,2166.1,0.86,122,
2026-09-14T19:00,Telkom,PTA-HAT-011,PTA-HAT-011-A,RAN,638,2,586,10,1,5,6500.5,2795.8,0.49,0,
2026-09-14T19:00,Telkom,PTA-HAT-011,PTA-HAT-011-B,RAN,500,6,460,3,0,2,6244.5,2893.1,0.91,0,
2026-09-14T19:00,Telkom,PTA-HAT-011,PTA-HAT-011-C,RAN,531,4,488,2,0,2,5647.5,2349.0,0.88,38,
2026-09-14T19:00,Telkom,CPT-BEL-007,CPT-BEL-007-A,RAN,495,3,455,3,0,1,5326.2,2182.7,0.1,50,
2026-09-14T19:00,Telkom,CPT-BEL-007,CPT-BEL-007-B,RAN,329,0,302,4,1,0,6799.6,3229.8,0.82,0,
2026-09-14T19:00,Telkom,CPT-BEL-007,CPT-BEL-007-C,RAN,450,3,414,2,0,3,5823.4,3296.3,1.11,0,
2026-09-14T19:15,Telkom,JHB-CBD-003,JHB-CBD-003-A,RAN,456,4,419,4,0,2,5883.4,2711.2,0.35,0,
2026-09-14T19:15,Telkom,JHB-CBD-003,JHB-CBD-003-B,RAN,500,1,460,7,0,1,5365.5,2773.9,0.66,0,
2026-09-14T19:15,Telkom,JHB-CBD-003,JHB-CBD-003-C,RAN,384,6,353,7,0,4,4761.7,2160.1,0.61,35,
2026-09-14T19:15,Telkom,JHB-SOW-018,JHB-SOW-018-A,RAN,343,3,315,1,1,1,3977.6,2032.9,1.11,35,
2026-09-14T19:15,Telkom,JHB-SOW-018,JHB-SOW-018-B,RAN,504,4,463,5,1,4,4030.2,1926.5,0.35,30,
2026-09-14T19:15,Telkom,JHB-SOW-018,JHB-SOW-018-C,RAN,539,9,495,7,0,3,3930.3,1316.2,0.93,0,
2026-09-14T19:15,Telkom,PTA-HAT-011,PTA-HAT-011-A,RAN,684,4,629,5,0,4,5850.7,2671.8,0.4,0,
2026-09-14T19:15,Telkom,PTA-HAT-011,PTA-HAT-011-B,RAN,459,3,422,2,0,1,5187.0,2532.0,0.75,79,
2026-09-14T19:15,Telkom,PTA-HAT-011,PTA-HAT-011-C,RAN,413,5,379,2,1,1,6860.5,3416.5,0.64,153,
2026-09-14T19:15,Telkom,CPT-BEL-007,CPT-BEL-007-A,RAN,588,3,540,4,1,0,5354.7,2750.3,0.66,141,
2026-09-14T19:15,Telkom,CPT-BEL-007,CPT-BEL-007-B,RAN,552,0,507,4,1,2,5247.9,2786.0,0.47,130,
2026-09-14T19:15,Telkom,CPT-BEL-007,CPT-BEL-007-C,RAN,429,1,394,7,0,1,4476.2,2335.5,0.9,0,
2026-09-14T19:30,Telkom,JHB-CBD-003,JHB-CBD-003-A,RAN,410,0,377,5,0,1,4697.1,3086.5,0.52,124,
2026-09-14T19:30,Telkom,JHB-CBD-003,JHB-CBD-003-B,RAN,360,0,331,5,0,0,5511.2,2713.9,0.1,0,
2026-09-14T19:30,Telkom,JHB-CBD-003,JHB-CBD-003-C,RAN,624,5,574,6,1,3,5757.5,2654.0,0.57,11,
2026-09-14T19:30,Telkom,JHB-SOW-018,JHB-SOW-018-A,RAN,280,8,257,0,0,0,3814.4,1665.8,1.34,17,
2026-09-14T19:30,Telkom,JHB-SOW-018,JHB-SOW-018-B,RAN,460,6,423,6,1,0,4239.0,2471.8,0.27,0,
2026-09-14T19:30,Telkom,JHB-SOW-018,JHB-SOW-018-C,RAN,410,7,377,1,1,2,3553.9,1813.2,0.11,10,
2026-09-14T19:30,Telkom,PTA-HAT-011,PTA-HAT-011-A,RAN,594,2,546,9,0,2,5301.2,2457.5,0.51,57,
2026-09-14T19:30,Telkom,PTA-HAT-011,PTA-HAT-011-B,RAN,583,2,536,7,0,1,5841.8,2406.8,0.94,0,
2026-09-14T19:30,Telkom,PTA-HAT-011,PTA-HAT-011-C,RAN,477,5,438,3,0,1,5464.7,2742.4,0.86,41,
2026-09-14T19:30,Telkom,CPT-BEL-007,CPT-BEL-007-A,RAN,430,4,395,5,0,1,4951.0,2767.0,0.62,137,
2026-09-14T19:30,Telkom,CPT-BEL-007,CPT-BEL-007-B,RAN,528,6,485,5,1,5,5492.6,2630.9,0.78,67,
2026-09-14T19:30,Telkom,CPT-BEL-007,CPT-BEL-007-C,RAN,441,2,405,4,0,3,6255.9,3514.4,1.22,0,
2026-09-14T19:45,Telkom,JHB-CBD-003,JHB-CBD-003-A,RAN,399,4,367,6,0,3,6096.5,2921.5,0.93,83,
2026-09-14T19:45,Telkom,JHB-CBD-003,JHB-CBD-003-B,RAN,588,3,540,7,0,2,4906.6,2355.6,0.85,26,
2026-09-14T19:45,Telkom,JHB-CBD-003,JHB-CBD-003-C,RAN,627,3,576,5,0,2,5701.9,2447.2,0.6,104,
2026-09-14T19:45,Telkom,JHB-SOW-018,JHB-SOW-018-A,RAN,400,0,368,7,0,0,3914.8,1875.2,1.17,102,
2026-09-14T19:45,Telkom,JHB-SOW-018,JHB-SOW-018-B,RAN,576,7,529,7,1,2,3343.5,1620.8,0.96,99,
2026-09-14T19:45,Telkom,JHB-SOW-018,JHB-SOW-018-C,RAN,477,4,438,1,1,2,4178.2,2121.6,0.74,159,
2026-09-14T19:45,Telkom,PTA-HAT-011,PTA-HAT-011-A,RAN,648,12,596,1,2,5,4415.6,2169.5,0.89,58,
2026-09-14T19:45,Telkom,PTA-HAT-011,PTA-HAT-011-B,RAN,441,0,405,8,0,2,4905.9,1721.0,1.02,139,
2026-09-14T19:45,Telkom,PTA-HAT-011,PTA-HAT-011-C,RAN,540,6,496,4,0,0,4420.5,1943.5,0.93,38,
2026-09-14T19:45,Telkom,CPT-BEL-007,CPT-BEL-007-A,RAN,360,0,331,2,0,2,4567.3,1546.8,0.7,88,
2026-09-14T19:45,Telkom,CPT-BEL-007,CPT-BEL-007-B,RAN,273,0,251,3,0,0,5410.4,2820.3,0.8,0,
2026-09-14T19:45,Telkom,CPT-BEL-007,CPT-BEL-007-C,RAN,392,0,360,1,1,1,5704.4,2983.0,0.35,0,
2026-09-14T20:00,Telkom,JHB-CBD-003,JHB-CBD-003-A,RAN,378,1,347,3,0,0,4983.9,2530.8,0.52,0,
2026-09-14T20:00,Telkom,JHB-CBD-003,JHB-CBD-003-B,RAN,328,0,301,1,0,0,5728.6,2190.9,0.37,33,
2026-09-14T20:00,Telkom,JHB-CBD-003,JHB-CBD-003-C,RAN,477,2,438,1,0,1,5534.8,2628.3,0.53,86,
2026-09-14T20:00,Telkom,JHB-SOW-018,JHB-SOW-018-A,RAN,440,4,404,8,0,2,3600.0,1969.3,0.44,0,
2026-09-14T20:00,Telkom,JHB-SOW-018,JHB-SOW-018-B,RAN,462,1,425,0,0,1,4253.1,2034.1,1.68,5,
2026-09-14T20:00,Telkom,JHB-SOW-018,JHB-SOW-018-C,RAN,238,0,218,0,0,1,4255.4,2106.8,0.71,62,
2026-09-14T20:00,Telkom,PTA-HAT-011,PTA-HAT-011-A,RAN,510,5,469,5,0,3,6020.7,3684.1,0.83,42,
2026-09-14T20:00,Telkom,PTA-HAT-011,PTA-HAT-011-B,RAN,540,6,496,8,1,2,5453.8,2311.5,0.11,110,
2026-09-14T20:00,Telkom,PTA-HAT-011,PTA-HAT-011-C,RAN,364,4,334,1,0,0,6188.8,2949.0,0.42,28,
2026-09-14T20:00,Telkom,CPT-BEL-007,CPT-BEL-007-A,RAN,495,4,455,4,0,2,5223.9,2604.7,0.83,0,
2026-09-14T20:00,Telkom,CPT-BEL-007,CPT-BEL-007-B,RAN,432,3,397,4,0,3,5001.4,2332.2,0.35,53,
2026-09-14T20:00,Telkom,CPT-BEL-007,CPT-BEL-007-C,RAN,376,0,345,0,0,2,5399.2,2392.9,1.12,93,
2026-09-14T20:15,Telkom,JHB-CBD-003,JHB-CBD-003-A,RAN,351,0,322,1,0,0,4532.7,2643.5,1.06,0,
2026-09-14T20:15,Telkom,JHB-CBD-003,JHB-CBD-003-B,RAN,660,5,607,5,0,1,5537.3,3079.2,0.38,246,
2026-09-14T20:15,Telkom,JHB-CBD-003,JHB-CBD-003-C,RAN,539,0,495,0,0,3,5785.9,2860.7,0.97,65,
2026-09-14T20:15,Telkom,JHB-SOW-018,JHB-SOW-018-A,RAN,280,2,257,5,0,2,3528.2,1639.4,0.1,41,
2026-09-14T20:15,Telkom,JHB-SOW-018,JHB-SOW-018-B,RAN,387,1,356,4,0,2,4526.0,2367.1,0.72,0,
2026-09-14T20:15,Telkom,JHB-SOW-018,JHB-SOW-018-C,RAN,444,7,408,5,0,2,3705.7,1384.2,0.86,0,
2026-09-14T20:15,Telkom,PTA-HAT-011,PTA-HAT-011-A,RAN,572,3,526,6,0,2,4826.8,2476.0,0.88,47,
2026-09-14T20:15,Telkom,PTA-HAT-011,PTA-HAT-011-B,RAN,432,4,397,9,0,1,6021.3,2932.4,1.11,37,
2026-09-14T20:15,Telkom,PTA-HAT-011,PTA-HAT-011-C,RAN,350,0,322,1,2,2,4879.8,1844.2,1.04,0,
2026-09-14T20:15,Telkom,CPT-BEL-007,CPT-BEL-007-A,RAN,430,6,395,0,0,1,5460.5,2336.9,0.23,54,
2026-09-14T20:15,Telkom,CPT-BEL-007,CPT-BEL-007-B,RAN,473,1,435,2,1,2,5301.8,2576.2,1.19,60,
2026-09-14T20:15,Telkom,CPT-BEL-007,CPT-BEL-007-C,RAN,450,3,414,1,0,2,6101.1,2687.9,0.64,0,
2026-09-14T20:30,Telkom,JHB-CBD-003,JHB-CBD-003-A,RAN,424,3,390,4,0,0,6592.3,2778.9,0.56,62,
2026-09-14T20:30,Telkom,JHB-CBD-003,JHB-CBD-003-B,RAN,490,6,450,5,0,0,5182.7,2052.7,0.43,71,
2026-09-14T20:30,Telkom,JHB-CBD-003,JHB-CBD-003-C,RAN,520,8,478,6,0,2,6883.3,2952.3,0.8,68,
2026-09-14T20:30,Telkom,JHB-SOW-018,JHB-SOW-018-A,RAN,378,0,347,9,1,3,3762.2,1253.4,0.52,34,
2026-09-14T20:30,Telkom,JHB-SOW-018,JHB-SOW-018-B,RAN,306,3,281,0,0,0,3560.5,1525.0,0.56,9,
2026-09-14T20:30,Telkom,JHB-SOW-018,JHB-SOW-018-C,RAN,369,5,339,1,0,0,3782.2,1822.5,0.1,55,
2026-09-14T20:30,Telkom,PTA-HAT-011,PTA-HAT-011-A,RAN,528,7,485,4,0,3,5177.2,2562.5,1.08,0,
2026-09-14T20:30,Telkom,PTA-HAT-011,PTA-HAT-011-B,RAN,312,2,287,2,0,0,5141.0,3109.2,0.62,19,
2026-09-14T20:30,Telkom,PTA-HAT-011,PTA-HAT-011-C,RAN,504,8,463,6,1,3,6148.6,3297.6,0.95,82,
2026-09-14T20:30,Telkom,CPT-BEL-007,CPT-BEL-007-A,RAN,504,4,463,9,0,1,6084.1,3062.8,0.5,172,
2026-09-14T20:30,Telkom,CPT-BEL-007,CPT-BEL-007-B,RAN,336,1,309,3,0,1,5243.1,2535.6,1.07,47,
2026-09-14T20:30,Telkom,CPT-BEL-007,CPT-BEL-007-C,RAN,470,7,432,3,0,0,5384.6,2648.4,0.84,105,
2026-09-14T20:45,Telkom,JHB-CBD-003,JHB-CBD-003-A,RAN,410,0,377,5,0,2,4908.5,3021.4,0.59,15,
2026-09-14T20:45,Telkom,JHB-CBD-003,JHB-CBD-003-B,RAN,368,5,338,2,0,1,4692.9,2171.1,0.54,0,
2026-09-14T20:45,Telkom,JHB-CBD-003,JHB-CBD-003-C,RAN,432,2,397,6,0,0,5718.0,3046.9,0.1,62,
2026-09-14T20:45,Telkom,JHB-SOW-018,JHB-SOW-018-A,RAN,256,2,235,0,1,2,4255.9,1901.6,0.7,13,
2026-09-14T20:45,Telkom,JHB-SOW-018,JHB-SOW-018-B,RAN,405,5,372,3,0,3,3870.5,1763.5,0.88,0,
2026-09-14T20:45,Telkom,JHB-SOW-018,JHB-SOW-018-C,RAN,420,3,386,2,1,2,3498.8,1917.8,0.83,0,
2026-09-14T20:45,Telkom,PTA-HAT-011,PTA-HAT-011-A,RAN,378,5,347,1,0,0,5113.0,2592.6,0.62,0,
2026-09-14T20:45,Telkom,PTA-HAT-011,PTA-HAT-011-B,RAN,486,5,447,3,1,2,5447.6,2554.2,0.1,93,
2026-09-14T20:45,Telkom,PTA-HAT-011,PTA-HAT-011-C,RAN,360,6,331,6,0,2,5118.2,2670.0,0.52,88,
2026-09-14T20:45,Telkom,CPT-BEL-007,CPT-BEL-007-A,RAN,495,0,455,4,0,4,4722.5,2242.4,0.1,0,
2026-09-14T20:45,Telkom,CPT-BEL-007,CPT-BEL-007-B,RAN,429,2,394,4,0,4,4987.3,2053.7,0.17,148,
2026-09-14T20:45,Telkom,CPT-BEL-007,CPT-BEL-007-C,RAN,492,7,452,4,1,2,4880.6,2477.0,1.25,153,
2026-09-14T21:00,Telkom,JHB-CBD-003,JHB-CBD-003-A,RAN,462,6,425,2,0,3,5491.9,2790.2,0.75,19,
2026-09-14T21:00,Telkom,JHB-CBD-003,JHB-CBD-003-B,RAN,451,2,414,0,0,1,4341.3,2026.2,0.1,165,
2026-09-14T21:00,Telkom,JHB-CBD-003,JHB-CBD-003-C,RAN,468,4,430,3,0,1,4795.7,2517.6,0.58,127,
2026-09-14T21:00,Telkom,JHB-SOW-018,JHB-SOW-018-A,RAN,405,7,372,6,0,2,4280.6,2076.8,0.11,54,
2026-09-14T21:00,Telkom,JHB-SOW-018,JHB-SOW-018-B,RAN,407,4,374,4,0,0,2925.3,1271.1,0.62,175,
2026-09-14T21:00,Telkom,JHB-SOW-018,JHB-SOW-018-C,RAN,414,3,380,7,0,1,3910.5,2231.8,0.27,111,
2026-09-14T21:00,Telkom,PTA-HAT-011,PTA-HAT-011-A,RAN,301,1,276,2,0,1,5817.1,3077.9,0.24,22,
2026-09-14T21:00,Telkom,PTA-HAT-011,PTA-HAT-011-B,RAN,392,6,360,6,0,2,5279.6,2479.2,0.56,139,
2026-09-14T21:00,Telkom,PTA-HAT-011,PTA-HAT-011-C,RAN,612,3,563,3,0,3,6289.8,3329.3,0.79,153,
2026-09-14T21:00,Telkom,CPT-BEL-007,CPT-BEL-007-A,RAN,414,0,380,1,0,3,6842.0,2987.1,0.36,47,
2026-09-14T21:00,Telkom,CPT-BEL-007,CPT-BEL-007-B,RAN,294,2,270,5,1,0,5527.7,3003.4,0.93,55,
2026-09-14T21:00,Telkom,CPT-BEL-007,CPT-BEL-007-C,RAN,396,2,364,2,0,0,5442.5,1830.1,0.46,207,
2026-09-14T21:15,Telkom,JHB-CBD-003,JHB-CBD-003-A,RAN,324,7,298,0,0,1,4570.7,2688.4,0.93,122,
2026-09-14T21:15,Telkom,JHB-CBD-003,JHB-CBD-003-B,RAN,336,2,309,2,0,1,4943.6,2124.8,0.25,64,
2026-09-14T21:15,Telkom,JHB-CBD-003,JHB-CBD-003-C,RAN,294,6,270,2,1,2,5848.3,2644.5,0.48,31,
2026-09-14T21:15,Telkom,JHB-SOW-018,JHB-SOW-018-A,RAN,369,4,339,4,0,2,3502.2,1576.1,0.91,94,
2026-09-14T21:15,Telkom,JHB-SOW-018,JHB-SOW-018-B,RAN,287,4,264,2,1,2,4171.4,1701.6,0.46,136,
2026-09-14T21:15,Telkom,JHB-SOW-018,JHB-SOW-018-C,RAN,451,3,414,3,0,2,3255.9,1317.7,0.17,132,
2026-09-14T21:15,Telkom,PTA-HAT-011,PTA-HAT-011-A,RAN,273,0,251,2,0,1,4983.8,2380.2,0.51,70,
2026-09-14T21:15,Telkom,PTA-HAT-011,PTA-HAT-011-B,RAN,484,7,445,4,0,1,5139.6,2538.0,0.1,166,
2026-09-14T21:15,Telkom,PTA-HAT-011,PTA-HAT-011-C,RAN,396,2,364,4,1,1,4741.0,1516.2,0.13,0,
2026-09-14T21:15,Telkom,CPT-BEL-007,CPT-BEL-007-A,RAN,385,2,354,7,1,2,5350.8,2357.0,0.5,67,
2026-09-14T21:15,Telkom,CPT-BEL-007,CPT-BEL-007-B,RAN,296,0,272,0,0,1,4958.3,2440.8,1.21,0,
2026-09-14T21:15,Telkom,CPT-BEL-007,CPT-BEL-007-C,RAN,564,6,518,3,1,4,4259.6,2602.7,0.51,0,
2026-09-14T21:30,Telkom,JHB-CBD-003,JHB-CBD-003-A,RAN,294,0,270,2,0,4,5120.3,2163.8,1.16,10,
2026-09-14T21:30,Telkom,JHB-CBD-003,JHB-CBD-003-B,RAN,360,4,331,3,2,1,4967.9,2749.2,1.37,8,
2026-09-14T21:30,Telkom,JHB-CBD-003,JHB-CBD-003-C,RAN,287,2,264,2,0,0,4939.3,2332.0,0.81,160,
2026-09-14T21:30,Telkom,JHB-SOW-018,JHB-SOW-018-A,RAN,330,1,303,4,0,2,3280.4,1605.1,0.33,32,
2026-09-14T21:30,Telkom,JHB-SOW-018,JHB-SOW-018-B,RAN,396,10,364,6,1,0,3327.5,1620.5,0.24,109,
2026-09-14T21:30,Telkom,JHB-SOW-018,JHB-SOW-018-C,RAN,320,2,294,2,0,0,3926.4,2203.3,1.08,108,
2026-09-14T21:30,Telkom,PTA-HAT-011,PTA-HAT-011-A,RAN,308,6,283,6,0,3,4564.4,2474.1,0.76,59,
2026-09-14T21:30,Telkom,PTA-HAT-011,PTA-HAT-011-B,RAN,301,3,276,4,2,2,4562.6,2031.9,0.85,23,
2026-09-14T21:30,Telkom,PTA-HAT-011,PTA-HAT-011-C,RAN,378,2,347,0,0,1,5237.7,2420.1,1.42,13,
2026-09-14T21:30,Telkom,CPT-BEL-007,CPT-BEL-007-A,RAN,336,2,309,4,0,2,4564.9,1865.5,0.16,0,
2026-09-14T21:30,Telkom,CPT-BEL-007,CPT-BEL-007-B,RAN,360,1,331,4,0,0,4397.2,2254.1,0.14,0,
2026-09-14T21:30,Telkom,CPT-BEL-007,CPT-BEL-007-C,RAN,360,1,331,7,0,0,4328.8,2031.8,0.64,158,
2026-09-14T21:45,Telkom,JHB-CBD-003,JHB-CBD-003-A,RAN,273,4,251,0,1,1,4673.9,1714.0,0.53,0,
2026-09-14T21:45,Telkom,JHB-CBD-003,JHB-CBD-003-B,RAN,506,0,465,3,0,0,5427.8,2658.5,0.92,43,
2026-09-14T21:45,Telkom,JHB-CBD-003,JHB-CBD-003-C,RAN,280,0,257,0,0,3,4983.4,2623.7,1.22,68,
2026-09-14T21:45,Telkom,JHB-SOW-018,JHB-SOW-018-A,RAN,340,4,312,4,0,0,2745.2,1212.6,0.44,98,
2026-09-14T21:45,Telkom,JHB-SOW-018,JHB-SOW-018-B,RAN,182,0,167,4,0,0,3105.4,1667.2,1.03,0,
2026-09-14T21:45,Telkom,JHB-SOW-018,JHB-SOW-018-C,RAN,182,0,167,2,1,0,2812.2,1256.2,1.3,88,
2026-09-14T21:45,Telkom,PTA-HAT-011,PTA-HAT-011-A,RAN,380,3,349,2,0,0,4613.8,2199.0,0.95,21,
2026-09-14T21:45,Telkom,PTA-HAT-011,PTA-HAT-011-B,RAN,396,7,364,0,1,2,4432.1,2107.0,0.99,0,
2026-09-14T21:45,Telkom,PTA-HAT-011,PTA-HAT-011-C,RAN,336,6,309,4,0,3,5267.9,2298.4,1.05,0,
2026-09-14T21:45,Telkom,CPT-BEL-007,CPT-BEL-007-A,RAN,369,1,339,2,0,1,4384.1,2342.6,0.49,34,
2026-09-14T21:45,Telkom,CPT-BEL-007,CPT-BEL-007-B,RAN,273,0,251,4,0,0,4728.1,2606.7,0.78,50,
2026-09-14T21:45,Telkom,CPT-BEL-007,CPT-BEL-007-C,RAN,418,2,384,0,0,3,5297.7,2744.2,0.55,71,
2026-09-14T22:00,Telkom,JHB-CBD-003,JHB-CBD-003-A,RAN,352,1,323,4,1,0,5033.3,2210.1,0.96,0,
2026-09-14T22:00,Telkom,JHB-CBD-003,JHB-CBD-003-B,RAN,396,5,364,2,1,1,4725.5,2167.3,0.69,0,
2026-09-14T22:00,Telkom,JHB-CBD-003,JHB-CBD-003-C,RAN,238,0,218,1,0,2,3880.1,2247.8,0.81,0,
2026-09-14T22:00,Telkom,JHB-SOW-018,JHB-SOW-018-A,RAN,224,1,206,1,0,0,2950.4,1333.6,1.01,25,
2026-09-14T22:00,Telkom,JHB-SOW-018,JHB-SOW-018-B,RAN,370,3,340,3,0,3,3116.4,1148.3,0.1,146,
2026-09-14T22:00,Telkom,JHB-SOW-018,JHB-SOW-018-C,RAN,396,2,364,5,0,0,3973.6,1919.4,1.04,0,
2026-09-14T22:00,Telkom,PTA-HAT-011,PTA-HAT-011-A,RAN,462,8,425,2,0,0,5288.0,2961.7,0.72,0,
2026-09-14T22:00,Telkom,PTA-HAT-011,PTA-HAT-011-B,RAN,231,2,212,5,0,2,3651.8,1684.3,0.76,0,
2026-09-14T22:00,Telkom,PTA-HAT-011,PTA-HAT-011-C,RAN,294,0,270,1,0,3,4444.8,2454.9,1.64,22,
2026-09-14T22:00,Telkom,CPT-BEL-007,CPT-BEL-007-A,RAN,296,0,272,0,1,2,4745.9,2120.8,1.09,95,
2026-09-14T22:00,Telkom,CPT-BEL-007,CPT-BEL-007-B,RAN,344,2,316,3,0,2,6018.9,2797.3,1.25,43,
2026-09-14T22:00,Telkom,CPT-BEL-007,CPT-BEL-007-C,RAN,333,8,306,6,0,0,5378.3,2079.3,0.26,6,
2026-09-14T22:15,Telkom,JHB-CBD-003,JHB-CBD-003-A,RAN,320,5,294,0,0,0,5473.2,2713.6,0.29,0,
2026-09-14T22:15,Telkom,JHB-CBD-003,JHB-CBD-003-B,RAN,440,0,404,2,1,5,5737.3,2909.1,0.76,0,
2026-09-14T22:15,Telkom,JHB-CBD-003,JHB-CBD-003-C,RAN,484,4,445,6,1,2,5207.9,3076.9,0.16,19,
2026-09-14T22:15,Telkom,JHB-SOW-018,JHB-SOW-018-A,RAN,296,0,272,3,0,3,3865.2,1889.7,0.96,52,
2026-09-14T22:15,Telkom,JHB-SOW-018,JHB-SOW-018-B,RAN,279,4,256,2,0,0,3481.9,1440.9,1.34,147,
2026-09-14T22:15,Telkom,JHB-SOW-018,JHB-SOW-018-C,RAN,440,5,404,1,0,0,3919.5,1971.4,0.78,0,
2026-09-14T22:15,Telkom,PTA-HAT-011,PTA-HAT-011-A,RAN,368,0,338,6,1,1,4912.8,2378.1,0.66,0,
2026-09-14T22:15,Telkom,PTA-HAT-011,PTA-HAT-011-B,RAN,462,2,425,4,0,0,5893.7,2480.6,0.53,144,
2026-09-14T22:15,Telkom,PTA-HAT-011,PTA-HAT-011-C,RAN,444,2,408,0,0,0,4605.7,2046.4,0.71,44,
2026-09-14T22:15,Telkom,CPT-BEL-007,CPT-BEL-007-A,RAN,444,4,408,4,1,2,4464.9,2136.0,1.05,0,
2026-09-14T22:15,Telkom,CPT-BEL-007,CPT-BEL-007-B,RAN,330,4,303,3,1,0,4063.0,1711.3,0.66,114,
2026-09-14T22:15,Telkom,CPT-BEL-007,CPT-BEL-007-C,RAN,396,2,364,4,1,3,4712.1,2349.1,0.91,0,
2026-09-14T22:30,Telkom,JHB-CBD-003,JHB-CBD-003-A,RAN,342,5,314,4,0,0,4905.0,2908.6,0.88,63,
2026-09-14T22:30,Telkom,JHB-CBD-003,JHB-CBD-003-B,RAN,380,5,349,2,1,0,5533.8,3049.1,0.91,32,
2026-09-14T22:30,Telkom,JHB-CBD-003,JHB-CBD-003-C,RAN,370,3,340,0,0,3,5112.6,2427.7,0.66,0,
2026-09-14T22:30,Telkom,JHB-SOW-018,JHB-SOW-018-A,RAN,374,0,344,5,0,1,3348.1,2095.3,0.89,23,
2026-09-14T22:30,Telkom,JHB-SOW-018,JHB-SOW-018-B,RAN,400,0,368,4,1,0,3121.4,1550.5,1.26,145,
2026-09-14T22:30,Telkom,JHB-SOW-018,JHB-SOW-018-C,RAN,378,0,347,1,3,1,3497.5,1450.7,0.67,0,
2026-09-14T22:30,Telkom,PTA-HAT-011,PTA-HAT-011-A,RAN,576,0,529,1,0,2,5270.5,2523.9,0.61,0,
2026-09-14T22:30,Telkom,PTA-HAT-011,PTA-HAT-011-B,RAN,414,7,380,4,0,3,4998.2,2283.8,1.9,102,
2026-09-14T22:30,Telkom,PTA-HAT-011,PTA-HAT-011-C,RAN,429,3,394,3,1,1,4835.2,1686.0,1.38,160,
2026-09-14T22:30,Telkom,CPT-BEL-007,CPT-BEL-007-A,RAN,290,4,266,2,0,0,4884.1,2233.1,0.67,111,
2026-09-14T22:30,Telkom,CPT-BEL-007,CPT-BEL-007-B,RAN,408,5,375,1,1,0,3951.2,1352.4,0.69,0,
2026-09-14T22:30,Telkom,CPT-BEL-007,CPT-BEL-007-C,RAN,297,3,273,2,0,2,4521.1,2745.1,0.17,30,
2026-09-14T22:45,Telkom,JHB-CBD-003,JHB-CBD-003-A,RAN,261,7,240,0,0,0,4815.9,1799.2,1.2,0,
2026-09-14T22:45,Telkom,JHB-CBD-003,JHB-CBD-003-B,RAN,344,4,316,7,0,2,4625.2,1651.1,0.48,35,
2026-09-14T22:45,Telkom,JHB-CBD-003,JHB-CBD-003-C,RAN,360,5,331,1,0,1,5054.6,2373.5,0.55,45,
2026-09-14T22:45,Telkom,JHB-SOW-018,JHB-SOW-018-A,RAN,360,0,331,7,0,0,3161.2,1593.9,0.57,0,
2026-09-14T22:45,Telkom,JHB-SOW-018,JHB-SOW-018-B,RAN,387,5,356,2,0,1,4844.2,2361.3,1.02,100,
2026-09-14T22:45,Telkom,JHB-SOW-018,JHB-SOW-018-C,RAN,308,3,283,3,0,1,3482.5,1469.3,0.78,117,
2026-09-14T22:45,Telkom,PTA-HAT-011,PTA-HAT-011-A,RAN,320,0,294,4,0,3,4300.6,2266.3,0.94,0,
2026-09-14T22:45,Telkom,PTA-HAT-011,PTA-HAT-011-B,RAN,444,2,408,3,0,1,4805.6,2248.2,0.28,220,
2026-09-14T22:45,Telkom,PTA-HAT-011,PTA-HAT-011-C,RAN,245,3,225,0,0,1,4760.3,2513.8,0.4,107,
2026-09-14T22:45,Telkom,CPT-BEL-007,CPT-BEL-007-A,RAN,384,4,353,3,0,0,4908.0,2255.5,0.29,125,
2026-09-14T22:45,Telkom,CPT-BEL-007,CPT-BEL-007-B,RAN,306,1,281,0,1,2,4520.3,2081.8,0.73,0,
2026-09-14T22:45,Telkom,CPT-BEL-007,CPT-BEL-007-C,RAN,308,6,283,2,1,0,4837.6,2601.7,0.71,43,
2026-09-14T23:00,Telkom,JHB-CBD-003,JHB-CBD-003-A,RAN,182,0,167,2,0,0,5412.7,2234.5,1.03,103,
2026-09-14T23:00,Telkom,JHB-CBD-003,JHB-CBD-003-B,RAN,296,3,272,3,1,0,5387.5,2352.3,0.1,0,
2026-09-14T23:00,Telkom,JHB-CBD-003,JHB-CBD-003-C,RAN,408,6,375,5,1,3,4333.4,1806.0,0.46,0,
2026-09-14T23:00,Telkom,JHB-SOW-018,JHB-SOW-018-A,RAN,348,4,320,5,1,1,4083.8,1865.1,0.52,65,
2026-09-14T23:00,Telkom,JHB-SOW-018,JHB-SOW-018-B,RAN,350,2,322,3,0,0,3326.1,1541.2,1.64,59,
2026-09-14T23:00,Telkom,JHB-SOW-018,JHB-SOW-018-C,RAN,264,5,242,2,0,1,3528.1,1538.9,0.5,10,
2026-09-14T23:00,Telkom,PTA-HAT-011,PTA-HAT-011-A,RAN,451,7,414,3,0,1,5318.3,2687.7,0.66,113,
2026-09-14T23:00,Telkom,PTA-HAT-011,PTA-HAT-011-B,RAN,217,2,199,2,0,1,4533.0,2222.4,0.94,96,
2026-09-14T23:00,Telkom,PTA-HAT-011,PTA-HAT-011-C,RAN,312,0,287,2,0,1,5274.7,2686.6,0.86,101,
2026-09-14T23:00,Telkom,CPT-BEL-007,CPT-BEL-007-A,RAN,396,5,364,6,0,1,4451.5,1679.0,0.66,129,
2026-09-14T23:00,Telkom,CPT-BEL-007,CPT-BEL-007-B,RAN,348,1,320,5,0,2,3956.5,1879.2,1.04,76,
2026-09-14T23:00,Telkom,CPT-BEL-007,CPT-BEL-007-C,RAN,310,0,285,5,0,0,4439.8,2136.9,0.74,41,
2026-09-14T23:15,Telkom,JHB-CBD-003,JHB-CBD-003-A,RAN,273,2,251,2,1,1,5135.5,2833.6,0.98,0,
2026-09-14T23:15,Telkom,JHB-CBD-003,JHB-CBD-003-B,RAN,396,4,364,1,0,0,5654.6,2359.1,0.31,0,
2026-09-14T23:15,Telkom,JHB-CBD-003,JHB-CBD-003-C,RAN,396,5,364,2,1,3,4518.9,1876.6,0.16,32,
2026-09-14T23:15,Telkom,JHB-SOW-018,JHB-SOW-018-A,RAN,248,1,228,0,0,0,3974.7,1609.2,0.7,78,
2026-09-14T23:15,Telkom,JHB-SOW-018,JHB-SOW-018-B,RAN,232,4,213,3,0,0,3674.0,1452.5,0.95,146,
2026-09-14T23:15,Telkom,JHB-SOW-018,JHB-SOW-018-C,RAN,330,5,303,3,1,1,2230.7,1059.1,1.41,190,
2026-09-14T23:15,Telkom,PTA-HAT-011,PTA-HAT-011-A,RAN,380,2,349,7,2,1,5213.8,2076.0,0.61,0,
2026-09-14T23:15,Telkom,PTA-HAT-011,PTA-HAT-011-B,RAN,245,3,225,2,1,0,5129.8,2530.2,0.79,172,
2026-09-14T23:15,Telkom,PTA-HAT-011,PTA-HAT-011-C,RAN,370,0,340,5,0,0,4761.3,1665.7,0.86,0,
2026-09-14T23:15,Telkom,CPT-BEL-007,CPT-BEL-007-A,RAN,216,0,198,2,2,2,3369.9,1478.0,0.94,16,
2026-09-14T23:15,Telkom,CPT-BEL-007,CPT-BEL-007-B,RAN,306,0,281,0,2,0,4635.9,1969.1,0.67,3,
2026-09-14T23:15,Telkom,CPT-BEL-007,CPT-BEL-007-C,RAN,261,2,240,1,2,3,4850.9,2461.9,0.98,81,
2026-09-14T23:30,Telkom,JHB-CBD-003,JHB-CBD-003-A,RAN,340,6,312,3,0,2,4859.0,2437.8,0.72,138,
2026-09-14T23:30,Telkom,JHB-CBD-003,JHB-CBD-003-B,RAN,480,4,441,9,1,2,4912.0,2793.0,0.8,0,
2026-09-14T23:30,Telkom,JHB-CBD-003,JHB-CBD-003-C,RAN,319,0,293,1,0,0,4576.8,2860.6,1.2,144,
2026-09-14T23:30,Telkom,JHB-SOW-018,JHB-SOW-018-A,RAN,370,1,340,0,1,1,4104.8,1956.2,0.82,0,
2026-09-14T23:30,Telkom,JHB-SOW-018,JHB-SOW-018-B,RAN,189,3,173,5,0,2,3337.4,1521.6,1.08,0,
2026-09-14T23:30,Telkom,JHB-SOW-018,JHB-SOW-018-C,RAN,238,2,218,0,0,0,3064.4,1363.3,1.39,0,
2026-09-14T23:30,Telkom,PTA-HAT-011,PTA-HAT-011-A,RAN,380,0,349,3,0,1,5543.9,3121.2,0.33,32,
2026-09-14T23:30,Telkom,PTA-HAT-011,PTA-HAT-011-B,RAN,360,6,331,5,1,2,4553.2,1923.7,0.45,3,
2026-09-14T23:30,Telkom,PTA-HAT-011,PTA-HAT-011-C,RAN,456,0,419,5,2,1,5041.8,2613.1,0.45,0,
2026-09-14T23:30,Telkom,CPT-BEL-007,CPT-BEL-007-A,RAN,270,3,248,3,0,0,5021.0,1980.4,0.3,36,
2026-09-14T23:30,Telkom,CPT-BEL-007,CPT-BEL-007-B,RAN,320,4,294,5,0,0,5217.6,2519.1,0.64,0,
2026-09-14T23:30,Telkom,CPT-BEL-007,CPT-BEL-007-C,RAN,396,5,364,5,0,1,4139.5,2102.8,0.73,67,
2026-09-14T23:45,Telkom,JHB-CBD-003,JHB-CBD-003-A,RAN,240,4,220,6,0,1,4199.1,2042.8,0.59,20,
2026-09-14T23:45,Telkom,JHB-CBD-003,JHB-CBD-003-B,RAN,266,3,244,3,0,1,4947.4,2429.3,1.16,11,
2026-09-14T23:45,Telkom,JHB-CBD-003,JHB-CBD-003-C,RAN,279,7,256,5,0,1,4203.2,1893.1,0.43,32,
2026-09-14T23:45,Telkom,JHB-SOW-018,JHB-SOW-018-A,RAN,300,3,276,1,0,0,3374.1,1505.4,0.59,41,
2026-09-14T23:45,Telkom,JHB-SOW-018,JHB-SOW-018-B,RAN,352,4,323,0,1,1,3581.2,1819.3,0.93,30,
2026-09-14T23:45,Telkom,JHB-SOW-018,JHB-SOW-018-C,RAN,310,3,285,0,0,0,3113.7,1190.2,0.56,12,
2026-09-14T23:45,Telkom,PTA-HAT-011,PTA-HAT-011-A,RAN,430,7,395,4,0,2,4719.4,2538.5,0.32,29,
2026-09-14T23:45,Telkom,PTA-HAT-011,PTA-HAT-011-B,RAN,420,6,386,2,1,1,5463.2,2630.8,0.75,69,
2026-09-14T23:45,Telkom,PTA-HAT-011,PTA-HAT-011-C,RAN,456,1,419,5,1,3,5181.2,2333.0,0.56,147,
2026-09-14T23:45,Telkom,CPT-BEL-007,CPT-BEL-007-A,RAN,245,5,225,3,2,2,5255.9,2312.8,0.53,102,
2026-09-14T23:45,Telkom,CPT-BEL-007,CPT-BEL-007-B,RAN,189,0,173,2,0,1,4126.3,1996.0,2.05,89,
2026-09-14T23:45,Telkom,CPT-BEL-007,CPT-BEL-007-C,RAN,245,0,225,2,0,0,4127.8,2102.3,0.6,25,
2026-09-15T00:00,Telkom,JHB-CBD-003,JHB-CBD-003-A,RAN,350,2,322,1,0,1,4631.2,2571.5,0.66,126,
2026-09-15T00:00,Telkom,JHB-CBD-003,JHB-CBD-003-B,RAN,288,0,264,4,0,1,5004.4,2568.1,1.09,75,
2026-09-15T00:00,Telkom,JHB-CBD-003,JHB-CBD-003-C,RAN,297,5,273,1,0,1,5224.0,2465.1,1.25,37,
2026-09-15T00:00,Telkom,JHB-SOW-018,JHB-SOW-018-A,RAN,225,0,207,0,0,0,3216.7,1088.1,1.18,0,
2026-09-15T00:00,Telkom,JHB-SOW-018,JHB-SOW-018-B,RAN,240,3,220,2,0,0,3255.9,1639.8,0.38,95,
2026-09-15T00:00,Telkom,JHB-SOW-018,JHB-SOW-018-C,RAN,136,0,125,0,0,0,3603.3,1565.0,0.81,101,
2026-09-15T00:00,Telkom,PTA-HAT-011,PTA-HAT-011-A,RAN,297,1,273,2,0,1,3097.6,1249.0,0.8,55,
2026-09-15T00:00,Telkom,PTA-HAT-011,PTA-HAT-011-B,RAN,407,6,374,2,1,0,5025.8,2177.1,0.87,0,
2026-09-15T00:00,Telkom,PTA-HAT-011,PTA-HAT-011-C,RAN,266,4,244,6,0,2,5591.0,2400.0,0.51,13,
2026-09-15T00:00,Telkom,CPT-BEL-007,CPT-BEL-007-A,RAN,320,3,294,0,0,3,5315.1,3005.5,0.81,67,
2026-09-15T00:00,Telkom,CPT-BEL-007,CPT-BEL-007-B,RAN,203,2,186,2,0,0,5250.7,2338.5,0.97,95,
2026-09-15T00:00,Telkom,CPT-BEL-007,CPT-BEL-007-C,RAN,264,0,242,4,1,0,3904.5,1497.6,1.03,70,
2026-09-15T00:15,Telkom,JHB-CBD-003,JHB-CBD-003-A,RAN,217,3,199,0,0,0,4715.6,1897.2,0.54,0,
2026-09-15T00:15,Telkom,JHB-CBD-003,JHB-CBD-003-B,RAN,336,5,309,6,0,0,4808.5,2964.0,0.87,0,
2026-09-15T00:15,Telkom,JHB-CBD-003,JHB-CBD-003-C,RAN,203,0,186,0,0,1,4701.4,2620.5,1.06,124,
2026-09-15T00:15,Telkom,JHB-SOW-018,JHB-SOW-018-A,RAN,256,3,235,3,0,0,3703.1,1969.0,0.85,35,
2026-09-15T00:15,Telkom,JHB-SOW-018,JHB-SOW-018-B,RAN,348,4,320,6,1,2,3214.9,1361.5,0.48,0,
2026-09-15T00:15,Telkom,JHB-SOW-018,JHB-SOW-018-C,RAN,240,1,220,1,2,3,3305.8,1796.5,0.29,2,
2026-09-15T00:15,Telkom,PTA-HAT-011,PTA-HAT-011-A,RAN,324,0,298,2,0,0,4171.9,1641.4,0.88,0,
2026-09-15T00:15,Telkom,PTA-HAT-011,PTA-HAT-011-B,RAN,390,0,358,2,0,1,5631.6,2210.5,0.26,0,
2026-09-15T00:15,Telkom,PTA-HAT-011,PTA-HAT-011-C,RAN,256,3,235,3,1,0,4332.6,1848.4,0.72,5,
2026-09-15T00:15,Telkom,CPT-BEL-007,CPT-BEL-007-A,RAN,259,2,238,4,0,0,5008.5,2417.4,0.56,48,
2026-09-15T00:15,Telkom,CPT-BEL-007,CPT-BEL-007-B,RAN,216,0,198,1,0,0,3739.6,1972.7,0.34,83,
2026-09-15T00:15,Telkom,CPT-BEL-007,CPT-BEL-007-C,RAN,196,2,180,2,0,0,3544.5,1834.0,0.41,79,
2026-09-15T00:30,Telkom,JHB-CBD-003,JHB-CBD-003-A,RAN,484,3,445,6,2,4,5405.7,2414.4,0.73,104,
2026-09-15T00:30,Telkom,JHB-CBD-003,JHB-CBD-003-B,RAN,231,0,212,2,1,1,4142.1,1605.4,1.04,43,
2026-09-15T00:30,Telkom,JHB-CBD-003,JHB-CBD-003-C,RAN,504,5,463,2,0,0,4965.5,2084.4,1.17,150,
2026-09-15T00:30,Telkom,JHB-SOW-018,JHB-SOW-018-A,RAN,248,2,228,0,0,2,3146.2,1053.0,1.08,46,
2026-09-15T00:30,Telkom,JHB-SOW-018,JHB-SOW-018-B,RAN,228,1,209,3,0,0,2637.0,1270.8,0.65,0,
2026-09-15T00:30,Telkom,JHB-SOW-018,JHB-SOW-018-C,RAN,330,7,303,5,0,3,3943.4,2000.7,0.76,90,
2026-09-15T00:30,Telkom,PTA-HAT-011,PTA-HAT-011-A,RAN,378,5,347,5,0,1,4833.7,2586.5,0.1,23,
2026-09-15T00:30,Telkom,PTA-HAT-011,PTA-HAT-011-B,RAN,296,2,272,4,1,4,3861.5,1818.3,0.75,0,
2026-09-15T00:30,Telkom,PTA-HAT-011,PTA-HAT-011-C,RAN,259,2,238,3,0,1,5221.8,1873.5,1.06,0,
2026-09-15T00:30,Telkom,CPT-BEL-007,CPT-BEL-007-A,RAN,243,1,223,3,0,1,4770.3,2835.7,0.27,22,
2026-09-15T00:30,Telkom,CPT-BEL-007,CPT-BEL-007-B,RAN,288,3,264,0,0,1,5458.4,2598.9,0.72,28,
2026-09-15T00:30,Telkom,CPT-BEL-007,CPT-BEL-007-C,RAN,203,4,186,4,0,0,4678.7,2239.1,0.99,55,
2026-09-15T00:45,Telkom,JHB-CBD-003,JHB-CBD-003-A,RAN,245,1,225,6,0,0,4227.0,2038.2,0.16,107,
2026-09-15T00:45,Telkom,JHB-CBD-003,JHB-CBD-003-B,RAN,288,1,264,1,0,1,4096.6,2335.3,0.52,219,
2026-09-15T00:45,Telkom,JHB-CBD-003,JHB-CBD-003-C,RAN,288,2,264,2,0,3,5330.6,2480.1,1.07,92,
2026-09-15T00:45,Telkom,JHB-SOW-018,JHB-SOW-018-A,RAN,275,2,253,1,0,0,2265.3,1195.9,1.73,173,
2026-09-15T00:45,Telkom,JHB-SOW-018,JHB-SOW-018-B,RAN,245,0,225,2,1,2,3897.1,1881.6,0.66,0,
2026-09-15T00:45,Telkom,JHB-SOW-018,JHB-SOW-018-C,RAN,306,3,281,5,0,0,2562.9,1118.0,0.66,0,
2026-09-15T00:45,Telkom,PTA-HAT-011,PTA-HAT-011-A,RAN,374,3,344,0,0,1,5181.2,2719.8,0.61,17,
2026-09-15T00:45,Telkom,PTA-HAT-011,PTA-HAT-011-B,RAN,352,7,323,2,0,2,5388.0,3005.1,0.23,193,
2026-09-15T00:45,Telkom,PTA-HAT-011,PTA-HAT-011-C,RAN,175,0,161,1,0,0,4434.6,2038.6,0.32,73,
2026-09-15T00:45,Telkom,CPT-BEL-007,CPT-BEL-007-A,RAN,480,3,441,8,0,0,5136.4,1990.1,0.44,0,
2026-09-15T00:45,Telkom,CPT-BEL-007,CPT-BEL-007-B,RAN,351,2,322,2,0,0,4390.2,2188.5,0.54,117,
2026-09-15T00:45,Telkom,CPT-BEL-007,CPT-BEL-007-C,RAN,360,3,331,1,0,0,4529.0,1848.5,0.57,0,
2026-09-15T01:00,Telkom,JHB-CBD-003,JHB-CBD-003-A,RAN,396,6,364,2,0,0,4165.5,1936.4,0.61,78,
2026-09-15T01:00,Telkom,JHB-CBD-003,JHB-CBD-003-B,RAN,324,1,298,5,0,3,4490.1,1830.4,0.92,34,
2026-09-15T01:00,Telkom,JHB-CBD-003,JHB-CBD-003-C,RAN,210,0,193,0,1,0,4363.5,2441.4,0.16,124,
2026-09-15T01:00,Telkom,JHB-SOW-018,JHB-SOW-018-A,RAN,312,0,287,4,0,3,3542.7,1680.8,0.7,0,
2026-09-15T01:00,Telkom,JHB-SOW-018,JHB-SOW-018-B,RAN,238,2,218,0,0,1,3297.4,1668.0,0.1,103,
2026-09-15T01:00,Telkom,JHB-SOW-018,JHB-SOW-018-C,RAN,261,2,240,1,0,1,3353.1,1811.4,0.58,0,
2026-09-15T01:00,Telkom,PTA-HAT-011,PTA-HAT-011-A,RAN,340,5,312,1,0,3,5036.1,2118.3,1.24,0,
2026-09-15T01:00,Telkom,PTA-HAT-011,PTA-HAT-011-B,RAN,217,2,199,1,0,1,4028.3,2471.6,0.78,14,
2026-09-15T01:00,Telkom,PTA-HAT-011,PTA-HAT-011-C,RAN,210,3,193,1,1,0,4349.0,1861.1,0.63,0,
2026-09-15T01:00,Telkom,CPT-BEL-007,CPT-BEL-007-A,RAN,256,0,235,3,0,1,4752.0,2241.8,1.2,17,
2026-09-15T01:00,Telkom,CPT-BEL-007,CPT-BEL-007-B,RAN,290,2,266,6,1,1,4092.5,1631.8,0.17,0,
2026-09-15T01:00,Telkom,CPT-BEL-007,CPT-BEL-007-C,RAN,300,0,276,1,0,0,3182.8,1247.8,1.38,14,
2026-09-15T01:15,Telkom,JHB-CBD-003,JHB-CBD-003-A,RAN,279,2,256,3,0,1,4590.7,1871.2,1.09,57,
2026-09-15T01:15,Telkom,JHB-CBD-003,JHB-CBD-003-B,RAN,243,1,223,0,0,0,2676.6,1373.4,0.59,78,
2026-09-15T01:15,Telkom,JHB-CBD-003,JHB-CBD-003-C,RAN,217,2,199,1,0,1,5208.3,1630.7,0.15,0,
2026-09-15T01:15,Telkom,JHB-SOW-018,JHB-SOW-018-A,RAN,286,1,263,2,0,0,3260.4,1810.6,0.51,12,
2026-09-15T01:15,Telkom,JHB-SOW-018,JHB-SOW-018-B,RAN,333,6,306,4,0,0,3129.0,1695.5,0.44,47,
2026-09-15T01:15,Telkom,JHB-SOW-018,JHB-SOW-018-C,RAN,198,0,182,2,0,0,3023.0,1152.1,0.48,0,
2026-09-15T01:15,Telkom,PTA-HAT-011,PTA-HAT-011-A,RAN,306,3,281,0,0,1,4323.7,2133.3,0.42,0,
2026-09-15T01:15,Telkom,PTA-HAT-011,PTA-HAT-011-B,RAN,224,3,206,5,0,1,4767.0,2510.5,1.19,141,
2026-09-15T01:15,Telkom,PTA-HAT-011,PTA-HAT-011-C,RAN,360,6,331,2,1,0,5200.6,2753.3,1.2,91,
2026-09-15T01:15,Telkom,CPT-BEL-007,CPT-BEL-007-A,RAN,279,0,256,2,0,1,3676.4,1822.3,0.73,174,
2026-09-15T01:15,Telkom,CPT-BEL-007,CPT-BEL-007-B,RAN,270,2,248,2,0,2,4716.1,2644.0,1.24,0,
2026-09-15T01:15,Telkom,CPT-BEL-007,CPT-BEL-007-C,RAN,360,5,331,1,0,2,3992.8,1834.4,0.66,58,
2026-09-15T01:30,Telkom,JHB-CBD-003,JHB-CBD-003-A,RAN,407,3,374,3,0,0,5327.4,2631.7,0.79,0,
2026-09-15T01:30,Telkom,JHB-CBD-003,JHB-CBD-003-B,RAN,280,1,257,0,1,2,4106.4,2347.1,0.1,96,
2026-09-15T01:30,Telkom,JHB-CBD-003,JHB-CBD-003-C,RAN,175,1,161,2,0,0,4219.9,2247.8,1.04,108,
2026-09-15T01:30,Telkom,JHB-SOW-018,JHB-SOW-018-A,RAN,240,0,220,0,0,0,3215.0,1553.1,1.06,21,
2026-09-15T01:30,Telkom,JHB-SOW-018,JHB-SOW-018-B,RAN,286,2,263,0,1,3,3124.4,1194.6,0.99,0,
2026-09-15T01:30,Telkom,JHB-SOW-018,JHB-SOW-018-C,RAN,230,4,211,0,0,0,3722.6,1588.7,0.79,0,
2026-09-15T01:30,Telkom,PTA-HAT-011,PTA-HAT-011-A,RAN,208,2,191,4,0,2,4344.0,1719.9,0.75,72,
2026-09-15T01:30,Telkom,PTA-HAT-011,PTA-HAT-011-B,RAN,330,3,303,9,0,0,5206.9,2811.4,0.53,0,
2026-09-15T01:30,Telkom,PTA-HAT-011,PTA-HAT-011-C,RAN,480,2,441,0,0,3,5270.1,2780.5,0.94,132,
2026-09-15T01:30,Telkom,CPT-BEL-007,CPT-BEL-007-A,RAN,210,2,193,2,0,0,5237.7,2134.3,0.88,90,
2026-09-15T01:30,Telkom,CPT-BEL-007,CPT-BEL-007-B,RAN,259,1,238,2,0,1,4643.3,2215.2,0.68,0,
2026-09-15T01:30,Telkom,CPT-BEL-007,CPT-BEL-007-C,RAN,234,2,215,3,0,1,4317.0,2132.2,0.89,91,
2026-09-15T01:45,Telkom,JHB-CBD-003,JHB-CBD-003-A,RAN,304,0,279,2,0,2,4808.1,2649.2,0.52,48,
2026-09-15T01:45,Telkom,JHB-CBD-003,JHB-CBD-003-B,RAN,319,0,293,2,0,1,3883.9,1450.8,0.64,93,
2026-09-15T01:45,Telkom,JHB-CBD-003,JHB-CBD-003-C,RAN,189,5,173,2,0,0,3722.0,1895.1,1.1,0,
2026-09-15T01:45,Telkom,JHB-SOW-018,JHB-SOW-018-A,RAN,216,2,198,0,0,1,3224.4,1906.8,0.21,0,
2026-09-15T01:45,Telkom,JHB-SOW-018,JHB-SOW-018-B,RAN,231,1,212,1,0,0,3374.3,1647.7,0.91,0,
2026-09-15T01:45,Telkom,JHB-SOW-018,JHB-SOW-018-C,RAN,182,0,167,4,0,0,2710.2,1495.6,0.42,0,
2026-09-15T01:45,Telkom,PTA-HAT-011,PTA-HAT-011-A,RAN,290,0,266,1,0,0,4233.8,1918.7,0.62,0,
2026-09-15T01:45,Telkom,PTA-HAT-011,PTA-HAT-011-B,RAN,340,1,312,0,0,1,4590.0,2155.3,0.27,0,
2026-09-15T01:45,Telkom,PTA-HAT-011,PTA-HAT-011-C,RAN,203,0,186,0,0,0,3620.7,1571.1,0.94,97,
2026-09-15T01:45,Telkom,CPT-BEL-007,CPT-BEL-007-A,RAN,396,3,364,0,0,1,4828.0,1977.8,1.01,0,
2026-09-15T01:45,Telkom,CPT-BEL-007,CPT-BEL-007-B,RAN,312,7,287,5,0,0,5575.9,2836.4,0.38,0,
2026-09-15T01:45,Telkom,CPT-BEL-007,CPT-BEL-007-C,RAN,224,0,206,2,1,1,4860.6,2216.0,1.23,124,
2026-09-15T02:00,Telkom,JHB-CBD-003,JHB-CBD-003-A,RAN,342,0,314,2,0,1,5779.2,3159.2,0.17,16,
2026-09-15T02:00,Telkom,JHB-CBD-003,JHB-CBD-003-B,RAN,418,4,384,2,0,1,4472.8,2276.7,0.47,148,
2026-09-15T02:00,Telkom,JHB-CBD-003,JHB-CBD-003-C,RAN,296,3,272,2,0,2,4511.2,1970.0,0.1,0,
2026-09-15T02:00,Telkom,JHB-SOW-018,JHB-SOW-018-A,RAN,384,3,353,5,0,2,3775.9,1853.2,1.0,0,
2026-09-15T02:00,Telkom,JHB-SOW-018,JHB-SOW-018-B,RAN,320,6,294,2,0,0,4128.4,1993.2,0.76,0,
2026-09-15T02:00,Telkom,JHB-SOW-018,JHB-SOW-018-C,RAN,260,1,239,4,0,2,3071.7,1497.3,0.73,1,
2026-09-15T02:00,Telkom,PTA-HAT-011,PTA-HAT-011-A,RAN,480,5,441,3,0,5,5109.4,2319.2,0.39,0,
2026-09-15T02:00,Telkom,PTA-HAT-011,PTA-HAT-011-B,RAN,333,4,306,1,0,1,4757.4,2041.3,0.71,179,
2026-09-15T02:00,Telkom,PTA-HAT-011,PTA-HAT-011-C,RAN,288,6,264,5,0,3,4584.3,2181.4,0.78,104,
2026-09-15T02:00,Telkom,CPT-BEL-007,CPT-BEL-007-A,RAN,216,0,198,1,0,0,4440.1,1579.7,0.92,63,
2026-09-15T02:00,Telkom,CPT-BEL-007,CPT-BEL-007-B,RAN,264,2,242,6,1,0,4305.5,1856.0,0.38,78,
2026-09-15T02:00,Telkom,CPT-BEL-007,CPT-BEL-007-C,RAN,374,4,344,2,2,3,5463.1,2926.5,0.76,54,
2026-09-15T02:15,Telkom,JHB-CBD-003,JHB-CBD-003-A,RAN,287,0,264,4,0,2,5257.7,2840.3,0.55,0,
2026-09-15T02:15,Telkom,JHB-CBD-003,JHB-CBD-003-B,RAN,330,7,303,4,0,1,3544.6,1670.6,1.07,90,
2026-09-15T02:15,Telkom,JHB-CBD-003,JHB-CBD-003-C,RAN,261,3,240,5,0,0,4294.8,1752.4,0.91,83,
2026-09-15T02:15,Telkom,JHB-SOW-018,JHB-SOW-018-A,RAN,360,5,331,4,0,0,3051.7,1406.4,0.12,32,
2026-09-15T02:15,Telkom,JHB-SOW-018,JHB-SOW-018-B,RAN,280,1,257,2,0,1,3555.7,1569.3,0.3,48,
2026-09-15T02:15,Telkom,JHB-SOW-018,JHB-SOW-018-C,RAN,312,1,287,2,0,2,2975.5,1357.2,0.91,114,
2026-09-15T02:15,Telkom,PTA-HAT-011,PTA-HAT-011-A,RAN,288,2,264,6,0,1,4598.6,1886.7,0.46,0,
2026-09-15T02:15,Telkom,PTA-HAT-011,PTA-HAT-011-B,RAN,340,2,312,4,0,2,4772.8,2580.0,0.19,2,
2026-09-15T02:15,Telkom,PTA-HAT-011,PTA-HAT-011-C,RAN,272,1,250,1,0,0,4010.6,2423.7,0.51,73,
2026-09-15T02:15,Telkom,CPT-BEL-007,CPT-BEL-007-A,RAN,240,1,220,1,2,1,5044.6,2353.3,0.29,0,
2026-09-15T02:15,Telkom,CPT-BEL-007,CPT-BEL-007-B,RAN,232,5,213,5,0,1,4303.0,1950.0,0.72,0,
2026-09-15T02:15,Telkom,CPT-BEL-007,CPT-BEL-007-C,RAN,296,6,272,3,0,0,6131.7,3034.2,0.67,0,
2026-09-15T02:30,Telkom,JHB-CBD-003,JHB-CBD-003-A,RAN,175,0,161,7,2,2,3841.3,1949.5,0.1,0,
2026-09-15T02:30,Telkom,JHB-CBD-003,JHB-CBD-003-B,RAN,243,1,223,4,0,0,3505.4,1632.4,0.7,31,
2026-09-15T02:30,Telkom,JHB-CBD-003,JHB-CBD-003-C,RAN,420,2,386,4,0,0,4451.5,1494.3,1.0,1,
2026-09-15T02:30,Telkom,JHB-SOW-018,JHB-SOW-018-A,RAN,319,0,293,3,0,1,3668.9,1508.9,0.7,7,
2026-09-15T02:30,Telkom,JHB-SOW-018,JHB-SOW-018-B,RAN,372,1,342,2,0,0,3249.3,1488.3,0.64,97,
2026-09-15T02:30,Telkom,JHB-SOW-018,JHB-SOW-018-C,RAN,276,3,253,3,0,0,2964.6,1461.3,0.76,9,
2026-09-15T02:30,Telkom,PTA-HAT-011,PTA-HAT-011-A,RAN,294,4,270,2,0,0,4958.1,2462.1,0.76,0,
2026-09-15T02:30,Telkom,PTA-HAT-011,PTA-HAT-011-B,RAN,287,0,264,0,0,0,4657.8,2061.0,0.52,0,
2026-09-15T02:30,Telkom,PTA-HAT-011,PTA-HAT-011-C,RAN,372,1,342,8,0,3,4975.8,2159.5,0.75,0,
2026-09-15T02:30,Telkom,CPT-BEL-007,CPT-BEL-007-A,RAN,444,5,408,7,0,1,4807.5,2220.6,0.74,0,
2026-09-15T02:30,Telkom,CPT-BEL-007,CPT-BEL-007-B,RAN,238,2,218,2,0,0,4700.4,1935.2,0.75,0,
2026-09-15T02:30,Telkom,CPT-BEL-007,CPT-BEL-007-C,RAN,279,4,256,3,0,0,4881.5,1943.1,0.31,0,
2026-09-15T02:45,Telkom,JHB-CBD-003,JHB-CBD-003-A,RAN,348,4,320,2,0,1,4891.7,2310.2,0.11,19,
2026-09-15T02:45,Telkom,JHB-CBD-003,JHB-CBD-003-B,RAN,363,6,333,3,0,1,3967.3,2133.5,0.69,77,
2026-09-15T02:45,Telkom,JHB-CBD-003,JHB-CBD-003-C,RAN,248,3,228,0,0,2,5010.1,2495.2,0.34,78,
2026-09-15T02:45,Telkom,JHB-SOW-018,JHB-SOW-018-A,RAN,224,1,206,0,0,0,2803.9,1188.7,0.95,113,
2026-09-15T02:45,Telkom,JHB-SOW-018,JHB-SOW-018-B,RAN,225,4,207,5,0,1,3110.2,1194.0,0.31,0,
2026-09-15T02:45,Telkom,JHB-SOW-018,JHB-SOW-018-C,RAN,264,1,242,3,0,2,2548.8,1266.5,0.1,79,
2026-09-15T02:45,Telkom,PTA-HAT-011,PTA-HAT-011-A,RAN,390,1,358,4,0,0,4595.0,2367.9,0.37,46,
2026-09-15T02:45,Telkom,PTA-HAT-011,PTA-HAT-011-B,RAN,407,1,374,4,0,1,4823.8,2311.3,0.11,0,
2026-09-15T02:45,Telkom,PTA-HAT-011,PTA-HAT-011-C,RAN,363,3,333,1,1,3,4780.6,2184.7,0.55,0,
2026-09-15T02:45,Telkom,CPT-BEL-007,CPT-BEL-007-A,RAN,352,1,323,3,0,3,4900.6,2897.0,0.82,72,
2026-09-15T02:45,Telkom,CPT-BEL-007,CPT-BEL-007-B,RAN,245,0,225,4,0,2,5082.2,2545.9,1.03,0,
2026-09-15T02:45,Telkom,CPT-BEL-007,CPT-BEL-007-C,RAN,324,0,298,0,0,1,5220.7,2343.9,0.68,44,
2026-09-15T03:00,Telkom,JHB-CBD-003,JHB-CBD-003-A,RAN,360,0,331,4,0,2,4352.4,1921.4,0.8,28,
2026-09-15T03:00,Telkom,JHB-CBD-003,JHB-CBD-003-B,RAN,396,0,364,0,0,1,4400.7,2096.8,0.25,21,
2026-09-15T03:00,Telkom,JHB-CBD-003,JHB-CBD-003-C,RAN,418,3,384,4,0,0,4608.9,2234.3,0.73,84,
2026-09-15T03:00,Telkom,JHB-SOW-018,JHB-SOW-018-A,RAN,184,3,169,5,0,0,2775.0,1409.6,1.12,45,
2026-09-15T03:00,Telkom,JHB-SOW-018,JHB-SOW-018-B,RAN,238,1,218,2,0,0,3556.9,1483.8,0.24,156,
2026-09-15T03:00,Telkom,JHB-SOW-018,JHB-SOW-018-C,RAN,216,3,198,2,2,3,2967.4,1338.4,1.29,0,
2026-09-15T03:00,Telkom,PTA-HAT-011,PTA-HAT-011-A,RAN,336,5,309,0,1,0,5779.8,2859.8,0.59,76,
2026-09-15T03:00,Telkom,PTA-HAT-011,PTA-HAT-011-B,RAN,420,8,386,1,0,1,6127.4,2831.2,0.43,87,
2026-09-15T03:00,Telkom,PTA-HAT-011,PTA-HAT-011-C,RAN,418,7,384,5,0,0,4984.6,2763.3,1.03,0,
2026-09-15T03:00,Telkom,CPT-BEL-007,CPT-BEL-007-A,RAN,273,0,251,2,1,3,4159.9,2272.3,0.87,15,
2026-09-15T03:00,Telkom,CPT-BEL-007,CPT-BEL-007-B,RAN,370,0,340,3,0,0,4289.2,2410.1,0.42,25,
2026-09-15T03:00,Telkom,CPT-BEL-007,CPT-BEL-007-C,RAN,256,0,235,1,0,1,4061.4,2042.9,0.55,182,
2026-09-15T03:15,Telkom,JHB-CBD-003,JHB-CBD-003-A,RAN,256,0,235,0,0,1,4567.0,2014.8,0.95,0,
2026-09-15T03:15,Telkom,JHB-CBD-003,JHB-CBD-003-B,RAN,341,3,313,3,0,1,4391.3,2173.2,0.32,0,
2026-09-15T03:15,Telkom,JHB-CBD-003,JHB-CBD-003-C,RAN,396,3,364,0,0,1,4561.9,2395.5,0.78,0,
2026-09-15T03:15,Telkom,JHB-SOW-018,JHB-SOW-018-A,RAN,330,2,303,0,0,1,3220.9,1346.6,0.21,55,
2026-09-15T03:15,Telkom,JHB-SOW-018,JHB-SOW-018-B,RAN,370,8,340,3,0,2,3164.1,1613.4,0.79,165,
2026-09-15T03:15,Telkom,JHB-SOW-018,JHB-SOW-018-C,RAN,341,0,313,3,0,0,3185.2,1422.4,0.52,0,
2026-09-15T03:15,Telkom,PTA-HAT-011,PTA-HAT-011-A,RAN,470,1,432,1,1,2,5919.2,2994.3,0.21,107,
2026-09-15T03:15,Telkom,PTA-HAT-011,PTA-HAT-011-B,RAN,351,1,322,4,0,2,4103.1,2028.6,0.55,22,
2026-09-15T03:15,Telkom,PTA-HAT-011,PTA-HAT-011-C,RAN,304,5,279,0,0,0,5110.1,2973.3,0.82,70,
2026-09-15T03:15,Telkom,CPT-BEL-007,CPT-BEL-007-A,RAN,324,1,298,2,1,1,5013.0,2361.4,0.84,15,
2026-09-15T03:15,Telkom,CPT-BEL-007,CPT-BEL-007-B,RAN,231,4,212,1,0,0,4895.4,2276.8,1.01,0,
2026-09-15T03:15,Telkom,CPT-BEL-007,CPT-BEL-007-C,RAN,216,5,198,4,0,0,4052.5,1995.8,1.19,79,
2026-09-15T03:30,Telkom,JHB-CBD-003,JHB-CBD-003-A,RAN,296,2,272,0,0,2,4628.2,2672.3,1.54,0,
2026-09-15T03:30,Telkom,JHB-CBD-003,JHB-CBD-003-B,RAN,196,0,180,0,1,0,3501.1,1604.0,0.78,126,
2026-09-15T03:30,Telkom,JHB-CBD-003,JHB-CBD-003-C,RAN,259,0,238,1,0,0,4868.6,2791.6,0.86,0,
2026-09-15T03:30,Telkom,JHB-SOW-018,JHB-SOW-018-A,RAN,264,0,242,2,0,1,3510.8,2003.6,0.74,67,
2026-09-15T03:30,Telkom,JHB-SOW-018,JHB-SOW-018-B,RAN,270,0,248,2,0,0,3488.6,1175.6,0.6,160,
2026-09-15T03:30,Telkom,JHB-SOW-018,JHB-SOW-018-C,RAN,224,2,206,2,0,0,3879.6,1573.2,0.52,178,
2026-09-15T03:30,Telkom,PTA-HAT-011,PTA-HAT-011-A,RAN,430,4,395,2,0,2,5263.6,2251.3,0.64,0,
2026-09-15T03:30,Telkom,PTA-HAT-011,PTA-HAT-011-B,RAN,252,4,231,1,0,0,4830.5,1717.7,1.11,0,
2026-09-15T03:30,Telkom,PTA-HAT-011,PTA-HAT-011-C,RAN,372,3,342,2,0,3,4867.0,2293.3,0.52,91,
2026-09-15T03:30,Telkom,CPT-BEL-007,CPT-BEL-007-A,RAN,319,4,293,2,0,3,4745.6,2413.8,0.69,115,
2026-09-15T03:30,Telkom,CPT-BEL-007,CPT-BEL-007-B,RAN,348,4,320,1,3,3,3868.2,1996.4,0.7,6,
2026-09-15T03:30,Telkom,CPT-BEL-007,CPT-BEL-007-C,RAN,288,0,264,7,0,0,4926.1,2161.1,0.57,130,
2026-09-15T03:45,Telkom,JHB-CBD-003,JHB-CBD-003-A,RAN,288,2,264,4,2,2,4900.1,2204.4,0.75,0,
2026-09-15T03:45,Telkom,JHB-CBD-003,JHB-CBD-003-B,RAN,363,4,333,5,0,1,4868.6,2135.1,1.1,54,
2026-09-15T03:45,Telkom,JHB-CBD-003,JHB-CBD-003-C,RAN,306,0,281,0,1,1,4644.6,2592.4,0.71,19,
2026-09-15T03:45,Telkom,JHB-SOW-018,JHB-SOW-018-A,RAN,256,4,235,6,0,0,2929.4,1404.1,0.53,126,
2026-09-15T03:45,Telkom,JHB-SOW-018,JHB-SOW-018-B,RAN,384,2,353,6,1,3,3657.5,1901.6,0.75,8,
2026-09-15T03:45,Telkom,JHB-SOW-018,JHB-SOW-018-C,RAN,310,1,285,0,0,1,3200.6,1405.4,0.34,28,
2026-09-15T03:45,Telkom,PTA-HAT-011,PTA-HAT-011-A,RAN,450,2,414,0,0,1,4942.1,2271.4,0.5,140,
2026-09-15T03:45,Telkom,PTA-HAT-011,PTA-HAT-011-B,RAN,270,0,248,3,0,0,4467.0,1898.3,0.37,0,
2026-09-15T03:45,Telkom,PTA-HAT-011,PTA-HAT-011-C,RAN,370,6,340,1,0,2,4164.3,2469.1,1.34,121,
2026-09-15T03:45,Telkom,CPT-BEL-007,CPT-BEL-007-A,RAN,261,3,240,6,1,0,5511.2,2470.0,0.62,47,
2026-09-15T03:45,Telkom,CPT-BEL-007,CPT-BEL-007-B,RAN,370,2,340,1,0,2,4526.9,2076.2,0.12,0,
2026-09-15T03:45,Telkom,CPT-BEL-007,CPT-BEL-007-C,RAN,333,1,306,0,0,3,5273.7,2313.8,0.16,105,
2026-09-15T04:00,Telkom,JHB-CBD-003,JHB-CBD-003-A,RAN,270,4,248,0,1,2,4129.7,1390.1,0.78,136,
2026-09-15T04:00,Telkom,JHB-CBD-003,JHB-CBD-003-B,RAN,350,3,322,0,0,1,5561.2,2458.0,0.49,29,
2026-09-15T04:00,Telkom,JHB-CBD-003,JHB-CBD-003-C,RAN,396,0,364,2,0,3,4649.2,2543.3,0.14,0,
2026-09-15T04:00,Telkom,JHB-SOW-018,JHB-SOW-018-A,RAN,468,10,430,1,1,0,3803.2,2030.7,1.37,81,
2026-09-15T04:00,Telkom,JHB-SOW-018,JHB-SOW-018-B,RAN,310,0,285,4,0,0,3072.3,1310.6,1.13,40,
2026-09-15T04:00,Telkom,JHB-SOW-018,JHB-SOW-018-C,RAN,360,5,331,4,0,2,3521.9,1792.3,0.4,81,
2026-09-15T04:00,Telkom,PTA-HAT-011,PTA-HAT-011-A,RAN,374,3,344,5,0,1,5413.7,3606.0,0.88,75,
2026-09-15T04:00,Telkom,PTA-HAT-011,PTA-HAT-011-B,RAN,407,5,374,4,1,2,4505.0,2162.6,0.63,0,
2026-09-15T04:00,Telkom,PTA-HAT-011,PTA-HAT-011-C,RAN,322,2,296,3,0,2,5700.6,2717.6,0.6,0,
2026-09-15T04:00,Telkom,CPT-BEL-007,CPT-BEL-007-A,RAN,374,5,344,4,1,2,4427.1,2451.3,0.51,123,
2026-09-15T04:00,Telkom,CPT-BEL-007,CPT-BEL-007-B,RAN,320,3,294,3,0,0,4327.5,2644.6,0.82,83,
2026-09-15T04:00,Telkom,CPT-BEL-007,CPT-BEL-007-C,RAN,380,2,349,4,0,1,4953.8,2049.0,0.76,54,
2026-09-15T04:15,Telkom,JHB-CBD-003,JHB-CBD-003-A,RAN,516,6,474,8,0,2,4633.7,2675.1,1.16,30,
2026-09-15T04:15,Telkom,JHB-CBD-003,JHB-CBD-003-B,RAN,312,0,287,0,0,3,5852.8,2810.1,0.88,61,
2026-09-15T04:15,Telkom,JHB-CBD-003,JHB-CBD-003-C,RAN,264,1,242,3,0,2,4907.8,2283.5,0.1,0,
2026-09-15T04:15,Telkom,JHB-SOW-018,JHB-SOW-018-A,RAN,182,0,167,0,0,1,3673.6,1699.1,1.15,48,
2026-09-15T04:15,Telkom,JHB-SOW-018,JHB-SOW-018-B,RAN,280,2,257,4,1,3,2904.9,1423.6,0.73,119,
2026-09-15T04:15,Telkom,JHB-SOW-018,JHB-SOW-018-C,RAN,352,6,323,3,0,1,4229.1,1964.8,0.64,0,
2026-09-15T04:15,Telkom,PTA-HAT-011,PTA-HAT-011-A,RAN,256,5,235,0,0,0,4080.3,1479.9,0.77,13,
2026-09-15T04:15,Telkom,PTA-HAT-011,PTA-HAT-011-B,RAN,296,2,272,6,1,1,4468.7,2549.8,1.02,61,
2026-09-15T04:15,Telkom,PTA-HAT-011,PTA-HAT-011-C,RAN,342,4,314,8,0,0,5149.4,2446.0,0.91,57,
2026-09-15T04:15,Telkom,CPT-BEL-007,CPT-BEL-007-A,RAN,256,0,235,0,0,2,5615.4,2475.1,1.03,63,
2026-09-15T04:15,Telkom,CPT-BEL-007,CPT-BEL-007-B,RAN,256,4,235,3,0,1,4192.9,1728.3,0.26,266,
2026-09-15T04:15,Telkom,CPT-BEL-007,CPT-BEL-007-C,RAN,324,1,298,2,0,0,3972.4,1370.7,0.83,0,
2026-09-15T04:30,Telkom,JHB-CBD-003,JHB-CBD-003-A,RAN,343,2,315,7,0,1,4983.8,2176.8,1.14,162,
2026-09-15T04:30,Telkom,JHB-CBD-003,JHB-CBD-003-B,RAN,432,5,397,0,1,3,4357.0,1683.4,0.99,5,
2026-09-15T04:30,Telkom,JHB-CBD-003,JHB-CBD-003-C,RAN,231,1,212,0,1,0,4528.1,2394.2,0.53,7,
2026-09-15T04:30,Telkom,JHB-SOW-018,JHB-SOW-018-A,RAN,444,1,408,6,0,1,3104.2,1322.2,0.6,0,
2026-09-15T04:30,Telkom,JHB-SOW-018,JHB-SOW-018-B,RAN,456,2,419,4,2,3,3980.8,2076.5,0.51,95,
2026-09-15T04:30,Telkom,JHB-SOW-018,JHB-SOW-018-C,RAN,203,0,186,4,0,1,3651.0,2137.8,0.1,0,
2026-09-15T04:30,Telkom,PTA-HAT-011,PTA-HAT-011-A,RAN,418,1,384,5,0,0,4891.8,2062.6,0.6,2,
2026-09-15T04:30,Telkom,PTA-HAT-011,PTA-HAT-011-B,RAN,390,4,358,2,0,1,5348.0,2895.0,0.2,0,
2026-09-15T04:30,Telkom,PTA-HAT-011,PTA-HAT-011-C,RAN,528,1,485,1,2,1,5631.4,2733.8,1.3,0,
2026-09-15T04:30,Telkom,CPT-BEL-007,CPT-BEL-007-A,RAN,252,2,231,5,0,0,4727.2,2150.0,0.17,2,
2026-09-15T04:30,Telkom,CPT-BEL-007,CPT-BEL-007-B,RAN,340,5,312,1,0,1,4523.4,2420.7,1.06,0,
2026-09-15T04:30,Telkom,CPT-BEL-007,CPT-BEL-007-C,RAN,253,6,232,1,0,0,4025.8,1905.8,0.99,52,
2026-09-15T04:45,Telkom,JHB-CBD-003,JHB-CBD-003-A,RAN,288,2,264,6,0,0,4714.3,1781.7,0.75,0,
2026-09-15T04:45,Telkom,JHB-CBD-003,JHB-CBD-003-B,RAN,351,4,322,1,1,1,4589.1,2195.5,0.41,48,
2026-09-15T04:45,Telkom,JHB-CBD-003,JHB-CBD-003-C,RAN,492,2,452,4,0,1,5351.4,2802.3,0.59,36,
2026-09-15T04:45,Telkom,JHB-SOW-018,JHB-SOW-018-A,RAN,352,0,323,3,2,4,3478.5,1470.0,0.65,155,
2026-09-15T04:45,Telkom,JHB-SOW-018,JHB-SOW-018-B,RAN,330,4,303,0,0,0,3368.8,1433.2,0.58,0,
2026-09-15T04:45,Telkom,JHB-SOW-018,JHB-SOW-018-C,RAN,363,3,333,4,0,3,3742.8,1678.4,1.68,0,
2026-09-15T04:45,Telkom,PTA-HAT-011,PTA-HAT-011-A,RAN,256,6,235,0,0,0,5346.5,2453.8,0.21,109,
2026-09-15T04:45,Telkom,PTA-HAT-011,PTA-HAT-011-B,RAN,280,0,257,0,0,0,4484.1,2184.8,0.92,14,
2026-09-15T04:45,Telkom,PTA-HAT-011,PTA-HAT-011-C,RAN,378,3,347,3,0,1,4982.9,1738.4,1.09,88,
2026-09-15T04:45,Telkom,CPT-BEL-007,CPT-BEL-007-A,RAN,296,0,272,1,1,1,4552.0,2157.0,1.06,83,
2026-09-15T04:45,Telkom,CPT-BEL-007,CPT-BEL-007-B,RAN,324,10,298,4,0,0,4780.7,2551.0,0.91,0,
2026-09-15T04:45,Telkom,CPT-BEL-007,CPT-BEL-007-C,RAN,407,1,374,2,0,1,5446.0,3060.1,0.52,71,
2026-09-15T05:00,Telkom,JHB-CBD-003,JHB-CBD-003-A,RAN,363,0,333,4,0,2,5363.1,2269.7,1.23,140,
2026-09-15T05:00,Telkom,JHB-CBD-003,JHB-CBD-003-B,RAN,480,4,441,5,1,0,5687.5,2540.2,0.83,0,
2026-09-15T05:00,Telkom,JHB-CBD-003,JHB-CBD-003-C,RAN,408,3,375,7,1,3,4274.6,1934.2,1.11,0,
2026-09-15T05:00,Telkom,JHB-SOW-018,JHB-SOW-018-A,RAN,451,7,414,2,1,2,4572.3,2249.0,0.59,130,
2026-09-15T05:00,Telkom,JHB-SOW-018,JHB-SOW-018-B,RAN,217,4,199,3,0,1,3451.3,1662.5,0.23,0,
2026-09-15T05:00,Telkom,JHB-SOW-018,JHB-SOW-018-C,RAN,306,6,281,5,0,2,2717.3,1155.7,0.54,0,
2026-09-15T05:00,Telkom,PTA-HAT-011,PTA-HAT-011-A,RAN,528,7,485,2,0,1,6163.0,3305.9,0.83,159,
2026-09-15T05:00,Telkom,PTA-HAT-011,PTA-HAT-011-B,RAN,588,7,540,4,1,2,5561.8,2136.2,1.04,101,
2026-09-15T05:00,Telkom,PTA-HAT-011,PTA-HAT-011-C,RAN,506,1,465,6,0,4,5197.8,2202.6,0.5,26,
2026-09-15T05:00,Telkom,CPT-BEL-007,CPT-BEL-007-A,RAN,264,4,242,1,0,0,3655.7,1742.0,0.84,0,
2026-09-15T05:00,Telkom,CPT-BEL-007,CPT-BEL-007-B,RAN,266,0,244,3,0,1,4728.9,2215.4,0.32,126,
2026-09-15T05:00,Telkom,CPT-BEL-007,CPT-BEL-007-C,RAN,516,6,474,2,0,1,5244.3,2731.2,0.54,173,
2026-09-15T05:15,Telkom,JHB-CBD-003,JHB-CBD-003-A,RAN,286,6,263,5,1,2,4548.0,2029.9,1.44,0,
2026-09-15T05:15,Telkom,JHB-CBD-003,JHB-CBD-003-B,RAN,429,4,394,7,0,1,5073.5,2038.5,0.84,43,
2026-09-15T05:15,Telkom,JHB-CBD-003,JHB-CBD-003-C,RAN,272,2,250,3,0,0,3902.1,2373.1,0.79,0,
2026-09-15T05:15,Telkom,JHB-SOW-018,JHB-SOW-018-A,RAN,407,4,374,4,0,2,3447.2,2023.6,1.16,90,
2026-09-15T05:15,Telkom,JHB-SOW-018,JHB-SOW-018-B,RAN,390,1,358,3,0,2,3537.6,1409.5,0.29,40,
2026-09-15T05:15,Telkom,JHB-SOW-018,JHB-SOW-018-C,RAN,342,7,314,3,1,1,3609.7,1808.3,0.66,75,
2026-09-15T05:15,Telkom,PTA-HAT-011,PTA-HAT-011-A,RAN,273,0,251,0,2,0,4973.8,2780.4,0.68,6,
2026-09-15T05:15,Telkom,PTA-HAT-011,PTA-HAT-011-B,RAN,369,2,339,0,0,0,4907.0,1932.9,0.57,0,
2026-09-15T05:15,Telkom,PTA-HAT-011,PTA-HAT-011-C,RAN,315,3,289,1,1,1,3643.3,1235.4,0.51,0,
2026-09-15T05:15,Telkom,CPT-BEL-007,CPT-BEL-007-A,RAN,300,6,276,0,0,1,3833.5,2247.3,0.67,47,
2026-09-15T05:15,Telkom,CPT-BEL-007,CPT-BEL-007-B,RAN,245,0,225,8,0,1,4118.3,1596.9,0.58,0,
2026-09-15T05:15,Telkom,CPT-BEL-007,CPT-BEL-007-C,RAN,429,2,394,4,0,3,5366.8,3011.0,1.06,0,
2026-09-15T05:30,Telkom,JHB-CBD-003,JHB-CBD-003-A,RAN,273,6,251,3,1,0,4497.7,1453.6,0.53,45,
2026-09-15T05:30,Telkom,JHB-CBD-003,JHB-CBD-003-B,RAN,480,4,441,4,1,1,5158.9,2307.9,1.37,212,
2026-09-15T05:30,Telkom,JHB-CBD-003,JHB-CBD-003-C,RAN,308,5,283,3,0,0,5705.7,2953.4,1.09,65,
2026-09-15T05:30,Telkom,JHB-SOW-018,JHB-SOW-018-A,RAN,231,1,212,2,1,0,3508.8,1551.2,1.09,0,
2026-09-15T05:30,Telkom,JHB-SOW-018,JHB-SOW-018-B,RAN,297,4,273,2,1,1,3680.8,1436.9,0.58,82,
2026-09-15T05:30,Telkom,JHB-SOW-018,JHB-SOW-018-C,RAN,232,1,213,2,0,0,3390.9,1473.8,0.74,0,
2026-09-15T05:30,Telkom,PTA-HAT-011,PTA-HAT-011-A,RAN,444,2,408,4,0,2,4851.5,2605.8,0.11,22,
2026-09-15T05:30,Telkom,PTA-HAT-011,PTA-HAT-011-B,RAN,344,0,316,3,0,2,4673.8,2268.1,0.81,91,
2026-09-15T05:30,Telkom,PTA-HAT-011,PTA-HAT-011-C,RAN,480,3,441,3,0,2,5976.5,2637.9,1.36,127,
2026-09-15T05:30,Telkom,CPT-BEL-007,CPT-BEL-007-A,RAN,423,7,389,4,0,1,5228.7,2942.0,0.32,159,
2026-09-15T05:30,Telkom,CPT-BEL-007,CPT-BEL-007-B,RAN,250,0,230,0,1,2,4318.5,2203.0,1.09,80,
2026-09-15T05:30,Telkom,CPT-BEL-007,CPT-BEL-007-C,RAN,342,0,314,0,0,2,5761.5,2763.9,0.82,13,
2026-09-15T05:45,Telkom,JHB-CBD-003,JHB-CBD-003-A,RAN,480,6,441,4,1,3,4880.8,2202.7,0.59,60,
2026-09-15T05:45,Telkom,JHB-CBD-003,JHB-CBD-003-B,RAN,429,6,394,2,1,3,5172.8,2334.3,0.1,9,
2026-09-15T05:45,Telkom,JHB-CBD-003,JHB-CBD-003-C,RAN,396,7,364,3,0,0,4841.7,2771.0,0.1,0,
2026-09-15T05:45,Telkom,JHB-SOW-018,JHB-SOW-018-A,RAN,441,11,405,4,0,2,3998.4,1972.9,0.79,228,
2026-09-15T05:45,Telkom,JHB-SOW-018,JHB-SOW-018-B,RAN,259,0,238,0,0,1,4024.3,2050.9,0.69,4,
2026-09-15T05:45,Telkom,JHB-SOW-018,JHB-SOW-018-C,RAN,287,2,264,0,0,2,3292.7,1632.9,0.99,43,
2026-09-15T05:45,Telkom,PTA-HAT-011,PTA-HAT-011-A,RAN,484,3,445,7,1,0,5628.2,2856.6,0.7,67,
2026-09-15T05:45,Telkom,PTA-HAT-011,PTA-HAT-011-B,RAN,444,7,408,2,0,2,5974.7,2577.5,0.7,39,
2026-09-15T05:45,Telkom,PTA-HAT-011,PTA-HAT-011-C,RAN,418,2,384,2,1,1,4955.7,2636.9,0.58,79,
2026-09-15T05:45,Telkom,CPT-BEL-007,CPT-BEL-007-A,RAN,336,6,309,0,0,2,6082.3,2592.2,0.37,0,
2026-09-15T05:45,Telkom,CPT-BEL-007,CPT-BEL-007-B,RAN,336,4,309,2,0,0,5729.4,3088.9,0.81,6,
2026-09-15T05:45,Telkom,CPT-BEL-007,CPT-BEL-007-C,RAN,378,4,347,6,0,1,5070.8,2446.4,0.26,59,
2026-09-15T06:00,Telkom,JHB-CBD-003,JHB-CBD-003-A,RAN,363,3,333,2,0,0,4231.0,1790.7,1.14,105,
2026-09-15T06:00,Telkom,JHB-CBD-003,JHB-CBD-003-B,RAN,225,5,207,4,0,0,3256.2,1191.7,0.66,15,
2026-09-15T06:00,Telkom,JHB-CBD-003,JHB-CBD-003-C,RAN,432,9,397,5,0,1,4401.6,2356.2,0.59,50,
2026-09-15T06:00,Telkom,JHB-SOW-018,JHB-SOW-018-A,RAN,350,4,322,6,1,1,3957.9,1932.7,1.25,81,
2026-09-15T06:00,Telkom,JHB-SOW-018,JHB-SOW-018-B,RAN,352,0,323,5,0,1,3367.9,1922.8,0.5,118,
2026-09-15T06:00,Telkom,JHB-SOW-018,JHB-SOW-018-C,RAN,297,2,273,1,1,2,2750.1,1177.3,0.79,52,
2026-09-15T06:00,Telkom,PTA-HAT-011,PTA-HAT-011-A,RAN,495,2,455,6,0,0,4685.3,2268.5,0.42,0,
2026-09-15T06:00,Telkom,PTA-HAT-011,PTA-HAT-011-B,RAN,539,3,495,2,1,5,5615.1,2032.2,0.58,0,
2026-09-15T06:00,Telkom,PTA-HAT-011,PTA-HAT-011-C,RAN,440,5,404,3,0,2,5280.4,2876.6,0.47,0,
2026-09-15T06:00,Telkom,CPT-BEL-007,CPT-BEL-007-A,RAN,264,0,242,6,0,2,4339.5,1858.4,0.77,50,
2026-09-15T06:00,Telkom,CPT-BEL-007,CPT-BEL-007-B,RAN,576,6,529,3,0,2,5221.9,2012.5,0.1,73,
2026-09-15T06:00,Telkom,CPT-BEL-007,CPT-BEL-007-C,RAN,210,2,193,3,0,3,4538.9,2049.5,0.1,41,
2026-09-15T06:15,Telkom,JHB-CBD-003,JHB-CBD-003-A,RAN,517,0,475,3,1,4,5190.9,2096.1,0.1,0,
2026-09-15T06:15,Telkom,JHB-CBD-003,JHB-CBD-003-B,RAN,473,3,435,5,0,1,4928.5,2587.3,0.35,0,
2026-09-15T06:15,Telkom,JHB-CBD-003,JHB-CBD-003-C,RAN,238,4,218,0,1,1,5276.7,2370.0,0.94,216,
2026-09-15T06:15,Telkom,JHB-SOW-018,JHB-SOW-018-A,RAN,517,1,475,4,1,5,3975.9,2018.8,1.0,86,
2026-09-15T06:15,Telkom,JHB-SOW-018,JHB-SOW-018-B,RAN,387,2,356,4,0,0,3735.7,2146.9,0.92,61,
2026-09-15T06:15,Telkom,JHB-SOW-018,JHB-SOW-018-C,RAN,460,2,423,5,1,3,4063.8,1254.9,0.46,0,
2026-09-15T06:15,Telkom,PTA-HAT-011,PTA-HAT-011-A,RAN,343,2,315,7,1,2,5934.7,2787.6,1.29,0,
2026-09-15T06:15,Telkom,PTA-HAT-011,PTA-HAT-011-B,RAN,450,1,414,3,1,0,5509.7,2497.6,0.89,33,
2026-09-15T06:15,Telkom,PTA-HAT-011,PTA-HAT-011-C,RAN,315,1,289,1,1,4,5810.2,2257.5,0.63,32,
2026-09-15T06:15,Telkom,CPT-BEL-007,CPT-BEL-007-A,RAN,484,8,445,5,0,0,5392.2,2829.0,0.3,116,
2026-09-15T06:15,Telkom,CPT-BEL-007,CPT-BEL-007-B,RAN,319,7,293,2,0,0,4937.0,2285.2,0.63,0,
2026-09-15T06:15,Telkom,CPT-BEL-007,CPT-BEL-007-C,RAN,440,3,404,3,0,3,4461.0,1952.1,1.32,158,
2026-09-15T06:30,Telkom,JHB-CBD-003,JHB-CBD-003-A,RAN,468,3,430,7,2,3,4534.2,2233.0,0.65,47,
2026-09-15T06:30,Telkom,JHB-CBD-003,JHB-CBD-003-B,RAN,500,0,460,4,1,1,5661.4,2872.7,0.73,32,
2026-09-15T06:30,Telkom,JHB-CBD-003,JHB-CBD-003-C,RAN,420,0,386,4,0,0,4459.3,2173.9,0.96,0,
2026-09-15T06:30,Telkom,JHB-SOW-018,JHB-SOW-018-A,RAN,387,0,356,0,2,3,3596.2,1272.5,0.68,260,
2026-09-15T06:30,Telkom,JHB-SOW-018,JHB-SOW-018-B,RAN,288,0,264,4,0,0,3849.3,1893.6,0.26,78,
2026-09-15T06:30,Telkom,JHB-SOW-018,JHB-SOW-018-C,RAN,429,5,394,5,0,4,3168.1,1446.7,0.39,245,
2026-09-15T06:30,Telkom,PTA-HAT-011,PTA-HAT-011-A,RAN,528,1,485,2,1,3,5023.5,2772.0,0.52,16,
2026-09-15T06:30,Telkom,PTA-HAT-011,PTA-HAT-011-B,RAN,528,4,485,0,0,0,5992.3,2295.0,0.94,0,
2026-09-15T06:30,Telkom,PTA-HAT-011,PTA-HAT-011-C,RAN,624,1,574,7,0,1,5848.2,2830.3,0.1,0,
2026-09-15T06:30,Telkom,CPT-BEL-007,CPT-BEL-007-A,RAN,264,0,242,4,0,0,4390.8,2413.3,0.27,17,
2026-09-15T06:30,Telkom,CPT-BEL-007,CPT-BEL-007-B,RAN,330,4,303,4,0,2,4600.8,1907.3,0.1,80,
2026-09-15T06:30,Telkom,CPT-BEL-007,CPT-BEL-007-C,RAN,245,2,225,0,0,0,4268.8,1770.4,0.59,65,
2026-09-15T06:45,Telkom,JHB-CBD-003,JHB-CBD-003-A,RAN,328,0,301,1,0,0,4503.8,2083.2,0.16,0,
2026-09-15T06:45,Telkom,JHB-CBD-003,JHB-CBD-003-B,RAN,468,3,430,0,0,0,4774.5,2611.9,1.13,0,
2026-09-15T06:45,Telkom,JHB-CBD-003,JHB-CBD-003-C,RAN,460,2,423,5,0,2,6525.1,2909.7,0.7,0,
2026-09-15T06:45,Telkom,JHB-SOW-018,JHB-SOW-018-A,RAN,495,7,455,0,0,3,3116.3,1429.0,0.64,0,
2026-09-15T06:45,Telkom,JHB-SOW-018,JHB-SOW-018-B,RAN,440,4,404,3,0,1,3392.8,1728.8,0.81,87,
2026-09-15T06:45,Telkom,JHB-SOW-018,JHB-SOW-018-C,RAN,396,5,364,1,2,2,3591.3,1543.8,0.72,0,
2026-09-15T06:45,Telkom,PTA-HAT-011,PTA-HAT-011-A,RAN,280,0,257,3,0,1,5070.2,2436.2,0.53,53,
2026-09-15T06:45,Telkom,PTA-HAT-011,PTA-HAT-011-B,RAN,432,3,397,11,0,0,5419.2,2818.4,0.1,0,
2026-09-15T06:45,Telkom,PTA-HAT-011,PTA-HAT-011-C,RAN,440,2,404,5,1,3,5432.4,2646.7,0.95,0,
2026-09-15T06:45,Telkom,CPT-BEL-007,CPT-BEL-007-A,RAN,308,0,283,1,0,2,4755.4,2604.2,0.7,167,
2026-09-15T06:45,Telkom,CPT-BEL-007,CPT-BEL-007-B,RAN,328,2,301,3,0,0,4670.6,2309.2,0.67,0,
2026-09-15T06:45,Telkom,CPT-BEL-007,CPT-BEL-007-C,RAN,360,1,331,4,2,2,5541.0,2568.9,1.04,0,
2026-09-15T07:00,Telkom,JHB-CBD-003,JHB-CBD-003-A,RAN,450,7,414,0,0,0,4337.8,1998.7,0.8,118,
2026-09-15T07:00,Telkom,JHB-CBD-003,JHB-CBD-003-B,RAN,407,7,374,1,1,1,4943.5,2512.8,0.65,103,
2026-09-15T07:00,Telkom,JHB-CBD-003,JHB-CBD-003-C,RAN,495,4,455,5,2,2,5353.1,2812.7,1.09,60,
2026-09-15T07:00,Telkom,JHB-SOW-018,JHB-SOW-018-A,RAN,420,2,386,0,1,2,4084.9,1765.4,1.0,47,
2026-09-15T07:00,Telkom,JHB-SOW-018,JHB-SOW-018-B,RAN,315,3,289,5,0,1,3003.5,999.7,0.45,224,
2026-09-15T07:00,Telkom,JHB-SOW-018,JHB-SOW-018-C,RAN,315,5,289,2,0,0,3946.7,1754.8,1.01,146,
2026-09-15T07:00,Telkom,PTA-HAT-011,PTA-HAT-011-A,RAN,350,6,322,1,0,0,5742.8,2711.3,1.32,5,
2026-09-15T07:00,Telkom,PTA-HAT-011,PTA-HAT-011-B,RAN,414,3,380,3,0,1,5406.6,2599.9,0.33,45,
2026-09-15T07:00,Telkom,PTA-HAT-011,PTA-HAT-011-C,RAN,357,1,328,2,0,3,6425.9,3045.3,0.43,35,
2026-09-15T07:00,Telkom,CPT-BEL-007,CPT-BEL-007-A,RAN,315,4,289,2,0,1,5077.8,2406.8,0.58,0,
2026-09-15T07:00,Telkom,CPT-BEL-007,CPT-BEL-007-B,RAN,506,7,465,8,0,3,6139.1,3046.0,0.9,44,
2026-09-15T07:00,Telkom,CPT-BEL-007,CPT-BEL-007-C,RAN,392,6,360,3,0,1,5462.4,2905.9,0.43,0,
2026-09-15T07:15,Telkom,JHB-CBD-003,JHB-CBD-003-A,RAN,440,3,404,3,0,1,6152.1,2933.2,0.61,30,
2026-09-15T07:15,Telkom,JHB-CBD-003,JHB-CBD-003-B,RAN,450,5,414,1,0,5,5525.3,2729.5,0.33,7,
2026-09-15T07:15,Telkom,JHB-CBD-003,JHB-CBD-003-C,RAN,490,5,450,8,0,2,5502.7,2604.8,0.49,132,
2026-09-15T07:15,Telkom,JHB-SOW-018,JHB-SOW-018-A,RAN,492,7,452,3,0,1,3231.8,1628.7,0.93,51,
2026-09-15T07:15,Telkom,JHB-SOW-018,JHB-SOW-018-B,RAN,410,2,377,4,0,2,2865.9,1493.6,1.02,42,
2026-09-15T07:15,Telkom,JHB-SOW-018,JHB-SOW-018-C,RAN,440,2,404,5,0,2,3605.1,1800.6,0.81,105,
2026-09-15T07:15,Telkom,PTA-HAT-011,PTA-HAT-011-A,RAN,588,8,540,3,0,2,5466.8,2940.9,0.65,171,
2026-09-15T07:15,Telkom,PTA-HAT-011,PTA-HAT-011-B,RAN,470,3,432,2,0,1,5225.3,2577.0,0.97,0,
2026-09-15T07:15,Telkom,PTA-HAT-011,PTA-HAT-011-C,RAN,396,6,364,0,1,2,4795.4,2182.0,0.5,155,
2026-09-15T07:15,Telkom,CPT-BEL-007,CPT-BEL-007-A,RAN,329,1,302,0,2,1,5245.0,2584.0,0.61,0,
2026-09-15T07:15,Telkom,CPT-BEL-007,CPT-BEL-007-B,RAN,492,6,452,1,0,4,4735.8,2613.8,0.37,138,
2026-09-15T07:15,Telkom,CPT-BEL-007,CPT-BEL-007-C,RAN,588,6,540,8,0,1,6598.6,2863.5,1.02,100,
2026-09-15T07:30,Telkom,JHB-CBD-003,JHB-CBD-003-A,RAN,400,5,368,1,0,0,5092.7,2134.9,0.26,60,
2026-09-15T07:30,Telkom,JHB-CBD-003,JHB-CBD-003-B,RAN,540,9,496,6,1,2,4964.0,2450.1,0.1,143,
2026-09-15T07:30,Telkom,JHB-CBD-003,JHB-CBD-003-C,RAN,440,0,404,3,0,2,5966.8,2718.4,0.18,50,
2026-09-15T07:30,Telkom,JHB-SOW-018,JHB-SOW-018-A,RAN,344,0,316,1,0,0,3924.0,1885.3,0.86,12,
2026-09-15T07:30,Telkom,JHB-SOW-018,JHB-SOW-018-B,RAN,550,2,506,6,0,3,3754.1,1458.2,1.3,0,
2026-09-15T07:30,Telkom,JHB-SOW-018,JHB-SOW-018-C,RAN,322,2,296,6,1,3,4303.3,1775.5,0.21,0,
2026-09-15T07:30,Telkom,PTA-HAT-011,PTA-HAT-011-A,RAN,371,4,341,3,0,1,6135.7,2938.2,1.0,64,
2026-09-15T07:30,Telkom,PTA-HAT-011,PTA-HAT-011-B,RAN,708,5,651,2,0,0,6512.9,3098.9,0.78,0,
2026-09-15T07:30,Telkom,PTA-HAT-011,PTA-HAT-011-C,RAN,517,3,475,5,0,3,4820.1,2516.1,0.89,43,
2026-09-15T07:30,Telkom,CPT-BEL-007,CPT-BEL-007-A,RAN,540,2,496,2,0,1,5812.2,2909.4,1.05,26,
2026-09-15T07:30,Telkom,CPT-BEL-007,CPT-BEL-007-B,RAN,315,4,289,1,1,1,6666.4,3585.5,0.97,186,
2026-09-15T07:30,Telkom,CPT-BEL-007,CPT-BEL-007-C,RAN,364,2,334,3,0,2,5985.5,3485.1,0.36,76,
2026-09-15T07:45,Telkom,JHB-CBD-003,JHB-CBD-003-A,RAN,605,2,556,1,0,5,5863.9,3081.4,0.1,80,
2026-09-15T07:45,Telkom,JHB-CBD-003,JHB-CBD-003-B,RAN,672,4,618,5,1,1,6435.3,3641.7,1.11,60,
2026-09-15T07:45,Telkom,JHB-CBD-003,JHB-CBD-003-C,RAN,408,5,375,3,0,2,4762.9,2209.4,0.75,34,
2026-09-15T07:45,Telkom,JHB-SOW-018,JHB-SOW-018-A,RAN,280,0,257,3,0,2,3771.0,1728.6,0.79,65,
2026-09-15T07:45,Telkom,JHB-SOW-018,JHB-SOW-018-B,RAN,343,4,315,0,0,2,3909.9,1839.3,0.39,0,
2026-09-15T07:45,Telkom,JHB-SOW-018,JHB-SOW-018-C,RAN,392,6,360,5,1,2,4289.4,1942.7,0.71,0,
2026-09-15T07:45,Telkom,PTA-HAT-011,PTA-HAT-011-A,RAN,648,10,596,4,2,7,5324.4,2687.3,0.53,40,
2026-09-15T07:45,Telkom,PTA-HAT-011,PTA-HAT-011-B,RAN,427,3,392,2,0,2,6651.7,3768.8,0.66,60,
2026-09-15T07:45,Telkom,PTA-HAT-011,PTA-HAT-011-C,RAN,616,0,566,6,0,3,5968.9,2638.0,0.92,1,
2026-09-15T07:45,Telkom,CPT-BEL-007,CPT-BEL-007-A,RAN,468,4,430,2,0,0,6183.8,3290.3,0.52,10,
2026-09-15T07:45,Telkom,CPT-BEL-007,CPT-BEL-007-B,RAN,450,5,414,1,2,3,4955.5,2051.7,0.7,173,
2026-09-15T07:45,Telkom,CPT-BEL-007,CPT-BEL-007-C,RAN,376,4,345,3,0,0,5307.9,2432.3,0.99,128,
2026-09-15T08:00,Telkom,JHB-CBD-003,JHB-CBD-003-A,RAN,384,4,353,5,2,5,5490.7,2834.1,0.87,0,
2026-09-15T08:00,Telkom,JHB-CBD-003,JHB-CBD-003-B,RAN,588,4,540,6,1,8,6279.9,2962.5,0.51,63,
2026-09-15T08:00,Telkom,JHB-CBD-003,JHB-CBD-003-C,RAN,378,3,347,5,0,5,5854.7,2680.3,0.39,47,
2026-09-15T08:00,Telkom,JHB-SOW-018,JHB-SOW-018-A,RAN,376,5,345,9,1,0,4810.0,2088.1,0.89,84,
2026-09-15T08:00,Telkom,JHB-SOW-018,JHB-SOW-018-B,RAN,424,3,390,1,0,2,4511.5,2343.6,1.12,43,
2026-09-15T08:00,Telkom,JHB-SOW-018,JHB-SOW-018-C,RAN,432,4,397,6,1,3,3878.7,1903.7,0.13,101,
2026-09-15T08:00,Telkom,PTA-HAT-011,PTA-HAT-011-A,RAN,406,5,373,5,0,2,5248.7,2391.8,0.15,6,
2026-09-15T08:00,Telkom,PTA-HAT-011,PTA-HAT-011-B,RAN,424,6,390,4,0,0,6041.8,2874.0,0.87,64,
2026-09-15T08:00,Telkom,PTA-HAT-011,PTA-HAT-011-C,RAN,427,3,392,8,0,3,6227.5,3225.2,0.79,68,
2026-09-15T08:00,Telkom,CPT-BEL-007,CPT-BEL-007-A,RAN,588,6,540,6,1,2,5077.2,2430.9,0.52,29,
2026-09-15T08:00,Telkom,CPT-BEL-007,CPT-BEL-007-B,RAN,495,2,455,2,0,0,5460.6,2301.7,1.65,56,
2026-09-15T08:00,Telkom,CPT-BEL-007,CPT-BEL-007-C,RAN,588,4,540,3,0,0,5468.6,2975.6,1.31,113,
2026-09-15T08:15,Telkom,JHB-CBD-003,JHB-CBD-003-A,RAN,605,6,556,9,1,7,5702.8,3048.6,0.42,117,
2026-09-15T08:15,Telkom,JHB-CBD-003,JHB-CBD-003-B,RAN,513,7,471,3,0,1,6285.7,3350.3,0.6,0,
2026-09-15T08:15,Telkom,JHB-CBD-003,JHB-CBD-003-C,RAN,531,4,488,5,1,4,6554.8,2584.2,0.17,84,
2026-09-15T08:15,Telkom,JHB-SOW-018,JHB-SOW-018-A,RAN,572,4,526,3,0,0,3976.7,1684.2,0.97,0,
2026-09-15T08:15,Telkom,JHB-SOW-018,JHB-SOW-018-B,RAN,480,3,441,8,2,4,3968.7,2359.6,0.4,0,
2026-09-15T08:15,Telkom,JHB-SOW-018,JHB-SOW-018-C,RAN,287,0,264,2,0,2,3803.2,1841.3,0.93,0,
2026-09-15T08:15,Telkom,PTA-HAT-011,PTA-HAT-011-A,RAN,696,10,640,0,0,0,6882.9,3372.5,0.1,226,
2026-09-15T08:15,Telkom,PTA-HAT-011,PTA-HAT-011-B,RAN,627,8,576,3,2,5,5689.5,2824.3,0.77,5,
2026-09-15T08:15,Telkom,PTA-HAT-011,PTA-HAT-011-C,RAN,549,3,505,8,0,4,6723.6,2925.0,0.74,91,
2026-09-15T08:15,Telkom,CPT-BEL-007,CPT-BEL-007-A,RAN,470,5,432,3,1,3,6053.4,2812.9,0.81,0,
2026-09-15T08:15,Telkom,CPT-BEL-007,CPT-BEL-007-B,RAN,528,0,485,3,0,1,5168.6,2477.1,0.96,120,
2026-09-15T08:15,Telkom,CPT-BEL-007,CPT-BEL-007-C,RAN,385,3,354,6,0,3,5870.9,2632.7,0.84,0,
2026-09-15T08:30,Telkom,JHB-CBD-003,JHB-CBD-003-A,RAN,570,5,524,8,1,3,5370.2,3041.9,0.6,81,
2026-09-15T08:30,Telkom,JHB-CBD-003,JHB-CBD-003-B,RAN,399,2,367,5,0,1,5303.8,2402.3,0.18,0,
2026-09-15T08:30,Telkom,JHB-CBD-003,JHB-CBD-003-C,RAN,441,4,405,1,1,5,5176.2,2953.5,0.42,0,
2026-09-15T08:30,Telkom,JHB-SOW-018,JHB-SOW-018-A,RAN,440,2,404,3,0,1,4470.0,2631.7,0.94,0,
2026-09-15T08:30,Telkom,JHB-SOW-018,JHB-SOW-018-B,RAN,440,6,404,1,0,3,4315.3,1967.1,1.26,0,
2026-09-15T08:30,Telkom,JHB-SOW-018,JHB-SOW-018-C,RAN,588,2,540,5,0,1,4316.0,1880.6,0.94,0,
2026-09-15T08:30,Telkom,PTA-HAT-011,PTA-HAT-011-A,RAN,660,1,607,8,0,2,7212.8,2867.8,1.38,100,
2026-09-15T08:30,Telkom,PTA-HAT-011,PTA-HAT-011-B,RAN,588,2,540,2,1,0,5489.8,2762.7,1.1,201,
2026-09-15T08:30,Telkom,PTA-HAT-011,PTA-HAT-011-C,RAN,590,6,542,7,0,0,6091.3,3242.1,1.03,0,
2026-09-15T08:30,Telkom,CPT-BEL-007,CPT-BEL-007-A,RAN,720,8,662,3,1,2,6206.0,2312.4,0.35,0,
2026-09-15T08:30,Telkom,CPT-BEL-007,CPT-BEL-007-B,RAN,627,6,576,4,0,1,6085.1,2682.7,0.4,10,
2026-09-15T08:30,Telkom,CPT-BEL-007,CPT-BEL-007-C,RAN,480,5,441,4,0,2,6060.2,3004.5,1.01,23,
2026-09-15T08:45,Telkom,JHB-CBD-003,JHB-CBD-003-A,RAN,357,14,328,8,2,6,5505.5,2502.7,1.27,339,
2026-09-15T08:45,Telkom,JHB-CBD-003,JHB-CBD-003-B,RAN,477,40,438,20,4,19,7745.4,3719.6,3.12,575,INC-20260915-JHB-CBD-003-B
2026-09-15T08:45,Telkom,JHB-CBD-003,JHB-CBD-003-C,RAN,612,22,563,11,2,9,6522.3,3000.5,1.48,196,
2026-09-15T08:45,Telkom,JHB-SOW-018,JHB-SOW-018-A,RAN,605,3,556,4,0,3,4136.6,1893.1,0.44,0,
2026-09-15T08:45,Telkom,JHB-SOW-018,JHB-SOW-018-B,RAN,648,4,596,4,1,3,3795.4,1478.6,0.86,152,
2026-09-15T08:45,Telkom,JHB-SOW-018,JHB-SOW-018-C,RAN,459,2,422,6,1,0,4582.8,2097.6,1.0,16,
2026-09-15T08:45,Telkom,PTA-HAT-011,PTA-HAT-011-A,RAN,456,6,419,5,0,2,5150.9,2765.6,0.81,72,
2026-09-15T08:45,Telkom,PTA-HAT-011,PTA-HAT-011-B,RAN,486,2,447,9,1,3,6271.7,3095.6,0.71,144,
2026-09-15T08:45,Telkom,PTA-HAT-011,PTA-HAT-011-C,RAN,456,0,419,4,1,3,6037.5,2655.7,0.1,0,
2026-09-15T08:45,Telkom,CPT-BEL-007,CPT-BEL-007-A,RAN,648,4,596,9,1,2,5949.8,2848.9,0.9,0,
2026-09-15T08:45,Telkom,CPT-BEL-007,CPT-BEL-007-B,RAN,473,0,435,4,0,1,4236.9,1782.5,0.98,0,
2026-09-15T08:45,Telkom,CPT-BEL-007,CPT-BEL-007-C,RAN,480,3,441,5,0,3,5676.1,2893.3,0.7,1,
2026-09-15T09:00,Telkom,JHB-CBD-003,JHB-CBD-003-A,RAN,549,17,505,11,2,8,7740.3,3687.8,1.49,351,
2026-09-15T09:00,Telkom,JHB-CBD-003,JHB-CBD-003-B,RAN,464,49,426,27,4,18,8416.9,3972.6,3.6,671,INC-20260915-JHB-CBD-003-B
2026-09-15T09:00,Telkom,JHB-CBD-003,JHB-CBD-003-C,RAN,308,13,283,6,0,4,5606.6,2444.1,1.24,147,
2026-09-15T09:00,Telkom,JHB-SOW-018,JHB-SOW-018-A,RAN,495,0,455,3,0,2,3759.2,1757.2,0.49,28,
2026-09-15T09:00,Telkom,JHB-SOW-018,JHB-SOW-018-B,RAN,560,4,515,4,1,3,4865.8,2432.5,1.18,135,
2026-09-15T09:00,Telkom,JHB-SOW-018,JHB-SOW-018-C,RAN,504,3,463,5,0,1,4106.7,2101.6,1.02,0,
2026-09-15T09:00,Telkom,PTA-HAT-011,PTA-HAT-011-A,RAN,495,4,455,0,1,3,7079.5,3988.9,0.82,0,
2026-09-15T09:00,Telkom,PTA-HAT-011,PTA-HAT-011-B,RAN,610,1,561,2,0,3,6797.4,3255.0,0.78,137,
2026-09-15T09:00,Telkom,PTA-HAT-011,PTA-HAT-011-C,RAN,434,0,399,0,0,0,6676.1,3505.4,0.3,113,
2026-09-15T09:00,Telkom,CPT-BEL-007,CPT-BEL-007-A,RAN,594,3,546,6,0,2,6429.6,3090.8,0.86,184,
2026-09-15T09:00,Telkom,CPT-BEL-007,CPT-BEL-007-B,RAN,744,10,684,0,1,7,6059.9,3157.1,0.79,141,
2026-09-15T09:00,Telkom,CPT-BEL-007,CPT-BEL-007-C,RAN,432,3,397,7,0,2,5866.7,3124.8,0.87,87,
2026-09-15T09:15,Telkom,JHB-CBD-003,JHB-CBD-003-A,RAN,638,21,586,16,1,6,6791.1,2870.0,0.98,149,
2026-09-15T09:15,Telkom,JHB-CBD-003,JHB-CBD-003-B,RAN,495,64,455,33,4,21,9167.2,4383.7,2.96,872,INC-20260915-JHB-CBD-003-B
2026-09-15T09:15,Telkom,JHB-CBD-003,JHB-CBD-003-C,RAN,472,15,434,8,2,8,7143.2,3376.7,1.03,180,
2026-09-15T09:15,Telkom,JHB-SOW-018,JHB-SOW-018-A,RAN,414,3,380,1,0,2,3419.5,1946.8,1.02,41,
2026-09-15T09:15,Telkom,JHB-SOW-018,JHB-SOW-018-B,RAN,371,4,341,1,0,1,4799.0,2356.7,0.8,0,
2026-09-15T09:15,Telkom,JHB-SOW-018,JHB-SOW-018-C,RAN,315,4,289,0,0,2,4567.6,2157.5,0.23,18,
2026-09-15T09:15,Telkom,PTA-HAT-011,PTA-HAT-011-A,RAN,816,7,750,6,2,7,6957.0,3285.7,0.57,0,
2026-09-15T09:15,Telkom,PTA-HAT-011,PTA-HAT-011-B,RAN,441,1,405,4,0,3,5859.0,3449.0,0.37,151,
2026-09-15T09:15,Telkom,PTA-HAT-011,PTA-HAT-011-C,RAN,630,8,579,4,0,3,6274.7,2970.9,0.47,176,
2026-09-15T09:15,Telkom,CPT-BEL-007,CPT-BEL-007-A,RAN,648,2,596,3,1,5,6705.7,3927.6,0.33,0,
2026-09-15T09:15,Telkom,CPT-BEL-007,CPT-BEL-007-B,RAN,440,3,404,2,0,0,5405.9,2544.8,1.22,0,
2026-09-15T09:15,Telkom,CPT-BEL-007,CPT-BEL-007-C,RAN,550,6,506,1,0,4,4780.0,2035.3,1.0,22,
2026-09-15T09:30,Telkom,JHB-CBD-003,JHB-CBD-003-A,RAN,696,28,640,14,3,8,5795.6,2621.0,1.31,218,
2026-09-15T09:30,Telkom,JHB-CBD-003,JHB-CBD-003-B,RAN,448,64,412,29,6,22,9343.0,4558.4,3.42,922,INC-20260915-JHB-CBD-003-B
2026-09-15T09:30,Telkom,JHB-CBD-003,JHB-CBD-003-C,RAN,530,19,487,13,3,9,6946.4,3127.5,1.19,266,
2026-09-15T09:30,Telkom,JHB-SOW-018,JHB-SOW-018-A,RAN,583,12,536,7,2,2,3949.2,1827.3,0.25,76,
2026-09-15T09:30,Telkom,JHB-SOW-018,JHB-SOW-018-B,RAN,440,4,404,6,1,2,4227.0,2028.5,0.99,70,
2026-09-15T09:30,Telkom,JHB-SOW-018,JHB-SOW-018-C,RAN,616,5,566,5,0,1,4513.6,2202.7,0.93,142,
2026-09-15T09:30,Telkom,PTA-HAT-011,PTA-HAT-011-A,RAN,406,5,373,6,0,1,6722.8,3086.6,0.28,5,
2026-09-15T09:30,Telkom,PTA-HAT-011,PTA-HAT-011-B,RAN,603,10,554,5,1,4,7041.1,3283.7,1.22,154,
2026-09-15T09:30,Telkom,PTA-HAT-011,PTA-HAT-011-C,RAN,585,8,538,4,0,2,6793.3,3280.1,0.35,12,
2026-09-15T09:30,Telkom,CPT-BEL-007,CPT-BEL-007-A,RAN,520,1,478,7,0,3,5752.7,2359.4,0.69,146,
2026-09-15T09:30,Telkom,CPT-BEL-007,CPT-BEL-007-B,RAN,610,1,561,6,0,2,5719.2,3066.7,0.94,203,
2026-09-15T09:30,Telkom,CPT-BEL-007,CPT-BEL-007-C,RAN,720,3,662,6,2,6,5521.8,2920.9,0.97,0,
2026-09-15T09:45,Telkom,JHB-CBD-003,JHB-CBD-003-A,RAN,627,18,576,13,1,12,6854.3,3022.9,1.6,266,
2026-09-15T09:45,Telkom,JHB-CBD-003,JHB-CBD-003-B,RAN,536,92,493,40,6,27,9950.0,4696.7,4.08,1055,INC-20260915-JHB-CBD-003-B
2026-09-15T09:45,Telkom,JHB-CBD-003,JHB-CBD-003-C,RAN,804,27,739,17,3,11,7999.1,3517.9,1.4,185,
2026-09-15T09:45,Telkom,JHB-SOW-018,JHB-SOW-018-A,RAN,357,2,328,5,0,2,4233.7,2165.8,0.47,87,
2026-09-15T09:45,Telkom,JHB-SOW-018,JHB-SOW-018-B,RAN,423,0,389,5,2,2,3964.3,2195.9,0.4,129,
2026-09-15T09:45,Telkom,JHB-SOW-018,JHB-SOW-018-C,RAN,610,6,561,4,1,3,4669.8,2383.3,0.65,0,
2026-09-15T09:45,Telkom,PTA-HAT-011,PTA-HAT-011-A,RAN,670,3,616,4,1,4,6597.3,3206.5,1.03,0,
2026-09-15T09:45,Telkom,PTA-HAT-011,PTA-HAT-011-B,RAN,756,4,695,7,1,3,7152.6,3439.8,0.46,0,
2026-09-15T09:45,Telkom,PTA-HAT-011,PTA-HAT-011-C,RAN,744,6,684,10,0,5,6632.8,3286.4,1.39,105,
2026-09-15T09:45,Telkom,CPT-BEL-007,CPT-BEL-007-A,RAN,500,0,460,1,1,3,5038.4,2279.8,0.95,0,
2026-09-15T09:45,Telkom,CPT-BEL-007,CPT-BEL-007-B,RAN,434,3,399,5,0,1,6154.0,2479.5,0.36,122,
2026-09-15T09:45,Telkom,CPT-BEL-007,CPT-BEL-007-C,RAN,616,9,566,5,0,1,5599.1,2602.3,0.51,106,
2026-09-15T10:00,Telkom,JHB-CBD-003,JHB-CBD-003-A,RAN,732,26,673,14,3,11,6877.7,3531.1,1.56,255,
2026-09-15T10:00,Telkom,JHB-CBD-003,JHB-CBD-003-B,RAN,441,71,405,34,4,26,8560.1,3248.1,5.05,1014,INC-20260915-JHB-CBD-003-B
2026-09-15T10:00,Telkom,JHB-CBD-003,JHB-CBD-003-C,RAN,693,24,637,15,3,12,7243.9,3208.9,0.95,132,
2026-09-15T10:00,Telkom,JHB-SOW-018,JHB-SOW-018-A,RAN,387,2,356,4,2,3,4263.3,1801.7,0.73,75,
2026-09-15T10:00,Telkom,JHB-SOW-018,JHB-SOW-018-B,RAN,708,8,651,12,1,7,4708.4,2304.7,0.76,8,
2026-09-15T10:00,Telkom,JHB-SOW-018,JHB-SOW-018-C,RAN,506,9,465,1,1,2,4052.6,1764.1,0.84,0,
2026-09-15T10:00,Telkom,PTA-HAT-011,PTA-HAT-011-A,RAN,434,0,399,0,0,2,6919.3,3234.7,0.59,9,
2026-09-15T10:00,Telkom,PTA-HAT-011,PTA-HAT-011-B,RAN,649,8,597,7,0,2,6270.4,3281.2,0.51,0,
2026-09-15T10:00,Telkom,PTA-HAT-011,PTA-HAT-011-C,RAN,690,6,634,9,0,5,7088.2,3318.9,0.11,83,
2026-09-15T10:00,Telkom,CPT-BEL-007,CPT-BEL-007-A,RAN,550,12,506,2,1,4,5335.9,2498.1,0.51,22,
2026-09-15T10:00,Telkom,CPT-BEL-007,CPT-BEL-007-B,RAN,660,8,607,5,1,0,6282.2,2651.4,0.78,156,
2026-09-15T10:00,Telkom,CPT-BEL-007,CPT-BEL-007-C,RAN,624,5,574,0,0,0,5375.2,2832.1,0.56,0,
2026-09-15T10:15,Telkom,JHB-CBD-003,JHB-CBD-003-A,RAN,392,15,360,8,0,6,6537.1,2633.9,1.52,276,
2026-09-15T10:15,Telkom,JHB-CBD-003,JHB-CBD-003-B,RAN,605,99,556,49,7,37,8944.5,4098.5,4.89,1022,INC-20260915-JHB-CBD-003-B
2026-09-15T10:15,Telkom,JHB-CBD-003,JHB-CBD-003-C,RAN,558,20,513,10,3,9,6273.2,3275.9,1.6,266,
2026-09-15T10:15,Telkom,JHB-SOW-018,JHB-SOW-018-A,RAN,528,4,485,0,0,0,4061.9,1866.0,0.8,37,
2026-09-15T10:15,Telkom,JHB-SOW-018,JHB-SOW-018-B,RAN,650,7,598,7,0,2,4880.5,2082.8,0.83,0,
2026-09-15T10:15,Telkom,JHB-SOW-018,JHB-SOW-018-C,RAN,560,2,515,4,1,0,4737.9,2430.4,0.63,82,
2026-09-15T10:15,Telkom,PTA-HAT-011,PTA-HAT-011-A,RAN,427,6,392,3,1,0,6121.2,2807.5,0.7,150,
2026-09-15T10:15,Telkom,PTA-HAT-011,PTA-HAT-011-B,RAN,455,0,418,3,0,4,5913.1,2798.1,0.55,58,
2026-09-15T10:15,Telkom,PTA-HAT-011,PTA-HAT-011-C,RAN,700,3,644,5,2,7,5835.3,2447.9,0.35,201,
2026-09-15T10:15,Telkom,CPT-BEL-007,CPT-BEL-007-A,RAN,650,6,598,4,0,4,6201.6,3003.1,0.81,84,
2026-09-15T10:15,Telkom,CPT-BEL-007,CPT-BEL-007-B,RAN,510,5,469,4,1,3,5561.8,2298.5,1.12,110,
2026-09-15T10:15,Telkom,CPT-BEL-007,CPT-BEL-007-C,RAN,472,7,434,2,0,1,5988.2,3051.0,0.45,88,
2026-09-15T10:30,Telkom,JHB-CBD-003,JHB-CBD-003-A,RAN,610,19,561,16,2,11,6862.9,3320.8,1.07,329,
2026-09-15T10:30,Telkom,JHB-CBD-003,JHB-CBD-003-B,RAN,708,135,651,63,10,44,9754.2,5050.3,5.51,1197,INC-20260915-JHB-CBD-003-B
2026-09-15T10:30,Telkom,JHB-CBD-003,JHB-CBD-003-C,RAN,385,14,354,5,1,6,5974.3,3250.1,1.12,200,
2026-09-15T10:30,Telkom,JHB-SOW-018,JHB-SOW-018-A,RAN,504,10,463,5,0,4,4672.9,2142.3,0.81,0,
2026-09-15T10:30,Telkom,JHB-SOW-018,JHB-SOW-018-B,RAN,513,8,471,4,0,3,4606.7,2119.0,0.4,55,
2026-09-15T10:30,Telkom,JHB-SOW-018,JHB-SOW-018-C,RAN,660,6,607,6,2,2,4835.5,2561.6,0.84,101,
2026-09-15T10:30,Telkom,PTA-HAT-011,PTA-HAT-011-A,RAN,544,6,500,3,2,3,7019.7,3438.9,1.17,0,
2026-09-15T10:30,Telkom,PTA-HAT-011,PTA-HAT-011-B,RAN,448,1,412,0,0,2,6018.6,2471.9,0.43,241,
2026-09-15T10:30,Telkom,PTA-HAT-011,PTA-HAT-011-C,RAN,876,5,805,8,0,6,6877.6,3802.2,0.32,13,
2026-09-15T10:30,Telkom,CPT-BEL-007,CPT-BEL-007-A,RAN,550,5,506,3,0,5,5621.2,3390.1,0.89,141,
2026-09-15T10:30,Telkom,CPT-BEL-007,CPT-BEL-007-B,RAN,624,5,574,8,0,0,5417.5,2583.7,0.93,156,
2026-09-15T10:30,Telkom,CPT-BEL-007,CPT-BEL-007-C,RAN,427,0,392,4,1,1,6515.0,3096.5,0.29,37,
2026-09-15T10:45,Telkom,JHB-CBD-003,JHB-CBD-003-A,RAN,378,8,347,7,1,4,6914.4,3748.5,0.94,184,
2026-09-15T10:45,Telkom,JHB-CBD-003,JHB-CBD-003-B,RAN,550,103,506,52,9,38,9099.8,4541.4,5.53,1168,INC-20260915-JHB-CBD-003-B
2026-09-15T10:45,Telkom,JHB-CBD-003,JHB-CBD-003-C,RAN,522,24,480,14,2,6,6241.3,2745.1,1.23,208,
2026-09-15T10:45,Telkom,JHB-SOW-018,JHB-SOW-018-A,RAN,399,5,367,9,0,0,4262.3,2315.0,0.75,41,
2026-09-15T10:45,Telkom,JHB-SOW-018,JHB-SOW-018-B,RAN,440,5,404,4,3,3,4622.3,2366.6,0.79,22,
2026-09-15T10:45,Telkom,JHB-SOW-018,JHB-SOW-018-C,RAN,360,2,331,3,0,1,3431.3,1532.6,0.5,145,
2026-09-15T10:45,Telkom,PTA-HAT-011,PTA-HAT-011-A,RAN,704,3,647,12,0,2,5739.8,2733.6,0.52,67,
2026-09-15T10:45,Telkom,PTA-HAT-011,PTA-HAT-011-B,RAN,708,4,651,3,2,3,5944.8,2662.2,0.73,0,
2026-09-15T10:45,Telkom,PTA-HAT-011,PTA-HAT-011-C,RAN,636,3,585,5,2,4,5610.1,2634.4,0.52,142,
2026-09-15T10:45,Telkom,CPT-BEL-007,CPT-BEL-007-A,RAN,448,4,412,3,0,3,5402.6,2233.7,0.74,11,
2026-09-15T10:45,Telkom,CPT-BEL-007,CPT-BEL-007-B,RAN,420,5,386,5,0,2,6247.7,3146.6,1.14,163,
2026-09-15T10:45,Telkom,CPT-BEL-007,CPT-BEL-007-C,RAN,406,4,373,4,1,1,5562.9,1848.1,0.6,178,
2026-09-15T11:00,Telkom,JHB-CBD-003,JHB-CBD-003-A,RAN,630,23,579,17,1,10,7494.6,3362.0,1.9,167,
2026-09-15T11:00,Telkom,JHB-CBD-003,JHB-CBD-003-B,RAN,600,120,552,52,10,39,9950.0,4723.1,5.49,1326,INC-20260915-JHB-CBD-003-B
2026-09-15T11:00,Telkom,JHB-CBD-003,JHB-CBD-003-C,RAN,399,10,367,5,0,4,6140.4,2686.8,1.73,205,
2026-09-15T11:00,Telkom,JHB-SOW-018,JHB-SOW-018-A,RAN,539,4,495,6,0,0,3905.5,2099.6,0.68,43,
2026-09-15T11:00,Telkom,JHB-SOW-018,JHB-SOW-018-B,RAN,477,5,438,8,1,2,4193.0,2001.6,0.26,7,
2026-09-15T11:00,Telkom,JHB-SOW-018,JHB-SOW-018-C,RAN,357,0,328,2,1,0,4650.6,2235.5,0.81,0,
2026-09-15T11:00,Telkom,PTA-HAT-011,PTA-HAT-011-A,RAN,726,7,667,12,1,4,5877.9,3301.9,0.86,41,
2026-09-15T11:00,Telkom,PTA-HAT-011,PTA-HAT-011-B,RAN,627,4,576,4,0,3,5422.1,2355.8,1.15,0,
2026-09-15T11:00,Telkom,PTA-HAT-011,PTA-HAT-011-C,RAN,441,7,405,5,1,0,6519.1,3544.9,0.44,11,
2026-09-15T11:00,Telkom,CPT-BEL-007,CPT-BEL-007-A,RAN,496,1,456,5,0,1,4921.2,2451.6,0.1,90,
2026-09-15T11:00,Telkom,CPT-BEL-007,CPT-BEL-007-B,RAN,413,2,379,5,0,2,5367.2,2321.1,0.79,1,
2026-09-15T11:00,Telkom,CPT-BEL-007,CPT-BEL-007-C,RAN,638,0,586,6,1,5,6072.3,2742.2,0.35,0,
2026-09-15T11:15,Telkom,JHB-CBD-003,JHB-CBD-003-A,RAN,610,19,561,16,2,11,6043.4,3371.9,1.59,132,
2026-09-15T11:15,Telkom,JHB-CBD-003,JHB-CBD-003-B,RAN,510,100,469,46,5,32,9950.0,4621.2,5.21,1073,INC-20260915-JHB-CBD-003-B
2026-09-15T11:15,Telkom,JHB-CBD-003,JHB-CBD-003-C,RAN,520,20,478,11,0,8,6926.8,3181.9,1.82,329,
2026-09-15T11:15,Telkom,JHB-SOW-018,JHB-SOW-018-A,RAN,500,6,460,5,0,3,4620.3,2524.7,0.91,129,
2026-09-15T11:15,Telkom,JHB-SOW-018,JHB-SOW-018-B,RAN,649,3,597,8,0,3,5315.5,2686.4,0.69,7,
2026-09-15T11:15,Telkom,JHB-SOW-018,JHB-SOW-018-C,RAN,540,10,496,2,1,2,4209.5,1928.1,0.93,96,
2026-09-15T11:15,Telkom,PTA-HAT-011,PTA-HAT-011-A,RAN,476,8,437,2,0,0,6395.6,3357.8,0.51,55,
2026-09-15T11:15,Telkom,PTA-HAT-011,PTA-HAT-011-B,RAN,540,3,496,4,0,5,7081.0,3236.6,1.16,0,
2026-09-15T11:15,Telkom,PTA-HAT-011,PTA-HAT-011-C,RAN,483,1,444,6,1,1,5822.6,2957.8,0.1,12,
2026-09-15T11:15,Telkom,CPT-BEL-007,CPT-BEL-007-A,RAN,378,3,347,1,1,3,5619.0,2075.0,0.63,191,
2026-09-15T11:15,Telkom,CPT-BEL-007,CPT-BEL-007-B,RAN,427,6,392,3,2,3,6820.6,3127.5,0.19,172,
2026-09-15T11:15,Telkom,CPT-BEL-007,CPT-BEL-007-C,RAN,590,3,542,8,0,1,5494.2,1809.1,1.28,78,
2026-09-15T11:30,Telkom,JHB-CBD-003,JHB-CBD-003-A,RAN,572,19,526,11,2,7,6141.7,3382.5,0.37,185,
2026-09-15T11:30,Telkom,JHB-CBD-003,JHB-CBD-003-B,RAN,756,155,695,67,13,54,9950.0,4824.4,5.13,1239,INC-20260915-JHB-CBD-003-B
2026-09-15T11:30,Telkom,JHB-CBD-003,JHB-CBD-003-C,RAN,531,18,488,16,2,10,7118.2,3058.5,1.72,134,
2026-09-15T11:30,Telkom,JHB-SOW-018,JHB-SOW-018-A,RAN,648,7,596,2,0,3,3846.7,1991.8,0.69,0,
2026-09-15T11:30,Telkom,JHB-SOW-018,JHB-SOW-018-B,RAN,588,5,540,8,0,0,4450.6,2438.0,0.54,2,
2026-09-15T11:30,Telkom,JHB-SOW-018,JHB-SOW-018-C,RAN,560,1,515,7,0,1,4975.9,2276.2,0.44,116,
2026-09-15T11:30,Telkom,PTA-HAT-011,PTA-HAT-011-A,RAN,434,6,399,1,0,0,6116.5,2800.9,0.1,48,
2026-09-15T11:30,Telkom,PTA-HAT-011,PTA-HAT-011-B,RAN,558,6,513,7,0,3,6149.1,3123.4,1.06,113,
2026-09-15T11:30,Telkom,PTA-HAT-011,PTA-HAT-011-C,RAN,660,6,607,4,0,1,5378.7,2526.7,0.67,115,
2026-09-15T11:30,Telkom,CPT-BEL-007,CPT-BEL-007-A,RAN,520,5,478,2,2,5,5212.3,2364.1,1.04,76,
2026-09-15T11:30,Telkom,CPT-BEL-007,CPT-BEL-007-B,RAN,620,3,570,8,1,2,5950.9,2555.7,0.81,14,
2026-09-15T11:30,Telkom,CPT-BEL-007,CPT-BEL-007-C,RAN,549,6,505,6,0,1,5741.5,3149.6,0.57,0,
2026-09-15T11:45,Telkom,JHB-CBD-003,JHB-CBD-003-A,RAN,448,20,412,11,1,6,7127.3,3644.5,1.41,134,
2026-09-15T11:45,Telkom,JHB-CBD-003,JHB-CBD-003-B,RAN,539,108,495,52,9,37,9486.6,4384.2,4.93,1172,INC-20260915-JHB-CBD-003-B
2026-09-15T11:45,Telkom,JHB-CBD-003,JHB-CBD-003-C,RAN,468,18,430,6,1,8,6399.0,3309.9,2.29,228,
2026-09-15T11:45,Telkom,JHB-SOW-018,JHB-SOW-018-A,RAN,684,7,629,6,1,4,4820.4,1954.2,0.81,92,
2026-09-15T11:45,Telkom,JHB-SOW-018,JHB-SOW-018-B,RAN,560,6,515,4,1,3,4332.5,2015.1,0.42,198,
2026-09-15T11:45,Telkom,JHB-SOW-018,JHB-SOW-018-C,RAN,660,6,607,6,1,2,4299.5,2054.5,0.93,57,
2026-09-15T11:45,Telkom,PTA-HAT-011,PTA-HAT-011-A,RAN,520,5,478,10,0,0,6605.7,3150.9,1.15,144,
2026-09-15T11:45,Telkom,PTA-HAT-011,PTA-HAT-011-B,RAN,732,0,673,3,1,3,6090.7,2872.9,0.63,159,
2026-09-15T11:45,Telkom,PTA-HAT-011,PTA-HAT-011-C,RAN,693,6,637,5,0,1,6908.6,3511.5,0.64,82,
2026-09-15T11:45,Telkom,CPT-BEL-007,CPT-BEL-007-A,RAN,413,2,379,2,1,1,6500.0,3246.1,0.45,87,
2026-09-15T11:45,Telkom,CPT-BEL-007,CPT-BEL-007-B,RAN,570,3,524,8,2,1,6003.6,2808.9,1.04,0,
2026-09-15T11:45,Telkom,CPT-BEL-007,CPT-BEL-007-C,RAN,638,0,586,6,1,2,6180.5,3243.7,0.53,58,
2026-09-15T12:00,Telkom,JHB-CBD-003,JHB-CBD-003-A,RAN,539,22,495,12,3,5,5716.5,2339.3,1.48,376,
2026-09-15T12:00,Telkom,JHB-CBD-003,JHB-CBD-003-B,RAN,400,78,368,37,6,27,9782.1,4949.3,4.75,1160,INC-20260915-JHB-CBD-003-B
2026-09-15T12:00,Telkom,JHB-CBD-003,JHB-CBD-003-C,RAN,550,14,506,13,0,4,6541.3,2799.5,1.29,230,
2026-09-15T12:00,Telkom,JHB-SOW-018,JHB-SOW-018-A,RAN,636,5,585,9,0,0,4398.1,1870.8,0.63,0,
2026-09-15T12:00,Telkom,JHB-SOW-018,JHB-SOW-018-B,RAN,528,4,485,7,0,1,3686.4,1814.3,0.61,43,
2026-09-15T12:00,Telkom,JHB-SOW-018,JHB-SOW-018-C,RAN,756,5,695,2,1,5,4585.7,1902.6,0.72,44,
2026-09-15T12:00,Telkom,PTA-HAT-011,PTA-HAT-011-A,RAN,392,3,360,0,0,1,5502.0,2801.6,0.27,0,
2026-09-15T12:00,Telkom,PTA-HAT-011,PTA-HAT-011-B,RAN,648,1,596,8,0,2,5477.1,2836.5,0.86,47,
2026-09-15T12:00,Telkom,PTA-HAT-011,PTA-HAT-011-C,RAN,510,3,469,7,0,4,6029.9,3465.2,0.83,93,
2026-09-15T12:00,Telkom,CPT-BEL-007,CPT-BEL-007-A,RAN,744,5,684,9,2,0,4725.1,2677.5,0.76,0,
2026-09-15T12:00,Telkom,CPT-BEL-007,CPT-BEL-007-B,RAN,432,3,397,0,1,3,5948.9,3116.0,0.84,72,
2026-09-15T12:00,Telkom,CPT-BEL-007,CPT-BEL-007-C,RAN,572,4,526,6,0,3,5176.7,2919.0,1.44,0,
2026-09-15T12:15,Telkom,JHB-CBD-003,JHB-CBD-003-A,RAN,558,19,513,11,2,9,6413.8,3493.9,1.78,180,
2026-09-15T12:15,Telkom,JHB-CBD-003,JHB-CBD-003-B,RAN,550,90,506,44,9,36,8281.4,3852.2,4.85,1200,INC-20260915-JHB-CBD-003-B
2026-09-15T12:15,Telkom,JHB-CBD-003,JHB-CBD-003-C,RAN,620,15,570,11,5,13,6705.7,3243.1,1.55,374,
2026-09-15T12:15,Telkom,JHB-SOW-018,JHB-SOW-018-A,RAN,450,4,414,3,0,3,4314.7,1866.9,1.02,60,
2026-09-15T12:15,Telkom,JHB-SOW-018,JHB-SOW-018-B,RAN,336,2,309,0,0,2,3794.7,2050.7,1.3,10,
2026-09-15T12:15,Telkom,JHB-SOW-018,JHB-SOW-018-C,RAN,385,4,354,2,0,3,4147.9,1790.6,0.73,112,
2026-09-15T12:15,Telkom,PTA-HAT-011,PTA-HAT-011-A,RAN,671,0,617,8,3,6,6205.4,2785.4,0.55,0,
2026-09-15T12:15,Telkom,PTA-HAT-011,PTA-HAT-011-B,RAN,420,0,386,2,1,3,6598.2,2758.5,0.58,70,
2026-09-15T12:15,Telkom,PTA-HAT-011,PTA-HAT-011-C,RAN,385,0,354,2,0,0,5223.7,2128.3,0.4,148,
2026-09-15T12:15,Telkom,CPT-BEL-007,CPT-BEL-007-A,RAN,350,5,322,6,0,2,5808.7,3076.9,0.86,51,
2026-09-15T12:15,Telkom,CPT-BEL-007,CPT-BEL-007-B,RAN,423,7,389,8,2,4,5329.6,2664.4,1.09,0,
2026-09-15T12:15,Telkom,CPT-BEL-007,CPT-BEL-007-C,RAN,473,0,435,3,3,4,5407.7,2432.1,0.54,96,
2026-09-15T12:30,Telkom,JHB-CBD-003,JHB-CBD-003-A,RAN,522,20,480,16,2,9,6546.5,3192.8,1.51,129,
2026-09-15T12:30,Telkom,JHB-CBD-003,JHB-CBD-003-B,RAN,392,63,360,31,6,23,9114.1,3890.4,4.3,1026,INC-20260915-JHB-CBD-003-B
2026-09-15T12:30,Telkom,JHB-CBD-003,JHB-CBD-003-C,RAN,456,15,419,6,0,6,6469.7,2884.9,1.44,174,
2026-09-15T12:30,Telkom,JHB-SOW-018,JHB-SOW-018-A,RAN,550,4,506,6,1,1,4352.8,2189.3,0.61,163,
2026-09-15T12:30,Telkom,JHB-SOW-018,JHB-SOW-018-B,RAN,473,5,435,5,0,0,3757.5,2274.8,0.44,52,
2026-09-15T12:30,Telkom,JHB-SOW-018,JHB-SOW-018-C,RAN,500,6,460,4,0,3,4757.5,2303.7,1.05,0,
2026-09-15T12:30,Telkom,PTA-HAT-011,PTA-HAT-011-A,RAN,696,8,640,8,2,1,5833.1,2700.1,0.55,51,
2026-09-15T12:30,Telkom,PTA-HAT-011,PTA-HAT-011-B,RAN,427,4,392,2,1,0,5547.8,2626.3,1.78,72,
2026-09-15T12:30,Telkom,PTA-HAT-011,PTA-HAT-011-C,RAN,696,3,640,8,1,1,6290.8,2292.1,1.4,16,
2026-09-15T12:30,Telkom,CPT-BEL-007,CPT-BEL-007-A,RAN,440,4,404,3,0,2,5913.3,2397.5,0.28,46,
2026-09-15T12:30,Telkom,CPT-BEL-007,CPT-BEL-007-B,RAN,492,0,452,8,0,0,4869.7,2065.0,0.6,98,
2026-09-15T12:30,Telkom,CPT-BEL-007,CPT-BEL-007-C,RAN,636,5,585,5,0,3,4861.0,2639.7,0.65,0,
2026-09-15T12:45,Telkom,JHB-CBD-003,JHB-CBD-003-A,RAN,549,19,505,11,1,7,6116.1,2225.0,1.5,302,
2026-09-15T12:45,Telkom,JHB-CBD-003,JHB-CBD-003-B,RAN,420,60,386,35,4,20,8714.0,3748.9,4.57,896,INC-20260915-JHB-CBD-003-B
2026-09-15T12:45,Telkom,JHB-CBD-003,JHB-CBD-003-C,RAN,364,7,334,10,1,3,6597.6,3026.2,1.2,263,
2026-09-15T12:45,Telkom,JHB-SOW-018,JHB-SOW-018-A,RAN,336,3,309,4,0,0,4073.3,2020.5,0.64,0,
2026-09-15T12:45,Telkom,JHB-SOW-018,JHB-SOW-018-B,RAN,539,8,495,3,0,5,4627.3,1783.8,0.1,113,
2026-09-15T12:45,Telkom,JHB-SOW-018,JHB-SOW-018-C,RAN,460,2,423,4,0,1,3918.6,1827.5,0.58,17,
2026-09-15T12:45,Telkom,PTA-HAT-011,PTA-HAT-011-A,RAN,816,3,750,8,0,10,6436.5,2677.7,0.13,0,
2026-09-15T12:45,Telkom,PTA-HAT-011,PTA-HAT-011-B,RAN,620,8,570,4,1,2,5856.0,3120.0,0.73,0,
2026-09-15T12:45,Telkom,PTA-HAT-011,PTA-HAT-011-C,RAN,528,3,485,6,0,3,5152.8,2508.1,0.35,127,
2026-09-15T12:45,Telkom,CPT-BEL-007,CPT-BEL-007-A,RAN,392,6,360,3,1,2,6026.9,2457.2,0.93,8,
2026-09-15T12:45,Telkom,CPT-BEL-007,CPT-BEL-007-B,RAN,322,2,296,4,0,1,5039.7,3132.0,0.51,18,
2026-09-15T12:45,Telkom,CPT-BEL-007,CPT-BEL-007-C,RAN,616,7,566,7,0,0,6654.3,2936.1,1.05,0,
2026-09-15T13:00,Telkom,JHB-CBD-003,JHB-CBD-003-A,RAN,480,15,441,11,0,6,5498.8,2973.7,1.07,80,
2026-09-15T13:00,Telkom,JHB-CBD-003,JHB-CBD-003-B,RAN,470,68,432,33,4,25,9022.4,4277.9,4.2,826,INC-20260915-JHB-CBD-003-B
2026-09-15T13:00,Telkom,JHB-CBD-003,JHB-CBD-003-C,RAN,486,20,447,14,2,9,5971.8,3349.4,1.53,166,
2026-09-15T13:00,Telkom,JHB-SOW-018,JHB-SOW-018-A,RAN,360,2,331,1,0,1,3730.7,1897.7,0.28,0,
2026-09-15T13:00,Telkom,JHB-SOW-018,JHB-SOW-018-B,RAN,539,5,495,5,0,2,4290.8,1929.8,0.47,61,
2026-09-15T13:00,Telkom,JHB-SOW-018,JHB-SOW-018-C,RAN,549,2,505,9,0,1,4627.5,2184.6,0.1,149,
2026-09-15T13:00,Telkom,PTA-HAT-011,PTA-HAT-011-A,RAN,464,3,426,2,1,5,6204.7,2564.6,1.48,66,
2026-09-15T13:00,Telkom,PTA-HAT-011,PTA-HAT-011-B,RAN,624,4,574,12,1,6,4990.9,2645.9,0.52,82,
2026-09-15T13:00,Telkom,PTA-HAT-011,PTA-HAT-011-C,RAN,636,1,585,8,0,4,4763.5,2159.5,0.85,89,
2026-09-15T13:00,Telkom,CPT-BEL-007,CPT-BEL-007-A,RAN,440,1,404,2,2,5,6231.7,3079.7,1.31,201,
2026-09-15T13:00,Telkom,CPT-BEL-007,CPT-BEL-007-B,RAN,385,0,354,4,0,1,5644.5,2331.8,0.68,67,
2026-09-15T13:00,Telkom,CPT-BEL-007,CPT-BEL-007-C,RAN,400,5,368,6,0,3,5716.5,2706.6,0.68,131,
2026-09-15T13:15,Telkom,JHB-CBD-003,JHB-CBD-003-A,RAN,400,11,368,10,0,2,5670.4,2361.5,1.08,142,
2026-09-15T13:15,Telkom,JHB-CBD-003,JHB-CBD-003-B,RAN,580,64,533,36,6,26,8616.7,4244.2,3.89,844,INC-20260915-JHB-CBD-003-B
2026-09-15T13:15,Telkom,JHB-CBD-003,JHB-CBD-003-C,RAN,660,22,607,16,2,11,5550.1,2719.4,1.69,331,
2026-09-15T13:15,Telkom,JHB-SOW-018,JHB-SOW-018-A,RAN,495,2,455,7,0,1,3731.4,1880.7,0.49,0,
2026-09-15T13:15,Telkom,JHB-SOW-018,JHB-SOW-018-B,RAN,432,1,397,6,1,2,3932.6,2090.2,0.99,82,
2026-09-15T13:15,Telkom,JHB-SOW-018,JHB-SOW-018-C,RAN,360,4,331,0,0,0,3646.4,1534.8,1.01,121,
2026-09-15T13:15,Telkom,PTA-HAT-011,PTA-HAT-011-A,RAN,620,12,570,8,2,4,6775.8,3355.7,0.45,141,
2026-09-15T13:15,Telkom,PTA-HAT-011,PTA-HAT-011-B,RAN,506,3,465,2,0,3,5456.2,2990.1,0.75,91,
2026-09-15T13:15,Telkom,PTA-HAT-011,PTA-HAT-011-C,RAN,420,4,386,4,0,2,6249.0,2725.1,0.67,68,
2026-09-15T13:15,Telkom,CPT-BEL-007,CPT-BEL-007-A,RAN,460,5,423,8,0,0,5328.6,2774.0,1.06,0,
2026-09-15T13:15,Telkom,CPT-BEL-007,CPT-BEL-007-B,RAN,470,3,432,8,3,2,5100.0,2560.9,1.22,49,
2026-09-15T13:15,Telkom,CPT-BEL-007,CPT-BEL-007-C,RAN,450,2,414,5,0,0,4716.7,2502.5,0.45,0,
2026-09-15T13:30,Telkom,JHB-CBD-003,JHB-CBD-003-A,RAN,470,14,432,10,0,6,6133.1,3145.7,0.94,128,
2026-09-15T13:30,Telkom,JHB-CBD-003,JHB-CBD-003-B,RAN,540,59,496,30,3,17,7375.7,3105.1,3.68,609,INC-20260915-JHB-CBD-003-B
2026-09-15T13:30,Telkom,JHB-CBD-003,JHB-CBD-003-C,RAN,315,15,289,4,0,4,5624.5,2681.2,1.11,212,
2026-09-15T13:30,Telkom,JHB-SOW-018,JHB-SOW-018-A,RAN,460,2,423,6,1,3,4485.1,2121.0,0.37,89,
2026-09-15T13:30,Telkom,JHB-SOW-018,JHB-SOW-018-B,RAN,360,5,331,1,1,2,4279.0,2133.3,0.77,0,
2026-09-15T13:30,Telkom,JHB-SOW-018,JHB-SOW-018-C,RAN,500,2,460,1,0,3,4330.7,1758.9,0.26,81,
2026-09-15T13:30,Telkom,PTA-HAT-011,PTA-HAT-011-A,RAN,480,4,441,4,0,0,5655.9,3025.1,0.3,0,
2026-09-15T13:30,Telkom,PTA-HAT-011,PTA-HAT-011-B,RAN,672,12,618,5,1,1,5973.7,2379.9,0.36,0,
2026-09-15T13:30,Telkom,PTA-HAT-011,PTA-HAT-011-C,RAN,450,5,414,4,0,3,5239.7,2597.3,0.82,77,
2026-09-15T13:30,Telkom,CPT-BEL-007,CPT-BEL-007-A,RAN,636,8,585,3,0,0,5183.0,2577.5,0.55,54,
2026-09-15T13:30,Telkom,CPT-BEL-007,CPT-BEL-007-B,RAN,315,1,289,0,0,2,5151.4,2373.5,0.54,152,
2026-09-15T13:30,Telkom,CPT-BEL-007,CPT-BEL-007-C,RAN,384,4,353,2,0,0,5307.3,2360.2,0.39,13,
2026-09-15T13:45,Telkom,JHB-CBD-003,JHB-CBD-003-A,RAN,408,14,375,9,0,6,6238.2,3050.7,1.41,155,
2026-09-15T13:45,Telkom,JHB-CBD-003,JHB-CBD-003-B,RAN,470,44,432,25,3,15,6960.3,3402.6,2.66,528,INC-20260915-JHB-CBD-003-B
2026-09-15T13:45,Telkom,JHB-CBD-003,JHB-CBD-003-C,RAN,450,18,414,11,2,9,6471.6,3363.7,1.37,298,
2026-09-15T13:45,Telkom,JHB-SOW-018,JHB-SOW-018-A,RAN,315,0,289,0,1,0,4891.6,2752.5,1.36,0,
2026-09-15T13:45,Telkom,JHB-SOW-018,JHB-SOW-018-B,RAN,451,3,414,3,0,3,3873.0,2077.5,0.23,35,
2026-09-15T13:45,Telkom,JHB-SOW-018,JHB-SOW-018-C,RAN,344,2,316,0,0,0,4124.0,1818.9,0.94,58,
2026-09-15T13:45,Telkom,PTA-HAT-011,PTA-HAT-011-A,RAN,531,2,488,7,1,1,6221.6,3449.0,0.32,114,
2026-09-15T13:45,Telkom,PTA-HAT-011,PTA-HAT-011-B,RAN,440,0,404,0,0,1,5510.2,2645.1,0.99,74,
2026-09-15T13:45,Telkom,PTA-HAT-011,PTA-HAT-011-C,RAN,517,5,475,5,0,3,5242.6,2327.9,0.74,98,
2026-09-15T13:45,Telkom,CPT-BEL-007,CPT-BEL-007-A,RAN,352,4,323,3,0,1,5148.2,2194.6,0.28,0,
2026-09-15T13:45,Telkom,CPT-BEL-007,CPT-BEL-007-B,RAN,552,6,507,8,1,1,5524.7,2387.8,0.85,29,
2026-09-15T13:45,Telkom,CPT-BEL-007,CPT-BEL-007-C,RAN,396,2,364,6,0,3,4603.8,2335.8,1.04,102,
2026-09-15T14:00,Telkom,JHB-CBD-003,JHB-CBD-003-A,RAN,550,5,506,5,1,2,5863.5,3113.7,0.53,8,
2026-09-15T14:00,Telkom,JHB-CBD-003,JHB-CBD-003-B,RAN,528,4,485,3,0,3,6108.4,2649.9,0.82,57,
2026-09-15T14:00,Telkom,JHB-CBD-003,JHB-CBD-003-C,RAN,600,4,552,5,0,4,4865.9,2618.3,0.48,115,
2026-09-15T14:00,Telkom,JHB-SOW-018,JHB-SOW-018-A,RAN,280,0,257,3,0,0,3850.3,2347.5,0.95,84,
2026-09-15T14:00,Telkom,JHB-SOW-018,JHB-SOW-018-B,RAN,484,1,445,3,1,3,3426.1,1531.6,0.74,146,
2026-09-15T14:00,Telkom,JHB-SOW-018,JHB-SOW-018-C,RAN,648,6,596,6,1,4,3313.3,1287.1,0.69,0,
2026-09-15T14:00,Telkom,PTA-HAT-011,PTA-HAT-011-A,RAN,513,3,471,6,1,4,5943.1,2913.8,0.79,29,
2026-09-15T14:00,Telkom,PTA-HAT-011,PTA-HAT-011-B,RAN,399,5,367,3,0,4,5899.9,3151.4,1.13,102,
2026-09-15T14:00,Telkom,PTA-HAT-011,PTA-HAT-011-C,RAN,549,5,505,2,0,0,6033.9,3282.9,1.22,0,
2026-09-15T14:00,Telkom,CPT-BEL-007,CPT-BEL-007-A,RAN,405,0,372,7,0,3,5291.8,2603.2,0.97,0,
2026-09-15T14:00,Telkom,CPT-BEL-007,CPT-BEL-007-B,RAN,612,3,563,8,1,6,5318.6,3059.9,0.58,0,
2026-09-15T14:00,Telkom,CPT-BEL-007,CPT-BEL-007-C,RAN,588,5,540,2,0,1,5860.7,2982.0,0.98,0,
2026-09-15T14:15,Telkom,JHB-CBD-003,JHB-CBD-003-A,RAN,360,1,331,4,0,0,4783.6,2411.9,0.6,31,
2026-09-15T14:15,Telkom,JHB-CBD-003,JHB-CBD-003-B,RAN,410,3,377,4,0,2,4775.7,2575.1,0.96,44,
2026-09-15T14:15,Telkom,JHB-CBD-003,JHB-CBD-003-C,RAN,495,6,455,4,2,1,5184.1,2390.3,1.01,38,
2026-09-15T14:15,Telkom,JHB-SOW-018,JHB-SOW-018-A,RAN,420,0,386,3,0,2,3742.0,1589.7,0.94,92,
2026-09-15T14:15,Telkom,JHB-SOW-018,JHB-SOW-018-B,RAN,315,0,289,0,0,2,4065.8,1486.4,0.92,178,
2026-09-15T14:15,Telkom,JHB-SOW-018,JHB-SOW-018-C,RAN,342,0,314,7,0,0,3548.9,1518.4,0.34,0,
2026-09-15T14:15,Telkom,PTA-HAT-011,PTA-HAT-011-A,RAN,636,3,585,7,1,2,6135.9,2642.6,0.92,0,
2026-09-15T14:15,Telkom,PTA-HAT-011,PTA-HAT-011-B,RAN,480,3,441,5,0,3,5071.6,2609.7,0.8,74,
2026-09-15T14:15,Telkom,PTA-HAT-011,PTA-HAT-011-C,RAN,564,7,518,1,1,3,5423.3,2572.8,0.72,84,
2026-09-15T14:15,Telkom,CPT-BEL-007,CPT-BEL-007-A,RAN,378,5,347,6,2,3,4944.4,1853.9,0.83,0,
2026-09-15T14:15,Telkom,CPT-BEL-007,CPT-BEL-007-B,RAN,368,9,338,2,0,3,5089.7,2525.5,0.77,0,
2026-09-15T14:15,Telkom,CPT-BEL-007,CPT-BEL-007-C,RAN,368,7,338,2,0,1,5953.5,2286.2,0.32,49,
2026-09-15T14:30,Telkom,JHB-CBD-003,JHB-CBD-003-A,RAN,329,2,302,5,0,0,5260.7,2403.5,0.29,47,
2026-09-15T14:30,Telkom,JHB-CBD-003,JHB-CBD-003-B,RAN,570,6,524,1,2,3,5635.4,2144.5,1.43,0,
2026-09-15T14:30,Telkom,JHB-CBD-003,JHB-CBD-003-C,RAN,336,3,309,7,0,2,5048.0,2654.5,0.66,7,
2026-09-15T14:30,Telkom,JHB-SOW-018,JHB-SOW-018-A,RAN,273,1,251,0,0,0,2835.5,1235.0,0.78,0,
2026-09-15T14:30,Telkom,JHB-SOW-018,JHB-SOW-018-B,RAN,405,2,372,9,0,1,3892.7,1680.6,0.98,0,
2026-09-15T14:30,Telkom,JHB-SOW-018,JHB-SOW-018-C,RAN,517,6,475,2,2,1,3972.8,1544.5,0.89,153,
2026-09-15T14:30,Telkom,PTA-HAT-011,PTA-HAT-011-A,RAN,408,6,375,5,2,0,5290.5,2532.9,0.87,56,
2026-09-15T14:30,Telkom,PTA-HAT-011,PTA-HAT-011-B,RAN,396,3,364,5,0,3,5507.3,2290.9,0.7,0,
2026-09-15T14:30,Telkom,PTA-HAT-011,PTA-HAT-011-C,RAN,450,3,414,7,0,1,5050.1,2240.5,1.01,134,
2026-09-15T14:30,Telkom,CPT-BEL-007,CPT-BEL-007-A,RAN,462,5,425,3,1,2,5541.4,2683.8,0.7,65,
2026-09-15T14:30,Telkom,CPT-BEL-007,CPT-BEL-007-B,RAN,423,5,389,6,0,0,5698.0,2628.4,0.1,90,
2026-09-15T14:30,Telkom,CPT-BEL-007,CPT-BEL-007-C,RAN,462,3,425,2,0,3,5190.6,2665.6,0.74,0,
2026-09-15T14:45,Telkom,JHB-CBD-003,JHB-CBD-003-A,RAN,315,2,289,3,2,2,5972.1,2799.1,0.76,41,
2026-09-15T14:45,Telkom,JHB-CBD-003,JHB-CBD-003-B,RAN,392,4,360,3,0,3,5210.3,2529.7,0.31,58,
2026-09-15T14:45,Telkom,JHB-CBD-003,JHB-CBD-003-C,RAN,440,1,404,7,0,2,6137.8,3307.7,0.57,107,
2026-09-15T14:45,Telkom,JHB-SOW-018,JHB-SOW-018-A,RAN,504,5,463,4,0,0,4090.2,2243.7,0.55,27,
2026-09-15T14:45,Telkom,JHB-SOW-018,JHB-SOW-018-B,RAN,371,2,341,3,1,4,3698.5,1713.1,0.62,160,
2026-09-15T14:45,Telkom,JHB-SOW-018,JHB-SOW-018-C,RAN,430,1,395,1,0,0,4069.3,1961.0,0.15,95,
2026-09-15T14:45,Telkom,PTA-HAT-011,PTA-HAT-011-A,RAN,672,11,618,7,0,0,6187.2,3189.2,0.96,66,
2026-09-15T14:45,Telkom,PTA-HAT-011,PTA-HAT-011-B,RAN,572,6,526,5,0,2,5629.0,3314.1,0.69,62,
2026-09-15T14:45,Telkom,PTA-HAT-011,PTA-HAT-011-C,RAN,620,6,570,6,0,0,6867.2,3170.8,0.14,0,
2026-09-15T14:45,Telkom,CPT-BEL-007,CPT-BEL-007-A,RAN,343,3,315,4,0,1,5520.7,2257.6,0.98,0,
2026-09-15T14:45,Telkom,CPT-BEL-007,CPT-BEL-007-B,RAN,252,1,231,3,1,1,4567.4,2671.9,0.31,47,
2026-09-15T14:45,Telkom,CPT-BEL-007,CPT-BEL-007-C,RAN,329,3,302,3,0,2,4694.3,1688.0,0.81,204,
2026-09-15T15:00,Telkom,JHB-CBD-003,JHB-CBD-003-A,RAN,440,6,404,7,0,1,5813.2,2913.7,0.77,0,
2026-09-15T15:00,Telkom,JHB-CBD-003,JHB-CBD-003-B,RAN,539,6,495,3,0,4,5722.9,3009.9,0.66,55,
2026-09-15T15:00,Telkom,JHB-CBD-003,JHB-CBD-003-C,RAN,350,5,322,5,0,3,5696.2,2807.0,0.59,150,
2026-09-15T15:00,Telkom,JHB-SOW-018,JHB-SOW-018-A,RAN,328,3,301,4,1,5,3290.0,1755.0,0.31,0,
2026-09-15T15:00,Telkom,JHB-SOW-018,JHB-SOW-018-B,RAN,462,7,425,1,1,2,4292.6,2251.2,1.24,109,
2026-09-15T15:00,Telkom,JHB-SOW-018,JHB-SOW-018-C,RAN,516,2,474,8,0,2,4134.7,1885.3,0.63,200,
2026-09-15T15:00,Telkom,PTA-HAT-011,PTA-HAT-011-A,RAN,322,6,296,3,0,4,5270.3,2331.3,0.67,74,
2026-09-15T15:00,Telkom,PTA-HAT-011,PTA-HAT-011-B,RAN,320,5,294,2,0,0,4652.2,2719.1,0.63,0,
2026-09-15T15:00,Telkom,PTA-HAT-011,PTA-HAT-011-C,RAN,510,3,469,1,0,0,5864.8,2760.0,0.99,22,
2026-09-15T15:00,Telkom,CPT-BEL-007,CPT-BEL-007-A,RAN,368,4,338,3,0,3,4691.7,1985.7,0.27,84,
2026-09-15T15:00,Telkom,CPT-BEL-007,CPT-BEL-007-B,RAN,576,4,529,4,2,4,4866.0,2231.5,1.03,66,
2026-09-15T15:00,Telkom,CPT-BEL-007,CPT-BEL-007-C,RAN,400,2,368,2,0,1,5442.6,2725.6,0.37,228,
2026-09-15T15:15,Telkom,JHB-CBD-003,JHB-CBD-003-A,RAN,304,3,279,3,0,2,3849.0,1931.0,0.93,0,
2026-09-15T15:15,Telkom,JHB-CBD-003,JHB-CBD-003-B,RAN,416,3,382,6,0,2,6046.6,3357.6,1.26,5,
2026-09-15T15:15,Telkom,JHB-CBD-003,JHB-CBD-003-C,RAN,432,0,397,2,2,2,5312.6,2162.6,0.3,38,
2026-09-15T15:15,Telkom,JHB-SOW-018,JHB-SOW-018-A,RAN,460,6,423,4,0,1,3684.0,1500.2,1.0,28,
2026-09-15T15:15,Telkom,JHB-SOW-018,JHB-SOW-018-B,RAN,460,4,423,1,0,0,4549.5,1948.9,0.83,0,
2026-09-15T15:15,Telkom,JHB-SOW-018,JHB-SOW-018-C,RAN,368,6,338,5,0,1,4166.8,2184.5,0.1,31,
2026-09-15T15:15,Telkom,PTA-HAT-011,PTA-HAT-011-A,RAN,530,8,487,10,0,0,5226.7,2039.0,0.56,91,
2026-09-15T15:15,Telkom,PTA-HAT-011,PTA-HAT-011-B,RAN,472,1,434,4,0,3,5948.3,2574.0,0.19,51,
2026-09-15T15:15,Telkom,PTA-HAT-011,PTA-HAT-011-C,RAN,357,7,328,1,0,2,5654.9,2187.0,0.86,45,
2026-09-15T15:15,Telkom,CPT-BEL-007,CPT-BEL-007-A,RAN,504,4,463,8,0,1,5308.6,2638.6,0.66,0,
2026-09-15T15:15,Telkom,CPT-BEL-007,CPT-BEL-007-B,RAN,396,2,364,4,1,3,6689.1,2993.4,0.22,0,
2026-09-15T15:15,Telkom,CPT-BEL-007,CPT-BEL-007-C,RAN,371,4,341,6,0,1,5510.5,2378.6,0.59,0,
2026-09-15T15:30,Telkom,JHB-CBD-003,JHB-CBD-003-A,RAN,517,1,475,2,1,3,5356.9,2985.0,0.99,0,
2026-09-15T15:30,Telkom,JHB-CBD-003,JHB-CBD-003-B,RAN,423,3,389,3,1,3,5544.2,2646.9,0.66,135,
2026-09-15T15:30,Telkom,JHB-CBD-003,JHB-CBD-003-C,RAN,400,7,368,5,0,1,4839.7,2548.9,0.85,52,
2026-09-15T15:30,Telkom,JHB-SOW-018,JHB-SOW-018-A,RAN,462,3,425,2,0,3,4056.1,1749.4,0.89,42,
2026-09-15T15:30,Telkom,JHB-SOW-018,JHB-SOW-018-B,RAN,378,0,347,2,0,4,4207.0,2412.2,0.64,43,
2026-09-15T15:30,Telkom,JHB-SOW-018,JHB-SOW-018-C,RAN,342,0,314,6,0,1,4017.4,1751.1,0.63,0,
2026-09-15T15:30,Telkom,PTA-HAT-011,PTA-HAT-011-A,RAN,385,7,354,6,0,3,6602.6,2970.4,1.17,226,
2026-09-15T15:30,Telkom,PTA-HAT-011,PTA-HAT-011-B,RAN,516,6,474,1,0,2,4742.1,2213.0,0.56,0,
2026-09-15T15:30,Telkom,PTA-HAT-011,PTA-HAT-011-C,RAN,378,0,347,2,0,3,5743.0,2425.5,0.78,94,
2026-09-15T15:30,Telkom,CPT-BEL-007,CPT-BEL-007-A,RAN,430,2,395,5,2,0,4663.4,1701.6,0.22,12,
2026-09-15T15:30,Telkom,CPT-BEL-007,CPT-BEL-007-B,RAN,287,5,264,3,2,1,5461.7,2494.5,0.39,99,
2026-09-15T15:30,Telkom,CPT-BEL-007,CPT-BEL-007-C,RAN,328,2,301,1,0,0,5569.1,2261.0,0.67,0,
2026-09-15T15:45,Telkom,JHB-CBD-003,JHB-CBD-003-A,RAN,468,2,430,2,0,3,4666.6,2050.8,0.9,80,
2026-09-15T15:45,Telkom,JHB-CBD-003,JHB-CBD-003-B,RAN,624,4,574,6,0,3,5401.7,2486.0,0.44,0,
2026-09-15T15:45,Telkom,JHB-CBD-003,JHB-CBD-003-C,RAN,564,3,518,8,0,2,6352.8,3520.1,1.0,45,
2026-09-15T15:45,Telkom,JHB-SOW-018,JHB-SOW-018-A,RAN,456,4,419,5,0,1,3591.5,1721.1,1.14,0,
2026-09-15T15:45,Telkom,JHB-SOW-018,JHB-SOW-018-B,RAN,414,4,380,7,1,2,3985.4,2082.2,0.16,71,
2026-09-15T15:45,Telkom,JHB-SOW-018,JHB-SOW-018-C,RAN,340,4,312,0,0,2,3122.8,1410.5,0.93,0,
2026-09-15T15:45,Telkom,PTA-HAT-011,PTA-HAT-011-A,RAN,517,7,475,1,0,2,5436.9,2266.1,0.45,66,
2026-09-15T15:45,Telkom,PTA-HAT-011,PTA-HAT-011-B,RAN,460,6,423,3,0,0,4713.7,2825.0,0.93,210,
2026-09-15T15:45,Telkom,PTA-HAT-011,PTA-HAT-011-C,RAN,322,4,296,4,0,1,5321.2,2456.1,0.1,53,
2026-09-15T15:45,Telkom,CPT-BEL-007,CPT-BEL-007-A,RAN,336,4,309,7,0,1,4824.4,2810.7,1.02,106,
2026-09-15T15:45,Telkom,CPT-BEL-007,CPT-BEL-007-B,RAN,500,5,460,2,0,4,5338.8,2516.5,1.29,0,
2026-09-15T15:45,Telkom,CPT-BEL-007,CPT-BEL-007-C,RAN,273,6,251,3,2,3,5080.9,2452.7,0.79,0,
2026-09-15T16:00,Telkom,JHB-CBD-003,JHB-CBD-003-A,RAN,605,10,556,7,1,1,6077.5,2867.3,1.04,42,
2026-09-15T16:00,Telkom,JHB-CBD-003,JHB-CBD-003-B,RAN,440,0,404,5,0,2,5432.8,1926.5,0.86,0,
2026-09-15T16:00,Telkom,JHB-CBD-003,JHB-CBD-003-C,RAN,500,6,460,3,0,3,6148.0,3190.5,0.52,99,
2026-09-15T16:00,Telkom,JHB-SOW-018,JHB-SOW-018-A,RAN,333,4,306,3,0,0,3379.5,1806.1,0.8,0,
2026-09-15T16:00,Telkom,JHB-SOW-018,JHB-SOW-018-B,RAN,304,4,279,6,0,0,3217.4,1462.6,0.39,0,
2026-09-15T16:00,Telkom,JHB-SOW-018,JHB-SOW-018-C,RAN,440,5,404,5,0,1,3685.9,1715.1,0.86,59,
2026-09-15T16:00,Telkom,PTA-HAT-011,PTA-HAT-011-A,RAN,368,0,338,4,0,1,4824.9,2226.9,0.28,192,
2026-09-15T16:00,Telkom,PTA-HAT-011,PTA-HAT-011-B,RAN,550,3,506,7,0,4,5707.3,1949.0,0.55,84,
2026-09-15T16:00,Telkom,PTA-HAT-011,PTA-HAT-011-C,RAN,440,0,404,3,0,2,5851.4,2836.5,0.2,0,
2026-09-15T16:00,Telkom,CPT-BEL-007,CPT-BEL-007-A,RAN,320,3,294,1,0,2,5521.5,2869.9,0.58,9,
2026-09-15T16:00,Telkom,CPT-BEL-007,CPT-BEL-007-B,RAN,630,2,579,5,1,8,5773.4,2535.6,0.51,134,
2026-09-15T16:00,Telkom,CPT-BEL-007,CPT-BEL-007-C,RAN,407,4,374,3,1,4,5268.9,3455.4,0.9,0,
2026-09-15T16:15,Telkom,JHB-CBD-003,JHB-CBD-003-A,RAN,492,7,452,7,0,5,4889.2,2540.7,1.06,69,
2026-09-15T16:15,Telkom,JHB-CBD-003,JHB-CBD-003-B,RAN,506,4,465,3,0,1,4773.2,2954.3,0.92,80,
2026-09-15T16:15,Telkom,JHB-CBD-003,JHB-CBD-003-C,RAN,480,7,441,4,0,1,4947.2,2199.0,0.47,162,
2026-09-15T16:15,Telkom,JHB-SOW-018,JHB-SOW-018-A,RAN,378,5,347,3,1,1,3222.7,1729.1,0.92,36,
2026-09-15T16:15,Telkom,JHB-SOW-018,JHB-SOW-018-B,RAN,588,6,540,3,1,3,4441.8,1580.7,0.9,81,
2026-09-15T16:15,Telkom,JHB-SOW-018,JHB-SOW-018-C,RAN,259,2,238,2,1,2,3780.6,1989.6,0.58,0,
2026-09-15T16:15,Telkom,PTA-HAT-011,PTA-HAT-011-A,RAN,468,2,430,6,0,4,5772.3,3062.0,1.05,58,
2026-09-15T16:15,Telkom,PTA-HAT-011,PTA-HAT-011-B,RAN,560,10,515,3,0,4,6284.6,3166.1,1.64,0,
2026-09-15T16:15,Telkom,PTA-HAT-011,PTA-HAT-011-C,RAN,396,3,364,2,0,3,5294.5,2108.9,0.94,1,
2026-09-15T16:15,Telkom,CPT-BEL-007,CPT-BEL-007-A,RAN,440,3,404,3,0,2,5115.4,2471.9,0.57,0,
2026-09-15T16:15,Telkom,CPT-BEL-007,CPT-BEL-007-B,RAN,423,0,389,4,0,4,5861.4,2750.7,0.59,0,
2026-09-15T16:15,Telkom,CPT-BEL-007,CPT-BEL-007-C,RAN,315,0,289,2,0,1,5847.3,3164.5,0.88,12,
2026-09-15T16:30,Telkom,JHB-CBD-003,JHB-CBD-003-A,RAN,460,4,423,5,0,0,5112.8,2568.9,1.2,54,
2026-09-15T16:30,Telkom,JHB-CBD-003,JHB-CBD-003-B,RAN,564,6,518,7,1,3,5662.9,2739.2,0.26,0,
2026-09-15T16:30,Telkom,JHB-CBD-003,JHB-CBD-003-C,RAN,459,4,422,6,0,2,6123.2,3367.6,0.19,102,
2026-09-15T16:30,Telkom,JHB-SOW-018,JHB-SOW-018-A,RAN,294,1,270,5,0,0,3550.1,1303.3,0.87,126,
2026-09-15T16:30,Telkom,JHB-SOW-018,JHB-SOW-018-B,RAN,430,0,395,6,0,0,3598.9,1751.8,0.85,3,
2026-09-15T16:30,Telkom,JHB-SOW-018,JHB-SOW-018-C,RAN,492,3,452,2,0,2,4255.2,2352.7,0.72,0,
2026-09-15T16:30,Telkom,PTA-HAT-011,PTA-HAT-011-A,RAN,530,0,487,5,0,1,5014.9,2427.4,0.54,64,
2026-09-15T16:30,Telkom,PTA-HAT-011,PTA-HAT-011-B,RAN,432,7,397,7,0,1,5741.4,3063.3,0.8,95,
2026-09-15T16:30,Telkom,PTA-HAT-011,PTA-HAT-011-C,RAN,378,3,347,6,0,2,5293.6,2938.9,0.81,27,
2026-09-15T16:30,Telkom,CPT-BEL-007,CPT-BEL-007-A,RAN,612,4,563,8,2,4,4791.0,2449.3,0.91,0,
2026-09-15T16:30,Telkom,CPT-BEL-007,CPT-BEL-007-B,RAN,308,8,283,2,1,2,5489.5,2262.8,0.29,35,
2026-09-15T16:30,Telkom,CPT-BEL-007,CPT-BEL-007-C,RAN,385,4,354,0,0,1,5910.0,2778.6,0.9,19,
2026-09-15T16:45,Telkom,JHB-CBD-003,JHB-CBD-003-A,RAN,500,0,460,6,1,4,6180.4,2707.8,1.51,0,
2026-09-15T16:45,Telkom,JHB-CBD-003,JHB-CBD-003-B,RAN,350,6,322,2,0,0,5358.9,2982.9,0.34,207,
2026-09-15T16:45,Telkom,JHB-CBD-003,JHB-CBD-003-C,RAN,432,4,397,5,0,2,4818.9,2263.8,0.2,25,
2026-09-15T16:45,Telkom,JHB-SOW-018,JHB-SOW-018-A,RAN,368,0,338,2,1,2,3857.3,1945.1,0.47,2,
2026-09-15T16:45,Telkom,JHB-SOW-018,JHB-SOW-018-B,RAN,287,4,264,1,0,0,4111.7,1764.3,0.44,136,
2026-09-15T16:45,Telkom,JHB-SOW-018,JHB-SOW-018-C,RAN,387,0,356,3,0,2,2911.4,1289.5,0.62,201,
2026-09-15T16:45,Telkom,PTA-HAT-011,PTA-HAT-011-A,RAN,464,1,426,4,1,1,5646.3,2799.1,0.74,176,
2026-09-15T16:45,Telkom,PTA-HAT-011,PTA-HAT-011-B,RAN,352,3,323,1,0,2,5613.0,2747.7,0.83,0,
2026-09-15T16:45,Telkom,PTA-HAT-011,PTA-HAT-011-C,RAN,594,3,546,6,2,6,4779.2,2434.4,0.87,0,
2026-09-15T16:45,Telkom,CPT-BEL-007,CPT-BEL-007-A,RAN,459,4,422,5,1,0,5694.4,3021.8,1.08,0,
2026-09-15T16:45,Telkom,CPT-BEL-007,CPT-BEL-007-B,RAN,322,6,296,1,0,0,4919.5,2127.0,0.69,59,
2026-09-15T16:45,Telkom,CPT-BEL-007,CPT-BEL-007-C,RAN,477,4,438,3,1,3,4799.3,1913.4,0.78,0,
2026-09-15T17:00,Telkom,JHB-CBD-003,JHB-CBD-003-A,RAN,520,7,478,2,0,2,6260.1,2928.3,1.41,0,
2026-09-15T17:00,Telkom,JHB-CBD-003,JHB-CBD-003-B,RAN,540,9,496,7,1,4,5952.6,2698.2,1.33,44,
2026-09-15T17:00,Telkom,JHB-CBD-003,JHB-CBD-003-C,RAN,550,0,506,6,1,2,5357.2,2382.7,0.47,0,
2026-09-15T17:00,Telkom,JHB-SOW-018,JHB-SOW-018-A,RAN,336,1,309,4,0,4,3704.1,2041.1,0.79,33,
2026-09-15T17:00,Telkom,JHB-SOW-018,JHB-SOW-018-B,RAN,550,6,506,5,0,0,3429.9,1886.4,1.01,105,
2026-09-15T17:00,Telkom,JHB-SOW-018,JHB-SOW-018-C,RAN,600,8,552,9,2,6,4473.7,2187.9,0.62,0,
2026-09-15T17:00,Telkom,PTA-HAT-011,PTA-HAT-011-A,RAN,477,1,438,4,0,2,5675.2,2570.5,1.43,0,
2026-09-15T17:00,Telkom,PTA-HAT-011,PTA-HAT-011-B,RAN,490,9,450,6,0,4,6620.0,3472.9,0.99,165,
2026-09-15T17:00,Telkom,PTA-HAT-011,PTA-HAT-011-C,RAN,528,4,485,6,1,3,5889.5,2998.9,0.77,0,
2026-09-15T17:00,Telkom,CPT-BEL-007,CPT-BEL-007-A,RAN,429,0,394,1,0,3,5215.0,2551.8,0.95,5,
2026-09-15T17:00,Telkom,CPT-BEL-007,CPT-BEL-007-B,RAN,336,1,309,0,1,1,5023.4,2561.5,1.01,29,
2026-09-15T17:00,Telkom,CPT-BEL-007,CPT-BEL-007-C,RAN,450,3,414,1,0,1,4698.8,2318.0,0.67,33,
2026-09-15T17:15,Telkom,JHB-CBD-003,JHB-CBD-003-A,RAN,528,2,485,6,0,0,5246.5,2300.3,1.12,50,
2026-09-15T17:15,Telkom,JHB-CBD-003,JHB-CBD-003-B,RAN,368,2,338,7,0,2,5231.5,2310.6,0.1,0,
2026-09-15T17:15,Telkom,JHB-CBD-003,JHB-CBD-003-C,RAN,406,3,373,3,0,1,5744.5,2284.4,1.04,48,
2026-09-15T17:15,Telkom,JHB-SOW-018,JHB-SOW-018-A,RAN,407,6,374,2,0,1,3111.8,1540.6,1.47,0,
2026-09-15T17:15,Telkom,JHB-SOW-018,JHB-SOW-018-B,RAN,430,4,395,5,0,1,3531.5,2099.8,0.1,79,
2026-09-15T17:15,Telkom,JHB-SOW-018,JHB-SOW-018-C,RAN,440,0,404,9,0,0,3819.5,2011.1,0.84,82,
2026-09-15T17:15,Telkom,PTA-HAT-011,PTA-HAT-011-A,RAN,768,8,706,6,0,1,6030.3,2484.0,0.96,0,
2026-09-15T17:15,Telkom,PTA-HAT-011,PTA-HAT-011-B,RAN,424,3,390,3,0,0,5879.0,3352.3,0.78,137,
2026-09-15T17:15,Telkom,PTA-HAT-011,PTA-HAT-011-C,RAN,588,5,540,4,0,3,5335.1,2820.8,0.41,50,
2026-09-15T17:15,Telkom,CPT-BEL-007,CPT-BEL-007-A,RAN,400,4,368,2,0,0,5323.9,2512.9,0.1,0,
2026-09-15T17:15,Telkom,CPT-BEL-007,CPT-BEL-007-B,RAN,540,7,496,3,0,2,5517.2,2970.2,0.63,2,
2026-09-15T17:15,Telkom,CPT-BEL-007,CPT-BEL-007-C,RAN,561,1,516,9,0,3,5677.1,3167.3,0.51,55,
2026-09-15T17:30,Telkom,JHB-CBD-003,JHB-CBD-003-A,RAN,616,7,566,5,0,0,6193.6,2677.8,0.92,65,
2026-09-15T17:30,Telkom,JHB-CBD-003,JHB-CBD-003-B,RAN,636,4,585,5,0,0,6293.9,2995.0,0.69,145,
2026-09-15T17:30,Telkom,JHB-CBD-003,JHB-CBD-003-C,RAN,357,7,328,3,0,3,5196.5,2277.1,0.1,17,
2026-09-15T17:30,Telkom,JHB-SOW-018,JHB-SOW-018-A,RAN,460,6,423,2,0,1,4380.0,1954.0,1.05,19,
2026-09-15T17:30,Telkom,JHB-SOW-018,JHB-SOW-018-B,RAN,420,3,386,3,2,6,3062.0,1516.7,0.86,0,
2026-09-15T17:30,Telkom,JHB-SOW-018,JHB-SOW-018-C,RAN,495,1,455,5,0,3,3845.3,1488.6,1.07,0,
2026-09-15T17:30,Telkom,PTA-HAT-011,PTA-HAT-011-A,RAN,583,7,536,2,0,1,5915.3,3526.4,1.07,0,
2026-09-15T17:30,Telkom,PTA-HAT-011,PTA-HAT-011-B,RAN,640,5,588,8,0,1,6590.6,2834.0,0.92,35,
2026-09-15T17:30,Telkom,PTA-HAT-011,PTA-HAT-011-C,RAN,561,3,516,4,0,0,6659.8,2966.8,1.04,0,
2026-09-15T17:30,Telkom,CPT-BEL-007,CPT-BEL-007-A,RAN,378,4,347,4,1,2,6077.9,3120.1,0.8,12,
2026-09-15T17:30,Telkom,CPT-BEL-007,CPT-BEL-007-B,RAN,627,6,576,4,2,0,6596.3,2950.3,0.5,71,
2026-09-15T17:30,Telkom,CPT-BEL-007,CPT-BEL-007-C,RAN,605,3,556,5,2,1,6013.1,2993.5,1.07,21,
2026-09-15T17:45,Telkom,JHB-CBD-003,JHB-CBD-003-A,RAN,510,4,469,5,0,4,5849.9,2396.4,0.51,30,
2026-09-15T17:45,Telkom,JHB-CBD-003,JHB-CBD-003-B,RAN,560,5,515,5,0,4,5755.2,2718.6,0.43,30,
2026-09-15T17:45,Telkom,JHB-CBD-003,JHB-CBD-003-C,RAN,427,3,392,5,0,1,5911.4,2698.9,0.55,130,
2026-09-15T17:45,Telkom,JHB-SOW-018,JHB-SOW-018-A,RAN,648,7,596,10,0,2,4222.8,2078.2,0.71,33,
2026-09-15T17:45,Telkom,JHB-SOW-018,JHB-SOW-018-B,RAN,423,4,389,7,0,4,4031.0,2205.3,0.55,68,
2026-09-15T17:45,Telkom,JHB-SOW-018,JHB-SOW-018-C,RAN,441,3,405,6,0,3,3171.3,1554.1,0.37,75,
2026-09-15T17:45,Telkom,PTA-HAT-011,PTA-HAT-011-A,RAN,616,0,566,2,0,4,5531.0,3038.9,0.23,73,
2026-09-15T17:45,Telkom,PTA-HAT-011,PTA-HAT-011-B,RAN,531,4,488,2,0,6,6242.7,3165.1,0.2,89,
2026-09-15T17:45,Telkom,PTA-HAT-011,PTA-HAT-011-C,RAN,540,1,496,0,1,3,5930.7,3233.7,1.06,42,
2026-09-15T17:45,Telkom,CPT-BEL-007,CPT-BEL-007-A,RAN,420,1,386,2,0,0,5182.3,2862.3,1.25,152,
2026-09-15T17:45,Telkom,CPT-BEL-007,CPT-BEL-007-B,RAN,432,4,397,4,1,0,4897.4,2171.4,0.1,129,
2026-09-15T17:45,Telkom,CPT-BEL-007,CPT-BEL-007-C,RAN,480,5,441,4,0,1,5812.3,2760.6,0.57,5,
2026-09-15T18:00,Telkom,JHB-CBD-003,JHB-CBD-003-A,RAN,440,3,404,4,2,2,4954.5,2880.5,0.67,0,
2026-09-15T18:00,Telkom,JHB-CBD-003,JHB-CBD-003-B,RAN,441,1,405,5,1,5,5959.1,2876.8,0.72,36,
2026-09-15T18:00,Telkom,JHB-CBD-003,JHB-CBD-003-C,RAN,441,1,405,3,0,1,6187.6,2968.6,0.1,124,
2026-09-15T18:00,Telkom,JHB-SOW-018,JHB-SOW-018-A,RAN,432,0,397,3,0,0,4179.1,2096.8,0.88,0,
2026-09-15T18:00,Telkom,JHB-SOW-018,JHB-SOW-018-B,RAN,624,8,574,5,1,4,4610.1,2080.9,0.29,175,
2026-09-15T18:00,Telkom,JHB-SOW-018,JHB-SOW-018-C,RAN,500,5,460,1,1,3,3558.2,1886.4,0.74,0,
2026-09-15T18:00,Telkom,PTA-HAT-011,PTA-HAT-011-A,RAN,630,4,579,4,0,1,6389.5,3030.5,0.72,0,
2026-09-15T18:00,Telkom,PTA-HAT-011,PTA-HAT-011-B,RAN,336,1,309,1,1,1,5114.5,2599.3,0.68,6,
2026-09-15T18:00,Telkom,PTA-HAT-011,PTA-HAT-011-C,RAN,624,6,574,3,1,6,5485.4,2159.1,0.64,3,
2026-09-15T18:00,Telkom,CPT-BEL-007,CPT-BEL-007-A,RAN,360,7,331,1,1,1,5252.1,2538.1,0.59,0,
2026-09-15T18:00,Telkom,CPT-BEL-007,CPT-BEL-007-B,RAN,540,2,496,8,0,4,5776.2,3248.5,0.46,80,
2026-09-15T18:00,Telkom,CPT-BEL-007,CPT-BEL-007-C,RAN,610,7,561,6,0,3,6291.6,2644.9,1.05,83,
2026-09-15T18:15,Telkom,JHB-CBD-003,JHB-CBD-003-A,RAN,416,0,382,5,1,4,6386.0,2916.9,0.27,0,
2026-09-15T18:15,Telkom,JHB-CBD-003,JHB-CBD-003-B,RAN,510,5,469,1,1,3,5470.8,2882.9,1.07,201,
2026-09-15T18:15,Telkom,JHB-CBD-003,JHB-CBD-003-C,RAN,399,5,367,0,0,2,6226.8,2983.1,0.75,0,
2026-09-15T18:15,Telkom,JHB-SOW-018,JHB-SOW-018-A,RAN,370,3,340,2,0,0,2950.2,1482.4,0.72,81,
2026-09-15T18:15,Telkom,JHB-SOW-018,JHB-SOW-018-B,RAN,600,3,552,5,1,3,4738.2,2444.2,0.28,68,
2026-09-15T18:15,Telkom,JHB-SOW-018,JHB-SOW-018-C,RAN,343,2,315,3,0,1,4395.8,2081.1,0.9,78,
2026-09-15T18:15,Telkom,PTA-HAT-011,PTA-HAT-011-A,RAN,517,6,475,5,0,5,6078.1,2500.7,0.78,0,
2026-09-15T18:15,Telkom,PTA-HAT-011,PTA-HAT-011-B,RAN,561,9,516,4,2,2,5447.6,2497.1,0.78,241,
2026-09-15T18:15,Telkom,PTA-HAT-011,PTA-HAT-011-C,RAN,616,6,566,4,0,2,5945.7,3064.6,0.95,0,
2026-09-15T18:15,Telkom,CPT-BEL-007,CPT-BEL-007-A,RAN,550,7,506,4,0,1,4953.8,2223.2,0.39,0,
2026-09-15T18:15,Telkom,CPT-BEL-007,CPT-BEL-007-B,RAN,500,4,460,9,0,4,5250.1,2678.6,1.29,40,
2026-09-15T18:15,Telkom,CPT-BEL-007,CPT-BEL-007-C,RAN,540,6,496,4,1,5,7075.4,3290.1,0.76,0,
2026-09-15T18:30,Telkom,JHB-CBD-003,JHB-CBD-003-A,RAN,450,1,414,4,0,2,5878.2,2529.4,0.33,56,
2026-09-15T18:30,Telkom,JHB-CBD-003,JHB-CBD-003-B,RAN,590,1,542,6,2,7,6067.0,3196.0,0.86,155,
2026-09-15T18:30,Telkom,JHB-CBD-003,JHB-CBD-003-C,RAN,488,6,448,2,0,1,5320.1,2609.7,0.64,0,
2026-09-15T18:30,Telkom,JHB-SOW-018,JHB-SOW-018-A,RAN,612,5,563,2,0,1,4103.7,1712.0,0.78,0,
2026-09-15T18:30,Telkom,JHB-SOW-018,JHB-SOW-018-B,RAN,344,6,316,0,0,1,3935.1,2385.9,1.0,0,
2026-09-15T18:30,Telkom,JHB-SOW-018,JHB-SOW-018-C,RAN,572,6,526,7,0,5,3918.5,1488.4,1.05,48,
2026-09-15T18:30,Telkom,PTA-HAT-011,PTA-HAT-011-A,RAN,399,3,367,4,0,1,6925.2,3264.0,0.89,0,
2026-09-15T18:30,Telkom,PTA-HAT-011,PTA-HAT-011-B,RAN,504,6,463,1,0,1,5810.3,2947.7,0.71,36,
2026-09-15T18:30,Telkom,PTA-HAT-011,PTA-HAT-011-C,RAN,636,4,585,5,2,4,6592.7,3480.5,0.85,182,
2026-09-15T18:30,Telkom,CPT-BEL-007,CPT-BEL-007-A,RAN,450,4,414,3,0,1,6110.0,2563.4,0.76,164,
2026-09-15T18:30,Telkom,CPT-BEL-007,CPT-BEL-007-B,RAN,384,2,353,3,0,1,6113.7,3120.1,0.31,13,
2026-09-15T18:30,Telkom,CPT-BEL-007,CPT-BEL-007-C,RAN,600,3,552,9,0,2,5278.5,3033.1,0.3,43,
2026-09-15T18:45,Telkom,JHB-CBD-003,JHB-CBD-003-A,RAN,660,2,607,5,0,3,5899.7,2632.0,0.86,32,
2026-09-15T18:45,Telkom,JHB-CBD-003,JHB-CBD-003-B,RAN,322,2,296,2,0,2,5350.9,3118.9,1.02,53,
2026-09-15T18:45,Telkom,JHB-CBD-003,JHB-CBD-003-C,RAN,610,10,561,10,0,0,5959.6,2551.3,0.8,184,
2026-09-15T18:45,Telkom,JHB-SOW-018,JHB-SOW-018-A,RAN,486,5,447,7,0,2,4166.2,1715.3,1.09,32,
2026-09-15T18:45,Telkom,JHB-SOW-018,JHB-SOW-018-B,RAN,344,1,316,0,2,4,4232.4,2240.6,1.29,72,
2026-09-15T18:45,Telkom,JHB-SOW-018,JHB-SOW-018-C,RAN,500,0,460,8,2,1,3950.9,1964.8,0.84,0,
2026-09-15T18:45,Telkom,PTA-HAT-011,PTA-HAT-011-A,RAN,520,7,478,5,0,0,4659.7,2424.3,1.02,147,
2026-09-15T18:45,Telkom,PTA-HAT-011,PTA-HAT-011-B,RAN,572,4,526,7,0,4,5882.3,2607.0,0.1,87,
2026-09-15T18:45,Telkom,PTA-HAT-011,PTA-HAT-011-C,RAN,480,3,441,8,1,3,5564.0,2719.6,0.1,80,
2026-09-15T18:45,Telkom,CPT-BEL-007,CPT-BEL-007-A,RAN,462,8,425,5,0,1,6501.2,3001.2,0.42,116,
2026-09-15T18:45,Telkom,CPT-BEL-007,CPT-BEL-007-B,RAN,492,4,452,2,1,3,4515.4,1937.8,0.63,0,
2026-09-15T18:45,Telkom,CPT-BEL-007,CPT-BEL-007-C,RAN,336,2,309,4,0,1,4855.6,2509.6,0.55,104,
2026-09-15T19:00,Telkom,JHB-CBD-003,JHB-CBD-003-A,RAN,413,0,379,1,0,0,5862.0,2577.4,0.77,0,
2026-09-15T19:00,Telkom,JHB-CBD-003,JHB-CBD-003-B,RAN,684,7,629,4,1,2,4862.1,2013.7,0.65,0,
2026-09-15T19:00,Telkom,JHB-CBD-003,JHB-CBD-003-C,RAN,424,7,390,1,0,1,5181.2,2201.6,0.8,27,
2026-09-15T19:00,Telkom,JHB-SOW-018,JHB-SOW-018-A,RAN,528,5,485,0,1,3,3707.3,1856.7,0.38,0,
2026-09-15T19:00,Telkom,JHB-SOW-018,JHB-SOW-018-B,RAN,320,1,294,2,1,2,4307.3,2292.8,0.34,0,
2026-09-15T19:00,Telkom,JHB-SOW-018,JHB-SOW-018-C,RAN,684,6,629,8,0,5,4327.4,2264.0,0.63,16,
2026-09-15T19:00,Telkom,PTA-HAT-011,PTA-HAT-011-A,RAN,594,3,546,7,0,3,6072.1,2807.0,0.5,139,
2026-09-15T19:00,Telkom,PTA-HAT-011,PTA-HAT-011-B,RAN,660,8,607,5,1,4,5550.1,2951.7,0.1,0,
2026-09-15T19:00,Telkom,PTA-HAT-011,PTA-HAT-011-C,RAN,594,7,546,9,1,4,5647.5,3112.0,1.16,78,
2026-09-15T19:00,Telkom,CPT-BEL-007,CPT-BEL-007-A,RAN,564,3,518,3,0,1,5777.4,2935.6,1.03,122,
2026-09-15T19:00,Telkom,CPT-BEL-007,CPT-BEL-007-B,RAN,468,10,430,9,0,2,6603.7,3173.3,0.1,0,
2026-09-15T19:00,Telkom,CPT-BEL-007,CPT-BEL-007-C,RAN,500,4,460,2,1,2,5999.0,2501.4,0.24,44,
2026-09-15T19:15,Telkom,JHB-CBD-003,JHB-CBD-003-A,RAN,343,1,315,0,0,3,5857.8,2413.3,0.92,0,
2026-09-15T19:15,Telkom,JHB-CBD-003,JHB-CBD-003-B,RAN,490,4,450,5,0,1,5793.6,2782.6,0.93,5,
2026-09-15T19:15,Telkom,JHB-CBD-003,JHB-CBD-003-C,RAN,648,3,596,7,0,6,5558.5,2818.6,0.1,3,
2026-09-15T19:15,Telkom,JHB-SOW-018,JHB-SOW-018-A,RAN,440,2,404,1,2,3,4302.0,1741.8,0.39,108,
2026-09-15T19:15,Telkom,JHB-SOW-018,JHB-SOW-018-B,RAN,324,3,298,1,1,2,3223.3,1917.7,1.27,38,
2026-09-15T19:15,Telkom,JHB-SOW-018,JHB-SOW-018-C,RAN,364,0,334,6,0,3,4305.8,1980.9,0.33,83,
2026-09-15T19:15,Telkom,PTA-HAT-011,PTA-HAT-011-A,RAN,671,3,617,6,0,3,6133.4,2436.5,0.38,167,
2026-09-15T19:15,Telkom,PTA-HAT-011,PTA-HAT-011-B,RAN,496,6,456,4,0,4,6472.7,2943.2,0.91,52,
2026-09-15T19:15,Telkom,PTA-HAT-011,PTA-HAT-011-C,RAN,600,2,552,1,0,2,6209.0,3334.3,0.1,80,
2026-09-15T19:15,Telkom,CPT-BEL-007,CPT-BEL-007-A,RAN,380,4,349,4,0,1,5291.7,3037.3,1.42,45,
2026-09-15T19:15,Telkom,CPT-BEL-007,CPT-BEL-007-B,RAN,636,8,585,5,1,4,4772.1,2688.6,0.65,79,
2026-09-15T19:15,Telkom,CPT-BEL-007,CPT-BEL-007-C,RAN,287,2,264,1,0,1,4613.1,2038.7,0.8,83,
2026-09-15T19:30,Telkom,JHB-CBD-003,JHB-CBD-003-A,RAN,369,3,339,3,1,1,4792.9,2185.3,0.49,140,
2026-09-15T19:30,Telkom,JHB-CBD-003,JHB-CBD-003-B,RAN,672,3,618,7,0,2,5527.9,2626.0,0.79,0,
2026-09-15T19:30,Telkom,JHB-CBD-003,JHB-CBD-003-C,RAN,624,3,574,7,1,2,6201.9,2597.0,0.88,34,
2026-09-15T19:30,Telkom,JHB-SOW-018,JHB-SOW-018-A,RAN,252,0,231,2,0,3,3358.2,1794.8,0.87,18,
2026-09-15T19:30,Telkom,JHB-SOW-018,JHB-SOW-018-B,RAN,451,3,414,3,0,1,3953.8,1914.2,1.14,33,
2026-09-15T19:30,Telkom,JHB-SOW-018,JHB-SOW-018-C,RAN,351,5,322,3,1,1,4061.3,2302.8,0.73,0,
2026-09-15T19:30,Telkom,PTA-HAT-011,PTA-HAT-011-A,RAN,448,4,412,3,1,3,5993.6,2915.7,0.67,212,
2026-09-15T19:30,Telkom,PTA-HAT-011,PTA-HAT-011-B,RAN,792,1,728,2,0,7,7120.9,3540.6,0.96,170,
2026-09-15T19:30,Telkom,PTA-HAT-011,PTA-HAT-011-C,RAN,636,9,585,7,1,1,6164.7,3163.6,0.85,0,
2026-09-15T19:30,Telkom,CPT-BEL-007,CPT-BEL-007-A,RAN,441,6,405,0,0,2,5401.2,2295.8,0.78,0,
2026-09-15T19:30,Telkom,CPT-BEL-007,CPT-BEL-007-B,RAN,539,4,495,8,0,1,6149.7,2768.9,1.37,0,
2026-09-15T19:30,Telkom,CPT-BEL-007,CPT-BEL-007-C,RAN,450,2,414,4,2,3,5693.7,2886.3,0.59,104,
2026-09-15T19:45,Telkom,JHB-CBD-003,JHB-CBD-003-A,RAN,322,2,296,1,0,1,4691.9,2585.6,0.95,97,
2026-09-15T19:45,Telkom,JHB-CBD-003,JHB-CBD-003-B,RAN,344,0,316,1,0,2,4733.1,2191.6,0.8,61,
2026-09-15T19:45,Telkom,JHB-CBD-003,JHB-CBD-003-C,RAN,520,2,478,6,0,3,5610.6,2640.2,0.22,236,
2026-09-15T19:45,Telkom,JHB-SOW-018,JHB-SOW-018-A,RAN,588,8,540,7,1,3,3702.6,1881.3,0.33,0,
2026-09-15T19:45,Telkom,JHB-SOW-018,JHB-SOW-018-B,RAN,480,7,441,7,0,2,3550.8,1930.5,0.53,142,
2026-09-15T19:45,Telkom,JHB-SOW-018,JHB-SOW-018-C,RAN,368,4,338,2,1,0,4712.5,2305.4,0.71,0,
2026-09-15T19:45,Telkom,PTA-HAT-011,PTA-HAT-011-A,RAN,590,4,542,2,0,3,6739.9,3794.5,0.79,28,
2026-09-15T19:45,Telkom,PTA-HAT-011,PTA-HAT-011-B,RAN,378,0,347,1,0,1,6560.0,3255.7,0.52,0,
2026-09-15T19:45,Telkom,PTA-HAT-011,PTA-HAT-011-C,RAN,552,3,507,6,0,2,5738.5,2720.8,1.18,9,
2026-09-15T19:45,Telkom,CPT-BEL-007,CPT-BEL-007-A,RAN,369,7,339,4,0,1,4833.5,2490.6,0.78,0,
2026-09-15T19:45,Telkom,CPT-BEL-007,CPT-BEL-007-B,RAN,550,6,506,2,2,2,6323.5,3320.7,0.46,93,
2026-09-15T19:45,Telkom,CPT-BEL-007,CPT-BEL-007-C,RAN,495,2,455,0,0,1,6261.4,3326.1,0.74,0,
2026-09-15T20:00,Telkom,JHB-CBD-003,JHB-CBD-003-A,RAN,420,3,386,2,0,0,5163.7,2686.4,0.95,77,
2026-09-15T20:00,Telkom,JHB-CBD-003,JHB-CBD-003-B,RAN,612,8,563,8,2,2,5834.2,2610.1,1.03,110,
2026-09-15T20:00,Telkom,JHB-CBD-003,JHB-CBD-003-C,RAN,420,5,386,4,0,1,5405.1,3068.1,0.28,0,
2026-09-15T20:00,Telkom,JHB-SOW-018,JHB-SOW-018-A,RAN,462,3,425,0,0,1,3526.7,1409.5,0.86,71,
2026-09-15T20:00,Telkom,JHB-SOW-018,JHB-SOW-018-B,RAN,350,2,322,5,0,3,3258.4,1450.0,0.79,0,
2026-09-15T20:00,Telkom,JHB-SOW-018,JHB-SOW-018-C,RAN,572,4,526,5,1,2,4168.3,2061.4,0.29,35,
2026-09-15T20:00,Telkom,PTA-HAT-011,PTA-HAT-011-A,RAN,406,0,373,3,1,0,6395.5,2739.2,0.9,64,
2026-09-15T20:00,Telkom,PTA-HAT-011,PTA-HAT-011-B,RAN,540,2,496,6,0,0,5019.4,2445.2,0.61,22,
2026-09-15T20:00,Telkom,PTA-HAT-011,PTA-HAT-011-C,RAN,561,0,516,6,0,3,5921.6,3074.4,0.75,58,
2026-09-15T20:00,Telkom,CPT-BEL-007,CPT-BEL-007-A,RAN,308,2,283,3,0,1,5829.2,3148.9,1.38,55,
2026-09-15T20:00,Telkom,CPT-BEL-007,CPT-BEL-007-B,RAN,530,1,487,2,1,0,5579.5,2548.2,0.6,0,
2026-09-15T20:00,Telkom,CPT-BEL-007,CPT-BEL-007-C,RAN,500,2,460,7,0,1,5901.2,2961.5,1.15,0,
2026-09-15T20:15,Telkom,JHB-CBD-003,JHB-CBD-003-A,RAN,371,2,341,6,0,2,6185.7,2144.8,0.81,0,
2026-09-15T20:15,Telkom,JHB-CBD-003,JHB-CBD-003-B,RAN,420,2,386,5,1,4,5029.1,2188.9,0.62,75,
2026-09-15T20:15,Telkom,JHB-CBD-003,JHB-CBD-003-C,RAN,473,3,435,8,0,1,5329.4,2363.9,1.31,0,
2026-09-15T20:15,Telkom,JHB-SOW-018,JHB-SOW-018-A,RAN,440,6,404,4,1,3,3253.4,1504.0,0.61,27,
2026-09-15T20:15,Telkom,JHB-SOW-018,JHB-SOW-018-B,RAN,516,2,474,1,1,0,3893.6,2018.9,0.96,33,
2026-09-15T20:15,Telkom,JHB-SOW-018,JHB-SOW-018-C,RAN,396,1,364,0,0,2,3683.0,1819.0,0.9,55,
2026-09-15T20:15,Telkom,PTA-HAT-011,PTA-HAT-011-A,RAN,560,3,515,1,0,1,5781.6,2712.3,0.1,0,
2026-09-15T20:15,Telkom,PTA-HAT-011,PTA-HAT-011-B,RAN,480,4,441,0,0,0,5553.0,2606.1,0.66,0,
2026-09-15T20:15,Telkom,PTA-HAT-011,PTA-HAT-011-C,RAN,558,7,513,4,1,3,6602.5,2977.2,0.7,88,
2026-09-15T20:15,Telkom,CPT-BEL-007,CPT-BEL-007-A,RAN,517,3,475,4,0,1,5493.0,2882.5,0.79,0,
2026-09-15T20:15,Telkom,CPT-BEL-007,CPT-BEL-007-B,RAN,352,2,323,4,1,0,6072.5,2439.5,0.94,124,
2026-09-15T20:15,Telkom,CPT-BEL-007,CPT-BEL-007-C,RAN,423,1,389,2,0,3,5013.7,2697.6,0.96,0,
2026-09-15T20:30,Telkom,JHB-CBD-003,JHB-CBD-003-A,RAN,486,5,447,9,1,3,6370.2,3257.6,0.76,28,
2026-09-15T20:30,Telkom,JHB-CBD-003,JHB-CBD-003-B,RAN,384,4,353,1,0,1,5405.9,2756.6,0.42,224,
2026-09-15T20:30,Telkom,JHB-CBD-003,JHB-CBD-003-C,RAN,387,5,356,3,0,2,5761.1,2648.2,0.36,10,
2026-09-15T20:30,Telkom,JHB-SOW-018,JHB-SOW-018-A,RAN,468,6,430,4,0,1,3781.6,2066.3,1.22,46,
2026-09-15T20:30,Telkom,JHB-SOW-018,JHB-SOW-018-B,RAN,473,5,435,4,1,6,4242.5,1893.6,0.1,72,
2026-09-15T20:30,Telkom,JHB-SOW-018,JHB-SOW-018-C,RAN,344,2,316,2,1,0,3883.0,1890.6,0.6,4,
2026-09-15T20:30,Telkom,PTA-HAT-011,PTA-HAT-011-A,RAN,506,3,465,11,0,2,4923.1,2307.5,1.45,23,
2026-09-15T20:30,Telkom,PTA-HAT-011,PTA-HAT-011-B,RAN,423,8,389,7,0,1,6328.3,3403.7,1.05,79,
2026-09-15T20:30,Telkom,PTA-HAT-011,PTA-HAT-011-C,RAN,368,0,338,2,0,1,5567.1,2585.5,0.1,0,
2026-09-15T20:30,Telkom,CPT-BEL-007,CPT-BEL-007-A,RAN,480,2,441,3,1,4,5204.4,2693.0,0.1,0,
2026-09-15T20:30,Telkom,CPT-BEL-007,CPT-BEL-007-B,RAN,294,2,270,5,0,1,4610.0,2429.7,0.55,89,
2026-09-15T20:30,Telkom,CPT-BEL-007,CPT-BEL-007-C,RAN,440,4,404,5,2,3,5301.0,2896.4,1.43,186,
2026-09-15T20:45,Telkom,JHB-CBD-003,JHB-CBD-003-A,RAN,384,0,353,5,0,2,5311.2,2606.7,0.79,160,
2026-09-15T20:45,Telkom,JHB-CBD-003,JHB-CBD-003-B,RAN,266,0,244,1,0,2,5256.7,2930.3,0.89,272,
2026-09-15T20:45,Telkom,JHB-CBD-003,JHB-CBD-003-C,RAN,552,5,507,8,0,1,4536.3,2477.1,0.58,0,
2026-09-15T20:45,Telkom,JHB-SOW-018,JHB-SOW-018-A,RAN,330,6,303,2,1,0,3229.9,1893.1,0.94,40,
2026-09-15T20:45,Telkom,JHB-SOW-018,JHB-SOW-018-B,RAN,315,3,289,5,0,2,3558.4,1854.2,0.1,35,
2026-09-15T20:45,Telkom,JHB-SOW-018,JHB-SOW-018-C,RAN,328,4,301,3,0,1,4165.1,2167.7,1.46,146,
2026-09-15T20:45,Telkom,PTA-HAT-011,PTA-HAT-011-A,RAN,490,5,450,5,0,2,6263.3,3226.5,0.67,0,
2026-09-15T20:45,Telkom,PTA-HAT-011,PTA-HAT-011-B,RAN,513,2,471,0,0,4,6420.8,2777.2,1.05,0,
2026-09-15T20:45,Telkom,PTA-HAT-011,PTA-HAT-011-C,RAN,352,3,323,4,0,3,5518.6,2406.8,0.5,147,
2026-09-15T20:45,Telkom,CPT-BEL-007,CPT-BEL-007-A,RAN,495,6,455,7,0,1,5517.2,2187.6,0.55,0,
2026-09-15T20:45,Telkom,CPT-BEL-007,CPT-BEL-007-B,RAN,400,3,368,2,0,0,3805.2,1871.3,0.68,84,
2026-09-15T20:45,Telkom,CPT-BEL-007,CPT-BEL-007-C,RAN,550,7,506,8,0,1,6078.5,2996.3,0.69,9,
2026-09-15T21:00,Telkom,JHB-CBD-003,JHB-CBD-003-A,RAN,588,3,540,1,0,3,4945.9,2512.7,1.05,88,
2026-09-15T21:00,Telkom,JHB-CBD-003,JHB-CBD-003-B,RAN,288,4,264,0,0,1,5210.8,3126.9,0.68,91,
2026-09-15T21:00,Telkom,JHB-CBD-003,JHB-CBD-003-C,RAN,410,0,377,2,0,3,5438.7,2897.0,0.7,0,
2026-09-15T21:00,Telkom,JHB-SOW-018,JHB-SOW-018-A,RAN,516,3,474,7,0,3,4080.0,1713.4,0.55,119,
2026-09-15T21:00,Telkom,JHB-SOW-018,JHB-SOW-018-B,RAN,468,4,430,0,1,2,4020.6,1902.4,1.23,0,
2026-09-15T21:00,Telkom,JHB-SOW-018,JHB-SOW-018-C,RAN,390,0,358,2,0,1,3777.2,1792.3,1.2,0,
2026-09-15T21:00,Telkom,PTA-HAT-011,PTA-HAT-011-A,RAN,414,2,380,7,0,3,5963.1,2390.0,0.43,106,
2026-09-15T21:00,Telkom,PTA-HAT-011,PTA-HAT-011-B,RAN,561,7,516,1,0,2,4795.0,1900.8,0.34,92,
2026-09-15T21:00,Telkom,PTA-HAT-011,PTA-HAT-011-C,RAN,516,4,474,5,0,4,4526.3,2316.6,0.54,0,
2026-09-15T21:00,Telkom,CPT-BEL-007,CPT-BEL-007-A,RAN,368,4,338,1,0,1,5157.2,2450.3,0.84,0,
2026-09-15T21:00,Telkom,CPT-BEL-007,CPT-BEL-007-B,RAN,322,3,296,0,0,1,5682.9,2664.6,0.18,0,
2026-09-15T21:00,Telkom,CPT-BEL-007,CPT-BEL-007-C,RAN,430,0,395,2,0,1,6253.5,3367.1,0.1,176,
2026-09-15T21:15,Telkom,JHB-CBD-003,JHB-CBD-003-A,RAN,376,3,345,5,2,2,5807.7,3029.9,0.55,19,
2026-09-15T21:15,Telkom,JHB-CBD-003,JHB-CBD-003-B,RAN,374,6,344,3,0,3,3672.3,1467.0,1.02,12,
2026-09-15T21:15,Telkom,JHB-CBD-003,JHB-CBD-003-C,RAN,344,3,316,0,0,2,5837.5,2690.9,0.74,47,
2026-09-15T21:15,Telkom,JHB-SOW-018,JHB-SOW-018-A,RAN,342,4,314,1,0,2,3993.1,1883.9,1.15,0,
2026-09-15T21:15,Telkom,JHB-SOW-018,JHB-SOW-018-B,RAN,322,0,296,2,0,2,3486.6,2025.6,0.62,88,
2026-09-15T21:15,Telkom,JHB-SOW-018,JHB-SOW-018-C,RAN,288,3,264,1,0,0,3395.1,1590.1,1.34,129,
2026-09-15T21:15,Telkom,PTA-HAT-011,PTA-HAT-011-A,RAN,516,2,474,6,0,2,4727.4,1850.2,1.59,0,
2026-09-15T21:15,Telkom,PTA-HAT-011,PTA-HAT-011-B,RAN,387,3,356,4,0,0,5141.0,2353.4,0.34,55,
2026-09-15T21:15,Telkom,PTA-HAT-011,PTA-HAT-011-C,RAN,480,1,441,4,1,3,5944.1,2918.2,0.61,17,
2026-09-15T21:15,Telkom,CPT-BEL-007,CPT-BEL-007-A,RAN,480,6,441,6,0,3,5555.4,2643.3,1.36,133,
2026-09-15T21:15,Telkom,CPT-BEL-007,CPT-BEL-007-B,RAN,370,1,340,1,0,3,4305.1,1864.4,0.95,71,
2026-09-15T21:15,Telkom,CPT-BEL-007,CPT-BEL-007-C,RAN,430,3,395,3,0,3,4795.8,2121.6,0.92,0,
2026-09-15T21:30,Telkom,JHB-CBD-003,JHB-CBD-003-A,RAN,490,6,450,1,0,1,6617.7,2797.4,1.07,42,
2026-09-15T21:30,Telkom,JHB-CBD-003,JHB-CBD-003-B,RAN,350,4,322,5,0,2,4383.9,1602.4,0.64,61,
2026-09-15T21:30,Telkom,JHB-CBD-003,JHB-CBD-003-C,RAN,432,1,397,2,0,2,4983.6,2046.1,0.74,9,
2026-09-15T21:30,Telkom,JHB-SOW-018,JHB-SOW-018-A,RAN,266,1,244,3,0,2,3607.6,2250.2,0.47,41,
2026-09-15T21:30,Telkom,JHB-SOW-018,JHB-SOW-018-B,RAN,336,0,309,0,2,1,3818.7,1205.4,0.58,114,
2026-09-15T21:30,Telkom,JHB-SOW-018,JHB-SOW-018-C,RAN,306,3,281,1,0,3,3615.6,1698.3,0.79,0,
2026-09-15T21:30,Telkom,PTA-HAT-011,PTA-HAT-011-A,RAN,440,2,404,4,0,0,5156.1,2434.8,0.1,4,
2026-09-15T21:30,Telkom,PTA-HAT-011,PTA-HAT-011-B,RAN,280,0,257,0,0,0,3862.5,1884.1,0.56,150,
2026-09-15T21:30,Telkom,PTA-HAT-011,PTA-HAT-011-C,RAN,400,3,368,4,0,0,4843.5,2311.1,0.73,0,
2026-09-15T21:30,Telkom,CPT-BEL-007,CPT-BEL-007-A,RAN,473,5,435,7,0,3,5253.3,2186.4,1.11,95,
2026-09-15T21:30,Telkom,CPT-BEL-007,CPT-BEL-007-B,RAN,516,3,474,2,1,5,5620.9,2772.3,0.89,21,
2026-09-15T21:30,Telkom,CPT-BEL-007,CPT-BEL-007-C,RAN,266,3,244,5,0,3,4015.9,1445.6,1.02,1,
2026-09-15T21:45,Telkom,JHB-CBD-003,JHB-CBD-003-A,RAN,378,1,347,0,1,1,5395.6,2540.3,0.63,26,
2026-09-15T21:45,Telkom,JHB-CBD-003,JHB-CBD-003-B,RAN,280,0,257,0,1,1,4259.6,1855.7,0.86,79,
2026-09-15T21:45,Telkom,JHB-CBD-003,JHB-CBD-003-C,RAN,392,4,360,3,1,1,4961.6,2463.8,0.11,37,
2026-09-15T21:45,Telkom,JHB-SOW-018,JHB-SOW-018-A,RAN,224,0,206,4,0,1,3424.4,1809.5,1.26,95,
2026-09-15T21:45,Telkom,JHB-SOW-018,JHB-SOW-018-B,RAN,462,2,425,4,0,0,3960.1,1860.8,0.1,0,
2026-09-15T21:45,Telkom,JHB-SOW-018,JHB-SOW-018-C,RAN,380,3,349,2,2,1,4222.5,2087.7,0.91,51,
2026-09-15T21:45,Telkom,PTA-HAT-011,PTA-HAT-011-A,RAN,301,1,276,0,0,0,4975.1,2238.8,0.54,0,
2026-09-15T21:45,Telkom,PTA-HAT-011,PTA-HAT-011-B,RAN,444,8,408,4,0,1,5615.9,2783.1,0.84,40,
2026-09-15T21:45,Telkom,PTA-HAT-011,PTA-HAT-011-C,RAN,315,5,289,3,0,1,5526.7,2388.8,0.55,0,
2026-09-15T21:45,Telkom,CPT-BEL-007,CPT-BEL-007-A,RAN,352,4,323,3,2,3,4482.0,2085.7,0.69,5,
2026-09-15T21:45,Telkom,CPT-BEL-007,CPT-BEL-007-B,RAN,370,6,340,5,0,2,4577.8,2397.1,0.48,0,
2026-09-15T21:45,Telkom,CPT-BEL-007,CPT-BEL-007-C,RAN,248,1,228,7,0,0,4627.5,2785.2,0.61,43,
2026-09-15T22:00,Telkom,JHB-CBD-003,JHB-CBD-003-A,RAN,372,0,342,6,0,5,4303.3,2554.1,1.0,0,
2026-09-15T22:00,Telkom,JHB-CBD-003,JHB-CBD-003-B,RAN,407,3,374,3,0,0,4848.8,2831.4,0.27,48,
2026-09-15T22:00,Telkom,JHB-CBD-003,JHB-CBD-003-C,RAN,306,4,281,5,0,2,4986.6,2365.2,0.6,48,
2026-09-15T22:00,Telkom,JHB-SOW-018,JHB-SOW-018-A,RAN,232,4,213,3,1,2,2761.3,983.5,0.66,0,
2026-09-15T22:00,Telkom,JHB-SOW-018,JHB-SOW-018-B,RAN,320,0,294,3,0,0,3660.9,1830.5,0.29,17,
2026-09-15T22:00,Telkom,JHB-SOW-018,JHB-SOW-018-C,RAN,280,3,257,3,1,0,3534.3,1919.8,0.72,22,
2026-09-15T22:00,Telkom,PTA-HAT-011,PTA-HAT-011-A,RAN,297,0,273,2,0,2,5089.1,2114.5,1.01,0,
2026-09-15T22:00,Telkom,PTA-HAT-011,PTA-HAT-011-B,RAN,363,8,333,2,0,0,4046.7,1723.7,0.11,0,
2026-09-15T22:00,Telkom,PTA-HAT-011,PTA-HAT-011-C,RAN,429,1,394,2,0,1,4775.0,1898.0,0.2,0,
2026-09-15T22:00,Telkom,CPT-BEL-007,CPT-BEL-007-A,RAN,287,0,264,6,0,0,4851.1,2040.3,0.89,72,
2026-09-15T22:00,Telkom,CPT-BEL-007,CPT-BEL-007-B,RAN,385,5,354,2,0,0,5327.5,2331.2,1.04,0,
2026-09-15T22:00,Telkom,CPT-BEL-007,CPT-BEL-007-C,RAN,310,4,285,2,0,1,5161.6,2785.2,0.1,94,
2026-09-15T22:15,Telkom,JHB-CBD-003,JHB-CBD-003-A,RAN,256,3,235,2,0,0,4876.1,2401.4,1.07,65,
2026-09-15T22:15,Telkom,JHB-CBD-003,JHB-CBD-003-B,RAN,304,3,279,5,1,0,4906.9,2024.5,0.63,8,
2026-09-15T22:15,Telkom,JHB-CBD-003,JHB-CBD-003-C,RAN,279,0,256,5,0,0,4594.0,2231.0,0.58,82,
2026-09-15T22:15,Telkom,JHB-SOW-018,JHB-SOW-018-A,RAN,440,5,404,0,0,4,3693.0,1545.9,1.14,30,
2026-09-15T22:15,Telkom,JHB-SOW-018,JHB-SOW-018-B,RAN,296,2,272,7,0,0,3119.8,1593.7,0.68,0,
2026-09-15T22:15,Telkom,JHB-SOW-018,JHB-SOW-018-C,RAN,220,0,202,3,0,0,2965.9,1862.5,1.18,111,
2026-09-15T22:15,Telkom,PTA-HAT-011,PTA-HAT-011-A,RAN,238,5,218,0,0,1,4368.3,1703.2,0.48,0,
2026-09-15T22:15,Telkom,PTA-HAT-011,PTA-HAT-011-B,RAN,564,8,518,5,0,3,5676.4,3362.3,1.33,52,
2026-09-15T22:15,Telkom,PTA-HAT-011,PTA-HAT-011-C,RAN,360,0,331,4,0,3,5438.1,2830.7,0.96,89,
2026-09-15T22:15,Telkom,CPT-BEL-007,CPT-BEL-007-A,RAN,418,11,384,3,0,0,6247.1,3483.1,1.48,76,
2026-09-15T22:15,Telkom,CPT-BEL-007,CPT-BEL-007-B,RAN,336,2,309,1,0,3,4796.9,2297.1,0.77,14,
2026-09-15T22:15,Telkom,CPT-BEL-007,CPT-BEL-007-C,RAN,396,6,364,4,1,3,4320.5,1886.5,0.76,66,
2026-09-15T22:30,Telkom,JHB-CBD-003,JHB-CBD-003-A,RAN,280,0,257,0,0,0,4212.9,2154.3,0.31,43,
2026-09-15T22:30,Telkom,JHB-CBD-003,JHB-CBD-003-B,RAN,352,1,323,0,1,4,4531.0,2097.4,0.57,0,
2026-09-15T22:30,Telkom,JHB-CBD-003,JHB-CBD-003-C,RAN,372,2,342,6,2,3,4675.3,2327.9,0.42,95,
2026-09-15T22:30,Telkom,JHB-SOW-018,JHB-SOW-018-A,RAN,420,3,386,2,0,0,3428.1,1660.4,0.85,0,
2026-09-15T22:30,Telkom,JHB-SOW-018,JHB-SOW-018-B,RAN,259,4,238,4,0,0,3825.3,2207.6,0.55,143,
2026-09-15T22:30,Telkom,JHB-SOW-018,JHB-SOW-018-C,RAN,352,7,323,3,0,3,3391.1,1551.5,0.13,158,
2026-09-15T22:30,Telkom,PTA-HAT-011,PTA-HAT-011-A,RAN,429,5,394,7,0,3,4551.8,2456.7,0.31,124,
2026-09-15T22:30,Telkom,PTA-HAT-011,PTA-HAT-011-B,RAN,492,0,452,7,0,0,4961.4,2461.9,0.34,85,
2026-09-15T22:30,Telkom,PTA-HAT-011,PTA-HAT-011-C,RAN,272,3,250,5,0,2,4558.5,2321.0,0.72,0,
2026-09-15T22:30,Telkom,CPT-BEL-007,CPT-BEL-007-A,RAN,350,2,322,5,0,1,4869.5,2417.4,1.03,0,
2026-09-15T22:30,Telkom,CPT-BEL-007,CPT-BEL-007-B,RAN,348,3,320,3,0,0,4808.5,2485.5,0.28,5,
2026-09-15T22:30,Telkom,CPT-BEL-007,CPT-BEL-007-C,RAN,342,3,314,5,0,4,4881.6,2053.7,0.42,77,
2026-09-15T22:45,Telkom,JHB-CBD-003,JHB-CBD-003-A,RAN,324,0,298,0,1,3,4776.0,2531.0,0.54,30,
2026-09-15T22:45,Telkom,JHB-CBD-003,JHB-CBD-003-B,RAN,418,0,384,5,0,4,5694.2,2367.7,0.54,99,
2026-09-15T22:45,Telkom,JHB-CBD-003,JHB-CBD-003-C,RAN,297,2,273,3,0,0,4537.3,2414.7,0.48,0,
2026-09-15T22:45,Telkom,JHB-SOW-018,JHB-SOW-018-A,RAN,315,0,289,5,1,3,3138.8,1666.5,0.45,84,
2026-09-15T22:45,Telkom,JHB-SOW-018,JHB-SOW-018-B,RAN,370,2,340,4,0,2,2995.5,1223.6,0.62,0,
2026-09-15T22:45,Telkom,JHB-SOW-018,JHB-SOW-018-C,RAN,220,2,202,7,0,1,3126.9,1471.3,0.47,29,
2026-09-15T22:45,Telkom,PTA-HAT-011,PTA-HAT-011-A,RAN,315,6,289,2,0,2,5160.6,2455.9,0.81,50,
2026-09-15T22:45,Telkom,PTA-HAT-011,PTA-HAT-011-B,RAN,440,0,404,3,0,2,6411.1,3384.5,0.31,19,
2026-09-15T22:45,Telkom,PTA-HAT-011,PTA-HAT-011-C,RAN,360,4,331,0,0,0,4417.9,2430.2,0.71,63,
2026-09-15T22:45,Telkom,CPT-BEL-007,CPT-BEL-007-A,RAN,275,4,253,2,0,1,5244.5,2329.3,1.35,0,
2026-09-15T22:45,Telkom,CPT-BEL-007,CPT-BEL-007-B,RAN,352,3,323,2,0,2,4962.9,1802.1,0.1,0,
2026-09-15T22:45,Telkom,CPT-BEL-007,CPT-BEL-007-C,RAN,210,0,193,2,0,0,4049.6,2294.1,0.81,69,
2026-09-15T23:00,Telkom,JHB-CBD-003,JHB-CBD-003-A,RAN,224,5,206,7,0,3,4233.2,1853.2,0.1,188,
2026-09-15T23:00,Telkom,JHB-CBD-003,JHB-CBD-003-B,RAN,315,1,289,5,0,1,3430.3,2078.0,0.69,26,
2026-09-15T23:00,Telkom,JHB-CBD-003,JHB-CBD-003-C,RAN,240,0,220,4,0,0,4280.5,1776.3,0.67,0,
2026-09-15T23:00,Telkom,JHB-SOW-018,JHB-SOW-018-A,RAN,264,3,242,2,0,0,2742.8,944.5,0.54,26,
2026-09-15T23:00,Telkom,JHB-SOW-018,JHB-SOW-018-B,RAN,384,2,353,4,1,0,3389.2,1647.5,0.47,65,
2026-09-15T23:00,Telkom,JHB-SOW-018,JHB-SOW-018-C,RAN,320,0,294,1,0,0,3686.5,2035.3,1.07,41,
2026-09-15T23:00,Telkom,PTA-HAT-011,PTA-HAT-011-A,RAN,348,0,320,3,0,0,3995.1,2178.0,0.58,19,
2026-09-15T23:00,Telkom,PTA-HAT-011,PTA-HAT-011-B,RAN,495,2,455,5,0,2,5818.4,2710.8,0.1,23,
2026-09-15T23:00,Telkom,PTA-HAT-011,PTA-HAT-011-C,RAN,430,2,395,4,0,2,4422.2,1909.8,0.1,105,
2026-09-15T23:00,Telkom,CPT-BEL-007,CPT-BEL-007-A,RAN,231,3,212,3,0,1,4712.9,2423.8,0.37,70,
2026-09-15T23:00,Telkom,CPT-BEL-007,CPT-BEL-007-B,RAN,272,0,250,2,1,0,4780.1,1761.7,0.1,0,
2026-09-15T23:00,Telkom,CPT-BEL-007,CPT-BEL-007-C,RAN,216,2,198,0,0,0,3760.1,1363.0,0.7,0,
2026-09-15T23:15,Telkom,JHB-CBD-003,JHB-CBD-003-A,RAN,360,0,331,5,0,0,4675.3,2637.0,0.17,0,
2026-09-15T23:15,Telkom,JHB-CBD-003,JHB-CBD-003-B,RAN,288,1,264,5,0,0,4339.2,2145.0,0.33,175,
2026-09-15T23:15,Telkom,JHB-CBD-003,JHB-CBD-003-C,RAN,363,1,333,3,0,1,4466.0,2190.5,1.74,110,
2026-09-15T23:15,Telkom,JHB-SOW-018,JHB-SOW-018-A,RAN,270,2,248,3,0,0,3849.9,2026.6,0.97,0,
2026-09-15T23:15,Telkom,JHB-SOW-018,JHB-SOW-018-B,RAN,297,0,273,0,2,2,4135.0,1760.0,0.54,0,
2026-09-15T23:15,Telkom,JHB-SOW-018,JHB-SOW-018-C,RAN,296,0,272,0,0,2,3525.7,2320.6,0.94,0,
2026-09-15T23:15,Telkom,PTA-HAT-011,PTA-HAT-011-A,RAN,336,7,309,0,2,1,5142.5,2889.6,0.85,187,
2026-09-15T23:15,Telkom,PTA-HAT-011,PTA-HAT-011-B,RAN,384,0,353,2,0,2,4972.0,2037.1,1.57,0,
2026-09-15T23:15,Telkom,PTA-HAT-011,PTA-HAT-011-C,RAN,324,0,298,2,0,2,4433.8,1700.4,1.12,24,
2026-09-15T23:15,Telkom,CPT-BEL-007,CPT-BEL-007-A,RAN,372,4,342,3,0,2,4694.6,1598.6,0.54,0,
2026-09-15T23:15,Telkom,CPT-BEL-007,CPT-BEL-007-B,RAN,232,5,213,2,0,1,4376.0,2405.7,0.5,0,
2026-09-15T23:15,Telkom,CPT-BEL-007,CPT-BEL-007-C,RAN,280,0,257,0,0,3,4466.7,2483.4,0.33,139,
2026-09-15T23:30,Telkom,JHB-CBD-003,JHB-CBD-003-A,RAN,407,0,374,3,0,0,4366.6,2355.6,0.96,19,
2026-09-15T23:30,Telkom,JHB-CBD-003,JHB-CBD-003-B,RAN,420,4,386,3,0,0,4167.2,1114.6,0.45,70,
2026-09-15T23:30,Telkom,JHB-CBD-003,JHB-CBD-003-C,RAN,216,2,198,3,0,0,4498.0,2332.2,0.71,0,
2026-09-15T23:30,Telkom,JHB-SOW-018,JHB-SOW-018-A,RAN,384,4,353,5,0,1,3843.9,1820.5,0.73,27,
2026-09-15T23:30,Telkom,JHB-SOW-018,JHB-SOW-018-B,RAN,310,4,285,0,1,2,3716.1,1647.7,1.17,52,
2026-09-15T23:30,Telkom,JHB-SOW-018,JHB-SOW-018-C,RAN,252,3,231,2,0,1,3748.2,1859.5,0.43,75,
2026-09-15T23:30,Telkom,PTA-HAT-011,PTA-HAT-011-A,RAN,319,3,293,0,0,0,4521.5,2286.1,0.22,0,
2026-09-15T23:30,Telkom,PTA-HAT-011,PTA-HAT-011-B,RAN,432,2,397,3,0,2,4529.8,2400.2,1.27,0,
2026-09-15T23:30,Telkom,PTA-HAT-011,PTA-HAT-011-C,RAN,378,3,347,0,0,0,4992.1,2765.1,0.64,14,
2026-09-15T23:30,Telkom,CPT-BEL-007,CPT-BEL-007-A,RAN,232,1,213,2,0,0,4476.7,2227.2,0.47,100,
2026-09-15T23:30,Telkom,CPT-BEL-007,CPT-BEL-007-B,RAN,272,3,250,1,0,0,5042.5,2335.4,1.11,28,
2026-09-15T23:30,Telkom,CPT-BEL-007,CPT-BEL-007-C,RAN,231,0,212,0,0,2,4433.7,2184.0,0.22,23,
2026-09-15T23:45,Telkom,JHB-CBD-003,JHB-CBD-003-A,RAN,576,9,529,4,0,2,6256.9,3547.6,1.12,0,
2026-09-15T23:45,Telkom,JHB-CBD-003,JHB-CBD-003-B,RAN,270,4,248,0,0,0,5095.9,2378.7,0.75,33,
2026-09-15T23:45,Telkom,JHB-CBD-003,JHB-CBD-003-C,RAN,429,3,394,0,0,4,5341.6,2384.0,0.43,6,
2026-09-15T23:45,Telkom,JHB-SOW-018,JHB-SOW-018-A,RAN,330,2,303,1,0,0,3524.7,1549.3,0.41,28,
2026-09-15T23:45,Telkom,JHB-SOW-018,JHB-SOW-018-B,RAN,245,1,225,3,1,2,3930.2,1791.1,0.11,107,
2026-09-15T23:45,Telkom,JHB-SOW-018,JHB-SOW-018-C,RAN,256,0,235,1,2,3,3404.2,1243.7,1.3,70,
2026-09-15T23:45,Telkom,PTA-HAT-011,PTA-HAT-011-A,RAN,385,1,354,6,0,1,5213.3,2607.8,0.66,43,
2026-09-15T23:45,Telkom,PTA-HAT-011,PTA-HAT-011-B,RAN,363,0,333,0,0,0,4773.2,2868.6,0.1,0,
2026-09-15T23:45,Telkom,PTA-HAT-011,PTA-HAT-011-C,RAN,360,0,331,2,0,1,4157.2,1764.7,0.83,31,
2026-09-15T23:45,Telkom,CPT-BEL-007,CPT-BEL-007-A,RAN,234,1,215,0,0,0,4091.2,2150.9,0.83,0,
2026-09-15T23:45,Telkom,CPT-BEL-007,CPT-BEL-007-B,RAN,340,2,312,3,0,3,3972.5,1848.1,0.1,64,
2026-09-15T23:45,Telkom,CPT-BEL-007,CPT-BEL-007-C,RAN,270,1,248,4,0,0,4346.3,2484.5,0.5,114,
