timestamp,operator,region,city,site_id,cell_id,domain,rat_band,accessibility_pct,retainability_pct,drop_call_rate_pct,handover_success_pct,dl_throughput_mbps,ul_throughput_mbps,latency_ms,rsrp_dbm,rsrq_db,sinr_db,prb_utilization_pct,connected_users,anomaly_score,degradation_label,incident_id
2026-09-14T00:00,Telkom,Gauteng,Johannesburg,JHB-CBD-003,JHB-CBD-003-A,RAN,LTE1800,99.17,98.89,0.83,98.47,44.33,15.14,43.3,-84.5,-9.6,17.5,42.4,33,0.04,normal,
2026-09-14T00:00,Telkom,Gauteng,Johannesburg,JHB-CBD-003,JHB-CBD-003-B,RAN,LTE1800,99.02,99.1,0.45,98.72,35.26,13.09,47.3,-87.9,-9.7,18.9,46.76,33,0.019,normal,
2026-09-14T00:00,Telkom,Gauteng,Johannesburg,JHB-CBD-003,JHB-CBD-003-C,RAN,LTE1800,98.82,99.33,0.51,98.2,50.77,15.63,51.8,-86.5,-11.2,11.5,41.48,20,0.033,normal,
2026-09-14T00:00,Telkom,Gauteng,Soweto,JHB-SOW-018,JHB-SOW-018-A,RAN,LTE2100,99.06,98.24,0.24,97.97,39.39,13.69,43.4,-93.8,-8.5,19.1,45.43,27,0.016,normal,
2026-09-14T00:00,Telkom,Gauteng,Soweto,JHB-SOW-018,JHB-SOW-018-B,RAN,LTE2100,98.96,98.55,0.78,98.61,36.92,11.89,40.6,-84.6,-8.9,15.8,51.19,39,0.018,normal,
2026-09-14T00:00,Telkom,Gauteng,Soweto,JHB-SOW-018,JHB-SOW-018-C,RAN,LTE2100,98.97,98.49,0.35,98.6,40.39,13.92,44.0,-80.7,-12.9,16.9,46.64,32,0.034,normal,
2026-09-14T00:00,Telkom,Gauteng,Pretoria,PTA-HAT-011,PTA-HAT-011-A,RAN,LTE2600,98.4,98.99,0.46,98.88,48.07,14.01,39.1,-87.5,-10.2,17.0,36.87,29,0.02,normal,
2026-09-14T00:00,Telkom,Gauteng,Pretoria,PTA-HAT-011,PTA-HAT-011-B,RAN,LTE2600,99.41,99.14,0.61,97.85,43.24,11.47,60.3,-90.7,-12.9,14.9,50.52,35,0.036,normal,
2026-09-14T00:00,Telkom,Gauteng,Pretoria,PTA-HAT-011,PTA-HAT-011-C,RAN,LTE2600,99.34,99.23,0.51,98.01,40.59,13.18,43.2,-87.0,-10.4,17.1,46.38,35,0.036,normal,
2026-09-14T00:00,Telkom,Western Cape,Cape Town,CPT-BEL-007,CPT-BEL-007-A,RAN,LTE1800,99.2,98.11,0.7,98.08,44.63,14.96,46.2,-88.8,-9.9,17.7,35.93,28,0.005,normal,
2026-09-14T00:00,Telkom,Western Cape,Cape Town,CPT-BEL-007,CPT-BEL-007-B,RAN,LTE1800,98.95,99.17,0.69,98.48,49.89,14.74,44.4,-88.0,-8.9,16.9,33.8,28,0.013,normal,
2026-09-14T00:00,Telkom,Western Cape,Cape Town,CPT-BEL-007,CPT-BEL-007-C,RAN,LTE1800,98.77,99.37,0.48,97.68,46.76,9.73,54.9,-82.9,-9.1,16.2,49.49,25,0.029,normal,
2026-09-14T00:15,Telkom,Gauteng,Johannesburg,JHB-CBD-003,JHB-CBD-003-A,RAN,LTE1800,99.13,98.25,0.61,98.74,52.32,15.57,47.0,-84.0,-8.1,16.9,35.41,24,0.011,normal,
2026-09-14T00:15,Telkom,Gauteng,Johannesburg,JHB-CBD-003,JHB-CBD-003-B,RAN,LTE1800,98.74,99.33,0.48,98.3,39.49,14.92,45.8,-88.4,-10.9,16.3,46.49,32,0.004,normal,
2026-09-14T00:15,Telkom,Gauteng,Johannesburg,JHB-CBD-003,JHB-CBD-003-C,RAN,LTE1800,99.21,99.02,0.57,98.38,44.89,13.04,42.6,-87.9,-11.2,18.1,40.1,29,0.019,normal,
2026-09-14T00:15,Telkom,Gauteng,Soweto,JHB-SOW-018,JHB-SOW-018-A,RAN,LTE2100,98.98,98.17,0.87,97.98,44.6,12.09,44.3,-83.7,-8.6,20.4,41.41,27,0.026,normal,
2026-09-14T00:15,Telkom,Gauteng,Soweto,JHB-SOW-018,JHB-SOW-018-B,RAN,LTE2100,98.61,99.11,0.22,99.05,43.89,12.55,54.1,-90.6,-11.3,17.4,41.24,25,0.013,normal,
2026-09-14T00:15,Telkom,Gauteng,Soweto,JHB-SOW-018,JHB-SOW-018-C,RAN,LTE2100,99.1,98.96,0.61,98.81,43.02,13.3,48.0,-82.9,-9.6,18.2,41.09,27,0.004,normal,
2026-09-14T00:15,Telkom,Gauteng,Pretoria,PTA-HAT-011,PTA-HAT-011-A,RAN,LTE2600,98.96,98.57,0.39,99.34,30.48,9.09,49.7,-89.1,-9.1,18.1,54.57,47,0.019,normal,
2026-09-14T00:15,Telkom,Gauteng,Pretoria,PTA-HAT-011,PTA-HAT-011-B,RAN,LTE2600,98.5,98.79,0.13,99.13,39.39,11.35,48.1,-83.3,-10.4,16.3,50.78,40,0.025,normal,
2026-09-14T00:15,Telkom,Gauteng,Pretoria,PTA-HAT-011,PTA-HAT-011-C,RAN,LTE2600,99.08,99.08,0.5,99.03,39.61,11.03,39.7,-81.5,-10.5,13.3,48.66,36,0.016,normal,
2026-09-14T00:15,Telkom,Western Cape,Cape Town,CPT-BEL-007,CPT-BEL-007-A,RAN,LTE1800,98.86,99.45,0.53,98.21,42.64,13.85,50.0,-88.5,-8.6,17.8,49.77,34,0.003,normal,
2026-09-14T00:15,Telkom,Western Cape,Cape Town,CPT-BEL-007,CPT-BEL-007-B,RAN,LTE1800,98.94,99.0,0.18,98.18,40.02,11.25,52.9,-88.7,-9.1,17.0,50.16,28,0.006,normal,
2026-09-14T00:15,Telkom,Western Cape,Cape Town,CPT-BEL-007,CPT-BEL-007-C,RAN,LTE1800,98.38,98.83,0.82,98.7,45.78,14.88,47.1,-84.5,-12.2,18.5,41.2,32,0.036,normal,
2026-09-14T00:30,Telkom,Gauteng,Johannesburg,JHB-CBD-003,JHB-CBD-003-A,RAN,LTE1800,99.62,98.56,0.27,98.74,45.27,11.34,50.2,-83.1,-8.9,20.4,47.97,33,0.001,normal,
2026-09-14T00:30,Telkom,Gauteng,Johannesburg,JHB-CBD-003,JHB-CBD-003-B,RAN,LTE1800,98.91,99.32,0.63,98.77,43.14,12.13,51.4,-88.3,-10.9,16.3,49.9,34,0.031,normal,
2026-09-14T00:30,Telkom,Gauteng,Johannesburg,JHB-CBD-003,JHB-CBD-003-C,RAN,LTE1800,99.01,98.25,0.81,99.31,46.14,12.79,49.5,-85.9,-10.2,16.3,44.66,33,0.002,normal,
2026-09-14T00:30,Telkom,Gauteng,Soweto,JHB-SOW-018,JHB-SOW-018-A,RAN,LTE2100,99.58,98.98,0.21,98.43,48.37,9.57,43.8,-84.6,-10.2,17.2,44.89,28,0.024,normal,
2026-09-14T00:30,Telkom,Gauteng,Soweto,JHB-SOW-018,JHB-SOW-018-B,RAN,LTE2100,99.23,97.84,0.82,99.24,43.74,12.18,53.5,-90.5,-10.7,9.8,50.37,32,0.034,normal,
2026-09-14T00:30,Telkom,Gauteng,Soweto,JHB-SOW-018,JHB-SOW-018-C,RAN,LTE2100,98.81,98.81,0.68,98.98,48.1,12.53,55.4,-86.4,-10.2,19.5,41.33,31,0.035,normal,
2026-09-14T00:30,Telkom,Gauteng,Pretoria,PTA-HAT-011,PTA-HAT-011-A,RAN,LTE2600,98.62,98.73,0.05,97.93,40.21,13.5,57.9,-87.0,-10.8,15.8,40.63,36,0.004,normal,
2026-09-14T00:30,Telkom,Gauteng,Pretoria,PTA-HAT-011,PTA-HAT-011-B,RAN,LTE2600,99.3,98.53,0.19,98.25,41.14,10.46,46.0,-85.4,-10.8,16.6,46.28,35,0.033,normal,
2026-09-14T00:30,Telkom,Gauteng,Pretoria,PTA-HAT-011,PTA-HAT-011-C,RAN,LTE2600,99.9,99.03,0.48,97.28,42.18,12.0,54.2,-81.8,-8.6,12.7,62.08,37,0.022,normal,
2026-09-14T00:30,Telkom,Western Cape,Cape Town,CPT-BEL-007,CPT-BEL-007-A,RAN,LTE1800,98.54,98.96,0.23,98.28,43.17,11.64,50.6,-85.2,-9.1,14.8,40.69,25,0.01,normal,
2026-09-14T00:30,Telkom,Western Cape,Cape Town,CPT-BEL-007,CPT-BEL-007-B,RAN,LTE1800,98.93,98.84,0.45,97.72,44.19,12.77,45.1,-90.3,-8.4,16.8,43.25,39,0.026,normal,
2026-09-14T00:30,Telkom,Western Cape,Cape Town,CPT-BEL-007,CPT-BEL-007-C,RAN,LTE1800,99.22,98.82,0.65,99.03,34.58,17.3,61.6,-85.2,-9.9,16.9,47.36,31,0.031,normal,
2026-09-14T00:45,Telkom,Gauteng,Johannesburg,JHB-CBD-003,JHB-CBD-003-A,RAN,LTE1800,99.36,98.98,0.72,98.83,46.08,13.65,42.7,-87.8,-9.8,17.0,41.83,30,0.017,normal,
2026-09-14T00:45,Telkom,Gauteng,Johannesburg,JHB-CBD-003,JHB-CBD-003-B,RAN,LTE1800,98.72,98.91,0.12,98.73,30.76,13.0,64.1,-87.0,-9.6,17.0,56.83,39,0.031,normal,
2026-09-14T00:45,Telkom,Gauteng,Johannesburg,JHB-CBD-003,JHB-CBD-003-C,RAN,LTE1800,99.03,98.58,0.48,98.31,36.97,14.4,51.0,-81.9,-11.8,17.6,50.4,33,0.035,normal,
2026-09-14T00:45,Telkom,Gauteng,Soweto,JHB-SOW-018,JHB-SOW-018-A,RAN,LTE2100,98.88,98.48,0.47,98.11,40.91,11.88,48.1,-83.2,-9.8,13.4,51.97,32,0.031,normal,
2026-09-14T00:45,Telkom,Gauteng,Soweto,JHB-SOW-018,JHB-SOW-018-B,RAN,LTE2100,98.52,99.09,0.6,98.88,35.9,13.34,51.2,-88.0,-8.3,15.9,54.05,39,0.012,normal,
2026-09-14T00:45,Telkom,Gauteng,Soweto,JHB-SOW-018,JHB-SOW-018-C,RAN,LTE2100,98.57,98.31,0.6,99.08,51.2,13.58,45.8,-87.2,-10.9,17.0,34.07,27,0.034,normal,
2026-09-14T00:45,Telkom,Gauteng,Pretoria,PTA-HAT-011,PTA-HAT-011-A,RAN,LTE2600,99.42,98.78,0.41,97.82,40.9,12.23,65.5,-86.7,-8.5,17.5,56.93,34,0.005,normal,
2026-09-14T00:45,Telkom,Gauteng,Pretoria,PTA-HAT-011,PTA-HAT-011-B,RAN,LTE2600,98.92,98.61,0.6,97.24,48.72,15.69,46.4,-85.9,-9.0,18.9,37.52,37,0.029,normal,
2026-09-14T00:45,Telkom,Gauteng,Pretoria,PTA-HAT-011,PTA-HAT-011-C,RAN,LTE2600,98.74,98.54,0.63,98.26,44.3,11.25,53.1,-89.7,-8.2,12.8,41.37,26,0.022,normal,
2026-09-14T00:45,Telkom,Western Cape,Cape Town,CPT-BEL-007,CPT-BEL-007-A,RAN,LTE1800,98.16,98.64,0.78,98.15,41.91,10.95,50.4,-85.0,-9.2,15.5,46.98,29,0.012,normal,
2026-09-14T00:45,Telkom,Western Cape,Cape Town,CPT-BEL-007,CPT-BEL-007-B,RAN,LTE1800,98.44,99.29,0.61,98.41,44.04,14.47,48.0,-88.0,-7.9,20.7,37.4,40,0.006,normal,
2026-09-14T00:45,Telkom,Western Cape,Cape Town,CPT-BEL-007,CPT-BEL-007-C,RAN,LTE1800,98.8,98.54,0.51,98.24,42.05,16.41,55.7,-82.4,-11.2,13.7,46.24,35,0.017,normal,
2026-09-14T01:00,Telkom,Gauteng,Johannesburg,JHB-CBD-003,JHB-CBD-003-A,RAN,LTE1800,99.63,98.49,0.47,98.27,46.92,16.82,51.9,-86.2,-9.2,16.5,42.39,28,0.047,normal,
2026-09-14T01:00,Telkom,Gauteng,Johannesburg,JHB-CBD-003,JHB-CBD-003-B,RAN,LTE1800,98.48,98.37,0.47,98.78,40.34,12.71,60.3,-89.0,-9.1,12.0,43.71,37,0.037,normal,
2026-09-14T01:00,Telkom,Gauteng,Johannesburg,JHB-CBD-003,JHB-CBD-003-C,RAN,LTE1800,98.8,98.9,0.65,98.88,50.56,12.42,55.4,-83.8,-9.1,18.5,43.98,31,0.034,normal,
2026-09-14T01:00,Telkom,Gauteng,Soweto,JHB-SOW-018,JHB-SOW-018-A,RAN,LTE2100,98.8,99.14,0.45,98.94,45.51,15.5,35.8,-84.0,-10.5,17.5,38.48,26,0.04,normal,
2026-09-14T01:00,Telkom,Gauteng,Soweto,JHB-SOW-018,JHB-SOW-018-B,RAN,LTE2100,99.83,98.31,0.63,99.17,43.84,13.49,46.1,-89.8,-13.2,15.0,45.76,28,0.008,normal,
2026-09-14T01:00,Telkom,Gauteng,Soweto,JHB-SOW-018,JHB-SOW-018-C,RAN,LTE2100,98.49,98.63,0.42,98.98,44.66,13.26,53.0,-82.7,-9.0,19.9,45.29,31,0.003,normal,
2026-09-14T01:00,Telkom,Gauteng,Pretoria,PTA-HAT-011,PTA-HAT-011-A,RAN,LTE2600,99.51,98.78,0.4,98.24,39.25,14.71,54.1,-87.4,-10.8,15.2,45.54,36,0.028,normal,
2026-09-14T01:00,Telkom,Gauteng,Pretoria,PTA-HAT-011,PTA-HAT-011-B,RAN,LTE2600,99.29,99.77,0.48,98.18,45.93,13.47,40.9,-84.4,-9.7,15.1,45.92,33,0.015,normal,
2026-09-14T01:00,Telkom,Gauteng,Pretoria,PTA-HAT-011,PTA-HAT-011-C,RAN,LTE2600,99.24,99.04,0.6,98.25,37.18,11.82,60.5,-78.0,-12.1,17.4,51.41,34,0.029,normal,
2026-09-14T01:00,Telkom,Western Cape,Cape Town,CPT-BEL-007,CPT-BEL-007-A,RAN,LTE1800,99.01,99.17,0.08,98.94,44.67,14.48,54.8,-86.7,-9.2,15.8,39.93,28,0.012,normal,
2026-09-14T01:00,Telkom,Western Cape,Cape Town,CPT-BEL-007,CPT-BEL-007-B,RAN,LTE1800,98.92,98.24,0.72,98.78,41.59,11.04,49.5,-86.2,-8.7,17.3,43.57,32,0.015,normal,
2026-09-14T01:00,Telkom,Western Cape,Cape Town,CPT-BEL-007,CPT-BEL-007-C,RAN,LTE1800,99.3,99.05,0.32,99.07,49.39,11.78,41.7,-87.4,-10.3,17.6,42.26,32,0.026,normal,
2026-09-14T01:15,Telkom,Gauteng,Johannesburg,JHB-CBD-003,JHB-CBD-003-A,RAN,LTE1800,98.92,98.5,0.47,98.55,50.07,11.74,51.3,-84.9,-11.9,17.6,46.35,32,0.011,normal,
2026-09-14T01:15,Telkom,Gauteng,Johannesburg,JHB-CBD-003,JHB-CBD-003-B,RAN,LTE1800,98.88,99.19,0.54,98.08,38.17,13.98,44.1,-86.4,-9.9,18.0,38.3,34,0.017,normal,
2026-09-14T01:15,Telkom,Gauteng,Johannesburg,JHB-CBD-003,JHB-CBD-003-C,RAN,LTE1800,99.55,98.86,0.19,98.59,37.97,14.84,38.9,-85.8,-11.2,18.9,41.61,38,0.024,normal,
2026-09-14T01:15,Telkom,Gauteng,Soweto,JHB-SOW-018,JHB-SOW-018-A,RAN,LTE2100,98.83,98.1,0.28,98.46,47.39,10.49,54.4,-86.2,-11.4,15.3,49.21,37,0.032,normal,
2026-09-14T01:15,Telkom,Gauteng,Soweto,JHB-SOW-018,JHB-SOW-018-B,RAN,LTE2100,99.0,98.56,0.13,98.87,44.7,14.15,43.5,-87.2,-10.4,16.8,41.82,32,0.039,normal,
2026-09-14T01:15,Telkom,Gauteng,Soweto,JHB-SOW-018,JHB-SOW-018-C,RAN,LTE2100,99.66,98.73,0.58,99.27,47.47,12.95,40.3,-83.6,-9.4,15.6,42.63,27,0.017,normal,
2026-09-14T01:15,Telkom,Gauteng,Pretoria,PTA-HAT-011,PTA-HAT-011-A,RAN,LTE2600,99.49,99.17,0.99,98.89,42.6,11.31,65.7,-87.9,-8.7,16.9,53.83,38,0.045,normal,
2026-09-14T01:15,Telkom,Gauteng,Pretoria,PTA-HAT-011,PTA-HAT-011-B,RAN,LTE2600,98.54,98.96,0.35,98.11,41.7,12.6,47.9,-82.4,-11.7,13.4,47.41,41,0.035,normal,
2026-09-14T01:15,Telkom,Gauteng,Pretoria,PTA-HAT-011,PTA-HAT-011-C,RAN,LTE2600,98.71,98.6,0.65,99.1,39.33,13.07,46.6,-82.8,-10.0,16.4,44.82,34,0.02,normal,
2026-09-14T01:15,Telkom,Western Cape,Cape Town,CPT-BEL-007,CPT-BEL-007-A,RAN,LTE1800,98.81,98.63,0.05,99.11,45.63,11.8,41.8,-89.1,-10.0,15.1,37.55,22,0.03,normal,
2026-09-14T01:15,Telkom,Western Cape,Cape Town,CPT-BEL-007,CPT-BEL-007-B,RAN,LTE1800,98.86,99.34,0.65,97.9,43.17,13.48,51.3,-80.1,-10.3,16.5,47.02,37,0.012,normal,
2026-09-14T01:15,Telkom,Western Cape,Cape Town,CPT-BEL-007,CPT-BEL-007-C,RAN,LTE1800,98.95,99.01,0.59,98.92,42.45,14.61,51.9,-85.0,-10.7,14.6,48.71,26,0.025,normal,
2026-09-14T01:30,Telkom,Gauteng,Johannesburg,JHB-CBD-003,JHB-CBD-003-A,RAN,LTE1800,99.73,99.57,0.21,98.51,51.76,11.85,51.5,-83.5,-9.8,15.2,44.72,33,0.004,normal,
2026-09-14T01:30,Telkom,Gauteng,Johannesburg,JHB-CBD-003,JHB-CBD-003-B,RAN,LTE1800,99.43,99.23,0.38,98.72,47.02,13.96,43.1,-84.2,-11.1,14.2,34.29,32,0.02,normal,
2026-09-14T01:30,Telkom,Gauteng,Johannesburg,JHB-CBD-003,JHB-CBD-003-C,RAN,LTE1800,98.59,98.45,0.7,98.62,48.76,12.11,53.2,-86.8,-8.4,15.0,45.61,33,0.023,normal,
2026-09-14T01:30,Telkom,Gauteng,Soweto,JHB-SOW-018,JHB-SOW-018-A,RAN,LTE2100,99.9,98.61,0.41,98.79,39.3,13.55,45.0,-88.3,-9.8,12.1,40.2,30,0.019,normal,
2026-09-14T01:30,Telkom,Gauteng,Soweto,JHB-SOW-018,JHB-SOW-018-B,RAN,LTE2100,99.31,98.53,0.58,99.0,43.58,8.35,53.1,-85.9,-8.5,17.9,52.27,33,0.018,normal,
2026-09-14T01:30,Telkom,Gauteng,Soweto,JHB-SOW-018,JHB-SOW-018-C,RAN,LTE2100,99.05,98.96,0.94,98.58,47.89,12.89,50.5,-81.0,-8.7,15.6,48.52,32,0.014,normal,
2026-09-14T01:30,Telkom,Gauteng,Pretoria,PTA-HAT-011,PTA-HAT-011-A,RAN,LTE2600,98.64,98.67,0.61,98.06,43.54,10.58,48.1,-89.8,-11.6,19.2,48.29,41,0.041,normal,
2026-09-14T01:30,Telkom,Gauteng,Pretoria,PTA-HAT-011,PTA-HAT-011-B,RAN,LTE2600,98.57,98.27,0.84,98.86,34.09,12.03,60.4,-91.0,-8.3,17.7,45.6,36,0.039,normal,
2026-09-14T01:30,Telkom,Gauteng,Pretoria,PTA-HAT-011,PTA-HAT-011-C,RAN,LTE2600,99.01,98.85,0.37,98.58,43.46,15.76,60.4,-84.2,-11.5,17.2,41.3,36,0.045,normal,
2026-09-14T01:30,Telkom,Western Cape,Cape Town,CPT-BEL-007,CPT-BEL-007-A,RAN,LTE1800,99.01,98.87,0.48,97.75,35.41,14.53,46.5,-84.9,-9.9,17.8,53.48,40,0.032,normal,
2026-09-14T01:30,Telkom,Western Cape,Cape Town,CPT-BEL-007,CPT-BEL-007-B,RAN,LTE1800,99.24,98.69,0.76,99.14,44.86,12.3,57.6,-86.7,-11.1,16.2,45.45,21,0.042,normal,
2026-09-14T01:30,Telkom,Western Cape,Cape Town,CPT-BEL-007,CPT-BEL-007-C,RAN,LTE1800,98.42,98.84,0.05,98.42,40.86,12.07,58.1,-85.1,-11.9,20.6,52.13,32,0.047,normal,
2026-09-14T01:45,Telkom,Gauteng,Johannesburg,JHB-CBD-003,JHB-CBD-003-A,RAN,LTE1800,98.6,99.14,0.7,97.75,42.07,8.8,38.2,-89.3,-9.5,20.5,48.77,38,0.019,normal,
2026-09-14T01:45,Telkom,Gauteng,Johannesburg,JHB-CBD-003,JHB-CBD-003-B,RAN,LTE1800,98.86,99.11,0.16,98.21,40.24,11.36,47.9,-80.8,-10.9,12.5,51.84,27,0.018,normal,
2026-09-14T01:45,Telkom,Gauteng,Johannesburg,JHB-CBD-003,JHB-CBD-003-C,RAN,LTE1800,99.04,98.82,0.52,97.78,44.1,14.48,57.7,-88.0,-11.7,17.6,54.53,38,0.042,normal,
2026-09-14T01:45,Telkom,Gauteng,Soweto,JHB-SOW-018,JHB-SOW-018-A,RAN,LTE2100,98.78,98.4,0.82,98.24,38.92,12.08,50.7,-86.3,-8.5,16.7,45.53,22,0.017,normal,
2026-09-14T01:45,Telkom,Gauteng,Soweto,JHB-SOW-018,JHB-SOW-018-B,RAN,LTE2100,99.15,99.09,0.77,98.11,42.32,12.98,55.4,-83.0,-9.7,14.5,46.3,29,0.018,normal,
2026-09-14T01:45,Telkom,Gauteng,Soweto,JHB-SOW-018,JHB-SOW-018-C,RAN,LTE2100,99.03,98.98,0.32,99.36,32.96,9.01,50.1,-90.3,-10.9,19.1,55.3,43,0.027,normal,
2026-09-14T01:45,Telkom,Gauteng,Pretoria,PTA-HAT-011,PTA-HAT-011-A,RAN,LTE2600,99.28,98.88,0.36,98.61,42.68,11.34,62.8,-85.6,-8.5,16.9,43.94,24,0.015,normal,
2026-09-14T01:45,Telkom,Gauteng,Pretoria,PTA-HAT-011,PTA-HAT-011-B,RAN,LTE2600,99.1,98.5,0.26,97.78,39.92,12.57,50.6,-84.7,-9.1,13.0,45.55,30,0.025,normal,
2026-09-14T01:45,Telkom,Gauteng,Pretoria,PTA-HAT-011,PTA-HAT-011-C,RAN,LTE2600,99.53,98.76,0.46,97.95,32.35,16.5,59.7,-89.5,-11.7,14.3,49.91,33,0.046,normal,
2026-09-14T01:45,Telkom,Western Cape,Cape Town,CPT-BEL-007,CPT-BEL-007-A,RAN,LTE1800,99.18,98.98,0.79,97.93,33.2,12.0,49.3,-81.3,-8.7,16.3,51.63,36,0.026,normal,
2026-09-14T01:45,Telkom,Western Cape,Cape Town,CPT-BEL-007,CPT-BEL-007-B,RAN,LTE1800,99.72,99.2,0.27,99.19,44.44,14.56,55.5,-92.2,-9.7,15.3,44.14,28,0.014,normal,
2026-09-14T01:45,Telkom,Western Cape,Cape Town,CPT-BEL-007,CPT-BEL-007-C,RAN,LTE1800,98.68,98.44,0.76,98.48,51.74,12.66,37.2,-84.5,-8.7,19.6,48.27,34,0.048,normal,
2026-09-14T02:00,Telkom,Gauteng,Johannesburg,JHB-CBD-003,JHB-CBD-003-A,RAN,LTE1800,99.16,98.63,0.46,98.37,43.33,13.94,57.7,-83.4,-10.2,14.9,39.6,38,0.002,normal,
2026-09-14T02:00,Telkom,Gauteng,Johannesburg,JHB-CBD-003,JHB-CBD-003-B,RAN,LTE1800,99.34,98.67,0.57,97.95,32.88,11.31,55.9,-83.6,-9.0,18.5,57.04,37,0.03,normal,
2026-09-14T02:00,Telkom,Gauteng,Johannesburg,JHB-CBD-003,JHB-CBD-003-C,RAN,LTE1800,98.52,98.53,0.36,99.64,38.64,15.13,48.4,-86.9,-12.1,13.6,48.38,44,0.019,normal,
2026-09-14T02:00,Telkom,Gauteng,Soweto,JHB-SOW-018,JHB-SOW-018-A,RAN,LTE2100,98.73,98.44,0.41,98.61,39.55,13.27,54.2,-83.8,-11.2,17.1,53.52,31,0.005,normal,
2026-09-14T02:00,Telkom,Gauteng,Soweto,JHB-SOW-018,JHB-SOW-018-B,RAN,LTE2100,99.66,98.93,0.79,98.73,44.46,13.31,55.5,-83.3,-11.1,12.8,41.72,35,0.045,normal,
2026-09-14T02:00,Telkom,Gauteng,Soweto,JHB-SOW-018,JHB-SOW-018-C,RAN,LTE2100,99.18,99.02,0.55,98.26,45.83,11.82,64.1,-87.5,-10.1,16.8,41.58,30,0.05,normal,
2026-09-14T02:00,Telkom,Gauteng,Pretoria,PTA-HAT-011,PTA-HAT-011-A,RAN,LTE2600,99.21,99.1,0.35,98.63,41.8,14.7,54.0,-85.1,-9.6,18.1,44.34,42,0.038,normal,
2026-09-14T02:00,Telkom,Gauteng,Pretoria,PTA-HAT-011,PTA-HAT-011-B,RAN,LTE2600,99.72,99.08,0.7,98.17,39.49,12.91,41.3,-84.4,-8.5,16.9,48.37,40,0.027,normal,
2026-09-14T02:00,Telkom,Gauteng,Pretoria,PTA-HAT-011,PTA-HAT-011-C,RAN,LTE2600,99.04,98.64,0.56,98.07,43.8,13.38,57.4,-85.1,-7.3,18.3,36.08,37,0.047,normal,
2026-09-14T02:00,Telkom,Western Cape,Cape Town,CPT-BEL-007,CPT-BEL-007-A,RAN,LTE1800,99.26,99.04,0.44,98.15,39.7,14.99,52.4,-82.6,-11.2,16.2,37.5,30,0.029,normal,
2026-09-14T02:00,Telkom,Western Cape,Cape Town,CPT-BEL-007,CPT-BEL-007-B,RAN,LTE1800,99.68,99.07,0.07,98.48,45.35,11.88,52.9,-87.5,-10.1,17.8,48.84,35,0.017,normal,
2026-09-14T02:00,Telkom,Western Cape,Cape Town,CPT-BEL-007,CPT-BEL-007-C,RAN,LTE1800,99.04,98.39,0.57,98.14,40.85,14.2,55.0,-82.9,-8.7,17.0,58.11,46,0.01,normal,
2026-09-14T02:15,Telkom,Gauteng,Johannesburg,JHB-CBD-003,JHB-CBD-003-A,RAN,LTE1800,99.29,99.07,0.8,98.39,43.0,10.96,61.1,-89.1,-10.0,18.8,44.92,30,0.045,normal,
2026-09-14T02:15,Telkom,Gauteng,Johannesburg,JHB-CBD-003,JHB-CBD-003-B,RAN,LTE1800,98.43,98.32,0.24,98.3,43.11,10.69,42.7,-81.6,-9.5,19.6,51.21,37,0.046,normal,
2026-09-14T02:15,Telkom,Gauteng,Johannesburg,JHB-CBD-003,JHB-CBD-003-C,RAN,LTE1800,98.85,98.73,0.77,98.76,43.25,12.71,66.9,-90.5,-11.1,17.7,52.24,37,0.027,normal,
2026-09-14T02:15,Telkom,Gauteng,Soweto,JHB-SOW-018,JHB-SOW-018-A,RAN,LTE2100,98.79,98.61,0.19,97.39,46.57,12.3,52.6,-82.7,-10.3,16.1,42.23,25,0.023,normal,
2026-09-14T02:15,Telkom,Gauteng,Soweto,JHB-SOW-018,JHB-SOW-018-B,RAN,LTE2100,99.61,99.18,0.32,97.47,46.76,12.28,50.1,-87.0,-9.4,16.3,50.21,31,0.011,normal,
2026-09-14T02:15,Telkom,Gauteng,Soweto,JHB-SOW-018,JHB-SOW-018-C,RAN,LTE2100,99.84,98.45,0.81,98.66,45.79,11.53,49.4,-90.3,-11.0,14.2,46.92,35,0.011,normal,
2026-09-14T02:15,Telkom,Gauteng,Pretoria,PTA-HAT-011,PTA-HAT-011-A,RAN,LTE2600,98.65,98.92,0.09,97.78,41.61,11.54,52.6,-81.3,-8.8,18.8,44.29,36,0.016,normal,
2026-09-14T02:15,Telkom,Gauteng,Pretoria,PTA-HAT-011,PTA-HAT-011-B,RAN,LTE2600,99.44,98.96,0.44,98.45,47.3,15.82,54.6,-88.0,-9.3,16.7,43.49,37,0.025,normal,
2026-09-14T02:15,Telkom,Gauteng,Pretoria,PTA-HAT-011,PTA-HAT-011-C,RAN,LTE2600,98.99,99.33,0.52,98.49,44.27,11.34,48.8,-84.5,-11.0,17.4,44.88,34,0.021,normal,
2026-09-14T02:15,Telkom,Western Cape,Cape Town,CPT-BEL-007,CPT-BEL-007-A,RAN,LTE1800,99.42,98.99,0.29,98.81,42.69,16.23,53.2,-90.2,-11.1,20.4,49.11,37,0.002,normal,
2026-09-14T02:15,Telkom,Western Cape,Cape Town,CPT-BEL-007,CPT-BEL-007-B,RAN,LTE1800,99.43,99.05,0.56,98.49,33.39,10.7,48.6,-90.3,-10.1,14.2,47.52,36,0.006,normal,
2026-09-14T02:15,Telkom,Western Cape,Cape Town,CPT-BEL-007,CPT-BEL-007-C,RAN,LTE1800,99.39,98.79,0.05,98.54,43.18,14.78,46.6,-85.9,-8.0,19.6,45.75,25,0.01,normal,
2026-09-14T02:30,Telkom,Gauteng,Johannesburg,JHB-CBD-003,JHB-CBD-003-A,RAN,LTE1800,99.42,98.28,0.51,98.32,38.17,15.42,47.0,-83.6,-8.4,20.5,44.13,36,0.014,normal,
2026-09-14T02:30,Telkom,Gauteng,Johannesburg,JHB-CBD-003,JHB-CBD-003-B,RAN,LTE1800,99.14,98.93,0.34,98.32,45.42,12.36,57.2,-85.3,-8.7,17.7,49.08,37,0.043,normal,
2026-09-14T02:30,Telkom,Gauteng,Johannesburg,JHB-CBD-003,JHB-CBD-003-C,RAN,LTE1800,99.8,98.91,0.12,98.28,36.36,12.95,40.5,-88.8,-9.0,17.3,51.31,44,0.039,normal,
2026-09-14T02:30,Telkom,Gauteng,Soweto,JHB-SOW-018,JHB-SOW-018-A,RAN,LTE2100,99.49,98.48,0.34,98.88,40.26,14.85,46.5,-86.5,-10.1,17.4,48.01,30,0.028,normal,
2026-09-14T02:30,Telkom,Gauteng,Soweto,JHB-SOW-018,JHB-SOW-018-B,RAN,LTE2100,99.44,98.3,0.55,98.5,41.35,12.26,63.6,-83.2,-9.7,12.5,46.08,33,0.044,normal,
2026-09-14T02:30,Telkom,Gauteng,Soweto,JHB-SOW-018,JHB-SOW-018-C,RAN,LTE2100,99.27,98.63,0.35,98.73,45.02,15.61,52.4,-85.1,-10.5,18.5,35.7,29,0.015,normal,
2026-09-14T02:30,Telkom,Gauteng,Pretoria,PTA-HAT-011,PTA-HAT-011-A,RAN,LTE2600,98.86,98.65,0.45,98.54,38.65,12.91,49.4,-83.2,-10.9,21.2,48.56,32,0.015,normal,
2026-09-14T02:30,Telkom,Gauteng,Pretoria,PTA-HAT-011,PTA-HAT-011-B,RAN,LTE2600,99.49,98.96,0.28,97.31,38.5,12.54,54.4,-87.3,-9.2,16.8,42.94,36,0.001,normal,
2026-09-14T02:30,Telkom,Gauteng,Pretoria,PTA-HAT-011,PTA-HAT-011-C,RAN,LTE2600,99.0,98.63,0.41,98.62,43.17,9.99,55.6,-89.6,-10.3,16.3,44.06,32,0.009,normal,
2026-09-14T02:30,Telkom,Western Cape,Cape Town,CPT-BEL-007,CPT-BEL-007-A,RAN,LTE1800,99.01,98.75,0.54,98.29,38.46,14.32,50.2,-80.5,-11.5,16.5,43.43,26,0.049,normal,
2026-09-14T02:30,Telkom,Western Cape,Cape Town,CPT-BEL-007,CPT-BEL-007-B,RAN,LTE1800,99.32,98.88,0.59,97.97,49.87,14.39,36.4,-89.5,-9.3,13.3,34.25,22,0.003,normal,
2026-09-14T02:30,Telkom,Western Cape,Cape Town,CPT-BEL-007,CPT-BEL-007-C,RAN,LTE1800,99.25,98.97,0.21,98.18,44.45,10.69,36.8,-87.1,-9.4,16.7,44.01,33,0.005,normal,
2026-09-14T02:45,Telkom,Gauteng,Johannesburg,JHB-CBD-003,JHB-CBD-003-A,RAN,LTE1800,98.87,99.06,0.6,98.41,39.59,12.9,50.2,-85.6,-9.2,15.8,48.23,35,0.027,normal,
2026-09-14T02:45,Telkom,Gauteng,Johannesburg,JHB-CBD-003,JHB-CBD-003-B,RAN,LTE1800,98.81,98.77,0.41,98.86,44.34,14.58,38.8,-89.2,-9.8,16.9,44.65,41,0.027,normal,
2026-09-14T02:45,Telkom,Gauteng,Johannesburg,JHB-CBD-003,JHB-CBD-003-C,RAN,LTE1800,99.41,98.43,0.31,99.32,38.28,12.54,51.0,-85.5,-9.7,14.5,46.76,35,0.048,normal,
2026-09-14T02:45,Telkom,Gauteng,Soweto,JHB-SOW-018,JHB-SOW-018-A,RAN,LTE2100,98.31,99.07,0.58,99.15,42.72,12.7,55.0,-82.7,-10.3,17.1,48.25,37,0.018,normal,
2026-09-14T02:45,Telkom,Gauteng,Soweto,JHB-SOW-018,JHB-SOW-018-B,RAN,LTE2100,99.44,98.95,0.46,98.89,43.11,11.38,49.2,-89.6,-10.9,20.6,41.63,28,0.028,normal,
2026-09-14T02:45,Telkom,Gauteng,Soweto,JHB-SOW-018,JHB-SOW-018-C,RAN,LTE2100,99.22,99.03,0.12,98.73,39.96,14.0,49.7,-85.0,-8.0,19.3,49.85,36,0.029,normal,
2026-09-14T02:45,Telkom,Gauteng,Pretoria,PTA-HAT-011,PTA-HAT-011-A,RAN,LTE2600,99.26,98.88,0.2,97.71,51.25,15.01,55.8,-83.8,-9.2,13.9,42.11,34,0.03,normal,
2026-09-14T02:45,Telkom,Gauteng,Pretoria,PTA-HAT-011,PTA-HAT-011-B,RAN,LTE2600,98.77,99.08,0.77,98.24,35.85,15.16,44.8,-88.2,-9.1,21.7,46.22,28,0.039,normal,
2026-09-14T02:45,Telkom,Gauteng,Pretoria,PTA-HAT-011,PTA-HAT-011-C,RAN,LTE2600,98.84,98.47,0.56,98.61,32.14,10.61,42.6,-83.5,-10.9,18.6,49.93,34,0.027,normal,
2026-09-14T02:45,Telkom,Western Cape,Cape Town,CPT-BEL-007,CPT-BEL-007-A,RAN,LTE1800,98.63,98.82,0.4,98.78,35.31,15.01,51.8,-88.8,-10.5,15.5,51.4,30,0.035,normal,
2026-09-14T02:45,Telkom,Western Cape,Cape Town,CPT-BEL-007,CPT-BEL-007-B,RAN,LTE1800,99.3,98.51,0.51,98.27,42.36,11.08,53.7,-85.5,-9.6,16.2,49.38,27,0.042,normal,
2026-09-14T02:45,Telkom,Western Cape,Cape Town,CPT-BEL-007,CPT-BEL-007-C,RAN,LTE1800,98.51,98.71,1.0,97.96,39.04,14.24,52.9,-87.2,-8.6,19.0,43.49,35,0.018,normal,
2026-09-14T03:00,Telkom,Gauteng,Johannesburg,JHB-CBD-003,JHB-CBD-003-A,RAN,LTE1800,99.85,98.68,0.44,98.14,43.59,13.77,49.2,-86.2,-12.1,14.2,45.69,32,0.043,normal,
2026-09-14T03:00,Telkom,Gauteng,Johannesburg,JHB-CBD-003,JHB-CBD-003-B,RAN,LTE1800,99.27,98.55,0.44,97.79,41.73,11.42,51.6,-87.6,-9.9,19.6,51.45,33,0.014,normal,
2026-09-14T03:00,Telkom,Gauteng,Johannesburg,JHB-CBD-003,JHB-CBD-003-C,RAN,LTE1800,98.97,99.09,0.53,99.09,36.09,10.58,59.6,-88.8,-8.7,17.0,53.59,37,0.015,normal,
2026-09-14T03:00,Telkom,Gauteng,Soweto,JHB-SOW-018,JHB-SOW-018-A,RAN,LTE2100,98.43,98.94,0.36,98.04,46.45,13.06,46.0,-84.9,-8.0,13.1,44.89,31,0.001,normal,
2026-09-14T03:00,Telkom,Gauteng,Soweto,JHB-SOW-018,JHB-SOW-018-B,RAN,LTE2100,99.02,99.32,0.16,98.4,42.11,16.58,44.8,-89.2,-10.3,19.4,33.35,25,0.029,normal,
2026-09-14T03:00,Telkom,Gauteng,Soweto,JHB-SOW-018,JHB-SOW-018-C,RAN,LTE2100,98.29,98.6,0.45,98.47,39.27,8.96,58.6,-85.4,-9.9,14.9,53.29,32,0.024,normal,
2026-09-14T03:00,Telkom,Gauteng,Pretoria,PTA-HAT-011,PTA-HAT-011-A,RAN,LTE2600,99.52,99.38,1.01,98.3,53.1,10.47,62.1,-82.4,-11.7,17.8,47.54,24,0.005,normal,
2026-09-14T03:00,Telkom,Gauteng,Pretoria,PTA-HAT-011,PTA-HAT-011-B,RAN,LTE2600,99.64,99.12,0.09,98.13,40.12,13.91,40.2,-84.5,-11.0,18.9,40.63,30,0.014,normal,
2026-09-14T03:00,Telkom,Gauteng,Pretoria,PTA-HAT-011,PTA-HAT-011-C,RAN,LTE2600,98.74,98.82,0.3,98.98,41.97,12.9,44.9,-87.5,-10.3,13.4,48.34,36,0.013,normal,
2026-09-14T03:00,Telkom,Western Cape,Cape Town,CPT-BEL-007,CPT-BEL-007-A,RAN,LTE1800,99.26,98.76,0.66,98.55,34.69,11.66,60.8,-83.7,-9.5,14.9,54.42,37,0.011,normal,
2026-09-14T03:00,Telkom,Western Cape,Cape Town,CPT-BEL-007,CPT-BEL-007-B,RAN,LTE1800,99.07,98.27,0.56,98.05,47.27,12.86,55.0,-84.9,-11.7,19.8,38.7,29,0.017,normal,
2026-09-14T03:00,Telkom,Western Cape,Cape Town,CPT-BEL-007,CPT-BEL-007-C,RAN,LTE1800,99.9,98.92,0.49,99.31,37.88,12.47,50.0,-81.4,-8.3,19.5,50.39,33,0.028,normal,
2026-09-14T03:15,Telkom,Gauteng,Johannesburg,JHB-CBD-003,JHB-CBD-003-A,RAN,LTE1800,99.4,98.32,0.87,99.08,51.15,11.16,49.3,-86.7,-10.0,14.9,44.21,35,0.006,normal,
2026-09-14T03:15,Telkom,Gauteng,Johannesburg,JHB-CBD-003,JHB-CBD-003-B,RAN,LTE1800,98.71,99.13,0.89,98.51,47.56,13.45,65.2,-86.3,-6.9,16.1,48.39,25,0.018,normal,
2026-09-14T03:15,Telkom,Gauteng,Johannesburg,JHB-CBD-003,JHB-CBD-003-C,RAN,LTE1800,98.12,99.05,0.71,98.58,39.69,15.58,53.4,-86.2,-8.6,16.4,43.2,38,0.013,normal,
2026-09-14T03:15,Telkom,Gauteng,Soweto,JHB-SOW-018,JHB-SOW-018-A,RAN,LTE2100,98.77,98.55,0.87,98.66,39.53,13.3,39.1,-88.5,-8.9,18.9,43.51,26,0.039,normal,
2026-09-14T03:15,Telkom,Gauteng,Soweto,JHB-SOW-018,JHB-SOW-018-B,RAN,LTE2100,98.6,98.94,0.77,98.2,45.68,11.38,50.0,-88.0,-11.3,14.2,48.54,37,0.032,normal,
2026-09-14T03:15,Telkom,Gauteng,Soweto,JHB-SOW-018,JHB-SOW-018-C,RAN,LTE2100,99.27,98.93,0.42,98.66,40.24,14.2,43.0,-83.3,-9.1,18.2,46.09,30,0.025,normal,
2026-09-14T03:15,Telkom,Gauteng,Pretoria,PTA-HAT-011,PTA-HAT-011-A,RAN,LTE2600,98.05,99.11,0.52,98.58,39.19,12.45,54.1,-81.6,-12.1,15.5,49.35,41,0.033,normal,
2026-09-14T03:15,Telkom,Gauteng,Pretoria,PTA-HAT-011,PTA-HAT-011-B,RAN,LTE2600,98.43,98.74,0.91,99.08,43.39,14.77,52.9,-82.2,-9.4,17.9,45.19,40,0.018,normal,
2026-09-14T03:15,Telkom,Gauteng,Pretoria,PTA-HAT-011,PTA-HAT-011-C,RAN,LTE2600,99.29,98.95,0.34,98.69,45.41,13.49,54.8,-84.0,-11.1,18.6,51.86,43,0.025,normal,
2026-09-14T03:15,Telkom,Western Cape,Cape Town,CPT-BEL-007,CPT-BEL-007-A,RAN,LTE1800,99.08,98.77,0.48,98.58,48.66,12.87,43.9,-87.6,-10.7,15.9,41.01,21,0.041,normal,
2026-09-14T03:15,Telkom,Western Cape,Cape Town,CPT-BEL-007,CPT-BEL-007-B,RAN,LTE1800,99.48,98.74,0.44,99.06,47.49,12.88,54.1,-91.4,-7.5,15.2,47.06,38,0.013,normal,
2026-09-14T03:15,Telkom,Western Cape,Cape Town,CPT-BEL-007,CPT-BEL-007-C,RAN,LTE1800,98.96,98.6,0.48,98.12,47.38,16.85,47.1,-85.7,-11.5,16.4,39.65,34,0.001,normal,
2026-09-14T03:30,Telkom,Gauteng,Johannesburg,JHB-CBD-003,JHB-CBD-003-A,RAN,LTE1800,99.87,99.1,0.46,98.88,48.9,12.35,53.7,-87.3,-9.0,18.2,36.45,36,0.011,normal,
2026-09-14T03:30,Telkom,Gauteng,Johannesburg,JHB-CBD-003,JHB-CBD-003-B,RAN,LTE1800,98.76,98.81,1.05,98.18,38.41,10.37,44.4,-86.5,-8.9,14.9,49.96,34,0.001,normal,
2026-09-14T03:30,Telkom,Gauteng,Johannesburg,JHB-CBD-003,JHB-CBD-003-C,RAN,LTE1800,99.47,98.52,0.32,98.87,37.96,11.38,54.6,-83.6,-7.6,17.1,48.24,36,0.046,normal,
2026-09-14T03:30,Telkom,Gauteng,Soweto,JHB-SOW-018,JHB-SOW-018-A,RAN,LTE2100,99.2,98.43,0.26,98.11,39.17,13.11,58.7,-86.5,-9.5,17.4,48.29,36,0.034,normal,
2026-09-14T03:30,Telkom,Gauteng,Soweto,JHB-SOW-018,JHB-SOW-018-B,RAN,LTE2100,98.55,98.51,0.51,98.84,50.89,16.71,45.2,-87.1,-11.3,16.2,33.79,31,0.025,normal,
2026-09-14T03:30,Telkom,Gauteng,Soweto,JHB-SOW-018,JHB-SOW-018-C,RAN,LTE2100,99.13,99.11,0.9,99.13,37.39,12.17,45.0,-87.1,-7.4,18.1,43.84,29,0.026,normal,
2026-09-14T03:30,Telkom,Gauteng,Pretoria,PTA-HAT-011,PTA-HAT-011-A,RAN,LTE2600,99.67,98.5,0.42,98.05,43.62,10.77,49.9,-86.0,-8.4,22.1,48.85,35,0.014,normal,
2026-09-14T03:30,Telkom,Gauteng,Pretoria,PTA-HAT-011,PTA-HAT-011-B,RAN,LTE2600,99.47,99.04,0.06,98.63,33.22,13.81,58.3,-86.7,-10.3,16.0,56.32,36,0.044,normal,
2026-09-14T03:30,Telkom,Gauteng,Pretoria,PTA-HAT-011,PTA-HAT-011-C,RAN,LTE2600,98.73,98.56,1.27,99.18,46.06,14.36,38.9,-82.1,-10.6,17.1,46.96,33,0.014,normal,
2026-09-14T03:30,Telkom,Western Cape,Cape Town,CPT-BEL-007,CPT-BEL-007-A,RAN,LTE1800,99.35,98.51,0.13,98.32,36.3,11.95,51.3,-84.6,-10.1,19.6,51.23,30,0.031,normal,
2026-09-14T03:30,Telkom,Western Cape,Cape Town,CPT-BEL-007,CPT-BEL-007-B,RAN,LTE1800,98.96,98.59,0.6,98.6,41.16,9.32,54.0,-85.9,-9.2,19.4,55.13,41,0.015,normal,
2026-09-14T03:30,Telkom,Western Cape,Cape Town,CPT-BEL-007,CPT-BEL-007-C,RAN,LTE1800,99.31,98.85,0.21,98.25,40.33,10.86,53.5,-83.3,-9.8,15.6,48.87,35,0.04,normal,
2026-09-14T03:45,Telkom,Gauteng,Johannesburg,JHB-CBD-003,JHB-CBD-003-A,RAN,LTE1800,98.45,98.72,0.32,98.63,42.35,11.61,55.5,-89.2,-10.3,17.7,49.1,33,0.033,normal,
2026-09-14T03:45,Telkom,Gauteng,Johannesburg,JHB-CBD-003,JHB-CBD-003-B,RAN,LTE1800,98.75,98.3,0.6,98.97,38.52,13.74,55.1,-83.5,-11.3,17.3,46.65,36,0.042,normal,
2026-09-14T03:45,Telkom,Gauteng,Johannesburg,JHB-CBD-003,JHB-CBD-003-C,RAN,LTE1800,99.36,98.6,0.21,97.64,46.22,13.83,44.5,-81.2,-9.1,17.2,46.36,34,0.039,normal,
2026-09-14T03:45,Telkom,Gauteng,Soweto,JHB-SOW-018,JHB-SOW-018-A,RAN,LTE2100,98.83,99.05,0.23,98.69,43.37,13.64,46.8,-88.3,-9.7,18.7,44.96,28,0.012,normal,
2026-09-14T03:45,Telkom,Gauteng,Soweto,JHB-SOW-018,JHB-SOW-018-B,RAN,LTE2100,98.97,98.68,0.11,97.4,38.19,12.14,46.9,-87.1,-9.1,17.6,49.79,37,0.038,normal,
2026-09-14T03:45,Telkom,Gauteng,Soweto,JHB-SOW-018,JHB-SOW-018-C,RAN,LTE2100,99.14,98.76,0.62,98.32,37.15,14.69,53.3,-89.1,-8.6,16.5,47.05,32,0.015,normal,
2026-09-14T03:45,Telkom,Gauteng,Pretoria,PTA-HAT-011,PTA-HAT-011-A,RAN,LTE2600,98.72,99.02,0.63,98.11,44.92,12.62,45.2,-83.8,-10.4,17.2,41.07,29,0.026,normal,
2026-09-14T03:45,Telkom,Gauteng,Pretoria,PTA-HAT-011,PTA-HAT-011-B,RAN,LTE2600,99.55,98.44,0.69,99.4,41.74,12.63,52.6,-86.6,-10.0,14.6,41.93,36,0.03,normal,
2026-09-14T03:45,Telkom,Gauteng,Pretoria,PTA-HAT-011,PTA-HAT-011-C,RAN,LTE2600,98.56,98.7,0.42,98.14,44.52,9.76,56.8,-85.5,-11.4,17.5,46.89,36,0.035,normal,
2026-09-14T03:45,Telkom,Western Cape,Cape Town,CPT-BEL-007,CPT-BEL-007-A,RAN,LTE1800,99.31,98.36,0.74,97.99,44.06,13.43,59.1,-83.9,-8.6,14.6,47.65,39,0.018,normal,
2026-09-14T03:45,Telkom,Western Cape,Cape Town,CPT-BEL-007,CPT-BEL-007-B,RAN,LTE1800,98.67,98.63,0.7,98.37,46.0,12.82,55.6,-82.5,-8.8,15.2,38.5,31,0.024,normal,
2026-09-14T03:45,Telkom,Western Cape,Cape Town,CPT-BEL-007,CPT-BEL-007-C,RAN,LTE1800,99.11,98.61,0.15,97.94,34.73,14.64,49.3,-82.6,-10.0,14.7,44.27,27,0.016,normal,
2026-09-14T04:00,Telkom,Gauteng,Johannesburg,JHB-CBD-003,JHB-CBD-003-A,RAN,LTE1800,99.45,98.77,0.67,98.69,47.26,15.46,58.2,-83.4,-10.3,14.5,35.47,23,0.035,normal,
2026-09-14T04:00,Telkom,Gauteng,Johannesburg,JHB-CBD-003,JHB-CBD-003-B,RAN,LTE1800,99.02,98.94,0.72,98.46,45.9,11.63,53.4,-85.2,-9.4,13.1,47.78,36,0.002,normal,
2026-09-14T04:00,Telkom,Gauteng,Johannesburg,JHB-CBD-003,JHB-CBD-003-C,RAN,LTE1800,99.35,98.82,0.72,98.65,35.92,11.18,64.6,-87.2,-10.5,20.4,57.29,38,0.017,normal,
2026-09-14T04:00,Telkom,Gauteng,Soweto,JHB-SOW-018,JHB-SOW-018-A,RAN,LTE2100,99.46,98.75,0.63,98.71,35.76,10.9,46.2,-83.3,-8.5,19.4,55.88,34,0.008,normal,
2026-09-14T04:00,Telkom,Gauteng,Soweto,JHB-SOW-018,JHB-SOW-018-B,RAN,LTE2100,99.15,98.79,0.21,98.17,44.28,14.47,46.1,-87.4,-10.4,17.0,44.88,30,0.02,normal,
2026-09-14T04:00,Telkom,Gauteng,Soweto,JHB-SOW-018,JHB-SOW-018-C,RAN,LTE2100,98.67,98.86,0.43,98.81,41.64,12.94,36.9,-85.8,-8.5,13.1,39.02,34,0.04,normal,
2026-09-14T04:00,Telkom,Gauteng,Pretoria,PTA-HAT-011,PTA-HAT-011-A,RAN,LTE2600,98.87,99.25,0.39,98.96,49.39,13.05,52.2,-82.9,-9.8,13.9,34.1,33,0.015,normal,
2026-09-14T04:00,Telkom,Gauteng,Pretoria,PTA-HAT-011,PTA-HAT-011-B,RAN,LTE2600,99.2,98.69,0.32,98.52,40.34,8.79,43.9,-85.3,-8.5,20.2,49.7,33,0.041,normal,
2026-09-14T04:00,Telkom,Gauteng,Pretoria,PTA-HAT-011,PTA-HAT-011-C,RAN,LTE2600,98.73,99.19,0.84,99.59,37.31,11.11,58.9,-84.3,-9.8,17.7,51.51,41,0.044,normal,
2026-09-14T04:00,Telkom,Western Cape,Cape Town,CPT-BEL-007,CPT-BEL-007-A,RAN,LTE1800,99.19,99.28,0.19,98.3,48.93,15.01,47.3,-84.0,-7.0,18.2,38.7,31,0.015,normal,
2026-09-14T04:00,Telkom,Western Cape,Cape Town,CPT-BEL-007,CPT-BEL-007-B,RAN,LTE1800,99.58,98.71,0.51,98.08,39.22,13.48,51.8,-85.4,-10.9,15.8,49.77,36,0.01,normal,
2026-09-14T04:00,Telkom,Western Cape,Cape Town,CPT-BEL-007,CPT-BEL-007-C,RAN,LTE1800,99.02,98.62,0.27,99.14,48.39,11.78,52.7,-88.4,-9.6,17.3,53.3,37,0.043,normal,
2026-09-14T04:15,Telkom,Gauteng,Johannesburg,JHB-CBD-003,JHB-CBD-003-A,RAN,LTE1800,99.62,99.45,0.36,97.72,30.27,10.93,59.6,-84.6,-11.3,15.4,58.33,42,0.047,normal,
2026-09-14T04:15,Telkom,Gauteng,Johannesburg,JHB-CBD-003,JHB-CBD-003-B,RAN,LTE1800,98.61,98.12,0.48,98.0,44.93,12.99,57.1,-90.2,-9.4,18.8,48.62,36,0.05,normal,
2026-09-14T04:15,Telkom,Gauteng,Johannesburg,JHB-CBD-003,JHB-CBD-003-C,RAN,LTE1800,99.06,98.44,0.46,99.2,31.26,11.91,52.3,-89.8,-10.9,17.6,54.86,43,0.035,normal,
2026-09-14T04:15,Telkom,Gauteng,Soweto,JHB-SOW-018,JHB-SOW-018-A,RAN,LTE2100,99.42,98.56,1.03,99.16,37.26,14.01,55.3,-84.4,-9.6,15.7,41.33,30,0.037,normal,
2026-09-14T04:15,Telkom,Gauteng,Soweto,JHB-SOW-018,JHB-SOW-018-B,RAN,LTE2100,99.15,98.93,1.33,98.72,39.35,11.94,53.0,-90.1,-11.5,17.8,53.72,37,0.045,normal,
2026-09-14T04:15,Telkom,Gauteng,Soweto,JHB-SOW-018,JHB-SOW-018-C,RAN,LTE2100,99.07,98.65,0.21,99.02,44.6,12.25,53.4,-87.8,-10.5,20.0,50.67,31,0.006,normal,
2026-09-14T04:15,Telkom,Gauteng,Pretoria,PTA-HAT-011,PTA-HAT-011-A,RAN,LTE2600,98.85,99.17,0.84,99.08,40.43,14.5,48.2,-83.2,-10.4,15.3,49.46,39,0.017,normal,
2026-09-14T04:15,Telkom,Gauteng,Pretoria,PTA-HAT-011,PTA-HAT-011-B,RAN,LTE2600,99.21,98.59,0.39,98.94,35.16,10.17,55.0,-83.5,-8.9,16.9,59.5,47,0.041,normal,
2026-09-14T04:15,Telkom,Gauteng,Pretoria,PTA-HAT-011,PTA-HAT-011-C,RAN,LTE2600,99.84,98.98,0.58,97.94,38.77,11.87,44.5,-87.5,-10.2,11.1,45.25,36,0.036,normal,
2026-09-14T04:15,Telkom,Western Cape,Cape Town,CPT-BEL-007,CPT-BEL-007-A,RAN,LTE1800,99.18,98.47,0.4,98.29,42.0,13.81,45.1,-85.5,-11.2,16.1,43.57,32,0.005,normal,
2026-09-14T04:15,Telkom,Western Cape,Cape Town,CPT-BEL-007,CPT-BEL-007-B,RAN,LTE1800,99.27,99.2,0.39,98.33,40.56,12.59,53.6,-85.4,-8.8,17.5,40.33,39,0.002,normal,
2026-09-14T04:15,Telkom,Western Cape,Cape Town,CPT-BEL-007,CPT-BEL-007-C,RAN,LTE1800,98.37,98.53,0.09,98.15,42.09,12.33,45.6,-87.9,-10.8,17.6,51.79,34,0.026,normal,
2026-09-14T04:30,Telkom,Gauteng,Johannesburg,JHB-CBD-003,JHB-CBD-003-A,RAN,LTE1800,99.33,99.02,0.75,97.63,38.04,12.04,58.1,-83.7,-9.4,16.6,46.39,31,0.048,normal,
2026-09-14T04:30,Telkom,Gauteng,Johannesburg,JHB-CBD-003,JHB-CBD-003-B,RAN,LTE1800,99.42,99.42,0.22,98.36,42.7,15.09,53.3,-86.0,-8.9,20.9,50.92,46,0.029,normal,
2026-09-14T04:30,Telkom,Gauteng,Johannesburg,JHB-CBD-003,JHB-CBD-003-C,RAN,LTE1800,99.9,99.07,0.37,98.63,44.31,13.42,47.3,-86.4,-10.1,15.1,41.89,28,0.029,normal,
2026-09-14T04:30,Telkom,Gauteng,Soweto,JHB-SOW-018,JHB-SOW-018-A,RAN,LTE2100,99.27,98.89,0.58,98.42,51.59,11.2,41.9,-90.3,-8.4,16.9,47.0,29,0.026,normal,
2026-09-14T04:30,Telkom,Gauteng,Soweto,JHB-SOW-018,JHB-SOW-018-B,RAN,LTE2100,98.4,99.3,0.32,98.96,42.31,12.77,48.4,-84.9,-10.4,17.6,49.91,38,0.016,normal,
2026-09-14T04:30,Telkom,Gauteng,Soweto,JHB-SOW-018,JHB-SOW-018-C,RAN,LTE2100,98.56,98.95,0.15,98.29,37.39,11.7,56.3,-85.3,-8.4,15.7,55.94,36,0.035,normal,
2026-09-14T04:30,Telkom,Gauteng,Pretoria,PTA-HAT-011,PTA-HAT-011-A,RAN,LTE2600,99.23,99.04,0.33,98.02,40.12,12.9,58.5,-84.4,-9.7,19.0,48.98,39,0.025,normal,
2026-09-14T04:30,Telkom,Gauteng,Pretoria,PTA-HAT-011,PTA-HAT-011-B,RAN,LTE2600,99.75,99.38,0.74,97.46,35.38,14.57,44.7,-88.7,-10.6,17.0,45.57,31,0.027,normal,
2026-09-14T04:30,Telkom,Gauteng,Pretoria,PTA-HAT-011,PTA-HAT-011-C,RAN,LTE2600,98.96,99.47,0.38,99.12,44.16,14.15,58.5,-86.1,-10.5,21.8,51.37,38,0.027,normal,
2026-09-14T04:30,Telkom,Western Cape,Cape Town,CPT-BEL-007,CPT-BEL-007-A,RAN,LTE1800,99.15,98.9,0.6,98.52,34.96,10.98,55.9,-85.2,-9.2,13.7,52.23,32,0.007,normal,
2026-09-14T04:30,Telkom,Western Cape,Cape Town,CPT-BEL-007,CPT-BEL-007-B,RAN,LTE1800,98.94,98.55,0.4,97.41,43.09,13.33,52.2,-84.1,-10.4,14.4,43.23,29,0.019,normal,
2026-09-14T04:30,Telkom,Western Cape,Cape Town,CPT-BEL-007,CPT-BEL-007-C,RAN,LTE1800,99.08,99.16,0.62,98.2,38.34,13.44,48.9,-84.3,-13.0,19.5,40.75,27,0.045,normal,
2026-09-14T04:45,Telkom,Gauteng,Johannesburg,JHB-CBD-003,JHB-CBD-003-A,RAN,LTE1800,98.85,98.72,0.44,97.94,47.3,13.12,59.2,-84.5,-8.1,12.9,42.22,43,0.042,normal,
2026-09-14T04:45,Telkom,Gauteng,Johannesburg,JHB-CBD-003,JHB-CBD-003-B,RAN,LTE1800,98.62,98.51,0.54,98.42,39.56,10.74,55.9,-89.1,-9.6,12.2,60.07,43,0.004,normal,
2026-09-14T04:45,Telkom,Gauteng,Johannesburg,JHB-CBD-003,JHB-CBD-003-C,RAN,LTE1800,98.5,98.98,0.74,97.14,42.45,15.82,57.0,-83.9,-11.4,20.5,44.96,37,0.012,normal,
2026-09-14T04:45,Telkom,Gauteng,Soweto,JHB-SOW-018,JHB-SOW-018-A,RAN,LTE2100,98.98,99.2,0.33,97.56,40.19,11.01,60.2,-91.1,-9.3,13.3,48.48,34,0.023,normal,
2026-09-14T04:45,Telkom,Gauteng,Soweto,JHB-SOW-018,JHB-SOW-018-B,RAN,LTE2100,99.42,99.31,0.86,98.67,36.37,9.6,52.2,-86.6,-8.2,17.4,52.42,35,0.002,normal,
2026-09-14T04:45,Telkom,Gauteng,Soweto,JHB-SOW-018,JHB-SOW-018-C,RAN,LTE2100,99.38,99.16,0.43,98.98,39.5,11.84,47.9,-84.8,-10.7,18.3,48.76,43,0.018,normal,
2026-09-14T04:45,Telkom,Gauteng,Pretoria,PTA-HAT-011,PTA-HAT-011-A,RAN,LTE2600,98.69,98.72,0.55,98.23,48.65,16.32,44.5,-88.2,-9.9,13.5,41.08,32,0.003,normal,
2026-09-14T04:45,Telkom,Gauteng,Pretoria,PTA-HAT-011,PTA-HAT-011-B,RAN,LTE2600,98.78,98.67,0.31,98.12,32.93,13.31,46.9,-85.9,-9.5,18.3,59.04,38,0.033,normal,
2026-09-14T04:45,Telkom,Gauteng,Pretoria,PTA-HAT-011,PTA-HAT-011-C,RAN,LTE2600,99.38,98.5,0.5,98.05,38.16,14.82,55.5,-81.5,-8.2,14.9,51.3,38,0.017,normal,
2026-09-14T04:45,Telkom,Western Cape,Cape Town,CPT-BEL-007,CPT-BEL-007-A,RAN,LTE1800,98.23,98.6,0.42,98.31,35.41,11.92,53.5,-88.3,-10.6,16.3,53.14,35,0.025,normal,
2026-09-14T04:45,Telkom,Western Cape,Cape Town,CPT-BEL-007,CPT-BEL-007-B,RAN,LTE1800,99.25,98.44,0.27,98.16,48.32,13.18,53.0,-84.7,-10.1,18.4,45.91,42,0.012,normal,
2026-09-14T04:45,Telkom,Western Cape,Cape Town,CPT-BEL-007,CPT-BEL-007-C,RAN,LTE1800,99.22,98.84,0.65,99.31,40.24,12.0,41.4,-86.7,-10.9,17.3,37.9,32,0.013,normal,
2026-09-14T05:00,Telkom,Gauteng,Johannesburg,JHB-CBD-003,JHB-CBD-003-A,RAN,LTE1800,99.69,99.16,0.76,98.88,42.22,10.96,48.8,-89.3,-9.4,14.9,43.02,29,0.025,normal,
2026-09-14T05:00,Telkom,Gauteng,Johannesburg,JHB-CBD-003,JHB-CBD-003-B,RAN,LTE1800,98.78,99.32,0.18,97.7,38.11,13.82,44.5,-86.6,-10.7,16.4,52.15,35,0.007,normal,
2026-09-14T05:00,Telkom,Gauteng,Johannesburg,JHB-CBD-003,JHB-CBD-003-C,RAN,LTE1800,99.17,98.23,0.49,97.87,42.2,10.34,59.5,-85.7,-11.3,13.3,59.98,41,0.001,normal,
2026-09-14T05:00,Telkom,Gauteng,Soweto,JHB-SOW-018,JHB-SOW-018-A,RAN,LTE2100,99.86,98.52,0.57,98.44,47.92,12.3,55.8,-87.5,-11.4,15.1,43.22,29,0.041,normal,
2026-09-14T05:00,Telkom,Gauteng,Soweto,JHB-SOW-018,JHB-SOW-018-B,RAN,LTE2100,99.73,98.72,0.36,98.4,42.94,11.26,53.0,-85.5,-11.7,16.2,41.48,28,0.035,normal,
2026-09-14T05:00,Telkom,Gauteng,Soweto,JHB-SOW-018,JHB-SOW-018-C,RAN,LTE2100,99.38,98.41,0.61,98.12,40.43,9.91,50.3,-85.1,-10.6,12.9,54.42,38,0.005,normal,
2026-09-14T05:00,Telkom,Gauteng,Pretoria,PTA-HAT-011,PTA-HAT-011-A,RAN,LTE2600,99.41,98.61,0.38,98.69,41.43,12.76,52.4,-86.6,-10.2,16.7,52.92,44,0.029,normal,
2026-09-14T05:00,Telkom,Gauteng,Pretoria,PTA-HAT-011,PTA-HAT-011-B,RAN,LTE2600,99.29,97.87,0.39,98.49,40.25,10.23,51.1,-83.6,-9.4,12.9,62.41,55,0.008,normal,
2026-09-14T05:00,Telkom,Gauteng,Pretoria,PTA-HAT-011,PTA-HAT-011-C,RAN,LTE2600,99.24,98.92,0.65,98.27,48.44,13.02,53.3,-87.4,-8.8,16.9,46.18,34,0.014,normal,
2026-09-14T05:00,Telkom,Western Cape,Cape Town,CPT-BEL-007,CPT-BEL-007-A,RAN,LTE1800,99.68,98.87,0.31,99.42,40.81,14.76,49.6,-87.4,-9.0,21.3,48.08,28,0.039,normal,
2026-09-14T05:00,Telkom,Western Cape,Cape Town,CPT-BEL-007,CPT-BEL-007-B,RAN,LTE1800,98.74,98.76,0.81,98.6,42.95,13.56,47.6,-88.5,-12.2,16.1,51.65,39,0.043,normal,
2026-09-14T05:00,Telkom,Western Cape,Cape Town,CPT-BEL-007,CPT-BEL-007-C,RAN,LTE1800,99.21,98.98,0.93,98.96,38.18,13.32,53.7,-81.8,-10.8,15.4,53.1,37,0.013,normal,
2026-09-14T05:15,Telkom,Gauteng,Johannesburg,JHB-CBD-003,JHB-CBD-003-A,RAN,LTE1800,98.89,98.62,0.52,98.83,41.85,15.59,66.9,-82.4,-10.9,16.4,48.74,35,0.002,normal,
2026-09-14T05:15,Telkom,Gauteng,Johannesburg,JHB-CBD-003,JHB-CBD-003-B,RAN,LTE1800,99.42,98.41,0.81,98.92,37.83,11.31,50.9,-89.2,-8.3,19.8,56.06,39,0.017,normal,
2026-09-14T05:15,Telkom,Gauteng,Johannesburg,JHB-CBD-003,JHB-CBD-003-C,RAN,LTE1800,98.9,98.88,0.73,98.05,46.72,11.06,54.6,-87.3,-10.3,19.3,52.7,41,0.002,normal,
2026-09-14T05:15,Telkom,Gauteng,Soweto,JHB-SOW-018,JHB-SOW-018-A,RAN,LTE2100,98.83,99.41,0.97,98.65,33.02,11.77,59.3,-83.9,-11.6,17.4,53.36,27,0.048,normal,
2026-09-14T05:15,Telkom,Gauteng,Soweto,JHB-SOW-018,JHB-SOW-018-B,RAN,LTE2100,99.4,98.93,0.45,97.58,47.61,14.8,40.4,-80.0,-9.1,15.4,34.67,29,0.004,normal,
2026-09-14T05:15,Telkom,Gauteng,Soweto,JHB-SOW-018,JHB-SOW-018-C,RAN,LTE2100,99.22,98.52,0.35,97.25,41.71,11.41,56.1,-84.7,-10.2,17.6,47.92,36,0.047,normal,
2026-09-14T05:15,Telkom,Gauteng,Pretoria,PTA-HAT-011,PTA-HAT-011-A,RAN,LTE2600,98.85,98.49,0.62,98.25,32.26,9.97,58.1,-85.9,-10.3,16.4,57.09,45,0.045,normal,
2026-09-14T05:15,Telkom,Gauteng,Pretoria,PTA-HAT-011,PTA-HAT-011-B,RAN,LTE2600,99.43,99.36,0.43,99.01,46.52,13.13,44.3,-86.8,-8.6,15.4,46.91,37,0.007,normal,
2026-09-14T05:15,Telkom,Gauteng,Pretoria,PTA-HAT-011,PTA-HAT-011-C,RAN,LTE2600,99.11,98.62,0.05,98.68,40.22,13.84,42.8,-88.8,-10.4,14.6,47.19,34,0.032,normal,
2026-09-14T05:15,Telkom,Western Cape,Cape Town,CPT-BEL-007,CPT-BEL-007-A,RAN,LTE1800,98.51,98.87,0.51,98.48,32.37,8.23,63.5,-87.1,-11.9,20.1,58.53,48,0.023,normal,
2026-09-14T05:15,Telkom,Western Cape,Cape Town,CPT-BEL-007,CPT-BEL-007-B,RAN,LTE1800,99.32,98.73,0.44,99.58,37.9,12.91,49.3,-88.2,-9.2,14.3,51.63,37,0.037,normal,
2026-09-14T05:15,Telkom,Western Cape,Cape Town,CPT-BEL-007,CPT-BEL-007-C,RAN,LTE1800,99.52,98.52,0.18,98.83,34.96,12.1,41.9,-80.0,-10.7,16.4,53.19,29,0.035,normal,
2026-09-14T05:30,Telkom,Gauteng,Johannesburg,JHB-CBD-003,JHB-CBD-003-A,RAN,LTE1800,98.73,98.4,0.45,98.95,38.75,11.42,53.9,-87.6,-10.7,18.4,42.75,36,0.039,normal,
2026-09-14T05:30,Telkom,Gauteng,Johannesburg,JHB-CBD-003,JHB-CBD-003-B,RAN,LTE1800,99.33,98.56,0.39,99.67,41.72,13.67,48.7,-84.7,-11.1,16.5,47.42,45,0.032,normal,
2026-09-14T05:30,Telkom,Gauteng,Johannesburg,JHB-CBD-003,JHB-CBD-003-C,RAN,LTE1800,99.0,98.66,0.39,97.58,44.55,15.53,45.5,-87.4,-9.9,20.0,38.63,29,0.018,normal,
2026-09-14T05:30,Telkom,Gauteng,Soweto,JHB-SOW-018,JHB-SOW-018-A,RAN,LTE2100,99.4,98.47,0.62,98.54,41.14,12.15,47.9,-83.6,-11.2,14.7,54.74,48,0.024,normal,
2026-09-14T05:30,Telkom,Gauteng,Soweto,JHB-SOW-018,JHB-SOW-018-B,RAN,LTE2100,99.44,98.71,0.42,99.37,46.7,14.62,45.6,-86.6,-12.0,17.9,43.1,39,0.013,normal,
2026-09-14T05:30,Telkom,Gauteng,Soweto,JHB-SOW-018,JHB-SOW-018-C,RAN,LTE2100,99.65,98.92,0.36,98.17,32.45,13.13,38.6,-88.9,-8.4,20.3,43.46,37,0.026,normal,
2026-09-14T05:30,Telkom,Gauteng,Pretoria,PTA-HAT-011,PTA-HAT-011-A,RAN,LTE2600,99.18,99.01,0.18,97.81,42.27,12.21,48.0,-82.9,-10.4,17.9,49.21,52,0.026,normal,
2026-09-14T05:30,Telkom,Gauteng,Pretoria,PTA-HAT-011,PTA-HAT-011-B,RAN,LTE2600,98.95,98.3,0.6,98.38,35.13,10.46,45.7,-83.2,-11.5,16.8,50.61,37,0.042,normal,
2026-09-14T05:30,Telkom,Gauteng,Pretoria,PTA-HAT-011,PTA-HAT-011-C,RAN,LTE2600,99.33,99.12,0.93,97.61,47.64,16.48,46.3,-82.5,-10.7,14.0,42.22,40,0.011,normal,
2026-09-14T05:30,Telkom,Western Cape,Cape Town,CPT-BEL-007,CPT-BEL-007-A,RAN,LTE1800,99.31,98.61,0.58,99.25,52.05,14.36,48.1,-83.8,-10.3,17.6,35.6,29,0.021,normal,
2026-09-14T05:30,Telkom,Western Cape,Cape Town,CPT-BEL-007,CPT-BEL-007-B,RAN,LTE1800,98.87,99.14,0.77,97.74,45.81,13.1,54.7,-83.5,-8.1,14.9,43.45,35,0.039,normal,
2026-09-14T05:30,Telkom,Western Cape,Cape Town,CPT-BEL-007,CPT-BEL-007-C,RAN,LTE1800,99.26,98.65,0.05,98.15,45.28,13.88,47.0,-87.8,-11.8,18.5,39.69,40,0.04,normal,
2026-09-14T05:45,Telkom,Gauteng,Johannesburg,JHB-CBD-003,JHB-CBD-003-A,RAN,LTE1800,99.03,99.14,0.88,97.47,40.31,11.61,46.9,-88.2,-10.9,19.9,54.27,39,0.023,normal,
2026-09-14T05:45,Telkom,Gauteng,Johannesburg,JHB-CBD-003,JHB-CBD-003-B,RAN,LTE1800,99.09,98.78,0.54,97.81,45.42,13.82,51.0,-84.0,-9.7,16.8,43.77,44,0.023,normal,
2026-09-14T05:45,Telkom,Gauteng,Johannesburg,JHB-CBD-003,JHB-CBD-003-C,RAN,LTE1800,99.37,98.58,0.61,98.29,38.32,10.57,51.5,-84.9,-8.2,18.5,50.78,39,0.006,normal,
2026-09-14T05:45,Telkom,Gauteng,Soweto,JHB-SOW-018,JHB-SOW-018-A,RAN,LTE2100,99.03,99.66,0.38,98.67,44.93,12.68,52.2,-84.7,-10.3,18.2,49.4,34,0.015,normal,
2026-09-14T05:45,Telkom,Gauteng,Soweto,JHB-SOW-018,JHB-SOW-018-B,RAN,LTE2100,99.13,98.92,0.53,98.32,49.67,12.74,49.4,-79.5,-9.2,15.4,45.57,37,0.028,normal,
2026-09-14T05:45,Telkom,Gauteng,Soweto,JHB-SOW-018,JHB-SOW-018-C,RAN,LTE2100,99.22,98.58,0.56,99.08,40.71,12.98,43.5,-86.8,-12.0,15.7,43.32,27,0.018,normal,
2026-09-14T05:45,Telkom,Gauteng,Pretoria,PTA-HAT-011,PTA-HAT-011-A,RAN,LTE2600,98.96,99.45,0.53,98.74,42.96,10.78,38.0,-83.2,-8.5,17.7,50.72,41,0.006,normal,
2026-09-14T05:45,Telkom,Gauteng,Pretoria,PTA-HAT-011,PTA-HAT-011-B,RAN,LTE2600,98.7,98.76,0.62,97.45,45.58,10.62,46.9,-87.9,-10.3,17.3,46.89,31,0.048,normal,
2026-09-14T05:45,Telkom,Gauteng,Pretoria,PTA-HAT-011,PTA-HAT-011-C,RAN,LTE2600,99.76,98.8,1.15,98.65,43.14,12.63,56.7,-77.5,-11.0,14.2,54.73,44,0.024,normal,
2026-09-14T05:45,Telkom,Western Cape,Cape Town,CPT-BEL-007,CPT-BEL-007-A,RAN,LTE1800,98.95,98.57,0.43,98.55,37.0,14.38,56.9,-84.8,-10.6,17.7,49.4,40,0.02,normal,
2026-09-14T05:45,Telkom,Western Cape,Cape Town,CPT-BEL-007,CPT-BEL-007-B,RAN,LTE1800,99.18,98.54,0.62,98.16,43.01,9.46,42.8,-84.6,-11.4,17.0,50.77,37,0.007,normal,
2026-09-14T05:45,Telkom,Western Cape,Cape Town,CPT-BEL-007,CPT-BEL-007-C,RAN,LTE1800,98.84,98.7,0.38,98.87,44.54,13.43,68.3,-84.9,-11.9,17.4,62.68,43,0.007,normal,
2026-09-14T06:00,Telkom,Gauteng,Johannesburg,JHB-CBD-003,JHB-CBD-003-A,RAN,LTE1800,99.1,98.35,0.53,99.25,45.15,12.47,48.9,-83.0,-10.2,15.7,46.3,31,0.048,normal,
2026-09-14T06:00,Telkom,Gauteng,Johannesburg,JHB-CBD-003,JHB-CBD-003-B,RAN,LTE1800,99.19,98.69,0.85,97.92,38.39,14.8,44.6,-88.0,-9.4,20.8,46.76,33,0.041,normal,
2026-09-14T06:00,Telkom,Gauteng,Johannesburg,JHB-CBD-003,JHB-CBD-003-C,RAN,LTE1800,99.89,98.15,0.3,98.37,49.8,14.84,54.3,-85.9,-10.8,14.5,50.3,46,0.037,normal,
2026-09-14T06:00,Telkom,Gauteng,Soweto,JHB-SOW-018,JHB-SOW-018-A,RAN,LTE2100,99.17,98.73,0.59,99.25,37.92,10.72,62.0,-87.9,-9.8,14.6,53.3,34,0.012,normal,
2026-09-14T06:00,Telkom,Gauteng,Soweto,JHB-SOW-018,JHB-SOW-018-B,RAN,LTE2100,99.06,99.06,0.45,97.72,34.49,14.73,41.9,-82.6,-9.3,16.2,45.16,40,0.041,normal,
2026-09-14T06:00,Telkom,Gauteng,Soweto,JHB-SOW-018,JHB-SOW-018-C,RAN,LTE2100,99.04,99.2,0.47,98.77,35.92,10.76,58.9,-90.6,-8.5,14.9,49.57,45,0.012,normal,
2026-09-14T06:00,Telkom,Gauteng,Pretoria,PTA-HAT-011,PTA-HAT-011-A,RAN,LTE2600,99.03,99.03,0.71,98.51,42.71,12.5,47.1,-87.8,-9.8,18.3,53.67,40,0.013,normal,
2026-09-14T06:00,Telkom,Gauteng,Pretoria,PTA-HAT-011,PTA-HAT-011-B,RAN,LTE2600,98.57,98.46,0.28,98.34,40.01,9.74,55.1,-85.7,-9.3,16.7,57.28,49,0.031,normal,
2026-09-14T06:00,Telkom,Gauteng,Pretoria,PTA-HAT-011,PTA-HAT-011-C,RAN,LTE2600,98.9,98.2,0.57,99.16,40.84,11.46,60.7,-86.5,-10.6,21.8,57.45,44,0.01,normal,
2026-09-14T06:00,Telkom,Western Cape,Cape Town,CPT-BEL-007,CPT-BEL-007-A,RAN,LTE1800,99.45,99.2,0.56,98.81,31.92,11.35,64.8,-84.0,-10.2,14.8,61.08,43,0.01,normal,
2026-09-14T06:00,Telkom,Western Cape,Cape Town,CPT-BEL-007,CPT-BEL-007-B,RAN,LTE1800,99.01,98.7,0.4,98.92,37.59,12.01,68.1,-82.1,-8.7,17.9,48.6,35,0.021,normal,
2026-09-14T06:00,Telkom,Western Cape,Cape Town,CPT-BEL-007,CPT-BEL-007-C,RAN,LTE1800,99.43,98.1,0.63,98.36,42.6,10.28,44.9,-88.8,-10.2,18.6,44.23,29,0.007,normal,
2026-09-14T06:15,Telkom,Gauteng,Johannesburg,JHB-CBD-003,JHB-CBD-003-A,RAN,LTE1800,99.05,98.33,0.74,99.1,29.78,10.29,56.7,-85.4,-11.0,20.2,49.71,40,0.033,normal,
2026-09-14T06:15,Telkom,Gauteng,Johannesburg,JHB-CBD-003,JHB-CBD-003-B,RAN,LTE1800,99.31,98.52,0.51,98.01,35.34,12.43,54.2,-85.2,-6.1,16.6,51.67,41,0.03,normal,
2026-09-14T06:15,Telkom,Gauteng,Johannesburg,JHB-CBD-003,JHB-CBD-003-C,RAN,LTE1800,99.28,99.1,0.46,98.3,36.05,11.52,50.8,-84.8,-10.3,15.0,51.54,49,0.045,normal,
2026-09-14T06:15,Telkom,Gauteng,Soweto,JHB-SOW-018,JHB-SOW-018-A,RAN,LTE2100,99.48,99.18,0.88,98.93,42.72,13.01,51.0,-85.6,-9.2,15.9,49.06,30,0.001,normal,
2026-09-14T06:15,Telkom,Gauteng,Soweto,JHB-SOW-018,JHB-SOW-018-B,RAN,LTE2100,99.18,98.43,0.35,98.17,41.23,15.42,48.7,-84.8,-10.3,19.9,44.56,39,0.027,normal,
2026-09-14T06:15,Telkom,Gauteng,Soweto,JHB-SOW-018,JHB-SOW-018-C,RAN,LTE2100,98.93,98.92,0.24,99.41,41.22,12.76,60.5,-83.6,-10.8,15.8,50.78,40,0.049,normal,
2026-09-14T06:15,Telkom,Gauteng,Pretoria,PTA-HAT-011,PTA-HAT-011-A,RAN,LTE2600,98.78,98.01,0.76,98.91,31.88,12.28,52.9,-85.4,-8.8,12.8,57.69,48,0.031,normal,
2026-09-14T06:15,Telkom,Gauteng,Pretoria,PTA-HAT-011,PTA-HAT-011-B,RAN,LTE2600,98.53,98.54,0.29,98.17,40.75,8.52,46.8,-87.7,-9.7,13.6,49.75,40,0.032,normal,
2026-09-14T06:15,Telkom,Gauteng,Pretoria,PTA-HAT-011,PTA-HAT-011-C,RAN,LTE2600,98.82,98.63,0.33,98.33,36.79,10.54,46.8,-87.1,-9.7,20.3,52.23,48,0.035,normal,
2026-09-14T06:15,Telkom,Western Cape,Cape Town,CPT-BEL-007,CPT-BEL-007-A,RAN,LTE1800,98.96,98.23,0.66,98.51,36.75,10.01,54.3,-85.5,-9.7,17.6,63.61,51,0.028,normal,
2026-09-14T06:15,Telkom,Western Cape,Cape Town,CPT-BEL-007,CPT-BEL-007-B,RAN,LTE1800,98.86,99.3,0.5,99.61,48.31,12.26,41.4,-83.5,-9.5,19.8,43.44,37,0.031,normal,
2026-09-14T06:15,Telkom,Western Cape,Cape Town,CPT-BEL-007,CPT-BEL-007-C,RAN,LTE1800,98.89,98.0,0.67,98.59,50.47,11.74,46.8,-88.3,-9.3,18.4,51.83,38,0.04,normal,
2026-09-14T06:30,Telkom,Gauteng,Johannesburg,JHB-CBD-003,JHB-CBD-003-A,RAN,LTE1800,99.32,98.69,0.38,99.72,40.23,13.33,60.7,-89.1,-9.6,13.8,50.5,41,0.002,normal,
2026-09-14T06:30,Telkom,Gauteng,Johannesburg,JHB-CBD-003,JHB-CBD-003-B,RAN,LTE1800,99.69,98.36,0.31,99.66,37.23,13.73,44.1,-85.6,-10.1,18.6,47.95,40,0.007,normal,
2026-09-14T06:30,Telkom,Gauteng,Johannesburg,JHB-CBD-003,JHB-CBD-003-C,RAN,LTE1800,98.56,98.87,0.84,98.48,45.17,10.67,54.5,-84.7,-11.6,15.7,51.89,46,0.009,normal,
2026-09-14T06:30,Telkom,Gauteng,Soweto,JHB-SOW-018,JHB-SOW-018-A,RAN,LTE2100,99.09,99.02,0.05,97.45,34.41,14.08,60.9,-87.8,-11.0,16.5,60.36,46,0.027,normal,
2026-09-14T06:30,Telkom,Gauteng,Soweto,JHB-SOW-018,JHB-SOW-018-B,RAN,LTE2100,98.75,98.53,0.88,97.65,35.47,12.06,41.7,-88.0,-9.7,15.2,53.08,36,0.005,normal,
2026-09-14T06:30,Telkom,Gauteng,Soweto,JHB-SOW-018,JHB-SOW-018-C,RAN,LTE2100,98.73,98.58,0.29,98.96,39.79,14.89,51.3,-88.3,-10.1,17.1,48.07,32,0.019,normal,
2026-09-14T06:30,Telkom,Gauteng,Pretoria,PTA-HAT-011,PTA-HAT-011-A,RAN,LTE2600,98.79,98.36,0.05,98.53,45.67,12.33,43.2,-81.5,-9.0,18.1,44.55,47,0.024,normal,
2026-09-14T06:30,Telkom,Gauteng,Pretoria,PTA-HAT-011,PTA-HAT-011-B,RAN,LTE2600,98.32,98.54,0.59,98.53,48.81,11.01,46.9,-87.8,-8.0,14.2,47.2,48,0.003,normal,
2026-09-14T06:30,Telkom,Gauteng,Pretoria,PTA-HAT-011,PTA-HAT-011-C,RAN,LTE2600,98.77,98.74,0.78,99.01,34.02,10.26,56.8,-85.4,-10.3,17.2,64.88,39,0.032,normal,
2026-09-14T06:30,Telkom,Western Cape,Cape Town,CPT-BEL-007,CPT-BEL-007-A,RAN,LTE1800,99.06,98.57,0.22,98.04,37.12,13.97,50.5,-81.1,-10.0,19.3,58.26,43,0.041,normal,
2026-09-14T06:30,Telkom,Western Cape,Cape Town,CPT-BEL-007,CPT-BEL-007-B,RAN,LTE1800,99.01,99.67,0.47,97.92,40.61,12.86,48.0,-87.9,-10.1,14.9,45.76,32,0.028,normal,
2026-09-14T06:30,Telkom,Western Cape,Cape Town,CPT-BEL-007,CPT-BEL-007-C,RAN,LTE1800,99.47,98.64,0.6,98.44,47.1,11.29,55.1,-83.5,-11.7,18.1,39.98,43,0.048,normal,
2026-09-14T06:45,Telkom,Gauteng,Johannesburg,JHB-CBD-003,JHB-CBD-003-A,RAN,LTE1800,98.76,99.26,0.92,99.26,45.18,11.84,48.3,-88.6,-8.1,17.8,47.9,33,0.038,normal,
2026-09-14T06:45,Telkom,Gauteng,Johannesburg,JHB-CBD-003,JHB-CBD-003-B,RAN,LTE1800,99.33,98.94,0.33,98.68,33.68,14.13,46.4,-88.3,-10.0,14.2,54.63,43,0.026,normal,
2026-09-14T06:45,Telkom,Gauteng,Johannesburg,JHB-CBD-003,JHB-CBD-003-C,RAN,LTE1800,98.79,98.96,0.63,98.35,38.25,12.78,60.1,-84.8,-9.1,18.1,50.67,44,0.018,normal,
2026-09-14T06:45,Telkom,Gauteng,Soweto,JHB-SOW-018,JHB-SOW-018-A,RAN,LTE2100,99.21,98.58,0.58,98.88,36.03,15.75,50.6,-85.6,-8.1,16.5,47.05,40,0.026,normal,
2026-09-14T06:45,Telkom,Gauteng,Soweto,JHB-SOW-018,JHB-SOW-018-B,RAN,LTE2100,98.56,98.52,0.07,98.13,36.0,13.56,44.8,-90.5,-9.4,14.2,54.94,48,0.028,normal,
2026-09-14T06:45,Telkom,Gauteng,Soweto,JHB-SOW-018,JHB-SOW-018-C,RAN,LTE2100,98.58,98.99,0.53,98.15,37.52,16.44,50.7,-87.9,-9.9,17.7,37.33,37,0.013,normal,
2026-09-14T06:45,Telkom,Gauteng,Pretoria,PTA-HAT-011,PTA-HAT-011-A,RAN,LTE2600,99.07,98.15,0.25,97.83,33.96,13.53,54.4,-79.0,-10.9,18.5,57.05,42,0.04,normal,
2026-09-14T06:45,Telkom,Gauteng,Pretoria,PTA-HAT-011,PTA-HAT-011-B,RAN,LTE2600,98.68,98.95,0.21,97.87,45.95,13.4,52.0,-82.4,-10.9,17.5,46.78,42,0.028,normal,
2026-09-14T06:45,Telkom,Gauteng,Pretoria,PTA-HAT-011,PTA-HAT-011-C,RAN,LTE2600,99.71,98.41,0.46,98.46,33.93,11.55,53.0,-82.7,-8.6,18.3,58.07,50,0.011,normal,
2026-09-14T06:45,Telkom,Western Cape,Cape Town,CPT-BEL-007,CPT-BEL-007-A,RAN,LTE1800,99.14,99.3,0.77,98.34,38.7,12.78,53.8,-88.2,-11.2,14.2,53.79,36,0.026,normal,
2026-09-14T06:45,Telkom,Western Cape,Cape Town,CPT-BEL-007,CPT-BEL-007-B,RAN,LTE1800,99.53,98.48,0.84,98.87,46.88,12.74,44.4,-89.7,-10.4,14.7,49.66,44,0.035,normal,
2026-09-14T06:45,Telkom,Western Cape,Cape Town,CPT-BEL-007,CPT-BEL-007-C,RAN,LTE1800,99.55,98.44,0.46,98.46,40.82,13.63,54.4,-83.9,-9.0,18.2,51.56,42,0.006,normal,
2026-09-14T07:00,Telkom,Gauteng,Johannesburg,JHB-CBD-003,JHB-CBD-003-A,RAN,LTE1800,99.79,98.65,0.45,98.09,33.39,11.0,50.9,-86.6,-9.6,18.3,55.09,41,0.012,normal,
2026-09-14T07:00,Telkom,Gauteng,Johannesburg,JHB-CBD-003,JHB-CBD-003-B,RAN,LTE1800,99.19,98.41,0.25,98.73,29.52,8.84,55.4,-84.1,-9.6,16.9,62.97,50,0.02,normal,
2026-09-14T07:00,Telkom,Gauteng,Johannesburg,JHB-CBD-003,JHB-CBD-003-C,RAN,LTE1800,98.71,98.72,0.77,99.35,37.23,13.47,54.1,-91.0,-11.7,19.5,57.79,43,0.024,normal,
2026-09-14T07:00,Telkom,Gauteng,Soweto,JHB-SOW-018,JHB-SOW-018-A,RAN,LTE2100,98.67,98.32,0.53,97.97,36.61,11.99,42.6,-85.1,-10.8,16.0,48.57,43,0.015,normal,
2026-09-14T07:00,Telkom,Gauteng,Soweto,JHB-SOW-018,JHB-SOW-018-B,RAN,LTE2100,99.22,98.76,0.44,97.91,43.13,13.19,65.7,-86.0,-10.2,18.5,48.6,34,0.016,normal,
2026-09-14T07:00,Telkom,Gauteng,Soweto,JHB-SOW-018,JHB-SOW-018-C,RAN,LTE2100,98.56,98.46,0.25,97.88,40.0,10.32,55.3,-89.9,-10.3,18.6,50.78,39,0.038,normal,
2026-09-14T07:00,Telkom,Gauteng,Pretoria,PTA-HAT-011,PTA-HAT-011-A,RAN,LTE2600,99.84,99.32,0.56,99.03,36.28,12.96,56.4,-86.6,-9.3,17.6,59.12,53,0.003,normal,
2026-09-14T07:00,Telkom,Gauteng,Pretoria,PTA-HAT-011,PTA-HAT-011-B,RAN,LTE2600,99.27,98.73,0.63,98.36,49.54,11.39,50.4,-87.5,-11.2,16.6,41.01,37,0.043,normal,
2026-09-14T07:00,Telkom,Gauteng,Pretoria,PTA-HAT-011,PTA-HAT-011-C,RAN,LTE2600,99.05,98.62,0.41,98.37,35.21,11.72,51.7,-87.1,-9.3,13.8,56.98,49,0.041,normal,
2026-09-14T07:00,Telkom,Western Cape,Cape Town,CPT-BEL-007,CPT-BEL-007-A,RAN,LTE1800,98.67,98.77,0.95,98.69,41.09,11.72,51.2,-87.3,-8.2,15.1,52.99,51,0.03,normal,
2026-09-14T07:00,Telkom,Western Cape,Cape Town,CPT-BEL-007,CPT-BEL-007-B,RAN,LTE1800,99.16,98.69,0.35,99.59,31.65,11.47,53.3,-89.4,-12.8,16.3,51.01,38,0.015,normal,
2026-09-14T07:00,Telkom,Western Cape,Cape Town,CPT-BEL-007,CPT-BEL-007-C,RAN,LTE1800,98.98,98.13,0.67,98.02,40.78,12.68,69.5,-82.8,-10.2,18.2,51.66,39,0.016,normal,
2026-09-14T07:15,Telkom,Gauteng,Johannesburg,JHB-CBD-003,JHB-CBD-003-A,RAN,LTE1800,99.43,98.84,0.27,98.98,37.76,10.89,56.5,-80.3,-11.2,14.8,50.31,39,0.007,normal,
2026-09-14T07:15,Telkom,Gauteng,Johannesburg,JHB-CBD-003,JHB-CBD-003-B,RAN,LTE1800,99.68,98.85,0.31,98.41,46.88,14.31,48.5,-93.6,-9.9,13.3,49.58,47,0.033,normal,
2026-09-14T07:15,Telkom,Gauteng,Johannesburg,JHB-CBD-003,JHB-CBD-003-C,RAN,LTE1800,99.2,98.24,0.76,98.27,34.64,11.78,55.8,-80.2,-10.6,14.8,50.94,38,0.009,normal,
2026-09-14T07:15,Telkom,Gauteng,Soweto,JHB-SOW-018,JHB-SOW-018-A,RAN,LTE2100,98.69,98.65,0.46,97.84,40.74,12.14,53.9,-81.7,-9.2,20.8,55.69,49,0.033,normal,
2026-09-14T07:15,Telkom,Gauteng,Soweto,JHB-SOW-018,JHB-SOW-018-B,RAN,LTE2100,99.39,99.07,0.66,99.39,39.19,11.44,49.0,-87.0,-11.5,14.3,45.95,40,0.011,normal,
2026-09-14T07:15,Telkom,Gauteng,Soweto,JHB-SOW-018,JHB-SOW-018-C,RAN,LTE2100,99.13,99.07,0.39,98.39,36.91,13.03,62.4,-89.8,-10.5,12.3,56.88,46,0.028,normal,
2026-09-14T07:15,Telkom,Gauteng,Pretoria,PTA-HAT-011,PTA-HAT-011-A,RAN,LTE2600,99.35,98.59,0.65,98.86,33.49,11.71,66.5,-82.8,-8.8,13.9,63.25,52,0.031,normal,
2026-09-14T07:15,Telkom,Gauteng,Pretoria,PTA-HAT-011,PTA-HAT-011-B,RAN,LTE2600,98.58,98.74,0.19,98.78,32.12,12.03,65.6,-82.1,-10.0,18.8,65.76,51,0.021,normal,
2026-09-14T07:15,Telkom,Gauteng,Pretoria,PTA-HAT-011,PTA-HAT-011-C,RAN,LTE2600,99.25,98.97,0.31,99.1,38.67,12.59,56.1,-86.5,-8.9,16.5,58.68,56,0.002,normal,
2026-09-14T07:15,Telkom,Western Cape,Cape Town,CPT-BEL-007,CPT-BEL-007-A,RAN,LTE1800,99.15,98.93,0.56,98.52,40.0,12.15,42.3,-85.2,-11.0,21.3,50.61,42,0.009,normal,
2026-09-14T07:15,Telkom,Western Cape,Cape Town,CPT-BEL-007,CPT-BEL-007-B,RAN,LTE1800,99.26,98.96,0.59,98.12,41.06,12.38,55.4,-85.0,-8.9,15.8,46.06,38,0.034,normal,
2026-09-14T07:15,Telkom,Western Cape,Cape Town,CPT-BEL-007,CPT-BEL-007-C,RAN,LTE1800,98.92,99.07,0.39,98.54,30.7,12.56,48.3,-86.2,-9.3,18.2,51.28,42,0.019,normal,
2026-09-14T07:30,Telkom,Gauteng,Johannesburg,JHB-CBD-003,JHB-CBD-003-A,RAN,LTE1800,99.64,98.79,0.68,98.47,39.25,10.43,56.1,-84.4,-10.3,13.6,59.26,57,0.04,normal,
2026-09-14T07:30,Telkom,Gauteng,Johannesburg,JHB-CBD-003,JHB-CBD-003-B,RAN,LTE1800,99.4,98.76,0.26,97.54,38.71,12.91,56.4,-90.3,-11.2,13.7,48.82,45,0.023,normal,
2026-09-14T07:30,Telkom,Gauteng,Johannesburg,JHB-CBD-003,JHB-CBD-003-C,RAN,LTE1800,98.8,99.07,0.9,98.72,40.42,15.94,53.4,-87.7,-10.0,14.2,50.84,46,0.027,normal,
2026-09-14T07:30,Telkom,Gauteng,Soweto,JHB-SOW-018,JHB-SOW-018-A,RAN,LTE2100,98.42,99.45,0.59,99.0,39.6,13.33,57.8,-82.2,-10.1,19.3,46.46,44,0.015,normal,
2026-09-14T07:30,Telkom,Gauteng,Soweto,JHB-SOW-018,JHB-SOW-018-B,RAN,LTE2100,99.15,99.3,0.22,98.9,47.85,15.09,48.4,-89.6,-9.9,18.3,44.76,41,0.035,normal,
2026-09-14T07:30,Telkom,Gauteng,Soweto,JHB-SOW-018,JHB-SOW-018-C,RAN,LTE2100,98.92,98.65,0.34,97.89,35.87,13.62,57.5,-85.7,-7.9,18.2,53.54,43,0.002,normal,
2026-09-14T07:30,Telkom,Gauteng,Pretoria,PTA-HAT-011,PTA-HAT-011-A,RAN,LTE2600,99.32,98.99,0.59,98.63,34.62,14.53,57.9,-84.6,-9.8,16.7,52.35,47,0.02,normal,
2026-09-14T07:30,Telkom,Gauteng,Pretoria,PTA-HAT-011,PTA-HAT-011-B,RAN,LTE2600,98.84,99.63,0.69,97.56,38.92,14.28,50.4,-88.3,-11.3,15.3,54.32,55,0.027,normal,
2026-09-14T07:30,Telkom,Gauteng,Pretoria,PTA-HAT-011,PTA-HAT-011-C,RAN,LTE2600,98.97,98.49,0.45,98.03,40.41,11.88,48.6,-83.9,-7.5,13.9,54.83,45,0.029,normal,
2026-09-14T07:30,Telkom,Western Cape,Cape Town,CPT-BEL-007,CPT-BEL-007-A,RAN,LTE1800,99.07,98.95,0.55,99.41,33.12,13.18,61.6,-90.9,-9.8,17.2,53.42,45,0.047,normal,
2026-09-14T07:30,Telkom,Western Cape,Cape Town,CPT-BEL-007,CPT-BEL-007-B,RAN,LTE1800,99.06,99.15,0.37,98.77,33.13,9.7,54.2,-86.0,-10.6,17.4,53.86,48,0.023,normal,
2026-09-14T07:30,Telkom,Western Cape,Cape Town,CPT-BEL-007,CPT-BEL-007-C,RAN,LTE1800,99.05,98.9,0.57,98.44,41.18,12.4,54.5,-87.4,-8.9,18.4,50.37,50,0.044,normal,
2026-09-14T07:45,Telkom,Gauteng,Johannesburg,JHB-CBD-003,JHB-CBD-003-A,RAN,LTE1800,98.91,98.82,0.2,98.58,30.55,9.19,55.1,-87.8,-8.5,20.9,60.42,62,0.019,normal,
2026-09-14T07:45,Telkom,Gauteng,Johannesburg,JHB-CBD-003,JHB-CBD-003-B,RAN,LTE1800,98.95,99.09,0.54,98.7,34.48,12.45,48.4,-83.3,-10.8,19.1,55.35,59,0.026,normal,
2026-09-14T07:45,Telkom,Gauteng,Johannesburg,JHB-CBD-003,JHB-CBD-003-C,RAN,LTE1800,98.56,98.5,0.13,98.97,43.28,10.88,60.8,-88.2,-9.1,19.8,55.22,55,0.024,normal,
2026-09-14T07:45,Telkom,Gauteng,Soweto,JHB-SOW-018,JHB-SOW-018-A,RAN,LTE2100,99.43,98.41,0.73,98.96,48.48,13.04,51.3,-86.1,-9.3,17.0,50.94,44,0.049,normal,
2026-09-14T07:45,Telkom,Gauteng,Soweto,JHB-SOW-018,JHB-SOW-018-B,RAN,LTE2100,99.65,99.0,0.74,97.96,41.47,12.97,51.5,-85.1,-8.6,17.1,44.83,36,0.03,normal,
2026-09-14T07:45,Telkom,Gauteng,Soweto,JHB-SOW-018,JHB-SOW-018-C,RAN,LTE2100,99.76,98.67,0.57,98.61,39.56,13.54,48.6,-85.2,-10.0,13.4,55.25,42,0.009,normal,
2026-09-14T07:45,Telkom,Gauteng,Pretoria,PTA-HAT-011,PTA-HAT-011-A,RAN,LTE2600,98.5,98.55,0.36,98.0,38.02,10.06,46.2,-89.8,-9.6,17.4,58.14,59,0.043,normal,
2026-09-14T07:45,Telkom,Gauteng,Pretoria,PTA-HAT-011,PTA-HAT-011-B,RAN,LTE2600,99.64,98.47,0.63,98.82,31.6,10.97,61.9,-87.8,-8.7,14.0,62.46,55,0.025,normal,
2026-09-14T07:45,Telkom,Gauteng,Pretoria,PTA-HAT-011,PTA-HAT-011-C,RAN,LTE2600,98.95,99.03,0.7,98.5,33.65,13.55,52.9,-83.8,-10.0,11.4,60.16,54,0.022,normal,
2026-09-14T07:45,Telkom,Western Cape,Cape Town,CPT-BEL-007,CPT-BEL-007-A,RAN,LTE1800,99.1,99.3,0.58,98.88,38.82,13.98,57.1,-88.1,-10.8,19.3,51.92,46,0.032,normal,
2026-09-14T07:45,Telkom,Western Cape,Cape Town,CPT-BEL-007,CPT-BEL-007-B,RAN,LTE1800,99.08,98.19,0.76,98.73,41.04,12.77,51.3,-85.2,-10.5,19.6,49.27,44,0.012,normal,
2026-09-14T07:45,Telkom,Western Cape,Cape Town,CPT-BEL-007,CPT-BEL-007-C,RAN,LTE1800,98.68,98.94,0.78,98.06,31.4,10.49,47.5,-84.9,-11.8,12.2,64.25,53,0.029,normal,
2026-09-14T08:00,Telkom,Gauteng,Johannesburg,JHB-CBD-003,JHB-CBD-003-A,RAN,LTE1800,99.54,98.48,0.9,98.93,45.58,11.98,55.6,-87.7,-10.3,16.5,48.66,50,0.02,normal,
2026-09-14T08:00,Telkom,Gauteng,Johannesburg,JHB-CBD-003,JHB-CBD-003-B,RAN,LTE1800,98.86,98.69,0.63,97.99,39.93,10.9,58.1,-84.9,-8.5,16.8,54.39,49,0.025,normal,
2026-09-14T08:00,Telkom,Gauteng,Johannesburg,JHB-CBD-003,JHB-CBD-003-C,RAN,LTE1800,99.18,98.64,0.73,99.2,45.62,12.8,59.0,-81.7,-11.4,16.4,52.76,46,0.024,normal,
2026-09-14T08:00,Telkom,Gauteng,Soweto,JHB-SOW-018,JHB-SOW-018-A,RAN,LTE2100,99.2,99.24,0.32,98.65,36.54,10.63,75.7,-89.4,-9.8,17.1,60.76,52,0.036,normal,
2026-09-14T08:00,Telkom,Gauteng,Soweto,JHB-SOW-018,JHB-SOW-018-B,RAN,LTE2100,98.96,98.39,0.7,98.18,49.37,13.47,52.1,-88.2,-11.7,17.8,49.08,48,0.05,normal,
2026-09-14T08:00,Telkom,Gauteng,Soweto,JHB-SOW-018,JHB-SOW-018-C,RAN,LTE2100,99.09,98.63,0.31,98.76,33.94,8.55,64.2,-83.8,-9.4,19.7,65.56,51,0.001,normal,
2026-09-14T08:00,Telkom,Gauteng,Pretoria,PTA-HAT-011,PTA-HAT-011-A,RAN,LTE2600,99.02,99.22,0.57,98.15,38.97,9.2,64.2,-89.3,-10.4,18.7,63.46,58,0.048,normal,
2026-09-14T08:00,Telkom,Gauteng,Pretoria,PTA-HAT-011,PTA-HAT-011-B,RAN,LTE2600,99.42,98.6,0.7,98.84,43.38,10.56,53.8,-86.9,-10.3,14.8,56.21,57,0.023,normal,
2026-09-14T08:00,Telkom,Gauteng,Pretoria,PTA-HAT-011,PTA-HAT-011-C,RAN,LTE2600,99.13,98.87,0.7,98.14,41.46,13.11,42.8,-87.8,-8.7,17.9,59.82,53,0.037,normal,
2026-09-14T08:00,Telkom,Western Cape,Cape Town,CPT-BEL-007,CPT-BEL-007-A,RAN,LTE1800,99.5,98.53,0.97,98.8,39.48,13.02,52.0,-93.7,-10.1,15.3,46.91,46,0.036,normal,
2026-09-14T08:00,Telkom,Western Cape,Cape Town,CPT-BEL-007,CPT-BEL-007-B,RAN,LTE1800,99.02,98.75,0.67,98.29,40.71,13.47,69.2,-87.2,-10.1,18.3,54.85,48,0.033,normal,
2026-09-14T08:00,Telkom,Western Cape,Cape Town,CPT-BEL-007,CPT-BEL-007-C,RAN,LTE1800,99.38,98.75,0.64,97.85,34.03,10.86,61.2,-80.3,-10.1,18.5,58.48,56,0.043,normal,
2026-09-14T08:15,Telkom,Gauteng,Johannesburg,JHB-CBD-003,JHB-CBD-003-A,RAN,LTE1800,99.04,98.89,0.44,97.82,40.08,9.45,58.5,-80.1,-9.3,16.3,59.83,57,0.043,normal,
2026-09-14T08:15,Telkom,Gauteng,Johannesburg,JHB-CBD-003,JHB-CBD-003-B,RAN,LTE1800,99.58,99.14,0.29,99.49,34.69,12.85,57.4,-84.9,-10.8,17.0,52.78,50,0.032,normal,
2026-09-14T08:15,Telkom,Gauteng,Johannesburg,JHB-CBD-003,JHB-CBD-003-C,RAN,LTE1800,99.47,98.95,0.28,98.19,41.16,13.49,61.5,-89.4,-7.5,19.6,55.82,49,0.042,normal,
2026-09-14T08:15,Telkom,Gauteng,Soweto,JHB-SOW-018,JHB-SOW-018-A,RAN,LTE2100,99.06,98.65,0.48,98.05,45.55,12.74,42.4,-87.4,-12.5,18.2,46.83,50,0.02,normal,
2026-09-14T08:15,Telkom,Gauteng,Soweto,JHB-SOW-018,JHB-SOW-018-B,RAN,LTE2100,99.1,98.76,0.38,98.54,34.82,8.62,59.0,-87.2,-10.5,16.4,70.26,56,0.045,normal,
2026-09-14T08:15,Telkom,Gauteng,Soweto,JHB-SOW-018,JHB-SOW-018-C,RAN,LTE2100,99.18,98.9,0.05,98.14,43.72,11.57,45.9,-85.0,-10.3,20.9,51.58,50,0.038,normal,
2026-09-14T08:15,Telkom,Gauteng,Pretoria,PTA-HAT-011,PTA-HAT-011-A,RAN,LTE2600,98.93,99.34,0.06,98.22,40.02,11.22,50.7,-85.4,-10.8,20.7,63.93,55,0.02,normal,
2026-09-14T08:15,Telkom,Gauteng,Pretoria,PTA-HAT-011,PTA-HAT-011-B,RAN,LTE2600,99.07,98.79,0.71,99.06,33.74,9.35,58.7,-86.0,-11.3,15.2,62.52,53,0.05,normal,
2026-09-14T08:15,Telkom,Gauteng,Pretoria,PTA-HAT-011,PTA-HAT-011-C,RAN,LTE2600,99.9,98.75,0.59,98.64,27.39,10.89,53.9,-87.2,-8.2,16.8,65.15,56,0.035,normal,
2026-09-14T08:15,Telkom,Western Cape,Cape Town,CPT-BEL-007,CPT-BEL-007-A,RAN,LTE1800,99.53,98.34,0.07,99.27,41.89,9.25,44.3,-82.0,-11.1,18.8,45.63,40,0.049,normal,
2026-09-14T08:15,Telkom,Western Cape,Cape Town,CPT-BEL-007,CPT-BEL-007-B,RAN,LTE1800,99.01,99.39,0.45,99.76,44.53,12.14,45.4,-85.4,-10.0,13.7,51.81,47,0.044,normal,
2026-09-14T08:15,Telkom,Western Cape,Cape Town,CPT-BEL-007,CPT-BEL-007-C,RAN,LTE1800,99.13,98.4,0.75,98.0,46.95,13.82,50.8,-81.3,-9.5,15.4,44.42,40,0.01,normal,
2026-09-14T08:30,Telkom,Gauteng,Johannesburg,JHB-CBD-003,JHB-CBD-003-A,RAN,LTE1800,99.6,99.37,0.9,98.38,34.23,10.39,58.0,-88.2,-8.8,16.0,66.09,54,0.007,normal,
2026-09-14T08:30,Telkom,Gauteng,Johannesburg,JHB-CBD-003,JHB-CBD-003-B,RAN,LTE1800,98.4,98.84,0.7,98.01,38.39,12.28,49.7,-89.2,-10.4,17.5,52.04,45,0.037,normal,
2026-09-14T08:30,Telkom,Gauteng,Johannesburg,JHB-CBD-003,JHB-CBD-003-C,RAN,LTE1800,99.39,99.31,0.24,98.53,40.08,10.59,56.1,-86.2,-10.1,19.2,57.55,47,0.041,normal,
2026-09-14T08:30,Telkom,Gauteng,Soweto,JHB-SOW-018,JHB-SOW-018-A,RAN,LTE2100,98.98,98.97,0.05,98.14,44.99,14.13,44.7,-86.6,-9.4,17.5,49.95,48,0.023,normal,
2026-09-14T08:30,Telkom,Gauteng,Soweto,JHB-SOW-018,JHB-SOW-018-B,RAN,LTE2100,98.8,99.48,0.46,98.75,44.27,12.95,47.0,-81.5,-9.5,13.2,50.95,48,0.037,normal,
2026-09-14T08:30,Telkom,Gauteng,Soweto,JHB-SOW-018,JHB-SOW-018-C,RAN,LTE2100,99.11,99.76,0.63,97.86,40.65,12.68,47.0,-88.2,-10.0,15.7,55.73,49,0.029,normal,
2026-09-14T08:30,Telkom,Gauteng,Pretoria,PTA-HAT-011,PTA-HAT-011-A,RAN,LTE2600,98.94,99.58,0.66,98.66,33.8,10.57,62.1,-87.4,-10.9,15.7,62.08,60,0.047,normal,
2026-09-14T08:30,Telkom,Gauteng,Pretoria,PTA-HAT-011,PTA-HAT-011-B,RAN,LTE2600,99.35,99.25,0.57,98.33,36.77,10.9,66.0,-83.4,-9.9,16.7,62.11,53,0.05,normal,
2026-09-14T08:30,Telkom,Gauteng,Pretoria,PTA-HAT-011,PTA-HAT-011-C,RAN,LTE2600,99.2,98.83,0.11,98.99,39.72,8.21,45.5,-84.7,-7.9,17.8,60.04,60,0.038,normal,
2026-09-14T08:30,Telkom,Western Cape,Cape Town,CPT-BEL-007,CPT-BEL-007-A,RAN,LTE1800,99.15,98.72,0.89,97.87,36.74,9.08,57.9,-86.1,-11.0,17.1,57.1,56,0.004,normal,
2026-09-14T08:30,Telkom,Western Cape,Cape Town,CPT-BEL-007,CPT-BEL-007-B,RAN,LTE1800,99.2,98.74,0.46,98.53,37.06,9.65,67.0,-84.5,-8.3,15.0,64.42,47,0.028,normal,
2026-09-14T08:30,Telkom,Western Cape,Cape Town,CPT-BEL-007,CPT-BEL-007-C,RAN,LTE1800,98.94,98.94,0.45,99.36,36.65,11.09,61.7,-81.5,-12.2,15.1,49.98,48,0.0,normal,
2026-09-14T08:45,Telkom,Gauteng,Johannesburg,JHB-CBD-003,JHB-CBD-003-A,RAN,LTE1800,99.09,98.9,0.21,98.89,37.74,10.78,50.6,-82.6,-8.7,13.7,55.57,59,0.008,normal,
2026-09-14T08:45,Telkom,Gauteng,Johannesburg,JHB-CBD-003,JHB-CBD-003-B,RAN,LTE1800,99.4,99.08,0.48,97.21,34.16,12.47,63.4,-86.6,-10.7,20.0,59.51,59,0.035,normal,
2026-09-14T08:45,Telkom,Gauteng,Johannesburg,JHB-CBD-003,JHB-CBD-003-C,RAN,LTE1800,99.07,99.06,0.72,98.54,39.86,8.65,53.5,-87.5,-9.5,16.3,60.57,52,0.004,normal,
2026-09-14T08:45,Telkom,Gauteng,Soweto,JHB-SOW-018,JHB-SOW-018-A,RAN,LTE2100,98.82,99.07,0.93,98.57,37.76,10.77,58.4,-83.2,-9.2,16.2,64.62,56,0.043,normal,
2026-09-14T08:45,Telkom,Gauteng,Soweto,JHB-SOW-018,JHB-SOW-018-B,RAN,LTE2100,99.37,99.07,0.05,99.15,43.3,15.31,41.6,-82.2,-10.9,14.6,50.19,42,0.044,normal,
2026-09-14T08:45,Telkom,Gauteng,Soweto,JHB-SOW-018,JHB-SOW-018-C,RAN,LTE2100,98.87,99.21,0.62,98.23,42.7,13.57,50.4,-81.6,-11.0,15.4,49.25,47,0.031,normal,
2026-09-14T08:45,Telkom,Gauteng,Pretoria,PTA-HAT-011,PTA-HAT-011-A,RAN,LTE2600,98.63,99.5,0.31,98.25,31.76,11.39,62.3,-82.2,-8.8,16.9,74.48,68,0.048,normal,
2026-09-14T08:45,Telkom,Gauteng,Pretoria,PTA-HAT-011,PTA-HAT-011-B,RAN,LTE2600,99.15,98.87,0.34,98.3,36.24,11.84,64.4,-84.5,-9.3,18.7,57.43,59,0.038,normal,
2026-09-14T08:45,Telkom,Gauteng,Pretoria,PTA-HAT-011,PTA-HAT-011-C,RAN,LTE2600,99.29,98.3,0.45,98.24,29.48,12.62,65.5,-88.0,-9.6,15.9,69.39,63,0.004,normal,
2026-09-14T08:45,Telkom,Western Cape,Cape Town,CPT-BEL-007,CPT-BEL-007-A,RAN,LTE1800,98.64,98.47,0.95,99.49,32.23,13.66,52.5,-88.2,-10.4,14.1,61.1,56,0.047,normal,
2026-09-14T08:45,Telkom,Western Cape,Cape Town,CPT-BEL-007,CPT-BEL-007-B,RAN,LTE1800,99.41,98.95,0.51,97.91,37.93,12.31,54.1,-87.4,-9.1,19.2,53.08,45,0.007,normal,
2026-09-14T08:45,Telkom,Western Cape,Cape Town,CPT-BEL-007,CPT-BEL-007-C,RAN,LTE1800,98.75,98.95,0.17,98.62,33.68,11.09,71.9,-84.7,-8.9,20.8,59.4,50,0.032,normal,
2026-09-14T09:00,Telkom,Gauteng,Johannesburg,JHB-CBD-003,JHB-CBD-003-A,RAN,LTE1800,98.93,98.87,0.88,97.39,36.33,11.1,52.1,-86.9,-12.1,19.0,54.01,55,0.009,normal,
2026-09-14T09:00,Telkom,Gauteng,Johannesburg,JHB-CBD-003,JHB-CBD-003-B,RAN,LTE1800,99.25,98.11,0.83,98.77,30.83,10.42,56.6,-83.8,-10.9,16.7,60.2,44,0.006,normal,
2026-09-14T09:00,Telkom,Gauteng,Johannesburg,JHB-CBD-003,JHB-CBD-003-C,RAN,LTE1800,99.02,99.06,0.4,98.68,42.89,10.49,51.0,-81.3,-11.7,19.3,44.8,50,0.008,normal,
2026-09-14T09:00,Telkom,Gauteng,Soweto,JHB-SOW-018,JHB-SOW-018-A,RAN,LTE2100,99.03,98.79,0.48,97.87,32.37,14.02,42.4,-86.6,-8.5,15.1,43.53,52,0.04,normal,
2026-09-14T09:00,Telkom,Gauteng,Soweto,JHB-SOW-018,JHB-SOW-018-B,RAN,LTE2100,98.86,98.91,0.36,98.94,45.84,8.98,59.3,-85.8,-8.9,13.8,49.64,51,0.045,normal,
2026-09-14T09:00,Telkom,Gauteng,Soweto,JHB-SOW-018,JHB-SOW-018-C,RAN,LTE2100,99.02,99.06,0.43,97.85,33.24,12.33,50.5,-87.9,-11.8,17.3,57.9,45,0.001,normal,
2026-09-14T09:00,Telkom,Gauteng,Pretoria,PTA-HAT-011,PTA-HAT-011-A,RAN,LTE2600,98.93,98.62,0.25,98.04,35.75,12.88,61.1,-83.4,-10.8,18.5,65.31,62,0.012,normal,
2026-09-14T09:00,Telkom,Gauteng,Pretoria,PTA-HAT-011,PTA-HAT-011-B,RAN,LTE2600,99.0,98.79,0.52,98.24,41.85,10.72,48.7,-86.4,-11.5,16.0,52.13,58,0.039,normal,
2026-09-14T09:00,Telkom,Gauteng,Pretoria,PTA-HAT-011,PTA-HAT-011-C,RAN,LTE2600,99.22,98.76,0.83,98.02,24.59,12.58,65.5,-87.2,-10.3,13.1,64.18,65,0.018,normal,
2026-09-14T09:00,Telkom,Western Cape,Cape Town,CPT-BEL-007,CPT-BEL-007-A,RAN,LTE1800,98.43,98.52,0.38,98.14,40.29,10.57,50.8,-88.3,-7.6,13.9,59.3,55,0.023,normal,
2026-09-14T09:00,Telkom,Western Cape,Cape Town,CPT-BEL-007,CPT-BEL-007-B,RAN,LTE1800,99.6,97.75,0.21,98.56,38.27,13.64,49.5,-85.9,-8.0,15.7,55.61,55,0.017,normal,
2026-09-14T09:00,Telkom,Western Cape,Cape Town,CPT-BEL-007,CPT-BEL-007-C,RAN,LTE1800,98.7,99.25,0.49,98.23,21.36,9.22,56.3,-85.2,-11.0,16.1,59.14,57,0.032,normal,
2026-09-14T09:15,Telkom,Gauteng,Johannesburg,JHB-CBD-003,JHB-CBD-003-A,RAN,LTE1800,99.58,98.37,0.68,97.96,36.74,11.65,47.0,-84.4,-7.0,19.1,59.74,60,0.001,normal,
2026-09-14T09:15,Telkom,Gauteng,Johannesburg,JHB-CBD-003,JHB-CBD-003-B,RAN,LTE1800,99.37,99.07,0.38,98.92,41.28,13.31,47.8,-87.1,-9.2,19.2,56.59,48,0.04,normal,
2026-09-14T09:15,Telkom,Gauteng,Johannesburg,JHB-CBD-003,JHB-CBD-003-C,RAN,LTE1800,98.78,99.25,0.18,99.11,42.09,15.02,57.3,-89.0,-7.3,22.9,56.92,59,0.02,normal,
2026-09-14T09:15,Telkom,Gauteng,Soweto,JHB-SOW-018,JHB-SOW-018-A,RAN,LTE2100,99.1,98.56,0.23,98.39,31.17,14.11,50.9,-82.2,-8.5,21.0,52.12,51,0.008,normal,
2026-09-14T09:15,Telkom,Gauteng,Soweto,JHB-SOW-018,JHB-SOW-018-B,RAN,LTE2100,99.61,98.56,0.56,97.37,42.87,13.16,56.4,-82.5,-9.5,17.0,57.32,48,0.046,normal,
2026-09-14T09:15,Telkom,Gauteng,Soweto,JHB-SOW-018,JHB-SOW-018-C,RAN,LTE2100,98.94,99.32,0.68,98.29,30.13,13.69,57.9,-84.5,-8.1,18.5,62.02,55,0.005,normal,
2026-09-14T09:15,Telkom,Gauteng,Pretoria,PTA-HAT-011,PTA-HAT-011-A,RAN,LTE2600,98.92,98.5,0.34,98.87,40.2,10.26,56.6,-90.9,-9.9,15.1,62.28,66,0.05,normal,
2026-09-14T09:15,Telkom,Gauteng,Pretoria,PTA-HAT-011,PTA-HAT-011-B,RAN,LTE2600,99.29,98.8,0.13,97.96,31.67,10.53,47.6,-83.3,-10.2,17.6,60.45,53,0.045,normal,
2026-09-14T09:15,Telkom,Gauteng,Pretoria,PTA-HAT-011,PTA-HAT-011-C,RAN,LTE2600,99.11,98.87,0.22,99.13,35.21,11.02,68.8,-88.9,-9.4,16.5,69.48,67,0.047,normal,
2026-09-14T09:15,Telkom,Western Cape,Cape Town,CPT-BEL-007,CPT-BEL-007-A,RAN,LTE1800,98.92,99.17,0.3,98.4,40.05,13.14,54.9,-86.9,-10.5,18.8,56.01,59,0.0,normal,
2026-09-14T09:15,Telkom,Western Cape,Cape Town,CPT-BEL-007,CPT-BEL-007-B,RAN,LTE1800,99.9,98.67,0.53,98.4,39.41,14.6,50.7,-85.4,-9.6,16.3,54.84,57,0.013,normal,
2026-09-14T09:15,Telkom,Western Cape,Cape Town,CPT-BEL-007,CPT-BEL-007-C,RAN,LTE1800,99.36,98.95,0.33,98.38,40.57,10.64,44.9,-82.7,-9.5,16.4,56.7,56,0.023,normal,
2026-09-14T09:30,Telkom,Gauteng,Johannesburg,JHB-CBD-003,JHB-CBD-003-A,RAN,LTE1800,99.41,98.86,0.6,98.53,35.03,13.22,51.8,-86.0,-9.8,17.1,50.44,49,0.045,normal,
2026-09-14T09:30,Telkom,Gauteng,Johannesburg,JHB-CBD-003,JHB-CBD-003-B,RAN,LTE1800,99.34,98.63,0.84,98.34,37.27,12.68,59.7,-84.0,-11.8,15.9,62.09,57,0.032,normal,
2026-09-14T09:30,Telkom,Gauteng,Johannesburg,JHB-CBD-003,JHB-CBD-003-C,RAN,LTE1800,98.6,98.59,0.51,98.44,35.64,13.44,51.8,-81.5,-10.0,19.3,59.14,54,0.036,normal,
2026-09-14T09:30,Telkom,Gauteng,Soweto,JHB-SOW-018,JHB-SOW-018-A,RAN,LTE2100,98.87,99.16,0.31,99.09,34.79,10.13,58.9,-86.8,-9.6,17.2,64.95,58,0.025,normal,
2026-09-14T09:30,Telkom,Gauteng,Soweto,JHB-SOW-018,JHB-SOW-018-B,RAN,LTE2100,99.53,99.08,0.1,97.94,38.2,14.15,52.9,-87.7,-9.5,16.8,54.36,59,0.014,normal,
2026-09-14T09:30,Telkom,Gauteng,Soweto,JHB-SOW-018,JHB-SOW-018-C,RAN,LTE2100,99.12,98.79,0.17,98.93,37.83,9.92,46.0,-86.7,-10.9,20.1,46.16,48,0.028,normal,
2026-09-14T09:30,Telkom,Gauteng,Pretoria,PTA-HAT-011,PTA-HAT-011-A,RAN,LTE2600,99.1,98.9,0.46,98.28,37.64,12.25,56.5,-87.6,-12.6,18.8,59.83,62,0.028,normal,
2026-09-14T09:30,Telkom,Gauteng,Pretoria,PTA-HAT-011,PTA-HAT-011-B,RAN,LTE2600,99.02,98.72,0.54,99.55,35.53,12.94,64.0,-88.9,-9.4,13.5,58.51,66,0.008,normal,
2026-09-14T09:30,Telkom,Gauteng,Pretoria,PTA-HAT-011,PTA-HAT-011-C,RAN,LTE2600,99.4,99.2,0.7,98.9,31.21,9.54,52.6,-85.8,-9.9,14.7,64.56,66,0.043,normal,
2026-09-14T09:30,Telkom,Western Cape,Cape Town,CPT-BEL-007,CPT-BEL-007-A,RAN,LTE1800,99.16,98.78,0.44,98.2,30.3,9.59,59.4,-83.7,-7.5,17.9,68.32,61,0.037,normal,
2026-09-14T09:30,Telkom,Western Cape,Cape Town,CPT-BEL-007,CPT-BEL-007-B,RAN,LTE1800,99.28,99.61,1.16,99.5,28.72,9.52,56.3,-82.3,-10.3,12.5,66.55,64,0.003,normal,
2026-09-14T09:30,Telkom,Western Cape,Cape Town,CPT-BEL-007,CPT-BEL-007-C,RAN,LTE1800,99.11,99.33,0.27,98.16,33.35,11.64,50.9,-82.5,-9.4,16.6,65.76,62,0.003,normal,
2026-09-14T09:45,Telkom,Gauteng,Johannesburg,JHB-CBD-003,JHB-CBD-003-A,RAN,LTE1800,98.68,98.01,0.57,98.33,38.23,9.98,59.8,-88.1,-10.8,16.1,65.99,69,0.005,normal,
2026-09-14T09:45,Telkom,Gauteng,Johannesburg,JHB-CBD-003,JHB-CBD-003-B,RAN,LTE1800,98.63,99.33,0.17,98.55,42.43,10.03,53.9,-87.3,-9.1,19.5,53.89,56,0.013,normal,
2026-09-14T09:45,Telkom,Gauteng,Johannesburg,JHB-CBD-003,JHB-CBD-003-C,RAN,LTE1800,98.7,98.67,0.58,97.51,40.11,11.59,55.5,-87.8,-10.7,20.6,54.57,56,0.017,normal,
2026-09-14T09:45,Telkom,Gauteng,Soweto,JHB-SOW-018,JHB-SOW-018-A,RAN,LTE2100,98.94,98.62,0.31,98.0,34.29,11.49,55.4,-87.0,-10.3,15.0,62.46,56,0.032,normal,
2026-09-14T09:45,Telkom,Gauteng,Soweto,JHB-SOW-018,JHB-SOW-018-B,RAN,LTE2100,99.13,98.35,0.79,99.67,35.65,11.4,59.5,-87.8,-10.1,16.1,58.15,56,0.012,normal,
2026-09-14T09:45,Telkom,Gauteng,Soweto,JHB-SOW-018,JHB-SOW-018-C,RAN,LTE2100,99.9,99.01,0.22,99.03,35.07,7.6,65.1,-84.8,-11.8,17.6,64.04,55,0.049,normal,
2026-09-14T09:45,Telkom,Gauteng,Pretoria,PTA-HAT-011,PTA-HAT-011-A,RAN,LTE2600,99.36,98.85,0.43,98.64,34.53,11.54,62.7,-87.9,-10.7,18.6,57.52,59,0.021,normal,
2026-09-14T09:45,Telkom,Gauteng,Pretoria,PTA-HAT-011,PTA-HAT-011-B,RAN,LTE2600,99.61,99.02,0.71,99.11,31.76,11.48,61.4,-83.1,-9.9,16.4,60.17,58,0.03,normal,
2026-09-14T09:45,Telkom,Gauteng,Pretoria,PTA-HAT-011,PTA-HAT-011-C,RAN,LTE2600,98.93,98.45,0.56,98.84,29.22,10.0,59.7,-84.8,-8.2,15.3,66.3,62,0.049,normal,
2026-09-14T09:45,Telkom,Western Cape,Cape Town,CPT-BEL-007,CPT-BEL-007-A,RAN,LTE1800,99.59,99.1,0.48,98.8,37.78,12.09,58.6,-85.2,-9.6,15.4,59.4,54,0.015,normal,
2026-09-14T09:45,Telkom,Western Cape,Cape Town,CPT-BEL-007,CPT-BEL-007-B,RAN,LTE1800,99.48,98.75,0.83,98.05,35.82,10.8,56.9,-90.2,-11.0,18.7,50.08,52,0.012,normal,
2026-09-14T09:45,Telkom,Western Cape,Cape Town,CPT-BEL-007,CPT-BEL-007-C,RAN,LTE1800,98.46,98.7,0.62,98.01,40.43,10.24,58.1,-84.2,-9.2,17.2,51.18,50,0.027,normal,
2026-09-14T10:00,Telkom,Gauteng,Johannesburg,JHB-CBD-003,JHB-CBD-003-A,RAN,LTE1800,98.76,99.01,0.67,98.43,40.4,9.71,48.3,-86.9,-9.8,20.1,71.49,62,0.006,normal,
2026-09-14T10:00,Telkom,Gauteng,Johannesburg,JHB-CBD-003,JHB-CBD-003-B,RAN,LTE1800,98.96,99.34,0.3,98.61,32.01,8.61,56.3,-91.0,-8.4,14.9,66.62,55,0.045,normal,
2026-09-14T10:00,Telkom,Gauteng,Johannesburg,JHB-CBD-003,JHB-CBD-003-C,RAN,LTE1800,98.92,98.89,0.43,97.96,37.74,11.1,52.3,-86.9,-10.7,15.4,56.49,54,0.039,normal,
2026-09-14T10:00,Telkom,Gauteng,Soweto,JHB-SOW-018,JHB-SOW-018-A,RAN,LTE2100,99.02,98.34,0.57,98.03,37.48,7.92,49.3,-86.1,-10.1,14.4,70.4,64,0.008,normal,
2026-09-14T10:00,Telkom,Gauteng,Soweto,JHB-SOW-018,JHB-SOW-018-B,RAN,LTE2100,99.13,98.51,0.49,98.82,34.61,12.68,49.6,-88.2,-9.9,18.7,46.6,49,0.032,normal,
2026-09-14T10:00,Telkom,Gauteng,Soweto,JHB-SOW-018,JHB-SOW-018-C,RAN,LTE2100,98.97,98.42,0.64,97.92,35.87,8.42,60.6,-84.5,-9.7,21.1,60.97,50,0.04,normal,
2026-09-14T10:00,Telkom,Gauteng,Pretoria,PTA-HAT-011,PTA-HAT-011-A,RAN,LTE2600,98.86,98.79,0.05,98.77,41.66,12.37,55.2,-82.4,-8.4,18.2,55.19,63,0.039,normal,
2026-09-14T10:00,Telkom,Gauteng,Pretoria,PTA-HAT-011,PTA-HAT-011-B,RAN,LTE2600,99.47,98.23,0.9,97.36,40.8,12.71,51.2,-84.6,-10.3,16.8,52.54,56,0.003,normal,
2026-09-14T10:00,Telkom,Gauteng,Pretoria,PTA-HAT-011,PTA-HAT-011-C,RAN,LTE2600,99.11,99.11,0.17,98.74,31.35,9.69,53.7,-81.3,-10.4,12.6,64.61,61,0.026,normal,
2026-09-14T10:00,Telkom,Western Cape,Cape Town,CPT-BEL-007,CPT-BEL-007-A,RAN,LTE1800,99.1,98.65,0.58,98.77,32.96,11.55,57.2,-85.1,-10.9,19.6,53.68,53,0.047,normal,
2026-09-14T10:00,Telkom,Western Cape,Cape Town,CPT-BEL-007,CPT-BEL-007-B,RAN,LTE1800,98.58,99.2,0.67,97.77,44.23,10.15,48.5,-84.8,-9.4,16.9,59.49,53,0.038,normal,
2026-09-14T10:00,Telkom,Western Cape,Cape Town,CPT-BEL-007,CPT-BEL-007-C,RAN,LTE1800,99.81,98.41,0.74,98.38,33.0,12.05,52.5,-85.6,-10.4,17.2,53.14,57,0.011,normal,
2026-09-14T10:15,Telkom,Gauteng,Johannesburg,JHB-CBD-003,JHB-CBD-003-A,RAN,LTE1800,98.85,99.11,0.59,98.24,31.42,10.42,50.7,-87.9,-11.8,15.0,67.3,57,0.011,normal,
2026-09-14T10:15,Telkom,Gauteng,Johannesburg,JHB-CBD-003,JHB-CBD-003-B,RAN,LTE1800,99.03,98.62,0.46,98.56,29.74,10.59,61.2,-83.7,-9.2,15.5,62.18,53,0.016,normal,
2026-09-14T10:15,Telkom,Gauteng,Johannesburg,JHB-CBD-003,JHB-CBD-003-C,RAN,LTE1800,98.97,98.84,0.21,98.47,36.88,8.22,55.6,-79.9,-11.3,19.7,59.13,63,0.011,normal,
2026-09-14T10:15,Telkom,Gauteng,Soweto,JHB-SOW-018,JHB-SOW-018-A,RAN,LTE2100,98.98,98.26,0.54,97.97,36.68,12.48,58.7,-89.1,-9.7,17.0,57.11,56,0.026,normal,
2026-09-14T10:15,Telkom,Gauteng,Soweto,JHB-SOW-018,JHB-SOW-018-B,RAN,LTE2100,99.11,98.82,0.5,98.78,41.41,11.07,51.8,-88.4,-7.9,16.8,52.14,52,0.006,normal,
2026-09-14T10:15,Telkom,Gauteng,Soweto,JHB-SOW-018,JHB-SOW-018-C,RAN,LTE2100,98.86,99.09,0.3,99.04,40.44,12.65,42.3,-84.4,-8.3,14.8,53.34,52,0.005,normal,
2026-09-14T10:15,Telkom,Gauteng,Pretoria,PTA-HAT-011,PTA-HAT-011-A,RAN,LTE2600,99.39,98.31,0.74,98.6,29.84,11.3,61.7,-86.3,-8.0,19.4,69.2,68,0.015,normal,
2026-09-14T10:15,Telkom,Gauteng,Pretoria,PTA-HAT-011,PTA-HAT-011-B,RAN,LTE2600,99.55,98.84,0.83,99.18,31.64,9.55,53.9,-80.6,-9.7,19.3,66.05,79,0.02,normal,
2026-09-14T10:15,Telkom,Gauteng,Pretoria,PTA-HAT-011,PTA-HAT-011-C,RAN,LTE2600,99.05,99.08,0.12,98.56,32.43,11.22,63.4,-89.3,-8.2,17.4,66.07,64,0.025,normal,
2026-09-14T10:15,Telkom,Western Cape,Cape Town,CPT-BEL-007,CPT-BEL-007-A,RAN,LTE1800,99.48,99.2,0.16,98.42,41.64,8.22,66.4,-83.7,-10.2,18.7,50.11,53,0.004,normal,
2026-09-14T10:15,Telkom,Western Cape,Cape Town,CPT-BEL-007,CPT-BEL-007-B,RAN,LTE1800,99.42,98.74,0.54,98.3,43.89,13.13,47.1,-92.3,-11.5,21.6,51.92,49,0.034,normal,
2026-09-14T10:15,Telkom,Western Cape,Cape Town,CPT-BEL-007,CPT-BEL-007-C,RAN,LTE1800,99.9,99.04,0.87,99.13,28.9,12.7,51.4,-85.7,-10.3,19.8,63.05,58,0.045,normal,
2026-09-14T10:30,Telkom,Gauteng,Johannesburg,JHB-CBD-003,JHB-CBD-003-A,RAN,LTE1800,99.41,99.2,1.0,97.53,38.95,10.45,58.6,-88.6,-8.5,18.0,59.04,53,0.039,normal,
2026-09-14T10:30,Telkom,Gauteng,Johannesburg,JHB-CBD-003,JHB-CBD-003-B,RAN,LTE1800,98.67,99.42,0.48,97.64,39.72,10.47,50.1,-84.9,-8.4,16.6,56.25,51,0.034,normal,
2026-09-14T10:30,Telkom,Gauteng,Johannesburg,JHB-CBD-003,JHB-CBD-003-C,RAN,LTE1800,99.6,98.72,0.36,98.17,39.69,11.15,55.4,-90.5,-9.8,18.7,63.73,61,0.038,normal,
2026-09-14T10:30,Telkom,Gauteng,Soweto,JHB-SOW-018,JHB-SOW-018-A,RAN,LTE2100,98.48,99.1,0.5,99.56,41.13,10.11,66.0,-84.3,-9.7,20.0,61.25,59,0.018,normal,
2026-09-14T10:30,Telkom,Gauteng,Soweto,JHB-SOW-018,JHB-SOW-018-B,RAN,LTE2100,99.19,98.61,0.58,98.32,31.29,10.79,58.8,-85.9,-9.0,16.2,60.26,51,0.034,normal,
2026-09-14T10:30,Telkom,Gauteng,Soweto,JHB-SOW-018,JHB-SOW-018-C,RAN,LTE2100,99.3,98.22,0.26,98.64,43.08,10.86,45.1,-84.4,-10.4,15.4,58.04,53,0.004,normal,
2026-09-14T10:30,Telkom,Gauteng,Pretoria,PTA-HAT-011,PTA-HAT-011-A,RAN,LTE2600,99.79,98.15,0.64,98.29,34.2,9.44,54.5,-82.0,-8.3,18.7,59.05,57,0.037,normal,
2026-09-14T10:30,Telkom,Gauteng,Pretoria,PTA-HAT-011,PTA-HAT-011-B,RAN,LTE2600,99.09,98.73,0.36,98.8,33.65,11.79,56.1,-82.4,-12.4,17.7,62.6,58,0.05,normal,
2026-09-14T10:30,Telkom,Gauteng,Pretoria,PTA-HAT-011,PTA-HAT-011-C,RAN,LTE2600,99.06,98.97,0.47,99.37,33.49,8.75,47.8,-89.7,-8.9,16.0,66.36,66,0.041,normal,
2026-09-14T10:30,Telkom,Western Cape,Cape Town,CPT-BEL-007,CPT-BEL-007-A,RAN,LTE1800,99.51,98.28,0.25,98.2,33.75,10.6,47.7,-86.8,-7.6,18.8,64.59,64,0.03,normal,
2026-09-14T10:30,Telkom,Western Cape,Cape Town,CPT-BEL-007,CPT-BEL-007-B,RAN,LTE1800,98.69,98.86,0.09,98.57,41.84,11.27,56.0,-87.1,-11.2,15.4,50.48,52,0.043,normal,
2026-09-14T10:30,Telkom,Western Cape,Cape Town,CPT-BEL-007,CPT-BEL-007-C,RAN,LTE1800,99.12,98.34,0.37,98.68,34.46,9.63,49.1,-87.7,-7.4,16.5,57.4,52,0.02,normal,
2026-09-14T10:45,Telkom,Gauteng,Johannesburg,JHB-CBD-003,JHB-CBD-003-A,RAN,LTE1800,98.17,98.39,0.36,99.01,32.0,7.59,51.4,-86.6,-10.1,17.7,68.49,67,0.046,normal,
2026-09-14T10:45,Telkom,Gauteng,Johannesburg,JHB-CBD-003,JHB-CBD-003-B,RAN,LTE1800,99.11,99.0,0.9,99.05,29.1,10.38,56.6,-85.4,-10.7,17.8,61.22,59,0.016,normal,
2026-09-14T10:45,Telkom,Gauteng,Johannesburg,JHB-CBD-003,JHB-CBD-003-C,RAN,LTE1800,98.37,98.77,0.51,98.48,31.12,8.84,60.3,-86.6,-9.3,17.6,71.03,65,0.03,normal,
2026-09-14T10:45,Telkom,Gauteng,Soweto,JHB-SOW-018,JHB-SOW-018-A,RAN,LTE2100,98.72,98.91,0.56,99.03,40.52,9.32,47.6,-84.4,-8.5,15.8,64.14,56,0.036,normal,
2026-09-14T10:45,Telkom,Gauteng,Soweto,JHB-SOW-018,JHB-SOW-018-B,RAN,LTE2100,98.89,98.33,0.21,98.09,45.19,9.82,56.4,-86.1,-9.0,17.7,59.36,57,0.02,normal,
2026-09-14T10:45,Telkom,Gauteng,Soweto,JHB-SOW-018,JHB-SOW-018-C,RAN,LTE2100,99.45,98.43,0.84,98.16,42.86,12.39,47.4,-87.1,-11.4,22.0,59.43,52,0.004,normal,
2026-09-14T10:45,Telkom,Gauteng,Pretoria,PTA-HAT-011,PTA-HAT-011-A,RAN,LTE2600,99.29,99.04,0.69,97.94,38.88,10.21,66.6,-84.2,-8.3,18.5,63.13,69,0.003,normal,
2026-09-14T10:45,Telkom,Gauteng,Pretoria,PTA-HAT-011,PTA-HAT-011-B,RAN,LTE2600,98.76,98.41,0.57,98.39,44.44,10.16,60.7,-90.3,-10.8,14.0,58.7,62,0.036,normal,
2026-09-14T10:45,Telkom,Gauteng,Pretoria,PTA-HAT-011,PTA-HAT-011-C,RAN,LTE2600,98.83,98.7,0.05,99.61,38.34,11.49,57.7,-85.0,-10.3,15.0,59.38,55,0.001,normal,
2026-09-14T10:45,Telkom,Western Cape,Cape Town,CPT-BEL-007,CPT-BEL-007-A,RAN,LTE1800,99.2,99.15,0.67,98.77,41.31,12.53,53.0,-83.1,-10.6,17.4,52.9,57,0.01,normal,
2026-09-14T10:45,Telkom,Western Cape,Cape Town,CPT-BEL-007,CPT-BEL-007-B,RAN,LTE1800,99.41,99.06,0.42,98.71,35.46,11.24,57.5,-90.2,-10.9,16.7,60.06,57,0.013,normal,
2026-09-14T10:45,Telkom,Western Cape,Cape Town,CPT-BEL-007,CPT-BEL-007-C,RAN,LTE1800,98.94,99.32,0.29,99.13,39.31,12.21,56.0,-81.5,-10.7,17.5,63.85,57,0.043,normal,
2026-09-14T11:00,Telkom,Gauteng,Johannesburg,JHB-CBD-003,JHB-CBD-003-A,RAN,LTE1800,99.21,98.66,0.67,98.58,34.35,10.16,50.3,-82.0,-10.6,12.0,55.44,53,0.021,normal,
2026-09-14T11:00,Telkom,Gauteng,Johannesburg,JHB-CBD-003,JHB-CBD-003-B,RAN,LTE1800,99.74,99.47,0.14,99.01,29.0,12.67,52.5,-85.3,-10.8,17.0,59.4,64,0.044,normal,
2026-09-14T11:00,Telkom,Gauteng,Johannesburg,JHB-CBD-003,JHB-CBD-003-C,RAN,LTE1800,98.37,99.0,0.58,98.67,37.08,12.37,55.0,-89.9,-9.3,20.7,57.13,63,0.027,normal,
2026-09-14T11:00,Telkom,Gauteng,Soweto,JHB-SOW-018,JHB-SOW-018-A,RAN,LTE2100,99.36,98.76,0.92,97.79,39.57,13.57,40.2,-88.2,-8.9,18.0,47.08,47,0.05,normal,
2026-09-14T11:00,Telkom,Gauteng,Soweto,JHB-SOW-018,JHB-SOW-018-B,RAN,LTE2100,99.19,98.5,0.54,98.99,45.92,12.52,53.2,-79.9,-9.5,20.1,50.29,51,0.003,normal,
2026-09-14T11:00,Telkom,Gauteng,Soweto,JHB-SOW-018,JHB-SOW-018-C,RAN,LTE2100,98.9,98.48,0.75,98.43,32.36,10.34,60.3,-89.8,-11.2,17.3,69.33,54,0.018,normal,
2026-09-14T11:00,Telkom,Gauteng,Pretoria,PTA-HAT-011,PTA-HAT-011-A,RAN,LTE2600,99.24,99.14,0.24,98.57,45.71,11.61,58.5,-84.0,-8.4,18.4,52.43,57,0.029,normal,
2026-09-14T11:00,Telkom,Gauteng,Pretoria,PTA-HAT-011,PTA-HAT-011-B,RAN,LTE2600,98.76,98.9,0.17,98.66,29.19,9.47,55.2,-84.9,-10.0,14.8,63.75,66,0.004,normal,
2026-09-14T11:00,Telkom,Gauteng,Pretoria,PTA-HAT-011,PTA-HAT-011-C,RAN,LTE2600,99.1,99.37,0.51,98.23,18.55,8.13,60.8,-88.3,-8.7,16.5,77.77,72,0.017,normal,
2026-09-14T11:00,Telkom,Western Cape,Cape Town,CPT-BEL-007,CPT-BEL-007-A,RAN,LTE1800,98.7,98.04,0.89,97.84,42.58,11.37,53.1,-87.7,-9.1,20.8,58.24,55,0.031,normal,
2026-09-14T11:00,Telkom,Western Cape,Cape Town,CPT-BEL-007,CPT-BEL-007-B,RAN,LTE1800,98.88,98.34,0.31,98.24,39.35,8.37,54.8,-89.5,-8.8,16.9,60.38,58,0.041,normal,
2026-09-14T11:00,Telkom,Western Cape,Cape Town,CPT-BEL-007,CPT-BEL-007-C,RAN,LTE1800,99.39,98.9,0.57,98.8,39.28,13.04,40.4,-88.4,-11.3,18.2,50.98,52,0.042,normal,
2026-09-14T11:15,Telkom,Gauteng,Johannesburg,JHB-CBD-003,JHB-CBD-003-A,RAN,LTE1800,98.67,98.89,0.05,98.37,36.24,12.41,61.1,-85.1,-10.5,19.6,63.88,63,0.013,normal,
2026-09-14T11:15,Telkom,Gauteng,Johannesburg,JHB-CBD-003,JHB-CBD-003-B,RAN,LTE1800,98.96,98.89,0.64,98.3,45.71,12.42,61.0,-85.7,-10.4,17.8,56.98,60,0.011,normal,
2026-09-14T11:15,Telkom,Gauteng,Johannesburg,JHB-CBD-003,JHB-CBD-003-C,RAN,LTE1800,99.18,98.23,0.31,98.05,30.37,10.13,59.3,-85.7,-10.2,18.1,69.74,56,0.012,normal,
2026-09-14T11:15,Telkom,Gauteng,Soweto,JHB-SOW-018,JHB-SOW-018-A,RAN,LTE2100,98.82,98.61,0.85,98.48,45.06,9.71,48.5,-87.2,-8.4,17.4,52.8,60,0.047,normal,
2026-09-14T11:15,Telkom,Gauteng,Soweto,JHB-SOW-018,JHB-SOW-018-B,RAN,LTE2100,99.16,98.98,0.79,97.66,35.95,12.28,65.8,-87.0,-7.2,15.8,71.72,56,0.034,normal,
2026-09-14T11:15,Telkom,Gauteng,Soweto,JHB-SOW-018,JHB-SOW-018-C,RAN,LTE2100,98.42,99.09,0.59,97.48,34.06,12.12,54.2,-87.2,-11.2,18.2,58.14,53,0.018,normal,
2026-09-14T11:15,Telkom,Gauteng,Pretoria,PTA-HAT-011,PTA-HAT-011-A,RAN,LTE2600,98.81,99.46,0.5,98.01,35.73,8.0,51.0,-85.1,-11.4,18.7,64.7,67,0.019,normal,
2026-09-14T11:15,Telkom,Gauteng,Pretoria,PTA-HAT-011,PTA-HAT-011-B,RAN,LTE2600,98.82,98.59,0.87,99.01,50.76,14.64,48.2,-83.7,-9.7,16.7,54.73,66,0.032,normal,
2026-09-14T11:15,Telkom,Gauteng,Pretoria,PTA-HAT-011,PTA-HAT-011-C,RAN,LTE2600,99.05,98.65,0.42,98.6,31.39,10.21,51.8,-85.7,-12.1,18.5,68.91,68,0.029,normal,
2026-09-14T11:15,Telkom,Western Cape,Cape Town,CPT-BEL-007,CPT-BEL-007-A,RAN,LTE1800,98.62,99.48,0.74,97.98,39.66,14.01,70.9,-88.2,-10.1,19.5,52.41,59,0.01,normal,
2026-09-14T11:15,Telkom,Western Cape,Cape Town,CPT-BEL-007,CPT-BEL-007-B,RAN,LTE1800,99.34,98.65,0.52,98.47,36.13,12.0,65.8,-87.5,-9.2,16.1,68.54,62,0.007,normal,
2026-09-14T11:15,Telkom,Western Cape,Cape Town,CPT-BEL-007,CPT-BEL-007-C,RAN,LTE1800,98.46,98.73,0.68,98.28,38.54,12.53,57.1,-80.8,-10.9,17.4,51.59,49,0.011,normal,
2026-09-14T11:30,Telkom,Gauteng,Johannesburg,JHB-CBD-003,JHB-CBD-003-A,RAN,LTE1800,99.1,98.93,0.47,98.7,26.39,6.02,48.4,-87.0,-12.9,18.0,67.54,66,0.033,normal,
2026-09-14T11:30,Telkom,Gauteng,Johannesburg,JHB-CBD-003,JHB-CBD-003-B,RAN,LTE1800,98.76,98.8,0.36,98.81,35.05,10.72,57.6,-87.1,-11.2,13.1,67.0,64,0.045,normal,
2026-09-14T11:30,Telkom,Gauteng,Johannesburg,JHB-CBD-003,JHB-CBD-003-C,RAN,LTE1800,99.39,98.6,0.05,98.5,32.59,10.56,55.2,-87.6,-9.8,14.0,62.28,63,0.033,normal,
2026-09-14T11:30,Telkom,Gauteng,Soweto,JHB-SOW-018,JHB-SOW-018-A,RAN,LTE2100,98.57,99.29,0.49,98.78,35.12,12.01,52.7,-83.2,-10.5,18.5,67.73,53,0.007,normal,
2026-09-14T11:30,Telkom,Gauteng,Soweto,JHB-SOW-018,JHB-SOW-018-B,RAN,LTE2100,99.51,98.44,0.72,98.7,33.6,11.51,57.2,-90.8,-10.8,17.2,61.1,59,0.016,normal,
2026-09-14T11:30,Telkom,Gauteng,Soweto,JHB-SOW-018,JHB-SOW-018-C,RAN,LTE2100,98.98,98.51,0.92,97.28,44.29,12.67,46.0,-86.1,-8.4,14.6,52.92,54,0.004,normal,
2026-09-14T11:30,Telkom,Gauteng,Pretoria,PTA-HAT-011,PTA-HAT-011-A,RAN,LTE2600,98.7,98.73,0.42,98.04,39.21,12.57,52.6,-82.7,-10.7,16.8,62.1,58,0.038,normal,
2026-09-14T11:30,Telkom,Gauteng,Pretoria,PTA-HAT-011,PTA-HAT-011-B,RAN,LTE2600,98.89,98.18,0.44,98.28,34.09,12.2,67.7,-81.9,-8.6,16.6,59.22,69,0.029,normal,
2026-09-14T11:30,Telkom,Gauteng,Pretoria,PTA-HAT-011,PTA-HAT-011-C,RAN,LTE2600,99.88,98.84,0.22,98.25,41.64,11.43,56.6,-78.9,-9.0,15.3,50.39,57,0.016,normal,
2026-09-14T11:30,Telkom,Western Cape,Cape Town,CPT-BEL-007,CPT-BEL-007-A,RAN,LTE1800,99.12,99.03,0.8,98.63,35.83,10.43,56.3,-87.1,-10.7,17.8,60.52,54,0.007,normal,
2026-09-14T11:30,Telkom,Western Cape,Cape Town,CPT-BEL-007,CPT-BEL-007-B,RAN,LTE1800,99.43,98.5,0.42,98.05,37.72,10.21,58.7,-86.3,-9.4,14.1,61.21,63,0.036,normal,
2026-09-14T11:30,Telkom,Western Cape,Cape Town,CPT-BEL-007,CPT-BEL-007-C,RAN,LTE1800,98.56,98.77,0.73,99.0,35.54,9.49,56.4,-87.5,-9.2,17.1,61.2,60,0.049,normal,
2026-09-14T11:45,Telkom,Gauteng,Johannesburg,JHB-CBD-003,JHB-CBD-003-A,RAN,LTE1800,99.9,98.5,0.45,98.29,36.33,10.92,59.4,-82.1,-7.4,23.3,61.8,51,0.036,normal,
2026-09-14T11:45,Telkom,Gauteng,Johannesburg,JHB-CBD-003,JHB-CBD-003-B,RAN,LTE1800,99.22,99.42,0.54,98.8,31.43,12.7,46.1,-85.3,-9.7,18.2,46.98,53,0.021,normal,
2026-09-14T11:45,Telkom,Gauteng,Johannesburg,JHB-CBD-003,JHB-CBD-003-C,RAN,LTE1800,99.5,98.93,0.05,98.53,36.57,10.82,49.8,-87.4,-10.0,19.4,61.22,63,0.021,normal,
2026-09-14T11:45,Telkom,Gauteng,Soweto,JHB-SOW-018,JHB-SOW-018-A,RAN,LTE2100,99.84,99.23,0.56,97.72,33.36,16.43,50.1,-86.2,-11.1,21.1,63.81,59,0.032,normal,
2026-09-14T11:45,Telkom,Gauteng,Soweto,JHB-SOW-018,JHB-SOW-018-B,RAN,LTE2100,98.47,98.24,0.21,98.86,33.78,12.74,49.3,-85.9,-9.6,20.2,58.57,58,0.025,normal,
2026-09-14T11:45,Telkom,Gauteng,Soweto,JHB-SOW-018,JHB-SOW-018-C,RAN,LTE2100,98.76,99.11,0.21,98.94,42.87,14.1,53.0,-86.5,-10.0,14.9,47.01,44,0.047,normal,
2026-09-14T11:45,Telkom,Gauteng,Pretoria,PTA-HAT-011,PTA-HAT-011-A,RAN,LTE2600,98.81,99.4,0.39,99.35,33.12,12.2,56.8,-82.5,-10.7,14.6,59.02,60,0.03,normal,
2026-09-14T11:45,Telkom,Gauteng,Pretoria,PTA-HAT-011,PTA-HAT-011-B,RAN,LTE2600,99.14,98.77,0.42,99.36,37.33,13.11,59.9,-88.2,-10.4,14.6,59.63,53,0.011,normal,
2026-09-14T11:45,Telkom,Gauteng,Pretoria,PTA-HAT-011,PTA-HAT-011-C,RAN,LTE2600,99.76,98.76,0.14,98.59,33.39,12.01,57.8,-86.8,-10.0,15.4,64.02,62,0.021,normal,
2026-09-14T11:45,Telkom,Western Cape,Cape Town,CPT-BEL-007,CPT-BEL-007-A,RAN,LTE1800,98.92,98.51,0.54,97.93,40.38,10.81,63.5,-89.0,-9.6,20.0,65.39,57,0.026,normal,
2026-09-14T11:45,Telkom,Western Cape,Cape Town,CPT-BEL-007,CPT-BEL-007-B,RAN,LTE1800,98.94,99.43,0.31,98.37,41.65,12.74,48.7,-87.1,-9.0,20.1,50.09,51,0.019,normal,
2026-09-14T11:45,Telkom,Western Cape,Cape Town,CPT-BEL-007,CPT-BEL-007-C,RAN,LTE1800,99.28,98.77,0.85,99.17,37.1,10.25,55.8,-90.6,-10.2,12.5,60.22,59,0.028,normal,
2026-09-14T12:00,Telkom,Gauteng,Johannesburg,JHB-CBD-003,JHB-CBD-003-A,RAN,LTE1800,99.52,98.75,0.61,98.54,33.28,10.19,65.6,-85.7,-10.2,15.9,71.42,53,0.035,normal,
2026-09-14T12:00,Telkom,Gauteng,Johannesburg,JHB-CBD-003,JHB-CBD-003-B,RAN,LTE1800,98.88,98.28,0.27,98.05,38.11,10.81,58.7,-79.7,-9.1,19.0,54.13,57,0.022,normal,
2026-09-14T12:00,Telkom,Gauteng,Johannesburg,JHB-CBD-003,JHB-CBD-003-C,RAN,LTE1800,98.98,98.7,0.47,98.29,37.49,10.56,61.9,-84.0,-8.2,17.4,53.97,60,0.04,normal,
2026-09-14T12:00,Telkom,Gauteng,Soweto,JHB-SOW-018,JHB-SOW-018-A,RAN,LTE2100,98.85,98.95,0.49,98.44,30.86,11.87,57.4,-81.5,-8.3,19.5,66.76,57,0.031,normal,
2026-09-14T12:00,Telkom,Gauteng,Soweto,JHB-SOW-018,JHB-SOW-018-B,RAN,LTE2100,99.11,98.77,0.98,98.25,33.04,12.73,65.4,-87.5,-10.3,19.4,58.38,46,0.005,normal,
2026-09-14T12:00,Telkom,Gauteng,Soweto,JHB-SOW-018,JHB-SOW-018-C,RAN,LTE2100,98.8,98.73,0.32,98.32,36.28,13.61,56.2,-89.2,-12.3,14.8,56.85,50,0.029,normal,
2026-09-14T12:00,Telkom,Gauteng,Pretoria,PTA-HAT-011,PTA-HAT-011-A,RAN,LTE2600,98.94,98.53,0.24,99.0,45.53,11.44,63.5,-82.5,-9.2,19.1,57.46,54,0.006,normal,
2026-09-14T12:00,Telkom,Gauteng,Pretoria,PTA-HAT-011,PTA-HAT-011-B,RAN,LTE2600,99.19,98.56,0.99,97.87,32.38,12.08,55.4,-84.8,-9.7,14.9,63.15,63,0.037,normal,
2026-09-14T12:00,Telkom,Gauteng,Pretoria,PTA-HAT-011,PTA-HAT-011-C,RAN,LTE2600,99.53,99.33,0.61,98.8,29.03,11.53,48.9,-84.2,-11.0,15.9,63.44,52,0.028,normal,
2026-09-14T12:00,Telkom,Western Cape,Cape Town,CPT-BEL-007,CPT-BEL-007-A,RAN,LTE1800,98.53,98.95,0.71,97.91,38.47,12.18,41.6,-87.4,-9.9,15.6,41.5,46,0.044,normal,
2026-09-14T12:00,Telkom,Western Cape,Cape Town,CPT-BEL-007,CPT-BEL-007-B,RAN,LTE1800,99.61,99.39,0.11,98.2,45.81,13.85,60.1,-87.3,-8.8,15.5,54.94,48,0.029,normal,
2026-09-14T12:00,Telkom,Western Cape,Cape Town,CPT-BEL-007,CPT-BEL-007-C,RAN,LTE1800,98.92,99.46,0.28,98.63,43.58,10.84,59.1,-83.4,-10.8,16.8,61.23,58,0.032,normal,
2026-09-14T12:15,Telkom,Gauteng,Johannesburg,JHB-CBD-003,JHB-CBD-003-A,RAN,LTE1800,99.36,98.5,0.26,98.8,29.11,11.68,49.6,-88.6,-10.9,13.9,68.43,54,0.043,normal,
2026-09-14T12:15,Telkom,Gauteng,Johannesburg,JHB-CBD-003,JHB-CBD-003-B,RAN,LTE1800,98.92,98.98,0.61,98.59,34.03,12.17,51.6,-84.9,-8.0,19.9,54.74,53,0.04,normal,
2026-09-14T12:15,Telkom,Gauteng,Johannesburg,JHB-CBD-003,JHB-CBD-003-C,RAN,LTE1800,99.39,99.03,0.58,98.89,32.25,11.75,49.3,-87.5,-9.6,17.5,58.76,61,0.047,normal,
2026-09-14T12:15,Telkom,Gauteng,Soweto,JHB-SOW-018,JHB-SOW-018-A,RAN,LTE2100,99.17,98.49,0.85,97.98,34.6,13.37,53.6,-82.4,-10.7,11.9,54.51,49,0.025,normal,
2026-09-14T12:15,Telkom,Gauteng,Soweto,JHB-SOW-018,JHB-SOW-018-B,RAN,LTE2100,99.1,98.67,0.53,99.32,44.54,13.14,45.0,-85.9,-10.4,21.3,49.99,52,0.016,normal,
2026-09-14T12:15,Telkom,Gauteng,Soweto,JHB-SOW-018,JHB-SOW-018-C,RAN,LTE2100,99.03,98.92,0.79,98.58,33.81,12.59,48.1,-87.7,-10.0,18.9,59.52,51,0.013,normal,
2026-09-14T12:15,Telkom,Gauteng,Pretoria,PTA-HAT-011,PTA-HAT-011-A,RAN,LTE2600,99.23,98.71,0.24,99.07,41.04,11.1,45.1,-84.6,-9.1,16.1,47.05,59,0.042,normal,
2026-09-14T12:15,Telkom,Gauteng,Pretoria,PTA-HAT-011,PTA-HAT-011-B,RAN,LTE2600,99.18,98.41,0.1,97.98,24.43,10.85,62.4,-85.3,-9.9,18.5,67.14,63,0.05,normal,
2026-09-14T12:15,Telkom,Gauteng,Pretoria,PTA-HAT-011,PTA-HAT-011-C,RAN,LTE2600,99.16,98.38,0.17,98.68,36.12,10.13,56.6,-85.1,-9.4,14.4,63.86,53,0.046,normal,
2026-09-14T12:15,Telkom,Western Cape,Cape Town,CPT-BEL-007,CPT-BEL-007-A,RAN,LTE1800,99.09,99.18,0.3,98.38,32.91,11.31,66.4,-82.0,-9.8,20.2,64.64,48,0.014,normal,
2026-09-14T12:15,Telkom,Western Cape,Cape Town,CPT-BEL-007,CPT-BEL-007-B,RAN,LTE1800,99.32,98.53,0.12,98.95,33.9,13.2,60.0,-87.2,-10.5,17.5,60.85,54,0.018,normal,
2026-09-14T12:15,Telkom,Western Cape,Cape Town,CPT-BEL-007,CPT-BEL-007-C,RAN,LTE1800,99.2,98.63,0.49,97.53,32.1,12.12,53.4,-81.1,-8.0,18.6,61.56,56,0.029,normal,
2026-09-14T12:30,Telkom,Gauteng,Johannesburg,JHB-CBD-003,JHB-CBD-003-A,RAN,LTE1800,99.03,98.96,0.3,98.79,34.23,7.38,44.7,-84.5,-9.9,17.6,55.27,51,0.019,normal,
2026-09-14T12:30,Telkom,Gauteng,Johannesburg,JHB-CBD-003,JHB-CBD-003-B,RAN,LTE1800,99.41,98.33,0.67,99.02,36.8,12.33,59.0,-85.4,-11.4,18.8,58.8,54,0.025,normal,
2026-09-14T12:30,Telkom,Gauteng,Johannesburg,JHB-CBD-003,JHB-CBD-003-C,RAN,LTE1800,99.18,98.02,0.57,98.84,37.96,9.66,46.9,-86.1,-10.8,19.0,56.42,53,0.035,normal,
2026-09-14T12:30,Telkom,Gauteng,Soweto,JHB-SOW-018,JHB-SOW-018-A,RAN,LTE2100,99.47,98.75,0.71,97.79,36.51,11.15,57.2,-84.5,-9.9,14.7,57.47,53,0.008,normal,
2026-09-14T12:30,Telkom,Gauteng,Soweto,JHB-SOW-018,JHB-SOW-018-B,RAN,LTE2100,99.01,98.75,0.37,97.94,33.79,8.26,56.5,-83.8,-9.6,14.7,67.01,50,0.046,normal,
2026-09-14T12:30,Telkom,Gauteng,Soweto,JHB-SOW-018,JHB-SOW-018-C,RAN,LTE2100,98.92,98.37,0.78,98.39,34.49,11.32,57.9,-88.1,-9.6,19.2,59.68,46,0.002,normal,
2026-09-14T12:30,Telkom,Gauteng,Pretoria,PTA-HAT-011,PTA-HAT-011-A,RAN,LTE2600,99.43,98.96,0.59,97.5,40.44,12.98,59.4,-84.7,-9.8,16.6,55.84,58,0.045,normal,
2026-09-14T12:30,Telkom,Gauteng,Pretoria,PTA-HAT-011,PTA-HAT-011-B,RAN,LTE2600,99.36,99.25,0.05,98.18,26.54,12.61,58.8,-87.2,-9.4,14.4,72.16,60,0.032,normal,
2026-09-14T12:30,Telkom,Gauteng,Pretoria,PTA-HAT-011,PTA-HAT-011-C,RAN,LTE2600,98.8,98.77,0.37,98.59,30.16,11.76,51.1,-90.4,-11.1,15.0,61.61,57,0.04,normal,
2026-09-14T12:30,Telkom,Western Cape,Cape Town,CPT-BEL-007,CPT-BEL-007-A,RAN,LTE1800,99.84,98.65,0.71,98.99,46.53,15.43,45.5,-83.8,-9.5,15.4,47.28,56,0.006,normal,
2026-09-14T12:30,Telkom,Western Cape,Cape Town,CPT-BEL-007,CPT-BEL-007-B,RAN,LTE1800,98.58,98.76,0.88,98.49,36.06,9.93,55.7,-86.2,-10.8,16.5,68.38,56,0.006,normal,
2026-09-14T12:30,Telkom,Western Cape,Cape Town,CPT-BEL-007,CPT-BEL-007-C,RAN,LTE1800,99.04,99.33,0.5,98.43,36.19,12.05,52.9,-91.3,-9.1,19.2,58.1,58,0.017,normal,
2026-09-14T12:45,Telkom,Gauteng,Johannesburg,JHB-CBD-003,JHB-CBD-003-A,RAN,LTE1800,98.7,98.11,0.66,98.82,36.76,11.98,48.4,-89.3,-11.1,20.7,49.87,55,0.026,normal,
2026-09-14T12:45,Telkom,Gauteng,Johannesburg,JHB-CBD-003,JHB-CBD-003-B,RAN,LTE1800,98.95,98.77,0.91,98.57,41.83,12.99,62.8,-86.9,-9.8,15.3,61.18,52,0.011,normal,
2026-09-14T12:45,Telkom,Gauteng,Johannesburg,JHB-CBD-003,JHB-CBD-003-C,RAN,LTE1800,98.78,98.58,0.66,97.87,39.55,11.03,53.6,-86.8,-10.3,15.5,67.5,57,0.009,normal,
2026-09-14T12:45,Telkom,Gauteng,Soweto,JHB-SOW-018,JHB-SOW-018-A,RAN,LTE2100,98.77,98.31,0.72,99.55,30.3,10.8,52.2,-86.6,-9.3,14.7,65.41,50,0.046,normal,
2026-09-14T12:45,Telkom,Gauteng,Soweto,JHB-SOW-018,JHB-SOW-018-B,RAN,LTE2100,99.41,98.33,0.28,98.7,36.41,14.71,66.3,-88.8,-9.7,14.4,49.45,45,0.015,normal,
2026-09-14T12:45,Telkom,Gauteng,Soweto,JHB-SOW-018,JHB-SOW-018-C,RAN,LTE2100,98.8,99.15,0.85,98.84,42.03,12.51,52.9,-87.7,-9.5,16.9,51.44,46,0.018,normal,
2026-09-14T12:45,Telkom,Gauteng,Pretoria,PTA-HAT-011,PTA-HAT-011-A,RAN,LTE2600,99.52,98.42,0.44,98.49,38.21,13.63,55.9,-84.7,-10.6,17.7,50.81,59,0.045,normal,
2026-09-14T12:45,Telkom,Gauteng,Pretoria,PTA-HAT-011,PTA-HAT-011-B,RAN,LTE2600,98.67,98.82,1.04,99.24,42.69,12.63,56.9,-83.6,-9.9,20.4,56.86,47,0.017,normal,
2026-09-14T12:45,Telkom,Gauteng,Pretoria,PTA-HAT-011,PTA-HAT-011-C,RAN,LTE2600,99.22,98.99,0.27,97.68,33.84,10.05,58.7,-83.8,-10.2,18.0,59.08,60,0.017,normal,
2026-09-14T12:45,Telkom,Western Cape,Cape Town,CPT-BEL-007,CPT-BEL-007-A,RAN,LTE1800,99.41,98.76,0.82,98.8,44.45,9.44,51.4,-88.5,-8.1,17.0,54.07,56,0.017,normal,
2026-09-14T12:45,Telkom,Western Cape,Cape Town,CPT-BEL-007,CPT-BEL-007-B,RAN,LTE1800,99.09,98.91,0.45,98.89,40.07,11.61,59.9,-84.8,-8.5,17.9,50.48,49,0.049,normal,
2026-09-14T12:45,Telkom,Western Cape,Cape Town,CPT-BEL-007,CPT-BEL-007-C,RAN,LTE1800,98.67,99.11,0.87,99.05,35.87,7.76,63.6,-83.0,-8.8,18.5,63.2,51,0.038,normal,
2026-09-14T13:00,Telkom,Gauteng,Johannesburg,JHB-CBD-003,JHB-CBD-003-A,RAN,LTE1800,99.53,98.36,0.63,98.6,39.01,10.29,52.1,-87.5,-9.2,15.8,60.75,53,0.022,normal,
2026-09-14T13:00,Telkom,Gauteng,Johannesburg,JHB-CBD-003,JHB-CBD-003-B,RAN,LTE1800,99.5,98.65,0.49,98.56,37.2,12.29,51.2,-86.6,-10.0,19.6,49.0,54,0.012,normal,
2026-09-14T13:00,Telkom,Gauteng,Johannesburg,JHB-CBD-003,JHB-CBD-003-C,RAN,LTE1800,98.81,99.02,0.64,98.83,32.87,10.88,51.6,-88.3,-11.7,13.7,58.69,47,0.005,normal,
2026-09-14T13:00,Telkom,Gauteng,Soweto,JHB-SOW-018,JHB-SOW-018-A,RAN,LTE2100,99.28,98.19,0.72,97.85,38.2,12.73,60.4,-82.3,-10.7,19.7,50.57,49,0.01,normal,
2026-09-14T13:00,Telkom,Gauteng,Soweto,JHB-SOW-018,JHB-SOW-018-B,RAN,LTE2100,99.61,98.28,0.57,98.56,41.3,13.43,58.5,-90.9,-9.5,18.4,55.94,42,0.011,normal,
2026-09-14T13:00,Telkom,Gauteng,Soweto,JHB-SOW-018,JHB-SOW-018-C,RAN,LTE2100,99.49,98.63,0.34,98.95,34.32,11.24,54.2,-85.5,-11.1,18.0,63.87,45,0.027,normal,
2026-09-14T13:00,Telkom,Gauteng,Pretoria,PTA-HAT-011,PTA-HAT-011-A,RAN,LTE2600,99.74,98.7,0.13,98.62,33.21,12.16,51.7,-78.3,-7.7,18.2,62.88,61,0.012,normal,
2026-09-14T13:00,Telkom,Gauteng,Pretoria,PTA-HAT-011,PTA-HAT-011-B,RAN,LTE2600,99.11,98.76,0.39,98.98,38.51,12.5,45.3,-84.9,-9.7,16.7,60.04,55,0.001,normal,
2026-09-14T13:00,Telkom,Gauteng,Pretoria,PTA-HAT-011,PTA-HAT-011-C,RAN,LTE2600,98.7,99.14,0.05,98.71,46.54,13.82,46.0,-84.4,-11.1,16.4,53.14,54,0.035,normal,
2026-09-14T13:00,Telkom,Western Cape,Cape Town,CPT-BEL-007,CPT-BEL-007-A,RAN,LTE1800,99.12,98.81,1.02,98.6,36.05,13.57,52.1,-82.8,-9.6,19.4,56.16,50,0.019,normal,
2026-09-14T13:00,Telkom,Western Cape,Cape Town,CPT-BEL-007,CPT-BEL-007-B,RAN,LTE1800,99.25,98.86,0.69,98.83,42.1,14.03,48.0,-84.5,-9.5,18.5,55.04,47,0.016,normal,
2026-09-14T13:00,Telkom,Western Cape,Cape Town,CPT-BEL-007,CPT-BEL-007-C,RAN,LTE1800,98.77,98.49,0.05,98.57,38.62,11.31,40.9,-89.3,-11.4,18.9,51.68,49,0.013,normal,
2026-09-14T13:15,Telkom,Gauteng,Johannesburg,JHB-CBD-003,JHB-CBD-003-A,RAN,LTE1800,99.3,99.08,0.05,98.8,31.69,11.56,53.2,-82.3,-8.6,19.1,64.67,57,0.038,normal,
2026-09-14T13:15,Telkom,Gauteng,Johannesburg,JHB-CBD-003,JHB-CBD-003-B,RAN,LTE1800,98.48,98.54,0.49,98.17,40.43,12.12,49.0,-84.4,-10.2,15.3,55.87,50,0.025,normal,
2026-09-14T13:15,Telkom,Gauteng,Johannesburg,JHB-CBD-003,JHB-CBD-003-C,RAN,LTE1800,99.23,98.82,0.47,99.41,46.61,10.76,60.9,-86.5,-9.6,15.5,48.2,49,0.013,normal,
2026-09-14T13:15,Telkom,Gauteng,Soweto,JHB-SOW-018,JHB-SOW-018-A,RAN,LTE2100,98.91,97.96,0.11,99.14,43.64,12.98,54.4,-85.5,-8.5,16.1,41.54,43,0.009,normal,
2026-09-14T13:15,Telkom,Gauteng,Soweto,JHB-SOW-018,JHB-SOW-018-B,RAN,LTE2100,98.64,98.59,0.3,98.89,47.13,10.96,36.3,-85.2,-11.2,14.8,51.16,56,0.034,normal,
2026-09-14T13:15,Telkom,Gauteng,Soweto,JHB-SOW-018,JHB-SOW-018-C,RAN,LTE2100,99.21,98.91,0.54,99.33,47.64,12.0,46.4,-84.3,-10.6,18.1,49.48,37,0.027,normal,
2026-09-14T13:15,Telkom,Gauteng,Pretoria,PTA-HAT-011,PTA-HAT-011-A,RAN,LTE2600,99.68,98.49,0.5,98.2,32.69,10.18,47.7,-87.2,-7.4,18.5,56.56,55,0.001,normal,
2026-09-14T13:15,Telkom,Gauteng,Pretoria,PTA-HAT-011,PTA-HAT-011-B,RAN,LTE2600,99.49,98.59,0.13,98.66,39.43,12.69,58.7,-83.9,-10.8,14.3,55.91,52,0.009,normal,
2026-09-14T13:15,Telkom,Gauteng,Pretoria,PTA-HAT-011,PTA-HAT-011-C,RAN,LTE2600,99.15,98.62,0.47,98.25,40.79,8.87,57.8,-88.0,-9.0,17.1,52.48,56,0.001,normal,
2026-09-14T13:15,Telkom,Western Cape,Cape Town,CPT-BEL-007,CPT-BEL-007-A,RAN,LTE1800,99.18,98.97,0.54,98.9,38.2,9.27,56.6,-82.6,-10.4,16.3,57.62,46,0.007,normal,
2026-09-14T13:15,Telkom,Western Cape,Cape Town,CPT-BEL-007,CPT-BEL-007-B,RAN,LTE1800,99.9,98.36,0.36,99.12,36.58,11.06,55.8,-87.2,-11.4,17.3,56.84,49,0.03,normal,
2026-09-14T13:15,Telkom,Western Cape,Cape Town,CPT-BEL-007,CPT-BEL-007-C,RAN,LTE1800,99.28,98.13,0.61,98.82,39.97,11.61,56.1,-81.5,-10.3,15.7,53.81,42,0.033,normal,
2026-09-14T13:30,Telkom,Gauteng,Johannesburg,JHB-CBD-003,JHB-CBD-003-A,RAN,LTE1800,98.84,98.25,0.05,98.49,40.44,12.56,44.9,-88.4,-12.1,14.8,53.49,46,0.045,normal,
2026-09-14T13:30,Telkom,Gauteng,Johannesburg,JHB-CBD-003,JHB-CBD-003-B,RAN,LTE1800,98.98,98.98,1.05,99.38,33.01,10.79,54.1,-89.4,-11.2,20.0,63.39,53,0.009,normal,
2026-09-14T13:30,Telkom,Gauteng,Johannesburg,JHB-CBD-003,JHB-CBD-003-C,RAN,LTE1800,99.32,99.84,0.62,98.92,39.33,10.0,61.2,-80.1,-11.0,15.1,66.33,52,0.03,normal,
2026-09-14T13:30,Telkom,Gauteng,Soweto,JHB-SOW-018,JHB-SOW-018-A,RAN,LTE2100,99.14,99.15,0.76,98.24,39.8,12.16,55.3,-85.6,-10.8,16.6,49.86,44,0.015,normal,
2026-09-14T13:30,Telkom,Gauteng,Soweto,JHB-SOW-018,JHB-SOW-018-B,RAN,LTE2100,99.06,98.78,0.64,98.73,36.38,11.03,56.2,-89.0,-10.5,18.1,51.53,34,0.047,normal,
2026-09-14T13:30,Telkom,Gauteng,Soweto,JHB-SOW-018,JHB-SOW-018-C,RAN,LTE2100,99.46,98.93,0.71,98.9,44.76,13.14,59.7,-89.2,-11.0,17.9,46.57,44,0.02,normal,
2026-09-14T13:30,Telkom,Gauteng,Pretoria,PTA-HAT-011,PTA-HAT-011-A,RAN,LTE2600,99.9,99.3,0.51,98.5,37.62,12.88,59.9,-84.3,-9.9,16.7,54.5,51,0.023,normal,
2026-09-14T13:30,Telkom,Gauteng,Pretoria,PTA-HAT-011,PTA-HAT-011-B,RAN,LTE2600,98.34,98.64,0.69,99.45,32.77,12.18,57.1,-86.9,-10.3,14.3,57.54,48,0.04,normal,
2026-09-14T13:30,Telkom,Gauteng,Pretoria,PTA-HAT-011,PTA-HAT-011-C,RAN,LTE2600,99.16,98.57,0.69,98.61,37.04,10.41,59.5,-82.8,-8.9,17.7,62.35,57,0.025,normal,
2026-09-14T13:30,Telkom,Western Cape,Cape Town,CPT-BEL-007,CPT-BEL-007-A,RAN,LTE1800,99.5,98.76,0.3,98.34,39.13,12.51,44.1,-79.6,-10.1,15.9,49.4,54,0.007,normal,
2026-09-14T13:30,Telkom,Western Cape,Cape Town,CPT-BEL-007,CPT-BEL-007-B,RAN,LTE1800,99.22,98.98,0.51,99.4,34.63,12.35,55.3,-88.1,-12.3,21.0,59.01,46,0.042,normal,
2026-09-14T13:30,Telkom,Western Cape,Cape Town,CPT-BEL-007,CPT-BEL-007-C,RAN,LTE1800,98.84,99.21,1.07,97.94,41.5,13.38,61.2,-85.4,-10.4,17.9,56.97,47,0.029,normal,
2026-09-14T13:45,Telkom,Gauteng,Johannesburg,JHB-CBD-003,JHB-CBD-003-A,RAN,LTE1800,99.29,98.59,0.42,98.4,38.43,12.19,52.4,-86.5,-10.4,15.4,51.03,46,0.012,normal,
2026-09-14T13:45,Telkom,Gauteng,Johannesburg,JHB-CBD-003,JHB-CBD-003-B,RAN,LTE1800,98.6,98.67,0.05,98.62,43.73,10.28,54.2,-89.7,-11.0,15.6,49.42,45,0.003,normal,
2026-09-14T13:45,Telkom,Gauteng,Johannesburg,JHB-CBD-003,JHB-CBD-003-C,RAN,LTE1800,98.83,99.0,0.54,99.11,37.56,10.57,57.9,-85.3,-9.1,14.0,57.53,47,0.002,normal,
2026-09-14T13:45,Telkom,Gauteng,Soweto,JHB-SOW-018,JHB-SOW-018-A,RAN,LTE2100,99.08,98.88,0.12,97.89,44.16,11.74,39.0,-87.9,-9.2,21.5,50.18,35,0.045,normal,
2026-09-14T13:45,Telkom,Gauteng,Soweto,JHB-SOW-018,JHB-SOW-018-B,RAN,LTE2100,99.27,98.74,0.7,98.24,45.31,12.36,50.6,-88.1,-8.7,16.3,55.36,43,0.001,normal,
2026-09-14T13:45,Telkom,Gauteng,Soweto,JHB-SOW-018,JHB-SOW-018-C,RAN,LTE2100,98.95,98.15,0.74,98.56,40.79,13.55,61.4,-85.1,-8.2,17.9,50.79,44,0.037,normal,
2026-09-14T13:45,Telkom,Gauteng,Pretoria,PTA-HAT-011,PTA-HAT-011-A,RAN,LTE2600,99.03,99.17,0.26,98.63,38.25,13.31,51.5,-86.0,-10.1,12.8,48.8,47,0.009,normal,
2026-09-14T13:45,Telkom,Gauteng,Pretoria,PTA-HAT-011,PTA-HAT-011-B,RAN,LTE2600,99.51,99.25,0.59,98.63,35.74,11.62,55.2,-84.3,-9.4,20.3,55.48,60,0.023,normal,
2026-09-14T13:45,Telkom,Gauteng,Pretoria,PTA-HAT-011,PTA-HAT-011-C,RAN,LTE2600,99.48,98.9,0.46,99.19,33.79,12.4,53.0,-88.5,-10.6,13.2,63.97,57,0.047,normal,
2026-09-14T13:45,Telkom,Western Cape,Cape Town,CPT-BEL-007,CPT-BEL-007-A,RAN,LTE1800,98.79,98.92,0.73,98.45,41.71,12.3,56.8,-85.9,-8.0,15.4,59.98,48,0.034,normal,
2026-09-14T13:45,Telkom,Western Cape,Cape Town,CPT-BEL-007,CPT-BEL-007-B,RAN,LTE1800,99.3,99.27,0.82,97.93,36.16,9.43,47.6,-83.4,-9.9,15.3,45.94,42,0.034,normal,
2026-09-14T13:45,Telkom,Western Cape,Cape Town,CPT-BEL-007,CPT-BEL-007-C,RAN,LTE1800,99.35,98.48,0.79,98.21,34.98,12.57,57.7,-87.3,-9.8,14.9,51.72,44,0.014,normal,
2026-09-14T14:00,Telkom,Gauteng,Johannesburg,JHB-CBD-003,JHB-CBD-003-A,RAN,LTE1800,98.88,98.59,0.39,98.5,42.51,15.11,43.0,-89.8,-8.7,17.5,47.38,42,0.019,normal,
2026-09-14T14:00,Telkom,Gauteng,Johannesburg,JHB-CBD-003,JHB-CBD-003-B,RAN,LTE1800,99.15,98.45,0.05,99.62,34.48,10.3,63.2,-86.4,-7.6,19.2,54.86,51,0.006,normal,
2026-09-14T14:00,Telkom,Gauteng,Johannesburg,JHB-CBD-003,JHB-CBD-003-C,RAN,LTE1800,98.27,98.69,0.14,98.89,34.18,11.71,44.3,-81.8,-10.0,16.0,56.69,47,0.004,normal,
2026-09-14T14:00,Telkom,Gauteng,Soweto,JHB-SOW-018,JHB-SOW-018-A,RAN,LTE2100,98.56,99.33,0.71,98.58,37.48,11.81,56.6,-88.2,-10.7,19.5,59.0,46,0.023,normal,
2026-09-14T14:00,Telkom,Gauteng,Soweto,JHB-SOW-018,JHB-SOW-018-B,RAN,LTE2100,98.69,98.86,0.62,98.11,50.34,12.2,41.4,-84.7,-11.1,17.3,44.69,34,0.039,normal,
2026-09-14T14:00,Telkom,Gauteng,Soweto,JHB-SOW-018,JHB-SOW-018-C,RAN,LTE2100,99.07,98.48,0.81,98.15,45.63,11.88,52.8,-86.5,-8.4,19.2,51.66,42,0.031,normal,
2026-09-14T14:00,Telkom,Gauteng,Pretoria,PTA-HAT-011,PTA-HAT-011-A,RAN,LTE2600,98.82,98.83,0.73,98.7,41.28,9.36,64.8,-88.1,-8.7,18.3,61.59,50,0.016,normal,
2026-09-14T14:00,Telkom,Gauteng,Pretoria,PTA-HAT-011,PTA-HAT-011-B,RAN,LTE2600,98.89,99.9,0.64,97.76,37.75,11.63,58.2,-85.0,-9.9,21.9,56.83,57,0.034,normal,
2026-09-14T14:00,Telkom,Gauteng,Pretoria,PTA-HAT-011,PTA-HAT-011-C,RAN,LTE2600,99.81,99.14,0.86,98.55,33.61,12.04,69.3,-88.4,-10.6,15.3,51.31,48,0.006,normal,
2026-09-14T14:00,Telkom,Western Cape,Cape Town,CPT-BEL-007,CPT-BEL-007-A,RAN,LTE1800,99.38,98.69,0.74,98.93,40.93,12.07,51.3,-87.8,-10.0,11.2,48.79,51,0.049,normal,
2026-09-14T14:00,Telkom,Western Cape,Cape Town,CPT-BEL-007,CPT-BEL-007-B,RAN,LTE1800,98.99,98.17,0.69,99.05,45.8,15.09,53.6,-87.0,-12.2,15.6,44.38,42,0.035,normal,
2026-09-14T14:00,Telkom,Western Cape,Cape Town,CPT-BEL-007,CPT-BEL-007-C,RAN,LTE1800,99.33,98.71,0.32,98.25,40.13,10.11,56.2,-84.2,-9.7,14.6,53.38,49,0.002,normal,
2026-09-14T14:15,Telkom,Gauteng,Johannesburg,JHB-CBD-003,JHB-CBD-003-A,RAN,LTE1800,98.45,98.86,0.31,98.96,40.12,12.31,63.4,-94.1,-7.1,14.5,51.3,46,0.033,normal,
2026-09-14T14:15,Telkom,Gauteng,Johannesburg,JHB-CBD-003,JHB-CBD-003-B,RAN,LTE1800,99.61,98.29,0.71,98.5,46.85,13.85,56.8,-88.3,-9.2,15.6,49.93,50,0.002,normal,
2026-09-14T14:15,Telkom,Gauteng,Johannesburg,JHB-CBD-003,JHB-CBD-003-C,RAN,LTE1800,99.22,98.54,0.32,99.53,42.41,15.18,49.9,-88.6,-10.6,18.9,56.41,47,0.038,normal,
2026-09-14T14:15,Telkom,Gauteng,Soweto,JHB-SOW-018,JHB-SOW-018-A,RAN,LTE2100,99.09,98.9,0.17,98.7,35.82,12.61,57.3,-82.8,-10.2,18.7,52.31,47,0.032,normal,
2026-09-14T14:15,Telkom,Gauteng,Soweto,JHB-SOW-018,JHB-SOW-018-B,RAN,LTE2100,98.97,98.58,0.41,98.23,37.84,11.59,55.8,-81.5,-10.1,17.5,55.24,38,0.021,normal,
2026-09-14T14:15,Telkom,Gauteng,Soweto,JHB-SOW-018,JHB-SOW-018-C,RAN,LTE2100,98.73,98.49,0.66,98.87,39.18,14.05,56.3,-88.6,-8.7,17.0,41.19,36,0.046,normal,
2026-09-14T14:15,Telkom,Gauteng,Pretoria,PTA-HAT-011,PTA-HAT-011-A,RAN,LTE2600,99.75,98.97,0.32,97.56,41.06,8.84,67.7,-84.6,-10.5,21.3,67.76,66,0.009,normal,
2026-09-14T14:15,Telkom,Gauteng,Pretoria,PTA-HAT-011,PTA-HAT-011-B,RAN,LTE2600,99.26,99.01,0.11,97.86,41.81,14.0,54.7,-83.1,-11.1,21.5,50.53,47,0.021,normal,
2026-09-14T14:15,Telkom,Gauteng,Pretoria,PTA-HAT-011,PTA-HAT-011-C,RAN,LTE2600,98.85,98.97,0.22,99.03,45.27,10.06,59.4,-86.4,-8.7,18.7,57.32,56,0.01,normal,
2026-09-14T14:15,Telkom,Western Cape,Cape Town,CPT-BEL-007,CPT-BEL-007-A,RAN,LTE1800,99.22,99.21,0.49,98.03,34.85,10.92,48.9,-85.7,-10.9,17.3,50.8,37,0.032,normal,
2026-09-14T14:15,Telkom,Western Cape,Cape Town,CPT-BEL-007,CPT-BEL-007-B,RAN,LTE1800,98.9,98.93,0.53,98.84,33.34,12.22,68.3,-82.2,-10.3,18.6,53.61,40,0.019,normal,
2026-09-14T14:15,Telkom,Western Cape,Cape Town,CPT-BEL-007,CPT-BEL-007-C,RAN,LTE1800,98.73,98.55,0.68,98.62,34.66,11.17,61.8,-84.9,-9.7,19.1,56.7,50,0.022,normal,
2026-09-14T14:30,Telkom,Gauteng,Johannesburg,JHB-CBD-003,JHB-CBD-003-A,RAN,LTE1800,98.62,98.34,0.43,98.36,47.86,13.23,59.8,-88.9,-9.9,18.0,51.94,44,0.0,normal,
2026-09-14T14:30,Telkom,Gauteng,Johannesburg,JHB-CBD-003,JHB-CBD-003-B,RAN,LTE1800,99.21,98.79,0.52,98.96,36.84,13.56,49.2,-84.3,-9.6,15.1,57.57,59,0.046,normal,
2026-09-14T14:30,Telkom,Gauteng,Johannesburg,JHB-CBD-003,JHB-CBD-003-C,RAN,LTE1800,98.84,99.22,0.61,99.16,40.89,12.75,51.3,-87.1,-10.7,12.0,46.02,48,0.047,normal,
2026-09-14T14:30,Telkom,Gauteng,Soweto,JHB-SOW-018,JHB-SOW-018-A,RAN,LTE2100,98.89,98.75,0.39,98.62,45.79,12.47,50.9,-81.0,-9.3,16.5,53.79,32,0.005,normal,
2026-09-14T14:30,Telkom,Gauteng,Soweto,JHB-SOW-018,JHB-SOW-018-B,RAN,LTE2100,99.49,98.83,0.21,97.9,35.51,16.64,38.9,-84.2,-9.1,13.0,49.0,40,0.044,normal,
2026-09-14T14:30,Telkom,Gauteng,Soweto,JHB-SOW-018,JHB-SOW-018-C,RAN,LTE2100,99.13,98.84,0.92,98.52,39.5,11.59,54.2,-81.4,-10.2,18.2,49.41,39,0.035,normal,
2026-09-14T14:30,Telkom,Gauteng,Pretoria,PTA-HAT-011,PTA-HAT-011-A,RAN,LTE2600,98.76,98.55,1.03,98.0,40.57,13.57,69.2,-86.4,-9.0,18.1,52.06,51,0.041,normal,
2026-09-14T14:30,Telkom,Gauteng,Pretoria,PTA-HAT-011,PTA-HAT-011-B,RAN,LTE2600,99.2,99.23,0.3,98.42,38.76,10.68,49.1,-86.2,-9.4,16.8,62.16,58,0.037,normal,
2026-09-14T14:30,Telkom,Gauteng,Pretoria,PTA-HAT-011,PTA-HAT-011-C,RAN,LTE2600,98.87,98.4,1.02,98.63,45.69,11.93,63.8,-83.9,-9.6,18.4,49.87,51,0.038,normal,
2026-09-14T14:30,Telkom,Western Cape,Cape Town,CPT-BEL-007,CPT-BEL-007-A,RAN,LTE1800,99.28,99.2,0.58,98.72,38.69,10.98,61.6,-88.7,-9.9,13.9,60.39,45,0.033,normal,
2026-09-14T14:30,Telkom,Western Cape,Cape Town,CPT-BEL-007,CPT-BEL-007-B,RAN,LTE1800,99.26,98.19,0.4,98.47,42.0,13.71,51.6,-86.7,-9.9,21.3,46.6,45,0.005,normal,
2026-09-14T14:30,Telkom,Western Cape,Cape Town,CPT-BEL-007,CPT-BEL-007-C,RAN,LTE1800,98.8,98.12,0.58,97.71,34.18,10.89,50.2,-87.3,-11.3,18.3,58.72,52,0.026,normal,
2026-09-14T14:45,Telkom,Gauteng,Johannesburg,JHB-CBD-003,JHB-CBD-003-A,RAN,LTE1800,99.13,98.75,1.24,98.59,36.64,11.16,49.4,-83.1,-10.7,15.6,55.16,42,0.0,normal,
2026-09-14T14:45,Telkom,Gauteng,Johannesburg,JHB-CBD-003,JHB-CBD-003-B,RAN,LTE1800,98.31,98.73,0.6,98.34,36.54,8.11,68.8,-87.5,-12.5,18.9,59.77,52,0.041,normal,
2026-09-14T14:45,Telkom,Gauteng,Johannesburg,JHB-CBD-003,JHB-CBD-003-C,RAN,LTE1800,99.23,99.12,0.31,98.22,39.93,14.9,65.1,-86.2,-10.7,15.2,53.7,40,0.036,normal,
2026-09-14T14:45,Telkom,Gauteng,Soweto,JHB-SOW-018,JHB-SOW-018-A,RAN,LTE2100,99.1,98.98,0.32,98.8,53.39,13.59,59.5,-86.3,-8.7,17.4,41.12,38,0.003,normal,
2026-09-14T14:45,Telkom,Gauteng,Soweto,JHB-SOW-018,JHB-SOW-018-B,RAN,LTE2100,99.3,98.53,0.76,97.96,44.21,12.56,42.6,-87.3,-10.1,20.4,45.77,39,0.005,normal,
2026-09-14T14:45,Telkom,Gauteng,Soweto,JHB-SOW-018,JHB-SOW-018-C,RAN,LTE2100,99.35,98.39,0.25,98.75,44.65,12.47,55.2,-85.3,-10.7,17.3,45.12,33,0.039,normal,
2026-09-14T14:45,Telkom,Gauteng,Pretoria,PTA-HAT-011,PTA-HAT-011-A,RAN,LTE2600,99.65,99.25,0.39,99.23,43.62,11.9,63.5,-87.4,-8.9,16.9,51.9,39,0.039,normal,
2026-09-14T14:45,Telkom,Gauteng,Pretoria,PTA-HAT-011,PTA-HAT-011-B,RAN,LTE2600,98.57,98.65,0.8,98.69,44.47,12.14,59.4,-87.0,-10.8,15.6,58.27,59,0.007,normal,
2026-09-14T14:45,Telkom,Gauteng,Pretoria,PTA-HAT-011,PTA-HAT-011-C,RAN,LTE2600,98.81,99.27,0.44,99.11,35.95,13.08,60.5,-88.8,-9.8,18.8,56.55,49,0.001,normal,
2026-09-14T14:45,Telkom,Western Cape,Cape Town,CPT-BEL-007,CPT-BEL-007-A,RAN,LTE1800,99.26,98.6,0.33,97.46,44.61,10.13,64.9,-83.0,-7.0,17.0,53.31,49,0.037,normal,
2026-09-14T14:45,Telkom,Western Cape,Cape Town,CPT-BEL-007,CPT-BEL-007-B,RAN,LTE1800,98.87,98.23,0.65,98.98,43.68,16.27,61.6,-83.7,-11.1,16.7,52.96,43,0.047,normal,
2026-09-14T14:45,Telkom,Western Cape,Cape Town,CPT-BEL-007,CPT-BEL-007-C,RAN,LTE1800,99.14,98.84,0.56,97.92,33.59,12.94,42.2,-87.1,-9.8,18.9,51.19,45,0.047,normal,
2026-09-14T15:00,Telkom,Gauteng,Johannesburg,JHB-CBD-003,JHB-CBD-003-A,RAN,LTE1800,98.99,98.5,0.47,98.52,40.23,12.8,45.1,-85.1,-8.5,19.0,55.04,45,0.031,normal,
2026-09-14T15:00,Telkom,Gauteng,Johannesburg,JHB-CBD-003,JHB-CBD-003-B,RAN,LTE1800,99.36,98.24,0.13,98.25,34.4,13.47,59.6,-88.8,-9.1,16.9,56.36,42,0.019,normal,
2026-09-14T15:00,Telkom,Gauteng,Johannesburg,JHB-CBD-003,JHB-CBD-003-C,RAN,LTE1800,99.24,98.95,0.53,98.86,42.11,11.91,55.1,-87.4,-8.6,16.5,55.42,47,0.02,normal,
2026-09-14T15:00,Telkom,Gauteng,Soweto,JHB-SOW-018,JHB-SOW-018-A,RAN,LTE2100,99.03,99.37,0.56,99.43,29.79,9.94,53.1,-81.3,-9.4,15.5,55.65,53,0.014,normal,
2026-09-14T15:00,Telkom,Gauteng,Soweto,JHB-SOW-018,JHB-SOW-018-B,RAN,LTE2100,99.34,99.36,0.25,99.37,42.71,12.66,47.6,-85.0,-9.3,20.4,44.57,35,0.028,normal,
2026-09-14T15:00,Telkom,Gauteng,Soweto,JHB-SOW-018,JHB-SOW-018-C,RAN,LTE2100,98.46,99.88,0.2,98.87,37.73,11.85,57.4,-89.2,-10.1,16.9,53.82,38,0.042,normal,
2026-09-14T15:00,Telkom,Gauteng,Pretoria,PTA-HAT-011,PTA-HAT-011-A,RAN,LTE2600,97.71,99.08,0.78,97.76,27.16,10.18,55.7,-85.8,-9.7,17.6,61.77,55,0.001,normal,
2026-09-14T15:00,Telkom,Gauteng,Pretoria,PTA-HAT-011,PTA-HAT-011-B,RAN,LTE2600,98.58,98.22,0.91,98.65,30.25,9.94,54.7,-85.2,-12.0,10.5,60.34,48,0.008,normal,
2026-09-14T15:00,Telkom,Gauteng,Pretoria,PTA-HAT-011,PTA-HAT-011-C,RAN,LTE2600,99.38,98.98,0.61,98.5,39.59,11.4,51.3,-88.1,-9.7,13.7,56.36,49,0.042,normal,
2026-09-14T15:00,Telkom,Western Cape,Cape Town,CPT-BEL-007,CPT-BEL-007-A,RAN,LTE1800,99.55,98.79,0.05,97.93,40.43,11.37,41.8,-84.9,-10.2,20.7,50.4,42,0.046,normal,
2026-09-14T15:00,Telkom,Western Cape,Cape Town,CPT-BEL-007,CPT-BEL-007-B,RAN,LTE1800,97.89,98.9,0.5,98.26,33.73,12.92,54.0,-87.2,-8.9,14.7,59.38,51,0.003,normal,
2026-09-14T15:00,Telkom,Western Cape,Cape Town,CPT-BEL-007,CPT-BEL-007-C,RAN,LTE1800,99.63,98.6,0.65,98.71,44.9,12.84,45.5,-89.8,-10.3,18.3,49.19,37,0.023,normal,
2026-09-14T15:15,Telkom,Gauteng,Johannesburg,JHB-CBD-003,JHB-CBD-003-A,RAN,LTE1800,99.42,98.47,0.45,98.65,32.56,10.79,58.0,-83.4,-9.5,15.4,62.55,46,0.04,normal,
2026-09-14T15:15,Telkom,Gauteng,Johannesburg,JHB-CBD-003,JHB-CBD-003-B,RAN,LTE1800,99.34,98.34,0.5,99.52,40.63,11.52,50.9,-81.6,-8.7,18.2,48.47,47,0.02,normal,
2026-09-14T15:15,Telkom,Gauteng,Johannesburg,JHB-CBD-003,JHB-CBD-003-C,RAN,LTE1800,99.31,98.88,0.51,98.06,36.19,9.27,51.2,-83.0,-10.4,18.4,53.35,48,0.035,normal,
2026-09-14T15:15,Telkom,Gauteng,Soweto,JHB-SOW-018,JHB-SOW-018-A,RAN,LTE2100,99.12,99.44,0.56,97.87,32.17,15.57,58.1,-85.3,-8.8,17.6,49.64,34,0.029,normal,
2026-09-14T15:15,Telkom,Gauteng,Soweto,JHB-SOW-018,JHB-SOW-018-B,RAN,LTE2100,99.1,98.87,0.23,97.46,45.4,12.47,54.1,-85.8,-9.0,16.1,47.95,46,0.021,normal,
2026-09-14T15:15,Telkom,Gauteng,Soweto,JHB-SOW-018,JHB-SOW-018-C,RAN,LTE2100,99.8,98.65,0.46,98.96,36.71,13.73,47.5,-88.8,-10.4,13.2,43.24,38,0.012,normal,
2026-09-14T15:15,Telkom,Gauteng,Pretoria,PTA-HAT-011,PTA-HAT-011-A,RAN,LTE2600,98.56,99.06,0.46,99.01,37.58,10.79,59.5,-85.7,-9.0,18.7,56.89,54,0.034,normal,
2026-09-14T15:15,Telkom,Gauteng,Pretoria,PTA-HAT-011,PTA-HAT-011-B,RAN,LTE2600,98.75,99.28,0.25,98.73,38.46,13.08,63.2,-86.4,-9.2,16.2,52.03,40,0.04,normal,
2026-09-14T15:15,Telkom,Gauteng,Pretoria,PTA-HAT-011,PTA-HAT-011-C,RAN,LTE2600,98.62,98.13,0.22,98.37,43.22,11.94,58.3,-83.8,-10.6,12.0,46.55,48,0.037,normal,
2026-09-14T15:15,Telkom,Western Cape,Cape Town,CPT-BEL-007,CPT-BEL-007-A,RAN,LTE1800,99.6,98.77,0.09,98.94,39.0,12.43,51.2,-86.8,-10.3,15.8,42.02,40,0.007,normal,
2026-09-14T15:15,Telkom,Western Cape,Cape Town,CPT-BEL-007,CPT-BEL-007-B,RAN,LTE1800,99.68,98.95,1.09,98.21,34.11,14.07,58.4,-92.5,-11.0,18.7,59.28,46,0.041,normal,
2026-09-14T15:15,Telkom,Western Cape,Cape Town,CPT-BEL-007,CPT-BEL-007-C,RAN,LTE1800,98.97,98.91,0.48,98.17,44.34,10.45,51.4,-89.2,-10.3,18.9,45.01,39,0.022,normal,
2026-09-14T15:30,Telkom,Gauteng,Johannesburg,JHB-CBD-003,JHB-CBD-003-A,RAN,LTE1800,99.4,99.41,0.77,98.98,36.96,9.1,56.9,-84.5,-10.5,15.7,53.93,46,0.036,normal,
2026-09-14T15:30,Telkom,Gauteng,Johannesburg,JHB-CBD-003,JHB-CBD-003-B,RAN,LTE1800,98.66,99.38,0.39,98.55,26.83,11.39,54.1,-91.5,-13.0,14.5,62.37,47,0.048,normal,
2026-09-14T15:30,Telkom,Gauteng,Johannesburg,JHB-CBD-003,JHB-CBD-003-C,RAN,LTE1800,98.75,99.24,0.41,98.57,37.54,11.92,51.5,-90.8,-10.0,15.4,56.99,49,0.026,normal,
2026-09-14T15:30,Telkom,Gauteng,Soweto,JHB-SOW-018,JHB-SOW-018-A,RAN,LTE2100,98.85,98.82,0.57,98.38,47.6,10.18,52.3,-86.0,-9.5,17.8,49.13,33,0.039,normal,
2026-09-14T15:30,Telkom,Gauteng,Soweto,JHB-SOW-018,JHB-SOW-018-B,RAN,LTE2100,99.2,98.53,0.8,98.51,41.16,12.89,49.6,-80.6,-9.2,16.7,54.57,39,0.013,normal,
2026-09-14T15:30,Telkom,Gauteng,Soweto,JHB-SOW-018,JHB-SOW-018-C,RAN,LTE2100,98.91,98.84,0.97,98.55,41.72,12.85,52.1,-88.8,-9.3,20.2,46.13,40,0.01,normal,
2026-09-14T15:30,Telkom,Gauteng,Pretoria,PTA-HAT-011,PTA-HAT-011-A,RAN,LTE2600,99.36,98.59,0.4,98.03,34.75,10.7,56.1,-82.0,-9.8,15.7,52.95,54,0.041,normal,
2026-09-14T15:30,Telkom,Gauteng,Pretoria,PTA-HAT-011,PTA-HAT-011-B,RAN,LTE2600,98.74,99.12,0.79,97.81,49.22,11.36,50.8,-88.1,-10.0,19.1,49.75,48,0.024,normal,
2026-09-14T15:30,Telkom,Gauteng,Pretoria,PTA-HAT-011,PTA-HAT-011-C,RAN,LTE2600,98.77,98.11,0.49,98.58,46.09,14.79,50.7,-85.5,-9.8,22.4,49.12,47,0.002,normal,
2026-09-14T15:30,Telkom,Western Cape,Cape Town,CPT-BEL-007,CPT-BEL-007-A,RAN,LTE1800,98.74,98.77,0.24,98.68,37.73,11.85,53.4,-83.3,-9.4,17.1,53.38,47,0.046,normal,
2026-09-14T15:30,Telkom,Western Cape,Cape Town,CPT-BEL-007,CPT-BEL-007-B,RAN,LTE1800,98.52,99.09,0.23,98.52,38.33,12.62,48.4,-84.0,-11.1,11.1,46.62,50,0.022,normal,
2026-09-14T15:30,Telkom,Western Cape,Cape Town,CPT-BEL-007,CPT-BEL-007-C,RAN,LTE1800,99.35,98.62,0.49,98.46,40.85,12.47,57.4,-90.0,-9.4,14.8,57.7,43,0.038,normal,
2026-09-14T15:45,Telkom,Gauteng,Johannesburg,JHB-CBD-003,JHB-CBD-003-A,RAN,LTE1800,98.92,99.28,1.18,98.76,40.38,11.86,56.9,-82.8,-7.8,19.8,58.67,55,0.012,normal,
2026-09-14T15:45,Telkom,Gauteng,Johannesburg,JHB-CBD-003,JHB-CBD-003-B,RAN,LTE1800,98.84,98.94,0.37,98.49,33.67,10.32,51.2,-84.7,-9.7,16.7,62.75,52,0.037,normal,
2026-09-14T15:45,Telkom,Gauteng,Johannesburg,JHB-CBD-003,JHB-CBD-003-C,RAN,LTE1800,99.44,99.11,0.69,98.28,38.58,12.79,50.3,-82.4,-8.9,19.3,50.39,47,0.002,normal,
2026-09-14T15:45,Telkom,Gauteng,Soweto,JHB-SOW-018,JHB-SOW-018-A,RAN,LTE2100,99.71,98.24,0.44,99.4,32.95,10.96,43.5,-85.4,-8.8,19.7,52.6,42,0.027,normal,
2026-09-14T15:45,Telkom,Gauteng,Soweto,JHB-SOW-018,JHB-SOW-018-B,RAN,LTE2100,98.87,98.3,0.76,98.14,41.59,15.32,60.2,-84.1,-8.7,16.9,51.72,38,0.032,normal,
2026-09-14T15:45,Telkom,Gauteng,Soweto,JHB-SOW-018,JHB-SOW-018-C,RAN,LTE2100,99.4,98.9,0.49,99.06,39.46,12.55,60.0,-89.5,-10.0,15.3,41.26,39,0.042,normal,
2026-09-14T15:45,Telkom,Gauteng,Pretoria,PTA-HAT-011,PTA-HAT-011-A,RAN,LTE2600,99.04,98.76,0.25,97.56,44.11,14.27,54.4,-88.5,-10.4,22.2,50.83,45,0.041,normal,
2026-09-14T15:45,Telkom,Gauteng,Pretoria,PTA-HAT-011,PTA-HAT-011-B,RAN,LTE2600,98.81,99.44,0.35,98.96,35.59,11.26,62.1,-83.8,-10.5,16.6,60.66,53,0.025,normal,
2026-09-14T15:45,Telkom,Gauteng,Pretoria,PTA-HAT-011,PTA-HAT-011-C,RAN,LTE2600,99.12,99.13,0.62,98.62,30.31,9.75,61.4,-86.0,-11.1,16.6,61.12,53,0.026,normal,
2026-09-14T15:45,Telkom,Western Cape,Cape Town,CPT-BEL-007,CPT-BEL-007-A,RAN,LTE1800,99.31,98.62,0.4,98.32,45.82,15.53,52.7,-83.9,-10.2,18.6,54.19,50,0.026,normal,
2026-09-14T15:45,Telkom,Western Cape,Cape Town,CPT-BEL-007,CPT-BEL-007-B,RAN,LTE1800,98.61,98.86,0.23,98.6,37.11,9.42,44.1,-85.8,-8.6,15.0,51.51,44,0.033,normal,
2026-09-14T15:45,Telkom,Western Cape,Cape Town,CPT-BEL-007,CPT-BEL-007-C,RAN,LTE1800,98.59,98.67,0.35,98.46,40.99,9.55,53.2,-87.8,-12.0,20.9,58.4,46,0.04,normal,
2026-09-14T16:00,Telkom,Gauteng,Johannesburg,JHB-CBD-003,JHB-CBD-003-A,RAN,LTE1800,98.84,98.67,0.65,98.8,40.83,12.49,53.4,-89.6,-9.2,18.7,46.58,50,0.02,normal,
2026-09-14T16:00,Telkom,Gauteng,Johannesburg,JHB-CBD-003,JHB-CBD-003-B,RAN,LTE1800,98.91,98.98,0.77,98.94,39.12,14.82,55.7,-81.0,-11.9,22.4,57.91,50,0.006,normal,
2026-09-14T16:00,Telkom,Gauteng,Johannesburg,JHB-CBD-003,JHB-CBD-003-C,RAN,LTE1800,99.4,99.21,0.49,97.73,36.01,10.01,53.7,-84.1,-9.6,17.7,64.23,50,0.025,normal,
2026-09-14T16:00,Telkom,Gauteng,Soweto,JHB-SOW-018,JHB-SOW-018-A,RAN,LTE2100,98.99,98.51,0.32,98.68,41.94,9.98,57.9,-90.9,-9.9,14.4,56.54,44,0.048,normal,
2026-09-14T16:00,Telkom,Gauteng,Soweto,JHB-SOW-018,JHB-SOW-018-B,RAN,LTE2100,99.28,99.11,0.37,98.51,38.92,13.03,57.3,-85.1,-8.3,15.5,54.96,42,0.016,normal,
2026-09-14T16:00,Telkom,Gauteng,Soweto,JHB-SOW-018,JHB-SOW-018-C,RAN,LTE2100,99.72,98.78,0.85,98.92,36.25,9.55,54.8,-83.2,-11.8,16.4,57.56,41,0.041,normal,
2026-09-14T16:00,Telkom,Gauteng,Pretoria,PTA-HAT-011,PTA-HAT-011-A,RAN,LTE2600,99.18,98.38,0.21,98.09,38.8,9.05,65.4,-82.2,-9.1,16.4,62.26,46,0.03,normal,
2026-09-14T16:00,Telkom,Gauteng,Pretoria,PTA-HAT-011,PTA-HAT-011-B,RAN,LTE2600,99.1,98.24,0.39,98.57,39.17,10.76,54.0,-88.1,-11.3,16.3,55.21,56,0.038,normal,
2026-09-14T16:00,Telkom,Gauteng,Pretoria,PTA-HAT-011,PTA-HAT-011-C,RAN,LTE2600,99.07,98.74,0.55,98.65,32.44,12.18,50.7,-85.8,-9.5,15.9,51.41,53,0.002,normal,
2026-09-14T16:00,Telkom,Western Cape,Cape Town,CPT-BEL-007,CPT-BEL-007-A,RAN,LTE1800,98.91,98.83,0.47,98.61,50.29,12.62,51.3,-82.1,-11.3,15.2,38.27,38,0.032,normal,
2026-09-14T16:00,Telkom,Western Cape,Cape Town,CPT-BEL-007,CPT-BEL-007-B,RAN,LTE1800,99.45,98.53,0.47,97.92,31.34,9.9,58.8,-84.5,-9.6,11.8,68.06,56,0.044,normal,
2026-09-14T16:00,Telkom,Western Cape,Cape Town,CPT-BEL-007,CPT-BEL-007-C,RAN,LTE1800,99.22,99.17,0.45,98.99,38.76,14.29,65.6,-87.5,-9.3,10.9,59.04,44,0.015,normal,
2026-09-14T16:15,Telkom,Gauteng,Johannesburg,JHB-CBD-003,JHB-CBD-003-A,RAN,LTE1800,99.19,98.69,0.68,99.01,40.29,13.95,50.5,-86.9,-11.3,15.8,49.65,45,0.016,normal,
2026-09-14T16:15,Telkom,Gauteng,Johannesburg,JHB-CBD-003,JHB-CBD-003-B,RAN,LTE1800,97.97,99.1,0.52,98.2,38.31,11.85,53.6,-86.6,-9.2,16.3,55.12,47,0.044,normal,
2026-09-14T16:15,Telkom,Gauteng,Johannesburg,JHB-CBD-003,JHB-CBD-003-C,RAN,LTE1800,99.06,98.52,0.67,97.79,42.68,13.87,44.4,-87.5,-9.2,17.7,40.44,49,0.041,normal,
2026-09-14T16:15,Telkom,Gauteng,Soweto,JHB-SOW-018,JHB-SOW-018-A,RAN,LTE2100,99.33,99.1,0.61,98.3,40.72,13.81,57.9,-85.4,-11.2,15.0,46.7,41,0.036,normal,
2026-09-14T16:15,Telkom,Gauteng,Soweto,JHB-SOW-018,JHB-SOW-018-B,RAN,LTE2100,99.04,98.73,0.69,98.45,37.64,9.15,59.3,-86.2,-8.8,14.8,62.29,47,0.001,normal,
2026-09-14T16:15,Telkom,Gauteng,Soweto,JHB-SOW-018,JHB-SOW-018-C,RAN,LTE2100,99.27,98.71,0.19,98.44,38.91,12.48,60.3,-86.4,-10.3,18.5,62.78,50,0.046,normal,
2026-09-14T16:15,Telkom,Gauteng,Pretoria,PTA-HAT-011,PTA-HAT-011-A,RAN,LTE2600,99.52,98.77,0.54,97.92,33.52,11.08,50.7,-82.9,-9.1,16.0,55.51,48,0.001,normal,
2026-09-14T16:15,Telkom,Gauteng,Pretoria,PTA-HAT-011,PTA-HAT-011-B,RAN,LTE2600,99.18,98.83,0.87,98.83,48.72,12.93,55.4,-83.9,-10.4,13.7,46.59,43,0.002,normal,
2026-09-14T16:15,Telkom,Gauteng,Pretoria,PTA-HAT-011,PTA-HAT-011-C,RAN,LTE2600,98.89,98.36,0.81,98.51,37.33,15.09,59.3,-86.8,-12.0,15.5,46.24,47,0.032,normal,
2026-09-14T16:15,Telkom,Western Cape,Cape Town,CPT-BEL-007,CPT-BEL-007-A,RAN,LTE1800,98.52,98.47,0.4,98.58,44.37,10.97,61.6,-86.9,-11.1,17.6,54.33,43,0.031,normal,
2026-09-14T16:15,Telkom,Western Cape,Cape Town,CPT-BEL-007,CPT-BEL-007-B,RAN,LTE1800,99.48,98.5,0.49,98.67,38.85,9.88,62.8,-83.6,-9.7,18.8,57.55,46,0.006,normal,
2026-09-14T16:15,Telkom,Western Cape,Cape Town,CPT-BEL-007,CPT-BEL-007-C,RAN,LTE1800,98.48,99.2,0.39,98.91,32.79,11.27,67.5,-83.4,-9.9,17.5,59.42,48,0.006,normal,
2026-09-14T16:30,Telkom,Gauteng,Johannesburg,JHB-CBD-003,JHB-CBD-003-A,RAN,LTE1800,99.17,98.55,0.77,99.14,41.93,6.76,52.3,-85.6,-9.2,15.1,51.91,52,0.021,normal,
2026-09-14T16:30,Telkom,Gauteng,Johannesburg,JHB-CBD-003,JHB-CBD-003-B,RAN,LTE1800,99.48,98.64,0.44,98.33,47.04,14.45,50.6,-88.1,-9.6,19.5,60.79,43,0.009,normal,
2026-09-14T16:30,Telkom,Gauteng,Johannesburg,JHB-CBD-003,JHB-CBD-003-C,RAN,LTE1800,99.16,98.87,0.54,98.02,37.77,13.02,49.3,-87.8,-9.5,17.1,49.15,49,0.016,normal,
2026-09-14T16:30,Telkom,Gauteng,Soweto,JHB-SOW-018,JHB-SOW-018-A,RAN,LTE2100,98.89,99.1,0.41,98.99,40.16,12.9,49.6,-82.8,-8.5,18.8,47.13,37,0.046,normal,
2026-09-14T16:30,Telkom,Gauteng,Soweto,JHB-SOW-018,JHB-SOW-018-B,RAN,LTE2100,99.42,98.7,0.16,98.47,35.91,14.18,54.6,-81.9,-10.3,18.9,44.35,38,0.011,normal,
2026-09-14T16:30,Telkom,Gauteng,Soweto,JHB-SOW-018,JHB-SOW-018-C,RAN,LTE2100,98.92,98.45,0.26,98.47,31.54,9.53,60.6,-85.0,-10.5,14.8,61.57,56,0.0,normal,
2026-09-14T16:30,Telkom,Gauteng,Pretoria,PTA-HAT-011,PTA-HAT-011-A,RAN,LTE2600,98.06,98.77,0.89,98.74,38.31,12.64,66.6,-88.2,-10.2,17.2,60.0,54,0.024,normal,
2026-09-14T16:30,Telkom,Gauteng,Pretoria,PTA-HAT-011,PTA-HAT-011-B,RAN,LTE2600,98.88,98.31,0.41,98.77,36.51,11.96,64.7,-90.9,-9.2,14.9,61.22,66,0.021,normal,
2026-09-14T16:30,Telkom,Gauteng,Pretoria,PTA-HAT-011,PTA-HAT-011-C,RAN,LTE2600,99.23,99.17,0.54,98.89,39.66,11.78,67.7,-81.9,-9.9,17.1,54.85,53,0.027,normal,
2026-09-14T16:30,Telkom,Western Cape,Cape Town,CPT-BEL-007,CPT-BEL-007-A,RAN,LTE1800,99.47,98.95,0.52,98.53,46.09,11.1,55.3,-89.8,-10.7,22.6,53.24,52,0.026,normal,
2026-09-14T16:30,Telkom,Western Cape,Cape Town,CPT-BEL-007,CPT-BEL-007-B,RAN,LTE1800,98.78,99.56,0.31,98.82,28.87,12.43,56.3,-85.7,-8.7,14.3,66.4,57,0.043,normal,
2026-09-14T16:30,Telkom,Western Cape,Cape Town,CPT-BEL-007,CPT-BEL-007-C,RAN,LTE1800,99.19,99.13,0.45,98.87,34.08,12.6,55.7,-84.0,-9.6,12.0,59.44,48,0.029,normal,
2026-09-14T16:45,Telkom,Gauteng,Johannesburg,JHB-CBD-003,JHB-CBD-003-A,RAN,LTE1800,99.35,98.74,0.54,98.0,37.38,15.59,48.7,-83.8,-12.7,15.4,57.72,54,0.029,normal,
2026-09-14T16:45,Telkom,Gauteng,Johannesburg,JHB-CBD-003,JHB-CBD-003-B,RAN,LTE1800,99.16,99.34,0.37,99.26,46.57,11.19,57.9,-85.1,-11.4,14.7,54.93,50,0.011,normal,
2026-09-14T16:45,Telkom,Gauteng,Johannesburg,JHB-CBD-003,JHB-CBD-003-C,RAN,LTE1800,98.56,99.2,0.77,98.73,37.15,12.39,56.3,-85.9,-10.7,14.8,54.83,50,0.008,normal,
2026-09-14T16:45,Telkom,Gauteng,Soweto,JHB-SOW-018,JHB-SOW-018-A,RAN,LTE2100,98.63,99.12,0.53,99.45,40.02,12.64,55.6,-84.3,-11.4,16.4,55.07,46,0.041,normal,
2026-09-14T16:45,Telkom,Gauteng,Soweto,JHB-SOW-018,JHB-SOW-018-B,RAN,LTE2100,99.01,99.14,0.43,98.86,38.29,7.93,51.3,-88.0,-9.0,15.8,58.67,47,0.023,normal,
2026-09-14T16:45,Telkom,Gauteng,Soweto,JHB-SOW-018,JHB-SOW-018-C,RAN,LTE2100,99.66,98.76,0.55,98.08,39.18,11.01,50.5,-88.3,-9.6,17.7,55.83,41,0.012,normal,
2026-09-14T16:45,Telkom,Gauteng,Pretoria,PTA-HAT-011,PTA-HAT-011-A,RAN,LTE2600,98.56,98.51,0.64,99.04,31.18,11.22,63.0,-85.5,-9.9,17.3,60.85,50,0.025,normal,
2026-09-14T16:45,Telkom,Gauteng,Pretoria,PTA-HAT-011,PTA-HAT-011-B,RAN,LTE2600,99.04,98.87,0.53,98.49,46.11,14.63,45.0,-88.8,-9.5,15.2,50.96,50,0.033,normal,
2026-09-14T16:45,Telkom,Gauteng,Pretoria,PTA-HAT-011,PTA-HAT-011-C,RAN,LTE2600,99.26,98.61,0.64,98.86,35.68,14.32,61.3,-86.1,-10.3,17.8,59.41,50,0.013,normal,
2026-09-14T16:45,Telkom,Western Cape,Cape Town,CPT-BEL-007,CPT-BEL-007-A,RAN,LTE1800,98.96,98.82,0.51,98.32,43.82,14.84,61.3,-82.4,-10.4,15.8,54.59,48,0.017,normal,
2026-09-14T16:45,Telkom,Western Cape,Cape Town,CPT-BEL-007,CPT-BEL-007-B,RAN,LTE1800,98.7,99.48,0.59,98.43,37.2,15.28,51.1,-83.9,-8.8,19.6,53.91,51,0.007,normal,
2026-09-14T16:45,Telkom,Western Cape,Cape Town,CPT-BEL-007,CPT-BEL-007-C,RAN,LTE1800,99.7,98.39,0.57,98.46,37.67,10.28,61.9,-84.3,-11.0,17.3,64.07,59,0.004,normal,
2026-09-14T17:00,Telkom,Gauteng,Johannesburg,JHB-CBD-003,JHB-CBD-003-A,RAN,LTE1800,99.11,98.99,0.64,98.81,35.95,10.25,58.1,-87.5,-8.7,16.7,60.49,59,0.016,normal,
2026-09-14T17:00,Telkom,Gauteng,Johannesburg,JHB-CBD-003,JHB-CBD-003-B,RAN,LTE1800,99.5,98.18,0.76,98.87,41.21,11.33,48.8,-88.7,-11.3,18.5,51.91,40,0.007,normal,
2026-09-14T17:00,Telkom,Gauteng,Johannesburg,JHB-CBD-003,JHB-CBD-003-C,RAN,LTE1800,99.36,98.35,0.66,98.73,37.65,8.79,63.4,-81.7,-10.4,18.5,55.86,47,0.027,normal,
2026-09-14T17:00,Telkom,Gauteng,Soweto,JHB-SOW-018,JHB-SOW-018-A,RAN,LTE2100,99.01,98.56,0.68,96.95,41.04,13.48,45.8,-84.8,-11.4,15.6,61.69,43,0.032,normal,
2026-09-14T17:00,Telkom,Gauteng,Soweto,JHB-SOW-018,JHB-SOW-018-B,RAN,LTE2100,99.18,98.44,0.66,98.43,43.74,14.76,42.0,-84.7,-9.6,16.0,44.78,38,0.023,normal,
2026-09-14T17:00,Telkom,Gauteng,Soweto,JHB-SOW-018,JHB-SOW-018-C,RAN,LTE2100,99.11,99.32,0.68,98.64,42.92,11.57,59.4,-83.9,-11.1,21.8,51.35,43,0.026,normal,
2026-09-14T17:00,Telkom,Gauteng,Pretoria,PTA-HAT-011,PTA-HAT-011-A,RAN,LTE2600,98.98,98.75,0.27,98.86,36.95,11.84,57.4,-90.4,-9.2,20.4,60.41,54,0.005,normal,
2026-09-14T17:00,Telkom,Gauteng,Pretoria,PTA-HAT-011,PTA-HAT-011-B,RAN,LTE2600,99.41,98.37,0.52,99.04,39.25,12.01,66.0,-87.6,-10.9,18.2,67.54,57,0.018,normal,
2026-09-14T17:00,Telkom,Gauteng,Pretoria,PTA-HAT-011,PTA-HAT-011-C,RAN,LTE2600,99.4,98.82,0.98,97.67,38.23,10.41,57.4,-86.1,-12.1,14.4,59.62,51,0.0,normal,
2026-09-14T17:00,Telkom,Western Cape,Cape Town,CPT-BEL-007,CPT-BEL-007-A,RAN,LTE1800,99.33,99.32,0.37,97.96,40.05,12.87,49.3,-90.1,-10.9,15.1,51.68,47,0.04,normal,
2026-09-14T17:00,Telkom,Western Cape,Cape Town,CPT-BEL-007,CPT-BEL-007-B,RAN,LTE1800,98.03,98.38,0.6,98.08,45.28,11.42,58.1,-83.2,-9.6,15.0,46.09,48,0.014,normal,
2026-09-14T17:00,Telkom,Western Cape,Cape Town,CPT-BEL-007,CPT-BEL-007-C,RAN,LTE1800,99.14,98.97,0.26,98.7,32.29,10.51,48.7,-87.0,-10.0,19.6,54.84,41,0.011,normal,
2026-09-14T17:15,Telkom,Gauteng,Johannesburg,JHB-CBD-003,JHB-CBD-003-A,RAN,LTE1800,99.13,98.78,0.34,98.51,33.58,9.69,52.5,-78.4,-10.0,13.3,56.66,57,0.0,normal,
2026-09-14T17:15,Telkom,Gauteng,Johannesburg,JHB-CBD-003,JHB-CBD-003-B,RAN,LTE1800,99.8,98.99,0.38,98.67,45.41,10.64,50.0,-82.4,-9.9,19.1,56.12,57,0.021,normal,
2026-09-14T17:15,Telkom,Gauteng,Johannesburg,JHB-CBD-003,JHB-CBD-003-C,RAN,LTE1800,99.11,98.34,0.4,98.53,33.86,12.95,65.2,-87.9,-10.6,19.2,64.09,47,0.033,normal,
2026-09-14T17:15,Telkom,Gauteng,Soweto,JHB-SOW-018,JHB-SOW-018-A,RAN,LTE2100,98.56,99.1,0.46,98.78,38.38,12.03,49.7,-86.3,-10.5,15.4,55.95,51,0.049,normal,
2026-09-14T17:15,Telkom,Gauteng,Soweto,JHB-SOW-018,JHB-SOW-018-B,RAN,LTE2100,99.27,99.16,0.44,98.62,43.63,13.06,46.0,-85.7,-9.9,16.4,49.06,45,0.041,normal,
2026-09-14T17:15,Telkom,Gauteng,Soweto,JHB-SOW-018,JHB-SOW-018-C,RAN,LTE2100,99.23,99.07,1.25,98.23,37.68,11.7,43.8,-90.1,-9.8,14.9,47.47,35,0.014,normal,
2026-09-14T17:15,Telkom,Gauteng,Pretoria,PTA-HAT-011,PTA-HAT-011-A,RAN,LTE2600,99.14,98.78,0.41,98.85,39.1,10.29,50.3,-85.7,-11.8,15.8,63.14,52,0.003,normal,
2026-09-14T17:15,Telkom,Gauteng,Pretoria,PTA-HAT-011,PTA-HAT-011-B,RAN,LTE2600,99.27,98.59,0.56,98.01,38.81,12.84,56.4,-83.9,-10.8,15.3,52.46,54,0.048,normal,
2026-09-14T17:15,Telkom,Gauteng,Pretoria,PTA-HAT-011,PTA-HAT-011-C,RAN,LTE2600,99.76,98.65,0.14,98.89,40.55,11.24,60.6,-84.3,-8.7,14.6,54.1,49,0.05,normal,
2026-09-14T17:15,Telkom,Western Cape,Cape Town,CPT-BEL-007,CPT-BEL-007-A,RAN,LTE1800,98.4,98.73,0.69,99.05,37.11,12.13,51.3,-83.2,-10.1,13.3,50.63,45,0.038,normal,
2026-09-14T17:15,Telkom,Western Cape,Cape Town,CPT-BEL-007,CPT-BEL-007-B,RAN,LTE1800,99.1,98.75,0.56,99.36,32.33,11.59,61.8,-86.1,-11.1,18.9,58.64,51,0.03,normal,
2026-09-14T17:15,Telkom,Western Cape,Cape Town,CPT-BEL-007,CPT-BEL-007-C,RAN,LTE1800,99.01,98.46,0.14,99.32,39.12,14.28,55.7,-84.5,-8.9,14.9,57.2,39,0.044,normal,
2026-09-14T17:30,Telkom,Gauteng,Johannesburg,JHB-CBD-003,JHB-CBD-003-A,RAN,LTE1800,99.63,98.47,1.04,98.81,44.02,12.04,49.8,-83.9,-9.8,17.7,49.45,38,0.038,normal,
2026-09-14T17:30,Telkom,Gauteng,Johannesburg,JHB-CBD-003,JHB-CBD-003-B,RAN,LTE1800,99.39,98.73,0.4,98.52,26.74,12.32,53.9,-88.1,-10.4,17.4,58.33,53,0.001,normal,
2026-09-14T17:30,Telkom,Gauteng,Johannesburg,JHB-CBD-003,JHB-CBD-003-C,RAN,LTE1800,98.98,98.5,0.43,99.2,35.9,12.69,62.2,-90.5,-8.6,18.6,53.75,43,0.011,normal,
2026-09-14T17:30,Telkom,Gauteng,Soweto,JHB-SOW-018,JHB-SOW-018-A,RAN,LTE2100,98.75,98.55,0.51,98.87,29.67,12.59,53.9,-84.5,-8.7,14.4,59.66,47,0.029,normal,
2026-09-14T17:30,Telkom,Gauteng,Soweto,JHB-SOW-018,JHB-SOW-018-B,RAN,LTE2100,98.89,99.47,0.4,98.25,35.85,14.36,58.4,-85.7,-7.3,19.0,55.21,37,0.018,normal,
2026-09-14T17:30,Telkom,Gauteng,Soweto,JHB-SOW-018,JHB-SOW-018-C,RAN,LTE2100,98.88,98.86,0.95,98.54,43.25,12.32,48.5,-85.7,-11.0,14.3,49.73,43,0.03,normal,
2026-09-14T17:30,Telkom,Gauteng,Pretoria,PTA-HAT-011,PTA-HAT-011-A,RAN,LTE2600,99.16,98.2,0.34,98.6,40.03,11.18,58.1,-88.9,-8.5,17.8,50.44,48,0.049,normal,
2026-09-14T17:30,Telkom,Gauteng,Pretoria,PTA-HAT-011,PTA-HAT-011-B,RAN,LTE2600,99.35,98.85,0.52,98.08,43.19,14.69,57.5,-87.0,-8.3,15.8,51.04,55,0.016,normal,
2026-09-14T17:30,Telkom,Gauteng,Pretoria,PTA-HAT-011,PTA-HAT-011-C,RAN,LTE2600,98.96,98.91,0.76,99.11,46.93,11.88,54.0,-90.0,-9.5,18.2,50.57,46,0.043,normal,
2026-09-14T17:30,Telkom,Western Cape,Cape Town,CPT-BEL-007,CPT-BEL-007-A,RAN,LTE1800,98.89,98.63,0.55,98.61,30.46,10.48,59.8,-82.6,-10.5,15.9,65.23,59,0.026,normal,
2026-09-14T17:30,Telkom,Western Cape,Cape Town,CPT-BEL-007,CPT-BEL-007-B,RAN,LTE1800,98.45,99.17,0.44,98.65,34.02,11.23,55.9,-86.5,-9.8,14.8,56.92,54,0.01,normal,
2026-09-14T17:30,Telkom,Western Cape,Cape Town,CPT-BEL-007,CPT-BEL-007-C,RAN,LTE1800,98.6,98.81,0.66,98.54,37.72,13.8,57.6,-88.6,-9.1,14.1,47.01,51,0.046,normal,
2026-09-14T17:45,Telkom,Gauteng,Johannesburg,JHB-CBD-003,JHB-CBD-003-A,RAN,LTE1800,99.26,98.54,0.52,99.05,45.92,16.29,55.2,-88.5,-9.1,18.9,45.01,45,0.035,normal,
2026-09-14T17:45,Telkom,Gauteng,Johannesburg,JHB-CBD-003,JHB-CBD-003-B,RAN,LTE1800,98.91,99.19,0.67,98.06,38.31,12.61,63.2,-89.8,-10.1,15.2,52.34,48,0.01,normal,
2026-09-14T17:45,Telkom,Gauteng,Johannesburg,JHB-CBD-003,JHB-CBD-003-C,RAN,LTE1800,99.21,98.44,0.05,97.77,41.81,11.21,49.1,-86.2,-11.2,21.2,56.51,46,0.021,normal,
2026-09-14T17:45,Telkom,Gauteng,Soweto,JHB-SOW-018,JHB-SOW-018-A,RAN,LTE2100,99.47,98.76,0.45,98.78,30.48,12.34,51.9,-88.7,-8.4,20.4,58.43,56,0.011,normal,
2026-09-14T17:45,Telkom,Gauteng,Soweto,JHB-SOW-018,JHB-SOW-018-B,RAN,LTE2100,98.99,98.53,0.8,98.42,42.77,10.82,48.0,-81.9,-8.2,17.4,54.84,51,0.021,normal,
2026-09-14T17:45,Telkom,Gauteng,Soweto,JHB-SOW-018,JHB-SOW-018-C,RAN,LTE2100,98.91,98.56,0.74,98.52,37.31,12.09,56.4,-82.5,-9.6,16.7,43.29,39,0.047,normal,
2026-09-14T17:45,Telkom,Gauteng,Pretoria,PTA-HAT-011,PTA-HAT-011-A,RAN,LTE2600,99.15,98.76,0.39,97.63,40.0,12.28,57.8,-91.2,-9.7,14.2,52.8,56,0.009,normal,
2026-09-14T17:45,Telkom,Gauteng,Pretoria,PTA-HAT-011,PTA-HAT-011-B,RAN,LTE2600,98.81,97.93,0.67,97.58,36.25,10.97,37.8,-87.7,-11.2,17.4,57.62,54,0.026,normal,
2026-09-14T17:45,Telkom,Gauteng,Pretoria,PTA-HAT-011,PTA-HAT-011-C,RAN,LTE2600,99.13,98.62,0.77,97.78,34.97,10.57,64.6,-83.1,-11.1,19.9,61.78,62,0.021,normal,
2026-09-14T17:45,Telkom,Western Cape,Cape Town,CPT-BEL-007,CPT-BEL-007-A,RAN,LTE1800,99.19,98.44,0.34,98.28,34.43,9.9,66.0,-85.8,-9.4,16.2,65.36,54,0.042,normal,
2026-09-14T17:45,Telkom,Western Cape,Cape Town,CPT-BEL-007,CPT-BEL-007-B,RAN,LTE1800,99.1,98.36,1.0,98.48,36.56,15.26,40.0,-83.4,-9.0,18.5,51.87,53,0.02,normal,
2026-09-14T17:45,Telkom,Western Cape,Cape Town,CPT-BEL-007,CPT-BEL-007-C,RAN,LTE1800,99.11,98.42,0.05,98.83,42.6,12.28,52.0,-83.9,-10.1,16.3,50.91,45,0.001,normal,
2026-09-14T18:00,Telkom,Gauteng,Johannesburg,JHB-CBD-003,JHB-CBD-003-A,RAN,LTE1800,98.88,98.51,0.59,98.71,42.59,9.92,57.7,-87.1,-9.6,15.4,52.4,48,0.048,normal,
2026-09-14T18:00,Telkom,Gauteng,Johannesburg,JHB-CBD-003,JHB-CBD-003-B,RAN,LTE1800,99.37,98.87,0.08,98.72,33.3,13.7,51.1,-87.5,-10.7,18.6,53.86,53,0.008,normal,
2026-09-14T18:00,Telkom,Gauteng,Johannesburg,JHB-CBD-003,JHB-CBD-003-C,RAN,LTE1800,99.18,99.09,0.69,98.95,33.27,11.32,62.3,-86.3,-9.0,18.0,53.68,50,0.019,normal,
2026-09-14T18:00,Telkom,Gauteng,Soweto,JHB-SOW-018,JHB-SOW-018-A,RAN,LTE2100,99.89,98.59,0.13,98.71,35.5,10.03,53.3,-90.7,-10.1,16.9,58.3,49,0.013,normal,
2026-09-14T18:00,Telkom,Gauteng,Soweto,JHB-SOW-018,JHB-SOW-018-B,RAN,LTE2100,99.28,99.06,0.78,99.12,36.98,13.09,61.3,-83.3,-10.1,17.3,56.28,40,0.018,normal,
2026-09-14T18:00,Telkom,Gauteng,Soweto,JHB-SOW-018,JHB-SOW-018-C,RAN,LTE2100,98.26,98.59,0.75,98.71,34.14,11.92,56.1,-84.6,-10.6,17.7,43.11,46,0.031,normal,
2026-09-14T18:00,Telkom,Gauteng,Pretoria,PTA-HAT-011,PTA-HAT-011-A,RAN,LTE2600,99.25,98.92,0.47,98.1,40.25,15.28,43.6,-90.7,-9.4,15.5,50.11,53,0.035,normal,
2026-09-14T18:00,Telkom,Gauteng,Pretoria,PTA-HAT-011,PTA-HAT-011-B,RAN,LTE2600,99.21,98.76,0.38,98.82,36.62,12.43,59.2,-87.5,-9.8,17.3,61.13,53,0.003,normal,
2026-09-14T18:00,Telkom,Gauteng,Pretoria,PTA-HAT-011,PTA-HAT-011-C,RAN,LTE2600,99.21,98.83,0.27,98.33,38.81,10.1,43.8,-80.5,-10.1,18.5,56.48,63,0.032,normal,
2026-09-14T18:00,Telkom,Western Cape,Cape Town,CPT-BEL-007,CPT-BEL-007-A,RAN,LTE1800,98.38,99.24,0.74,98.31,35.54,10.04,50.8,-85.5,-9.2,18.1,54.44,56,0.034,normal,
2026-09-14T18:00,Telkom,Western Cape,Cape Town,CPT-BEL-007,CPT-BEL-007-B,RAN,LTE1800,99.36,98.8,0.51,98.8,32.13,11.52,47.6,-85.7,-10.1,17.9,63.23,48,0.01,normal,
2026-09-14T18:00,Telkom,Western Cape,Cape Town,CPT-BEL-007,CPT-BEL-007-C,RAN,LTE1800,99.4,99.19,0.52,99.67,43.8,11.49,65.9,-85.7,-8.9,17.4,52.22,52,0.038,normal,
2026-09-14T18:15,Telkom,Gauteng,Johannesburg,JHB-CBD-003,JHB-CBD-003-A,RAN,LTE1800,99.25,98.27,0.44,99.15,35.88,11.69,51.7,-86.7,-8.8,19.3,57.9,49,0.004,normal,
2026-09-14T18:15,Telkom,Gauteng,Johannesburg,JHB-CBD-003,JHB-CBD-003-B,RAN,LTE1800,99.23,98.51,0.1,98.18,43.0,11.7,52.1,-85.3,-9.1,19.3,52.08,57,0.014,normal,
2026-09-14T18:15,Telkom,Gauteng,Johannesburg,JHB-CBD-003,JHB-CBD-003-C,RAN,LTE1800,99.22,98.65,0.22,98.48,39.91,10.08,59.2,-84.2,-10.2,15.0,56.41,55,0.026,normal,
2026-09-14T18:15,Telkom,Gauteng,Soweto,JHB-SOW-018,JHB-SOW-018-A,RAN,LTE2100,99.48,99.22,0.51,98.77,28.09,9.51,48.5,-83.9,-10.0,19.9,62.48,51,0.007,normal,
2026-09-14T18:15,Telkom,Gauteng,Soweto,JHB-SOW-018,JHB-SOW-018-B,RAN,LTE2100,98.85,98.68,0.87,98.94,39.2,12.61,54.9,-85.4,-10.3,18.7,57.5,47,0.032,normal,
2026-09-14T18:15,Telkom,Gauteng,Soweto,JHB-SOW-018,JHB-SOW-018-C,RAN,LTE2100,98.94,99.15,0.25,98.72,44.93,14.98,52.2,-86.1,-8.6,18.4,51.1,43,0.019,normal,
2026-09-14T18:15,Telkom,Gauteng,Pretoria,PTA-HAT-011,PTA-HAT-011-A,RAN,LTE2600,99.26,98.68,0.47,98.43,41.16,13.17,48.7,-83.9,-9.4,16.8,51.62,63,0.023,normal,
2026-09-14T18:15,Telkom,Gauteng,Pretoria,PTA-HAT-011,PTA-HAT-011-B,RAN,LTE2600,99.42,98.59,0.45,98.76,36.16,9.31,54.3,-81.8,-10.3,14.9,55.97,58,0.017,normal,
2026-09-14T18:15,Telkom,Gauteng,Pretoria,PTA-HAT-011,PTA-HAT-011-C,RAN,LTE2600,99.31,99.32,0.75,97.99,41.14,10.57,63.5,-87.9,-11.5,12.5,53.49,49,0.002,normal,
2026-09-14T18:15,Telkom,Western Cape,Cape Town,CPT-BEL-007,CPT-BEL-007-A,RAN,LTE1800,99.22,99.0,0.47,99.25,40.68,10.25,42.4,-83.8,-10.6,19.7,60.14,56,0.016,normal,
2026-09-14T18:15,Telkom,Western Cape,Cape Town,CPT-BEL-007,CPT-BEL-007-B,RAN,LTE1800,98.96,99.04,0.58,98.78,37.91,11.68,56.0,-84.3,-8.9,18.0,50.43,47,0.028,normal,
2026-09-14T18:15,Telkom,Western Cape,Cape Town,CPT-BEL-007,CPT-BEL-007-C,RAN,LTE1800,99.01,98.29,0.12,98.65,37.88,9.03,63.1,-87.8,-7.5,16.3,55.92,60,0.003,normal,
2026-09-14T18:30,Telkom,Gauteng,Johannesburg,JHB-CBD-003,JHB-CBD-003-A,RAN,LTE1800,99.21,98.86,0.63,99.0,44.14,14.59,66.2,-85.1,-9.2,14.4,53.7,47,0.035,normal,
2026-09-14T18:30,Telkom,Gauteng,Johannesburg,JHB-CBD-003,JHB-CBD-003-B,RAN,LTE1800,98.91,99.03,0.16,98.11,33.44,13.79,55.9,-81.4,-10.7,11.7,55.17,48,0.038,normal,
2026-09-14T18:30,Telkom,Gauteng,Johannesburg,JHB-CBD-003,JHB-CBD-003-C,RAN,LTE1800,98.8,98.27,0.63,98.52,33.91,13.9,48.3,-81.2,-10.8,12.2,44.38,49,0.042,normal,
2026-09-14T18:30,Telkom,Gauteng,Soweto,JHB-SOW-018,JHB-SOW-018-A,RAN,LTE2100,99.1,98.62,0.61,98.88,43.93,11.9,42.9,-88.7,-10.5,15.5,53.1,42,0.026,normal,
2026-09-14T18:30,Telkom,Gauteng,Soweto,JHB-SOW-018,JHB-SOW-018-B,RAN,LTE2100,99.46,98.83,0.68,98.31,45.41,11.28,46.8,-86.9,-9.8,14.9,46.24,45,0.012,normal,
2026-09-14T18:30,Telkom,Gauteng,Soweto,JHB-SOW-018,JHB-SOW-018-C,RAN,LTE2100,99.62,98.24,0.25,98.47,37.5,9.88,56.4,-85.1,-9.8,11.8,58.01,46,0.046,normal,
2026-09-14T18:30,Telkom,Gauteng,Pretoria,PTA-HAT-011,PTA-HAT-011-A,RAN,LTE2600,98.78,98.45,0.19,99.04,36.4,11.88,53.6,-84.8,-10.6,17.6,55.74,59,0.042,normal,
2026-09-14T18:30,Telkom,Gauteng,Pretoria,PTA-HAT-011,PTA-HAT-011-B,RAN,LTE2600,98.88,98.75,0.61,99.2,27.38,12.18,60.8,-87.1,-10.6,23.4,58.28,58,0.043,normal,
2026-09-14T18:30,Telkom,Gauteng,Pretoria,PTA-HAT-011,PTA-HAT-011-C,RAN,LTE2600,98.76,98.93,1.28,98.92,37.9,12.11,64.9,-87.2,-10.9,16.9,63.67,57,0.035,normal,
2026-09-14T18:30,Telkom,Western Cape,Cape Town,CPT-BEL-007,CPT-BEL-007-A,RAN,LTE1800,99.21,98.92,0.44,97.95,31.96,12.15,57.7,-86.3,-8.6,16.7,61.45,46,0.049,normal,
2026-09-14T18:30,Telkom,Western Cape,Cape Town,CPT-BEL-007,CPT-BEL-007-B,RAN,LTE1800,98.47,99.03,0.25,98.38,37.59,12.6,59.5,-86.5,-8.6,17.4,53.5,54,0.029,normal,
2026-09-14T18:30,Telkom,Western Cape,Cape Town,CPT-BEL-007,CPT-BEL-007-C,RAN,LTE1800,98.63,98.5,0.05,98.67,37.47,12.52,54.7,-88.8,-11.6,15.3,48.83,48,0.001,normal,
2026-09-14T18:45,Telkom,Gauteng,Johannesburg,JHB-CBD-003,JHB-CBD-003-A,RAN,LTE1800,99.1,99.46,0.31,97.72,33.21,10.62,69.7,-85.7,-7.5,18.5,65.29,53,0.044,normal,
2026-09-14T18:45,Telkom,Gauteng,Johannesburg,JHB-CBD-003,JHB-CBD-003-B,RAN,LTE1800,99.25,98.09,0.4,97.69,35.86,9.38,57.4,-88.4,-10.7,13.5,69.82,55,0.041,normal,
2026-09-14T18:45,Telkom,Gauteng,Johannesburg,JHB-CBD-003,JHB-CBD-003-C,RAN,LTE1800,99.23,98.91,0.66,98.68,38.54,13.5,41.3,-89.5,-8.0,22.5,51.97,55,0.002,normal,
2026-09-14T18:45,Telkom,Gauteng,Soweto,JHB-SOW-018,JHB-SOW-018-A,RAN,LTE2100,99.18,98.07,0.13,98.2,42.3,16.18,42.5,-88.7,-10.3,18.0,44.85,38,0.02,normal,
2026-09-14T18:45,Telkom,Gauteng,Soweto,JHB-SOW-018,JHB-SOW-018-B,RAN,LTE2100,98.78,98.92,0.86,99.37,37.39,10.41,48.4,-88.0,-8.6,13.2,55.68,46,0.021,normal,
2026-09-14T18:45,Telkom,Gauteng,Soweto,JHB-SOW-018,JHB-SOW-018-C,RAN,LTE2100,99.08,98.6,0.55,97.68,36.61,10.99,51.6,-88.3,-9.4,15.2,52.92,47,0.008,normal,
2026-09-14T18:45,Telkom,Gauteng,Pretoria,PTA-HAT-011,PTA-HAT-011-A,RAN,LTE2600,99.26,98.97,1.08,99.24,41.81,9.82,59.1,-85.2,-11.3,19.8,63.24,57,0.007,normal,
2026-09-14T18:45,Telkom,Gauteng,Pretoria,PTA-HAT-011,PTA-HAT-011-B,RAN,LTE2600,99.08,98.86,0.63,98.33,33.24,12.5,51.0,-87.2,-10.2,17.3,60.37,60,0.013,normal,
2026-09-14T18:45,Telkom,Gauteng,Pretoria,PTA-HAT-011,PTA-HAT-011-C,RAN,LTE2600,99.1,99.35,0.69,98.06,38.32,10.51,70.3,-88.1,-9.7,19.4,65.22,50,0.018,normal,
2026-09-14T18:45,Telkom,Western Cape,Cape Town,CPT-BEL-007,CPT-BEL-007-A,RAN,LTE1800,98.72,98.73,0.12,97.63,33.39,11.95,57.4,-83.1,-9.8,14.1,55.71,47,0.028,normal,
2026-09-14T18:45,Telkom,Western Cape,Cape Town,CPT-BEL-007,CPT-BEL-007-B,RAN,LTE1800,98.76,99.23,0.92,97.3,38.03,11.93,53.0,-87.1,-9.1,16.1,61.8,45,0.029,normal,
2026-09-14T18:45,Telkom,Western Cape,Cape Town,CPT-BEL-007,CPT-BEL-007-C,RAN,LTE1800,98.89,98.46,0.73,98.57,39.07,12.06,43.5,-85.0,-9.4,16.2,49.19,47,0.04,normal,
2026-09-14T19:00,Telkom,Gauteng,Johannesburg,JHB-CBD-003,JHB-CBD-003-A,RAN,LTE1800,98.76,99.02,0.64,98.88,37.84,10.39,56.2,-85.1,-8.2,20.1,62.34,49,0.011,normal,
2026-09-14T19:00,Telkom,Gauteng,Johannesburg,JHB-CBD-003,JHB-CBD-003-B,RAN,LTE1800,99.15,99.13,0.15,98.72,32.09,14.89,59.8,-82.6,-10.5,21.3,61.77,53,0.027,normal,
2026-09-14T19:00,Telkom,Gauteng,Johannesburg,JHB-CBD-003,JHB-CBD-003-C,RAN,LTE1800,98.87,98.64,0.27,98.17,36.99,12.32,51.9,-85.7,-11.6,13.9,59.8,61,0.037,normal,
2026-09-14T19:00,Telkom,Gauteng,Soweto,JHB-SOW-018,JHB-SOW-018-A,RAN,LTE2100,99.62,99.03,0.48,98.13,28.1,8.45,57.0,-85.9,-7.5,16.0,69.81,59,0.027,normal,
2026-09-14T19:00,Telkom,Gauteng,Soweto,JHB-SOW-018,JHB-SOW-018-B,RAN,LTE2100,99.24,98.94,0.55,98.6,35.39,10.56,56.8,-79.1,-10.3,20.8,51.58,51,0.048,normal,
2026-09-14T19:00,Telkom,Gauteng,Soweto,JHB-SOW-018,JHB-SOW-018-C,RAN,LTE2100,99.07,99.01,0.57,98.01,36.46,11.61,57.0,-87.2,-11.8,15.1,58.52,50,0.033,normal,
2026-09-14T19:00,Telkom,Gauteng,Pretoria,PTA-HAT-011,PTA-HAT-011-A,RAN,LTE2600,99.68,99.06,0.75,98.85,29.75,12.22,54.2,-87.4,-10.8,17.6,65.01,58,0.014,normal,
2026-09-14T19:00,Telkom,Gauteng,Pretoria,PTA-HAT-011,PTA-HAT-011-B,RAN,LTE2600,98.88,99.09,0.58,98.08,32.07,7.92,56.8,-89.1,-9.5,17.3,62.45,50,0.038,normal,
2026-09-14T19:00,Telkom,Gauteng,Pretoria,PTA-HAT-011,PTA-HAT-011-C,RAN,LTE2600,99.28,98.89,0.53,98.38,39.14,15.21,45.0,-87.9,-9.5,17.8,56.47,59,0.028,normal,
2026-09-14T19:00,Telkom,Western Cape,Cape Town,CPT-BEL-007,CPT-BEL-007-A,RAN,LTE1800,99.01,98.86,0.47,98.22,38.02,11.42,53.5,-85.5,-10.8,16.9,53.26,45,0.031,normal,
2026-09-14T19:00,Telkom,Western Cape,Cape Town,CPT-BEL-007,CPT-BEL-007-B,RAN,LTE1800,99.53,99.32,0.56,98.52,26.88,12.13,42.5,-84.5,-9.0,16.9,68.0,47,0.043,normal,
2026-09-14T19:00,Telkom,Western Cape,Cape Town,CPT-BEL-007,CPT-BEL-007-C,RAN,LTE1800,98.93,99.07,0.5,98.07,38.42,13.41,55.8,-82.2,-8.8,19.8,58.23,50,0.031,normal,
2026-09-14T19:15,Telkom,Gauteng,Johannesburg,JHB-CBD-003,JHB-CBD-003-A,RAN,LTE1800,99.1,99.05,0.61,98.33,31.42,12.22,47.6,-85.3,-11.2,16.8,58.83,57,0.039,normal,
2026-09-14T19:15,Telkom,Gauteng,Johannesburg,JHB-CBD-003,JHB-CBD-003-B,RAN,LTE1800,99.19,98.42,0.05,98.74,37.54,12.48,59.9,-82.9,-11.7,16.1,53.65,50,0.026,normal,
2026-09-14T19:15,Telkom,Gauteng,Johannesburg,JHB-CBD-003,JHB-CBD-003-C,RAN,LTE1800,99.02,98.11,0.88,98.56,36.38,12.27,56.2,-84.8,-10.4,14.9,47.62,48,0.039,normal,
2026-09-14T19:15,Telkom,Gauteng,Soweto,JHB-SOW-018,JHB-SOW-018-A,RAN,LTE2100,98.79,99.19,0.56,98.22,42.17,12.35,58.7,-88.3,-9.3,15.0,53.04,49,0.015,normal,
2026-09-14T19:15,Telkom,Gauteng,Soweto,JHB-SOW-018,JHB-SOW-018-B,RAN,LTE2100,99.58,98.88,0.71,98.12,42.97,11.47,58.2,-84.0,-12.2,15.2,53.74,42,0.043,normal,
2026-09-14T19:15,Telkom,Gauteng,Soweto,JHB-SOW-018,JHB-SOW-018-C,RAN,LTE2100,98.96,98.61,0.65,97.3,41.4,14.52,47.8,-84.2,-10.4,15.7,52.4,49,0.042,normal,
2026-09-14T19:15,Telkom,Gauteng,Pretoria,PTA-HAT-011,PTA-HAT-011-A,RAN,LTE2600,98.89,98.79,0.71,98.54,39.64,13.49,57.9,-85.0,-10.9,16.9,58.51,57,0.021,normal,
2026-09-14T19:15,Telkom,Gauteng,Pretoria,PTA-HAT-011,PTA-HAT-011-B,RAN,LTE2600,99.25,99.85,0.4,98.55,41.26,13.41,57.3,-85.4,-9.8,18.7,51.87,51,0.012,normal,
2026-09-14T19:15,Telkom,Gauteng,Pretoria,PTA-HAT-011,PTA-HAT-011-C,RAN,LTE2600,98.59,98.71,0.43,99.51,23.87,8.96,65.1,-83.5,-10.4,19.4,68.6,59,0.041,normal,
2026-09-14T19:15,Telkom,Western Cape,Cape Town,CPT-BEL-007,CPT-BEL-007-A,RAN,LTE1800,99.14,99.12,0.31,98.39,39.37,10.41,47.0,-85.5,-8.7,14.9,53.55,49,0.023,normal,
2026-09-14T19:15,Telkom,Western Cape,Cape Town,CPT-BEL-007,CPT-BEL-007-B,RAN,LTE1800,99.64,99.2,0.5,98.7,46.73,15.73,59.4,-83.2,-9.8,15.7,52.48,46,0.016,normal,
2026-09-14T19:15,Telkom,Western Cape,Cape Town,CPT-BEL-007,CPT-BEL-007-C,RAN,LTE1800,99.07,98.82,0.38,97.78,46.64,12.5,58.8,-83.8,-10.4,16.4,44.76,39,0.045,normal,
2026-09-14T19:30,Telkom,Gauteng,Johannesburg,JHB-CBD-003,JHB-CBD-003-A,RAN,LTE1800,99.29,98.68,0.29,98.97,41.36,11.09,53.9,-84.0,-10.2,11.1,46.97,41,0.014,normal,
2026-09-14T19:30,Telkom,Gauteng,Johannesburg,JHB-CBD-003,JHB-CBD-003-B,RAN,LTE1800,99.82,97.9,0.36,98.78,32.13,10.91,71.5,-89.0,-11.1,12.4,55.11,45,0.014,normal,
2026-09-14T19:30,Telkom,Gauteng,Johannesburg,JHB-CBD-003,JHB-CBD-003-C,RAN,LTE1800,98.68,98.1,0.41,98.59,35.82,10.66,60.9,-89.2,-9.8,17.7,57.58,52,0.021,normal,
2026-09-14T19:30,Telkom,Gauteng,Soweto,JHB-SOW-018,JHB-SOW-018-A,RAN,LTE2100,98.74,99.21,0.2,98.92,36.75,12.05,56.0,-84.5,-10.5,18.2,50.86,40,0.001,normal,
2026-09-14T19:30,Telkom,Gauteng,Soweto,JHB-SOW-018,JHB-SOW-018-B,RAN,LTE2100,98.29,98.35,0.25,97.82,42.48,11.64,52.6,-87.0,-9.9,17.0,56.52,46,0.022,normal,
2026-09-14T19:30,Telkom,Gauteng,Soweto,JHB-SOW-018,JHB-SOW-018-C,RAN,LTE2100,98.31,99.18,0.45,98.62,41.88,10.57,44.4,-85.5,-8.8,21.2,47.39,41,0.046,normal,
2026-09-14T19:30,Telkom,Gauteng,Pretoria,PTA-HAT-011,PTA-HAT-011-A,RAN,LTE2600,99.53,98.22,0.41,98.45,34.24,12.32,57.5,-90.1,-12.5,17.5,53.01,54,0.032,normal,
2026-09-14T19:30,Telkom,Gauteng,Pretoria,PTA-HAT-011,PTA-HAT-011-B,RAN,LTE2600,99.5,98.39,0.43,99.04,39.36,12.57,55.2,-87.1,-10.6,17.3,58.42,53,0.026,normal,
2026-09-14T19:30,Telkom,Gauteng,Pretoria,PTA-HAT-011,PTA-HAT-011-C,RAN,LTE2600,98.99,98.42,0.38,99.09,49.22,11.61,68.3,-86.2,-10.6,16.3,54.65,53,0.035,normal,
2026-09-14T19:30,Telkom,Western Cape,Cape Town,CPT-BEL-007,CPT-BEL-007-A,RAN,LTE1800,98.66,99.01,0.35,98.6,38.65,14.92,54.4,-85.2,-10.2,17.6,49.51,43,0.01,normal,
2026-09-14T19:30,Telkom,Western Cape,Cape Town,CPT-BEL-007,CPT-BEL-007-B,RAN,LTE1800,98.91,98.51,0.47,99.19,30.0,12.97,59.8,-89.2,-10.2,14.8,54.93,48,0.022,normal,
2026-09-14T19:30,Telkom,Western Cape,Cape Town,CPT-BEL-007,CPT-BEL-007-C,RAN,LTE1800,98.76,99.22,0.64,98.46,35.3,13.56,62.5,-79.7,-8.4,17.9,62.56,49,0.032,normal,
2026-09-14T19:45,Telkom,Gauteng,Johannesburg,JHB-CBD-003,JHB-CBD-003-A,RAN,LTE1800,99.26,98.88,0.68,98.36,40.81,10.35,46.5,-86.2,-12.0,14.2,60.96,57,0.012,normal,
2026-09-14T19:45,Telkom,Gauteng,Johannesburg,JHB-CBD-003,JHB-CBD-003-B,RAN,LTE1800,99.61,98.36,0.68,98.6,42.55,15.18,48.8,-85.9,-8.4,15.7,49.07,49,0.027,normal,
2026-09-14T19:45,Telkom,Gauteng,Johannesburg,JHB-CBD-003,JHB-CBD-003-C,RAN,LTE1800,99.49,99.21,0.43,98.47,39.37,12.78,49.8,-88.5,-11.1,17.0,57.02,57,0.003,normal,
2026-09-14T19:45,Telkom,Gauteng,Soweto,JHB-SOW-018,JHB-SOW-018-A,RAN,LTE2100,98.49,98.21,0.27,98.33,36.81,13.06,63.8,-84.8,-7.9,11.2,52.2,50,0.003,normal,
2026-09-14T19:45,Telkom,Gauteng,Soweto,JHB-SOW-018,JHB-SOW-018-B,RAN,LTE2100,99.03,98.79,0.43,97.79,36.88,11.72,52.5,-88.2,-11.3,16.5,44.58,48,0.018,normal,
2026-09-14T19:45,Telkom,Gauteng,Soweto,JHB-SOW-018,JHB-SOW-018-C,RAN,LTE2100,99.06,99.43,0.43,97.85,38.47,17.11,47.5,-87.2,-8.8,16.6,55.71,53,0.031,normal,
2026-09-14T19:45,Telkom,Gauteng,Pretoria,PTA-HAT-011,PTA-HAT-011-A,RAN,LTE2600,98.04,98.86,0.61,98.69,47.22,11.01,51.8,-84.1,-10.5,12.1,44.16,54,0.019,normal,
2026-09-14T19:45,Telkom,Gauteng,Pretoria,PTA-HAT-011,PTA-HAT-011-B,RAN,LTE2600,99.68,98.37,0.62,98.46,38.65,15.85,54.9,-88.6,-10.1,16.7,49.06,49,0.012,normal,
2026-09-14T19:45,Telkom,Gauteng,Pretoria,PTA-HAT-011,PTA-HAT-011-C,RAN,LTE2600,98.95,98.81,0.31,98.35,43.58,14.63,53.5,-87.4,-8.0,18.1,44.2,45,0.028,normal,
2026-09-14T19:45,Telkom,Western Cape,Cape Town,CPT-BEL-007,CPT-BEL-007-A,RAN,LTE1800,99.42,99.14,0.6,98.17,39.34,11.17,39.2,-82.2,-10.0,17.5,45.67,45,0.029,normal,
2026-09-14T19:45,Telkom,Western Cape,Cape Town,CPT-BEL-007,CPT-BEL-007-B,RAN,LTE1800,98.69,98.97,0.05,98.63,38.18,13.31,47.0,-85.7,-11.3,18.0,54.1,39,0.039,normal,
2026-09-14T19:45,Telkom,Western Cape,Cape Town,CPT-BEL-007,CPT-BEL-007-C,RAN,LTE1800,98.76,98.94,0.46,98.92,38.18,11.8,50.4,-83.2,-10.3,21.1,57.04,49,0.048,normal,
2026-09-14T20:00,Telkom,Gauteng,Johannesburg,JHB-CBD-003,JHB-CBD-003-A,RAN,LTE1800,99.43,99.13,0.05,98.29,40.33,13.1,40.4,-81.2,-9.6,22.5,49.84,42,0.017,normal,
2026-09-14T20:00,Telkom,Gauteng,Johannesburg,JHB-CBD-003,JHB-CBD-003-B,RAN,LTE1800,99.64,98.43,0.45,97.78,37.17,10.88,58.3,-89.5,-10.7,16.1,57.29,41,0.001,normal,
2026-09-14T20:00,Telkom,Gauteng,Johannesburg,JHB-CBD-003,JHB-CBD-003-C,RAN,LTE1800,99.69,98.99,0.54,98.56,43.83,12.19,51.2,-84.2,-9.3,16.4,55.35,53,0.001,normal,
2026-09-14T20:00,Telkom,Gauteng,Soweto,JHB-SOW-018,JHB-SOW-018-A,RAN,LTE2100,98.83,99.0,0.76,98.3,36.86,15.73,49.8,-87.1,-9.2,21.4,48.0,44,0.03,normal,
2026-09-14T20:00,Telkom,Gauteng,Soweto,JHB-SOW-018,JHB-SOW-018-B,RAN,LTE2100,99.69,98.93,0.29,99.2,31.91,14.39,46.7,-85.5,-9.8,19.6,56.71,42,0.002,normal,
2026-09-14T20:00,Telkom,Gauteng,Soweto,JHB-SOW-018,JHB-SOW-018-C,RAN,LTE2100,99.65,98.76,0.56,98.63,37.12,13.34,51.6,-85.1,-10.5,18.0,56.74,34,0.035,normal,
2026-09-14T20:00,Telkom,Gauteng,Pretoria,PTA-HAT-011,PTA-HAT-011-A,RAN,LTE2600,99.41,98.21,0.51,97.92,35.75,12.66,60.2,-85.5,-12.3,18.6,60.21,51,0.02,normal,
2026-09-14T20:00,Telkom,Gauteng,Pretoria,PTA-HAT-011,PTA-HAT-011-B,RAN,LTE2600,98.75,98.73,0.34,99.06,37.65,11.79,57.6,-87.5,-9.8,19.8,54.54,54,0.048,normal,
2026-09-14T20:00,Telkom,Gauteng,Pretoria,PTA-HAT-011,PTA-HAT-011-C,RAN,LTE2600,98.66,99.12,0.15,98.55,37.27,7.91,56.4,-88.0,-10.2,19.8,61.89,52,0.037,normal,
2026-09-14T20:00,Telkom,Western Cape,Cape Town,CPT-BEL-007,CPT-BEL-007-A,RAN,LTE1800,99.11,98.7,0.44,98.49,32.04,12.54,61.2,-87.6,-10.1,17.2,52.24,45,0.044,normal,
2026-09-14T20:00,Telkom,Western Cape,Cape Town,CPT-BEL-007,CPT-BEL-007-B,RAN,LTE1800,99.01,98.31,0.95,98.03,47.03,15.12,50.2,-87.0,-10.3,19.3,50.01,48,0.02,normal,
2026-09-14T20:00,Telkom,Western Cape,Cape Town,CPT-BEL-007,CPT-BEL-007-C,RAN,LTE1800,99.3,99.14,0.88,99.06,35.63,13.54,50.0,-85.0,-9.8,18.9,53.99,47,0.034,normal,
2026-09-14T20:15,Telkom,Gauteng,Johannesburg,JHB-CBD-003,JHB-CBD-003-A,RAN,LTE1800,99.68,99.06,0.33,99.01,46.75,14.42,56.1,-90.4,-8.9,16.2,45.33,39,0.019,normal,
2026-09-14T20:15,Telkom,Gauteng,Johannesburg,JHB-CBD-003,JHB-CBD-003-B,RAN,LTE1800,98.72,99.02,0.05,99.05,40.05,12.36,57.3,-86.0,-8.6,17.5,55.37,55,0.022,normal,
2026-09-14T20:15,Telkom,Gauteng,Johannesburg,JHB-CBD-003,JHB-CBD-003-C,RAN,LTE1800,99.63,99.05,0.38,97.63,40.14,10.46,53.1,-87.8,-10.0,14.7,57.86,49,0.021,normal,
2026-09-14T20:15,Telkom,Gauteng,Soweto,JHB-SOW-018,JHB-SOW-018-A,RAN,LTE2100,99.0,98.5,0.61,98.49,47.14,11.66,53.9,-84.4,-9.8,20.2,47.04,40,0.012,normal,
2026-09-14T20:15,Telkom,Gauteng,Soweto,JHB-SOW-018,JHB-SOW-018-B,RAN,LTE2100,99.0,98.54,0.73,99.07,37.11,10.86,64.7,-87.5,-9.8,17.0,60.35,43,0.02,normal,
2026-09-14T20:15,Telkom,Gauteng,Soweto,JHB-SOW-018,JHB-SOW-018-C,RAN,LTE2100,99.13,98.72,0.56,98.51,38.0,10.89,50.6,-83.1,-10.7,15.8,49.41,37,0.023,normal,
2026-09-14T20:15,Telkom,Gauteng,Pretoria,PTA-HAT-011,PTA-HAT-011-A,RAN,LTE2600,99.19,98.51,0.52,97.6,39.98,12.13,48.2,-83.9,-12.1,14.4,48.27,52,0.044,normal,
2026-09-14T20:15,Telkom,Gauteng,Pretoria,PTA-HAT-011,PTA-HAT-011-B,RAN,LTE2600,99.09,98.39,0.51,98.18,38.25,10.84,55.2,-84.0,-11.8,16.0,60.21,54,0.002,normal,
2026-09-14T20:15,Telkom,Gauteng,Pretoria,PTA-HAT-011,PTA-HAT-011-C,RAN,LTE2600,99.9,99.27,0.57,98.06,41.12,10.56,47.6,-83.5,-11.0,18.0,48.8,50,0.007,normal,
2026-09-14T20:15,Telkom,Western Cape,Cape Town,CPT-BEL-007,CPT-BEL-007-A,RAN,LTE1800,98.58,98.76,0.4,98.03,32.42,8.75,63.7,-85.1,-9.7,19.0,54.6,43,0.043,normal,
2026-09-14T20:15,Telkom,Western Cape,Cape Town,CPT-BEL-007,CPT-BEL-007-B,RAN,LTE1800,99.05,98.34,0.08,98.83,40.45,13.45,60.1,-82.7,-9.7,20.7,53.02,43,0.021,normal,
2026-09-14T20:15,Telkom,Western Cape,Cape Town,CPT-BEL-007,CPT-BEL-007-C,RAN,LTE1800,98.92,98.82,0.58,98.37,39.36,10.22,54.9,-86.0,-10.2,20.3,61.01,45,0.006,normal,
2026-09-14T20:30,Telkom,Gauteng,Johannesburg,JHB-CBD-003,JHB-CBD-003-A,RAN,LTE1800,99.43,98.91,0.3,98.73,31.2,11.75,51.2,-88.7,-9.1,18.5,65.92,53,0.047,normal,
2026-09-14T20:30,Telkom,Gauteng,Johannesburg,JHB-CBD-003,JHB-CBD-003-B,RAN,LTE1800,98.92,98.6,0.2,98.81,45.32,13.59,50.0,-87.6,-10.0,15.0,51.83,49,0.022,normal,
2026-09-14T20:30,Telkom,Gauteng,Johannesburg,JHB-CBD-003,JHB-CBD-003-C,RAN,LTE1800,98.82,98.39,0.57,97.96,29.4,10.48,61.1,-89.7,-8.1,21.0,68.83,52,0.034,normal,
2026-09-14T20:30,Telkom,Gauteng,Soweto,JHB-SOW-018,JHB-SOW-018-A,RAN,LTE2100,99.9,98.28,0.83,98.66,42.35,14.01,52.6,-85.0,-10.0,14.8,50.16,42,0.017,normal,
2026-09-14T20:30,Telkom,Gauteng,Soweto,JHB-SOW-018,JHB-SOW-018-B,RAN,LTE2100,99.25,99.29,0.69,98.17,37.93,11.24,43.2,-92.3,-11.7,15.3,47.47,34,0.011,normal,
2026-09-14T20:30,Telkom,Gauteng,Soweto,JHB-SOW-018,JHB-SOW-018-C,RAN,LTE2100,98.99,98.54,0.21,98.71,33.63,13.71,58.7,-90.7,-9.4,15.2,50.43,41,0.012,normal,
2026-09-14T20:30,Telkom,Gauteng,Pretoria,PTA-HAT-011,PTA-HAT-011-A,RAN,LTE2600,98.91,98.71,0.5,97.74,41.67,13.63,55.7,-85.8,-11.9,20.4,51.77,44,0.007,normal,
2026-09-14T20:30,Telkom,Gauteng,Pretoria,PTA-HAT-011,PTA-HAT-011-B,RAN,LTE2600,99.05,98.62,0.05,99.28,37.14,13.42,51.5,-88.2,-7.6,18.5,51.41,39,0.045,normal,
2026-09-14T20:30,Telkom,Gauteng,Pretoria,PTA-HAT-011,PTA-HAT-011-C,RAN,LTE2600,98.75,98.18,0.26,99.69,36.55,12.42,54.4,-88.9,-9.6,17.1,61.49,56,0.031,normal,
2026-09-14T20:30,Telkom,Western Cape,Cape Town,CPT-BEL-007,CPT-BEL-007-A,RAN,LTE1800,99.15,98.23,0.35,98.3,29.7,11.49,51.2,-87.1,-12.8,16.1,60.84,42,0.025,normal,
2026-09-14T20:30,Telkom,Western Cape,Cape Town,CPT-BEL-007,CPT-BEL-007-B,RAN,LTE1800,99.07,98.92,0.27,99.66,42.64,10.69,59.9,-86.7,-10.2,20.1,52.43,48,0.029,normal,
2026-09-14T20:30,Telkom,Western Cape,Cape Town,CPT-BEL-007,CPT-BEL-007-C,RAN,LTE1800,99.44,98.97,0.42,99.33,38.04,12.28,56.8,-85.1,-10.8,19.6,53.85,47,0.046,normal,
2026-09-14T20:45,Telkom,Gauteng,Johannesburg,JHB-CBD-003,JHB-CBD-003-A,RAN,LTE1800,99.26,98.34,0.32,99.16,42.06,10.12,48.8,-86.4,-10.1,17.5,49.08,41,0.039,normal,
2026-09-14T20:45,Telkom,Gauteng,Johannesburg,JHB-CBD-003,JHB-CBD-003-B,RAN,LTE1800,98.55,98.75,0.23,98.43,44.99,13.82,46.3,-88.6,-8.7,16.2,46.93,46,0.008,normal,
2026-09-14T20:45,Telkom,Gauteng,Johannesburg,JHB-CBD-003,JHB-CBD-003-C,RAN,LTE1800,99.1,98.26,0.2,98.53,37.54,11.32,50.4,-86.0,-9.6,15.1,57.18,48,0.042,normal,
2026-09-14T20:45,Telkom,Gauteng,Soweto,JHB-SOW-018,JHB-SOW-018-A,RAN,LTE2100,98.74,98.88,0.28,99.06,43.03,10.24,49.3,-84.3,-10.8,18.2,56.74,32,0.023,normal,
2026-09-14T20:45,Telkom,Gauteng,Soweto,JHB-SOW-018,JHB-SOW-018-B,RAN,LTE2100,98.57,98.5,0.82,99.27,43.44,13.99,59.0,-86.8,-9.2,19.7,51.61,45,0.019,normal,
2026-09-14T20:45,Telkom,Gauteng,Soweto,JHB-SOW-018,JHB-SOW-018-C,RAN,LTE2100,99.21,99.15,0.73,97.68,40.8,10.16,50.5,-88.6,-6.4,13.2,46.65,42,0.038,normal,
2026-09-14T20:45,Telkom,Gauteng,Pretoria,PTA-HAT-011,PTA-HAT-011-A,RAN,LTE2600,99.0,99.11,0.31,98.82,36.09,9.08,57.3,-89.6,-10.7,21.4,51.13,42,0.013,normal,
2026-09-14T20:45,Telkom,Gauteng,Pretoria,PTA-HAT-011,PTA-HAT-011-B,RAN,LTE2600,98.54,98.77,0.64,97.52,44.29,10.67,58.8,-87.6,-9.3,15.5,54.48,54,0.012,normal,
2026-09-14T20:45,Telkom,Gauteng,Pretoria,PTA-HAT-011,PTA-HAT-011-C,RAN,LTE2600,98.88,98.97,0.54,99.57,36.65,10.78,61.1,-85.2,-9.9,16.5,51.18,45,0.043,normal,
2026-09-14T20:45,Telkom,Western Cape,Cape Town,CPT-BEL-007,CPT-BEL-007-A,RAN,LTE1800,99.37,99.03,0.44,99.42,46.26,11.55,57.2,-81.8,-9.5,17.2,47.23,45,0.011,normal,
2026-09-14T20:45,Telkom,Western Cape,Cape Town,CPT-BEL-007,CPT-BEL-007-B,RAN,LTE1800,99.2,98.61,0.78,98.04,45.05,13.42,54.5,-87.1,-10.7,16.2,49.87,39,0.016,normal,
2026-09-14T20:45,Telkom,Western Cape,Cape Town,CPT-BEL-007,CPT-BEL-007-C,RAN,LTE1800,98.94,98.95,0.44,98.55,44.99,11.21,46.4,-86.3,-8.4,19.5,48.81,41,0.036,normal,
2026-09-14T21:00,Telkom,Gauteng,Johannesburg,JHB-CBD-003,JHB-CBD-003-A,RAN,LTE1800,98.92,98.76,0.81,98.08,37.3,10.19,56.0,-87.0,-13.1,19.8,54.92,42,0.035,normal,
2026-09-14T21:00,Telkom,Gauteng,Johannesburg,JHB-CBD-003,JHB-CBD-003-B,RAN,LTE1800,99.33,98.45,0.39,98.17,45.65,11.42,43.8,-89.7,-10.5,16.0,43.41,41,0.049,normal,
2026-09-14T21:00,Telkom,Gauteng,Johannesburg,JHB-CBD-003,JHB-CBD-003-C,RAN,LTE1800,99.44,98.94,0.3,98.61,39.45,14.48,46.7,-85.9,-11.0,18.6,47.96,39,0.04,normal,
2026-09-14T21:00,Telkom,Gauteng,Soweto,JHB-SOW-018,JHB-SOW-018-A,RAN,LTE2100,98.43,98.52,0.46,97.87,39.73,14.4,49.0,-86.8,-10.5,17.6,57.08,45,0.046,normal,
2026-09-14T21:00,Telkom,Gauteng,Soweto,JHB-SOW-018,JHB-SOW-018-B,RAN,LTE2100,99.2,98.85,0.3,98.6,49.51,11.75,50.5,-86.0,-10.2,15.0,39.0,37,0.004,normal,
2026-09-14T21:00,Telkom,Gauteng,Soweto,JHB-SOW-018,JHB-SOW-018-C,RAN,LTE2100,99.25,98.26,0.5,98.45,36.77,11.01,59.5,-85.5,-10.3,21.9,52.14,46,0.003,normal,
2026-09-14T21:00,Telkom,Gauteng,Pretoria,PTA-HAT-011,PTA-HAT-011-A,RAN,LTE2600,99.38,98.55,0.39,98.02,35.76,12.42,45.3,-84.2,-10.6,14.5,58.17,43,0.026,normal,
2026-09-14T21:00,Telkom,Gauteng,Pretoria,PTA-HAT-011,PTA-HAT-011-B,RAN,LTE2600,98.91,98.71,0.45,98.13,44.52,11.39,45.1,-80.3,-8.2,18.2,52.8,49,0.016,normal,
2026-09-14T21:00,Telkom,Gauteng,Pretoria,PTA-HAT-011,PTA-HAT-011-C,RAN,LTE2600,99.33,99.11,0.36,99.11,32.02,11.47,53.2,-86.9,-9.6,16.2,62.9,51,0.04,normal,
2026-09-14T21:00,Telkom,Western Cape,Cape Town,CPT-BEL-007,CPT-BEL-007-A,RAN,LTE1800,99.26,99.08,0.75,98.63,30.73,10.34,68.6,-84.7,-11.1,18.9,68.42,46,0.039,normal,
2026-09-14T21:00,Telkom,Western Cape,Cape Town,CPT-BEL-007,CPT-BEL-007-B,RAN,LTE1800,99.41,98.79,0.37,98.67,38.94,12.25,42.2,-82.1,-9.8,16.8,55.28,42,0.015,normal,
2026-09-14T21:00,Telkom,Western Cape,Cape Town,CPT-BEL-007,CPT-BEL-007-C,RAN,LTE1800,99.66,99.06,0.48,99.63,40.9,12.91,52.1,-85.6,-9.1,19.3,54.42,44,0.029,normal,
2026-09-14T21:15,Telkom,Gauteng,Johannesburg,JHB-CBD-003,JHB-CBD-003-A,RAN,LTE1800,99.08,98.8,0.38,98.64,45.77,12.05,46.9,-82.0,-10.6,14.4,45.71,36,0.028,normal,
2026-09-14T21:15,Telkom,Gauteng,Johannesburg,JHB-CBD-003,JHB-CBD-003-B,RAN,LTE1800,99.53,99.03,0.12,99.51,31.53,11.98,67.8,-87.0,-9.1,17.1,49.44,48,0.044,normal,
2026-09-14T21:15,Telkom,Gauteng,Johannesburg,JHB-CBD-003,JHB-CBD-003-C,RAN,LTE1800,98.86,99.47,0.8,98.94,36.95,10.35,55.4,-88.9,-10.0,14.5,58.48,42,0.039,normal,
2026-09-14T21:15,Telkom,Gauteng,Soweto,JHB-SOW-018,JHB-SOW-018-A,RAN,LTE2100,99.1,98.56,0.62,98.52,38.09,13.8,64.0,-91.8,-7.7,16.1,46.7,41,0.015,normal,
2026-09-14T21:15,Telkom,Gauteng,Soweto,JHB-SOW-018,JHB-SOW-018-B,RAN,LTE2100,98.71,99.04,0.6,98.59,37.64,13.03,61.2,-82.1,-9.6,20.2,55.62,41,0.005,normal,
2026-09-14T21:15,Telkom,Gauteng,Soweto,JHB-SOW-018,JHB-SOW-018-C,RAN,LTE2100,99.53,99.25,0.61,98.83,46.39,13.72,43.2,-87.2,-11.0,12.7,43.41,41,0.044,normal,
2026-09-14T21:15,Telkom,Gauteng,Pretoria,PTA-HAT-011,PTA-HAT-011-A,RAN,LTE2600,99.11,99.19,0.35,98.53,43.88,13.91,52.3,-82.0,-9.8,20.0,49.84,39,0.019,normal,
2026-09-14T21:15,Telkom,Gauteng,Pretoria,PTA-HAT-011,PTA-HAT-011-B,RAN,LTE2600,99.2,98.88,0.34,98.61,39.45,11.55,56.8,-88.5,-10.7,14.2,51.4,44,0.047,normal,
2026-09-14T21:15,Telkom,Gauteng,Pretoria,PTA-HAT-011,PTA-HAT-011-C,RAN,LTE2600,99.19,98.38,0.59,98.37,42.55,11.92,60.0,-85.5,-12.4,21.3,47.41,44,0.04,normal,
2026-09-14T21:15,Telkom,Western Cape,Cape Town,CPT-BEL-007,CPT-BEL-007-A,RAN,LTE1800,99.36,98.48,0.24,98.29,40.81,10.88,48.8,-87.1,-11.6,16.6,53.51,35,0.007,normal,
2026-09-14T21:15,Telkom,Western Cape,Cape Town,CPT-BEL-007,CPT-BEL-007-B,RAN,LTE1800,99.9,98.96,0.36,98.83,37.57,13.57,51.8,-85.7,-10.4,17.2,49.58,37,0.046,normal,
2026-09-14T21:15,Telkom,Western Cape,Cape Town,CPT-BEL-007,CPT-BEL-007-C,RAN,LTE1800,98.68,98.99,0.8,98.17,48.6,11.69,53.0,-86.3,-8.3,13.9,42.6,47,0.015,normal,
2026-09-14T21:30,Telkom,Gauteng,Johannesburg,JHB-CBD-003,JHB-CBD-003-A,RAN,LTE1800,99.61,98.21,1.05,98.75,46.18,11.48,49.4,-87.1,-9.8,17.8,51.2,42,0.012,normal,
2026-09-14T21:30,Telkom,Gauteng,Johannesburg,JHB-CBD-003,JHB-CBD-003-B,RAN,LTE1800,99.13,98.57,0.41,99.69,42.0,15.59,47.4,-82.4,-10.9,10.6,49.68,45,0.006,normal,
2026-09-14T21:30,Telkom,Gauteng,Johannesburg,JHB-CBD-003,JHB-CBD-003-C,RAN,LTE1800,99.01,99.09,0.05,99.16,40.25,17.06,57.5,-87.4,-9.0,16.6,49.39,41,0.049,normal,
2026-09-14T21:30,Telkom,Gauteng,Soweto,JHB-SOW-018,JHB-SOW-018-A,RAN,LTE2100,99.1,98.79,0.36,98.5,44.04,10.85,48.6,-85.3,-10.8,17.0,43.74,33,0.01,normal,
2026-09-14T21:30,Telkom,Gauteng,Soweto,JHB-SOW-018,JHB-SOW-018-B,RAN,LTE2100,98.57,98.46,0.13,98.54,41.65,11.74,60.3,-83.8,-8.3,13.0,44.37,36,0.012,normal,
2026-09-14T21:30,Telkom,Gauteng,Soweto,JHB-SOW-018,JHB-SOW-018-C,RAN,LTE2100,99.04,98.87,0.29,98.42,41.26,9.72,63.7,-86.4,-9.5,18.2,52.35,40,0.035,normal,
2026-09-14T21:30,Telkom,Gauteng,Pretoria,PTA-HAT-011,PTA-HAT-011-A,RAN,LTE2600,98.86,97.91,0.81,98.58,36.9,11.75,55.3,-85.2,-9.4,20.8,45.64,44,0.017,normal,
2026-09-14T21:30,Telkom,Gauteng,Pretoria,PTA-HAT-011,PTA-HAT-011-B,RAN,LTE2600,99.15,98.51,0.49,98.29,40.39,12.18,50.9,-88.9,-9.3,16.5,45.63,43,0.047,normal,
2026-09-14T21:30,Telkom,Gauteng,Pretoria,PTA-HAT-011,PTA-HAT-011-C,RAN,LTE2600,99.25,99.29,0.76,99.29,41.75,14.41,46.3,-85.9,-10.3,18.7,52.38,42,0.05,normal,
2026-09-14T21:30,Telkom,Western Cape,Cape Town,CPT-BEL-007,CPT-BEL-007-A,RAN,LTE1800,99.15,98.84,0.25,98.25,41.42,11.65,55.7,-84.2,-8.8,12.4,45.65,42,0.008,normal,
2026-09-14T21:30,Telkom,Western Cape,Cape Town,CPT-BEL-007,CPT-BEL-007-B,RAN,LTE1800,99.78,98.39,0.58,98.49,48.44,13.18,47.2,-82.9,-9.9,16.5,43.97,36,0.032,normal,
2026-09-14T21:30,Telkom,Western Cape,Cape Town,CPT-BEL-007,CPT-BEL-007-C,RAN,LTE1800,99.13,98.47,0.2,98.97,42.72,10.68,48.7,-85.6,-8.3,19.2,43.29,40,0.02,normal,
2026-09-14T21:45,Telkom,Gauteng,Johannesburg,JHB-CBD-003,JHB-CBD-003-A,RAN,LTE1800,98.87,98.67,0.24,98.61,39.87,14.24,51.5,-83.5,-10.2,19.3,46.74,39,0.049,normal,
2026-09-14T21:45,Telkom,Gauteng,Johannesburg,JHB-CBD-003,JHB-CBD-003-B,RAN,LTE1800,99.22,99.31,0.12,98.69,37.35,13.89,46.7,-85.3,-9.6,14.2,54.28,46,0.009,normal,
2026-09-14T21:45,Telkom,Gauteng,Johannesburg,JHB-CBD-003,JHB-CBD-003-C,RAN,LTE1800,99.11,98.83,1.01,98.64,44.08,13.89,59.5,-85.6,-11.5,15.6,49.83,35,0.008,normal,
2026-09-14T21:45,Telkom,Gauteng,Soweto,JHB-SOW-018,JHB-SOW-018-A,RAN,LTE2100,98.89,98.75,0.05,98.71,55.5,13.35,47.4,-88.6,-11.0,16.7,36.6,34,0.023,normal,
2026-09-14T21:45,Telkom,Gauteng,Soweto,JHB-SOW-018,JHB-SOW-018-B,RAN,LTE2100,98.74,99.03,0.95,97.64,39.43,14.08,58.1,-83.1,-10.9,14.4,41.41,26,0.037,normal,
2026-09-14T21:45,Telkom,Gauteng,Soweto,JHB-SOW-018,JHB-SOW-018-C,RAN,LTE2100,99.55,98.57,0.23,98.2,44.21,16.83,41.0,-81.9,-10.1,17.4,37.5,26,0.016,normal,
2026-09-14T21:45,Telkom,Gauteng,Pretoria,PTA-HAT-011,PTA-HAT-011-A,RAN,LTE2600,99.09,99.09,0.65,98.31,40.73,12.97,53.7,-88.2,-11.2,21.2,46.14,38,0.012,normal,
2026-09-14T21:45,Telkom,Gauteng,Pretoria,PTA-HAT-011,PTA-HAT-011-B,RAN,LTE2600,98.61,98.84,0.32,98.22,42.43,13.66,54.6,-88.1,-9.4,20.9,44.32,36,0.005,normal,
2026-09-14T21:45,Telkom,Gauteng,Pretoria,PTA-HAT-011,PTA-HAT-011-C,RAN,LTE2600,99.01,98.65,0.86,96.96,40.32,9.88,56.8,-88.4,-10.3,20.8,52.68,48,0.007,normal,
2026-09-14T21:45,Telkom,Western Cape,Cape Town,CPT-BEL-007,CPT-BEL-007-A,RAN,LTE1800,99.27,98.89,0.28,99.02,51.59,12.82,54.7,-86.8,-10.2,13.5,43.84,41,0.018,normal,
2026-09-14T21:45,Telkom,Western Cape,Cape Town,CPT-BEL-007,CPT-BEL-007-B,RAN,LTE1800,99.66,98.57,0.34,98.32,44.57,18.93,48.7,-81.9,-10.9,20.5,47.28,39,0.047,normal,
2026-09-14T21:45,Telkom,Western Cape,Cape Town,CPT-BEL-007,CPT-BEL-007-C,RAN,LTE1800,99.21,99.24,0.72,98.7,43.69,12.24,55.9,-91.2,-8.9,16.6,52.98,38,0.041,normal,
2026-09-14T22:00,Telkom,Gauteng,Johannesburg,JHB-CBD-003,JHB-CBD-003-A,RAN,LTE1800,98.87,98.63,0.45,98.14,44.23,11.26,53.3,-86.4,-10.9,14.6,50.33,32,0.043,normal,
2026-09-14T22:00,Telkom,Gauteng,Johannesburg,JHB-CBD-003,JHB-CBD-003-B,RAN,LTE1800,98.74,98.61,0.44,98.57,46.64,12.21,46.3,-84.4,-11.7,19.3,47.25,33,0.019,normal,
2026-09-14T22:00,Telkom,Gauteng,Johannesburg,JHB-CBD-003,JHB-CBD-003-C,RAN,LTE1800,98.83,99.18,0.39,98.1,45.06,12.57,50.8,-86.9,-10.8,17.4,38.8,34,0.035,normal,
2026-09-14T22:00,Telkom,Gauteng,Soweto,JHB-SOW-018,JHB-SOW-018-A,RAN,LTE2100,99.4,98.85,0.06,99.82,46.33,13.41,50.2,-87.1,-8.5,18.1,39.34,32,0.029,normal,
2026-09-14T22:00,Telkom,Gauteng,Soweto,JHB-SOW-018,JHB-SOW-018-B,RAN,LTE2100,99.29,99.13,0.41,98.34,40.36,13.73,56.9,-86.1,-9.9,16.7,41.55,37,0.009,normal,
2026-09-14T22:00,Telkom,Gauteng,Soweto,JHB-SOW-018,JHB-SOW-018-C,RAN,LTE2100,98.94,97.81,0.06,97.95,39.75,12.97,63.9,-84.9,-10.7,13.3,52.98,36,0.046,normal,
2026-09-14T22:00,Telkom,Gauteng,Pretoria,PTA-HAT-011,PTA-HAT-011-A,RAN,LTE2600,98.27,98.72,0.63,98.38,46.52,11.04,50.6,-85.3,-9.0,21.0,52.88,42,0.035,normal,
2026-09-14T22:00,Telkom,Gauteng,Pretoria,PTA-HAT-011,PTA-HAT-011-B,RAN,LTE2600,99.23,98.9,0.84,98.35,47.46,13.16,42.5,-81.9,-11.3,19.8,36.52,33,0.008,normal,
2026-09-14T22:00,Telkom,Gauteng,Pretoria,PTA-HAT-011,PTA-HAT-011-C,RAN,LTE2600,99.34,99.34,0.79,99.31,40.38,12.93,50.1,-82.2,-10.7,15.4,44.45,42,0.031,normal,
2026-09-14T22:00,Telkom,Western Cape,Cape Town,CPT-BEL-007,CPT-BEL-007-A,RAN,LTE1800,99.02,99.27,0.34,98.54,33.08,11.15,47.4,-84.6,-9.4,10.9,47.46,37,0.034,normal,
2026-09-14T22:00,Telkom,Western Cape,Cape Town,CPT-BEL-007,CPT-BEL-007-B,RAN,LTE1800,98.84,99.17,0.56,99.53,35.91,14.7,58.9,-89.5,-12.5,15.3,60.19,43,0.005,normal,
2026-09-14T22:00,Telkom,Western Cape,Cape Town,CPT-BEL-007,CPT-BEL-007-C,RAN,LTE1800,98.81,97.7,0.4,98.52,43.56,12.92,61.3,-86.3,-9.8,16.7,53.78,37,0.017,normal,
2026-09-14T22:15,Telkom,Gauteng,Johannesburg,JHB-CBD-003,JHB-CBD-003-A,RAN,LTE1800,98.34,99.2,0.43,98.68,38.4,10.22,43.0,-84.8,-10.3,18.1,54.73,40,0.049,normal,
2026-09-14T22:15,Telkom,Gauteng,Johannesburg,JHB-CBD-003,JHB-CBD-003-B,RAN,LTE1800,99.08,99.33,0.85,98.54,31.93,11.58,59.1,-84.4,-9.3,18.3,57.37,44,0.003,normal,
2026-09-14T22:15,Telkom,Gauteng,Johannesburg,JHB-CBD-003,JHB-CBD-003-C,RAN,LTE1800,99.01,98.53,0.34,98.4,48.75,13.61,54.3,-83.8,-10.7,20.0,52.08,44,0.046,normal,
2026-09-14T22:15,Telkom,Gauteng,Soweto,JHB-SOW-018,JHB-SOW-018-A,RAN,LTE2100,99.07,98.85,0.75,98.86,36.88,16.26,51.7,-84.3,-11.2,15.5,51.54,37,0.048,normal,
2026-09-14T22:15,Telkom,Gauteng,Soweto,JHB-SOW-018,JHB-SOW-018-B,RAN,LTE2100,98.72,98.28,0.39,99.07,43.5,11.92,52.3,-84.2,-9.0,19.0,46.43,31,0.044,normal,
2026-09-14T22:15,Telkom,Gauteng,Soweto,JHB-SOW-018,JHB-SOW-018-C,RAN,LTE2100,98.41,98.74,0.2,98.72,39.53,12.59,47.2,-82.7,-10.4,11.8,52.26,40,0.01,normal,
2026-09-14T22:15,Telkom,Gauteng,Pretoria,PTA-HAT-011,PTA-HAT-011-A,RAN,LTE2600,98.8,98.0,0.64,98.52,47.24,12.74,51.3,-88.7,-11.0,18.3,49.13,46,0.045,normal,
2026-09-14T22:15,Telkom,Gauteng,Pretoria,PTA-HAT-011,PTA-HAT-011-B,RAN,LTE2600,99.42,98.66,0.14,98.58,29.84,11.33,57.6,-87.2,-10.0,19.1,58.94,42,0.01,normal,
2026-09-14T22:15,Telkom,Gauteng,Pretoria,PTA-HAT-011,PTA-HAT-011-C,RAN,LTE2600,98.7,98.95,0.37,98.76,40.88,12.58,53.2,-86.5,-8.1,16.0,46.06,37,0.003,normal,
2026-09-14T22:15,Telkom,Western Cape,Cape Town,CPT-BEL-007,CPT-BEL-007-A,RAN,LTE1800,98.6,99.01,0.35,98.49,42.13,12.97,51.5,-81.5,-8.4,18.5,44.65,37,0.001,normal,
2026-09-14T22:15,Telkom,Western Cape,Cape Town,CPT-BEL-007,CPT-BEL-007-B,RAN,LTE1800,98.31,99.21,0.31,97.98,42.82,14.13,53.3,-85.9,-10.2,16.5,40.63,33,0.012,normal,
2026-09-14T22:15,Telkom,Western Cape,Cape Town,CPT-BEL-007,CPT-BEL-007-C,RAN,LTE1800,99.24,99.05,0.64,98.33,43.45,9.53,52.5,-84.4,-13.0,12.2,47.12,36,0.034,normal,
2026-09-14T22:30,Telkom,Gauteng,Johannesburg,JHB-CBD-003,JHB-CBD-003-A,RAN,LTE1800,99.25,98.83,0.13,98.53,41.76,15.7,54.3,-88.0,-10.7,17.0,49.05,38,0.003,normal,
2026-09-14T22:30,Telkom,Gauteng,Johannesburg,JHB-CBD-003,JHB-CBD-003-B,RAN,LTE1800,99.08,99.0,0.31,98.94,30.13,12.7,44.9,-81.9,-11.1,19.0,55.34,38,0.023,normal,
2026-09-14T22:30,Telkom,Gauteng,Johannesburg,JHB-CBD-003,JHB-CBD-003-C,RAN,LTE1800,99.33,99.14,0.93,99.54,35.39,9.06,48.6,-89.9,-9.6,18.3,51.13,37,0.029,normal,
2026-09-14T22:30,Telkom,Gauteng,Soweto,JHB-SOW-018,JHB-SOW-018-A,RAN,LTE2100,99.27,98.34,0.38,98.7,36.01,12.87,49.7,-87.0,-8.2,17.7,44.64,34,0.021,normal,
2026-09-14T22:30,Telkom,Gauteng,Soweto,JHB-SOW-018,JHB-SOW-018-B,RAN,LTE2100,99.61,98.43,0.05,98.37,47.39,13.32,46.0,-85.7,-11.5,13.5,41.62,40,0.039,normal,
2026-09-14T22:30,Telkom,Gauteng,Soweto,JHB-SOW-018,JHB-SOW-018-C,RAN,LTE2100,99.49,99.17,0.46,98.22,40.55,12.7,47.7,-87.4,-11.3,16.0,46.63,42,0.035,normal,
2026-09-14T22:30,Telkom,Gauteng,Pretoria,PTA-HAT-011,PTA-HAT-011-A,RAN,LTE2600,99.55,98.6,0.45,98.35,35.18,11.2,50.5,-86.7,-8.5,19.1,52.71,48,0.035,normal,
2026-09-14T22:30,Telkom,Gauteng,Pretoria,PTA-HAT-011,PTA-HAT-011-B,RAN,LTE2600,98.89,99.06,0.68,97.61,42.54,12.4,55.0,-87.7,-10.9,19.2,49.98,46,0.005,normal,
2026-09-14T22:30,Telkom,Gauteng,Pretoria,PTA-HAT-011,PTA-HAT-011-C,RAN,LTE2600,98.69,98.62,0.49,98.91,41.8,11.68,40.7,-91.2,-10.6,17.2,48.35,39,0.009,normal,
2026-09-14T22:30,Telkom,Western Cape,Cape Town,CPT-BEL-007,CPT-BEL-007-A,RAN,LTE1800,99.16,98.81,0.05,97.44,46.54,9.84,51.6,-81.7,-10.0,15.1,48.84,29,0.018,normal,
2026-09-14T22:30,Telkom,Western Cape,Cape Town,CPT-BEL-007,CPT-BEL-007-B,RAN,LTE1800,98.65,99.49,0.13,97.99,51.65,12.52,57.1,-79.9,-11.6,15.8,39.51,34,0.013,normal,
2026-09-14T22:30,Telkom,Western Cape,Cape Town,CPT-BEL-007,CPT-BEL-007-C,RAN,LTE1800,99.0,98.57,0.64,98.35,40.98,15.7,36.1,-85.3,-9.1,14.5,45.21,33,0.015,normal,
2026-09-14T22:45,Telkom,Gauteng,Johannesburg,JHB-CBD-003,JHB-CBD-003-A,RAN,LTE1800,98.43,99.02,0.29,99.09,37.54,11.95,52.7,-94.6,-10.0,18.2,48.16,29,0.001,normal,
2026-09-14T22:45,Telkom,Gauteng,Johannesburg,JHB-CBD-003,JHB-CBD-003-B,RAN,LTE1800,99.12,98.71,0.85,99.18,44.96,11.82,41.6,-81.9,-10.2,15.7,46.25,43,0.042,normal,
2026-09-14T22:45,Telkom,Gauteng,Johannesburg,JHB-CBD-003,JHB-CBD-003-C,RAN,LTE1800,99.25,99.13,0.46,98.86,35.01,15.2,47.2,-78.4,-8.8,17.5,50.55,45,0.025,normal,
2026-09-14T22:45,Telkom,Gauteng,Soweto,JHB-SOW-018,JHB-SOW-018-A,RAN,LTE2100,99.29,98.1,0.22,98.36,42.75,15.86,40.0,-91.0,-11.4,18.4,42.15,30,0.042,normal,
2026-09-14T22:45,Telkom,Gauteng,Soweto,JHB-SOW-018,JHB-SOW-018-B,RAN,LTE2100,98.78,98.68,0.67,98.26,31.64,10.48,60.8,-89.2,-10.6,17.2,64.59,43,0.027,normal,
2026-09-14T22:45,Telkom,Gauteng,Soweto,JHB-SOW-018,JHB-SOW-018-C,RAN,LTE2100,98.93,99.17,0.67,97.58,37.34,11.4,53.8,-87.7,-10.6,17.7,46.43,28,0.017,normal,
2026-09-14T22:45,Telkom,Gauteng,Pretoria,PTA-HAT-011,PTA-HAT-011-A,RAN,LTE2600,98.88,98.52,0.82,99.2,45.33,12.97,60.5,-86.4,-12.0,20.2,43.01,32,0.033,normal,
2026-09-14T22:45,Telkom,Gauteng,Pretoria,PTA-HAT-011,PTA-HAT-011-B,RAN,LTE2600,99.44,99.03,0.51,98.93,37.57,14.2,52.9,-89.8,-9.7,18.7,48.06,37,0.023,normal,
2026-09-14T22:45,Telkom,Gauteng,Pretoria,PTA-HAT-011,PTA-HAT-011-C,RAN,LTE2600,99.5,99.13,0.49,99.07,42.05,12.9,52.0,-88.3,-7.3,16.6,47.6,35,0.04,normal,
2026-09-14T22:45,Telkom,Western Cape,Cape Town,CPT-BEL-007,CPT-BEL-007-A,RAN,LTE1800,99.0,98.78,0.59,98.79,35.92,10.88,51.6,-85.4,-9.9,18.1,49.08,32,0.034,normal,
2026-09-14T22:45,Telkom,Western Cape,Cape Town,CPT-BEL-007,CPT-BEL-007-B,RAN,LTE1800,99.37,99.02,0.84,98.74,39.97,10.97,58.6,-84.8,-9.1,17.3,45.2,34,0.049,normal,
2026-09-14T22:45,Telkom,Western Cape,Cape Town,CPT-BEL-007,CPT-BEL-007-C,RAN,LTE1800,98.85,98.81,0.5,98.48,39.08,12.77,54.9,-85.9,-8.7,18.1,48.38,28,0.024,normal,
2026-09-14T23:00,Telkom,Gauteng,Johannesburg,JHB-CBD-003,JHB-CBD-003-A,RAN,LTE1800,98.83,99.13,0.54,99.16,44.55,13.42,53.3,-82.7,-10.1,17.3,54.13,26,0.01,normal,
2026-09-14T23:00,Telkom,Gauteng,Johannesburg,JHB-CBD-003,JHB-CBD-003-B,RAN,LTE1800,99.23,98.59,0.15,98.08,38.69,9.8,55.1,-79.5,-10.1,15.3,53.87,37,0.041,normal,
2026-09-14T23:00,Telkom,Gauteng,Johannesburg,JHB-CBD-003,JHB-CBD-003-C,RAN,LTE1800,99.33,98.27,0.75,98.18,41.76,15.75,45.2,-83.7,-11.1,18.7,43.33,34,0.043,normal,
2026-09-14T23:00,Telkom,Gauteng,Soweto,JHB-SOW-018,JHB-SOW-018-A,RAN,LTE2100,98.88,98.62,0.68,99.59,36.85,12.8,51.0,-86.3,-8.8,13.6,54.45,29,0.031,normal,
2026-09-14T23:00,Telkom,Gauteng,Soweto,JHB-SOW-018,JHB-SOW-018-B,RAN,LTE2100,98.9,98.98,0.31,98.69,52.57,10.37,47.5,-89.2,-8.9,18.7,44.35,35,0.045,normal,
2026-09-14T23:00,Telkom,Gauteng,Soweto,JHB-SOW-018,JHB-SOW-018-C,RAN,LTE2100,99.09,98.7,0.26,98.85,43.13,10.08,44.3,-84.3,-9.6,18.6,47.04,33,0.02,normal,
2026-09-14T23:00,Telkom,Gauteng,Pretoria,PTA-HAT-011,PTA-HAT-011-A,RAN,LTE2600,98.77,99.13,0.64,98.33,39.81,10.98,66.2,-85.0,-12.8,22.1,53.18,41,0.022,normal,
2026-09-14T23:00,Telkom,Gauteng,Pretoria,PTA-HAT-011,PTA-HAT-011-B,RAN,LTE2600,98.58,98.82,0.29,98.71,36.91,11.62,58.0,-85.6,-10.2,13.6,45.33,31,0.049,normal,
2026-09-14T23:00,Telkom,Gauteng,Pretoria,PTA-HAT-011,PTA-HAT-011-C,RAN,LTE2600,99.32,99.68,0.57,98.63,36.95,15.59,55.2,-83.9,-10.6,16.7,52.75,39,0.002,normal,
2026-09-14T23:00,Telkom,Western Cape,Cape Town,CPT-BEL-007,CPT-BEL-007-A,RAN,LTE1800,99.05,98.53,0.74,98.74,44.12,13.26,56.2,-90.1,-11.1,19.1,44.52,36,0.008,normal,
2026-09-14T23:00,Telkom,Western Cape,Cape Town,CPT-BEL-007,CPT-BEL-007-B,RAN,LTE1800,99.52,98.35,0.77,99.27,45.39,11.5,45.6,-85.9,-10.6,18.1,39.57,29,0.015,normal,
2026-09-14T23:00,Telkom,Western Cape,Cape Town,CPT-BEL-007,CPT-BEL-007-C,RAN,LTE1800,99.5,98.75,0.07,98.55,44.36,14.69,49.5,-86.8,-12.5,16.0,44.4,31,0.037,normal,
2026-09-14T23:15,Telkom,Gauteng,Johannesburg,JHB-CBD-003,JHB-CBD-003-A,RAN,LTE1800,98.86,98.7,0.32,98.52,39.69,10.1,57.8,-88.1,-10.3,18.1,51.35,39,0.042,normal,
2026-09-14T23:15,Telkom,Gauteng,Johannesburg,JHB-CBD-003,JHB-CBD-003-B,RAN,LTE1800,98.6,99.2,0.26,97.84,39.67,12.86,54.6,-91.1,-10.2,16.2,56.55,36,0.033,normal,
2026-09-14T23:15,Telkom,Gauteng,Johannesburg,JHB-CBD-003,JHB-CBD-003-C,RAN,LTE1800,98.87,98.69,0.59,98.51,45.25,16.0,44.4,-82.0,-11.2,15.7,45.19,36,0.027,normal,
2026-09-14T23:15,Telkom,Gauteng,Soweto,JHB-SOW-018,JHB-SOW-018-A,RAN,LTE2100,99.9,99.03,0.1,98.43,35.68,10.06,56.6,-91.3,-9.4,15.6,53.0,31,0.029,normal,
2026-09-14T23:15,Telkom,Gauteng,Soweto,JHB-SOW-018,JHB-SOW-018-B,RAN,LTE2100,98.58,98.67,0.42,97.47,36.68,11.1,50.2,-86.5,-8.8,16.9,48.99,29,0.001,normal,
2026-09-14T23:15,Telkom,Gauteng,Soweto,JHB-SOW-018,JHB-SOW-018-C,RAN,LTE2100,99.22,98.88,0.53,98.71,42.41,15.05,52.0,-86.1,-10.6,17.7,29.74,30,0.011,normal,
2026-09-14T23:15,Telkom,Gauteng,Pretoria,PTA-HAT-011,PTA-HAT-011-A,RAN,LTE2600,99.29,98.71,0.58,99.21,38.81,12.1,63.3,-88.8,-12.9,16.8,52.14,38,0.039,normal,
2026-09-14T23:15,Telkom,Gauteng,Pretoria,PTA-HAT-011,PTA-HAT-011-B,RAN,LTE2600,98.92,98.81,0.54,98.28,35.32,12.41,53.8,-87.7,-9.5,15.9,51.3,35,0.047,normal,
2026-09-14T23:15,Telkom,Gauteng,Pretoria,PTA-HAT-011,PTA-HAT-011-C,RAN,LTE2600,99.27,99.1,0.57,98.08,37.81,13.51,49.6,-84.9,-9.3,15.2,47.61,37,0.016,normal,
2026-09-14T23:15,Telkom,Western Cape,Cape Town,CPT-BEL-007,CPT-BEL-007-A,RAN,LTE1800,99.67,98.59,0.54,98.14,51.65,16.03,57.6,-85.5,-9.9,16.4,33.7,27,0.046,normal,
2026-09-14T23:15,Telkom,Western Cape,Cape Town,CPT-BEL-007,CPT-BEL-007-B,RAN,LTE1800,99.1,99.63,0.19,97.83,42.84,12.7,57.4,-89.2,-8.7,14.4,46.36,34,0.038,normal,
2026-09-14T23:15,Telkom,Western Cape,Cape Town,CPT-BEL-007,CPT-BEL-007-C,RAN,LTE1800,99.55,99.14,0.52,99.65,37.63,14.14,46.3,-89.0,-9.0,17.4,48.51,29,0.007,normal,
2026-09-14T23:30,Telkom,Gauteng,Johannesburg,JHB-CBD-003,JHB-CBD-003-A,RAN,LTE1800,98.66,98.98,0.61,98.02,38.44,11.86,52.2,-86.2,-10.3,17.6,48.59,34,0.013,normal,
2026-09-14T23:30,Telkom,Gauteng,Johannesburg,JHB-CBD-003,JHB-CBD-003-B,RAN,LTE1800,99.44,98.04,0.52,98.28,39.59,13.88,54.5,-85.3,-10.3,16.2,49.12,40,0.014,normal,
2026-09-14T23:30,Telkom,Gauteng,Johannesburg,JHB-CBD-003,JHB-CBD-003-C,RAN,LTE1800,99.23,98.93,0.57,98.34,38.6,14.54,61.5,-84.7,-8.7,18.8,45.77,29,0.033,normal,
2026-09-14T23:30,Telkom,Gauteng,Soweto,JHB-SOW-018,JHB-SOW-018-A,RAN,LTE2100,99.25,98.82,0.64,97.52,44.91,14.41,50.9,-85.6,-12.0,15.8,54.73,37,0.024,normal,
2026-09-14T23:30,Telkom,Gauteng,Soweto,JHB-SOW-018,JHB-SOW-018-B,RAN,LTE2100,99.46,98.39,0.54,98.59,44.08,13.22,50.5,-86.3,-9.9,19.2,44.5,27,0.04,normal,
2026-09-14T23:30,Telkom,Gauteng,Soweto,JHB-SOW-018,JHB-SOW-018-C,RAN,LTE2100,99.08,99.36,0.4,98.75,46.71,13.42,50.1,-89.0,-10.1,18.9,40.86,34,0.033,normal,
2026-09-14T23:30,Telkom,Gauteng,Pretoria,PTA-HAT-011,PTA-HAT-011-A,RAN,LTE2600,99.69,99.35,0.41,97.82,33.99,11.67,53.4,-82.8,-8.7,14.9,55.44,38,0.037,normal,
2026-09-14T23:30,Telkom,Gauteng,Pretoria,PTA-HAT-011,PTA-HAT-011-B,RAN,LTE2600,99.25,98.7,0.36,98.4,39.67,11.62,56.5,-89.9,-8.9,16.7,45.53,30,0.004,normal,
2026-09-14T23:30,Telkom,Gauteng,Pretoria,PTA-HAT-011,PTA-HAT-011-C,RAN,LTE2600,99.08,98.78,0.64,98.38,38.23,15.21,52.9,-88.1,-10.6,18.8,50.42,38,0.045,normal,
2026-09-14T23:30,Telkom,Western Cape,Cape Town,CPT-BEL-007,CPT-BEL-007-A,RAN,LTE1800,98.64,98.75,0.41,98.33,44.53,12.24,48.1,-85.0,-10.8,17.5,50.21,30,0.019,normal,
2026-09-14T23:30,Telkom,Western Cape,Cape Town,CPT-BEL-007,CPT-BEL-007-B,RAN,LTE1800,98.93,98.74,0.44,98.62,39.5,9.75,53.1,-84.8,-8.6,14.2,52.18,40,0.022,normal,
2026-09-14T23:30,Telkom,Western Cape,Cape Town,CPT-BEL-007,CPT-BEL-007-C,RAN,LTE1800,99.04,98.51,0.62,98.27,48.42,12.81,46.4,-88.9,-10.0,17.7,41.4,33,0.009,normal,
2026-09-14T23:45,Telkom,Gauteng,Johannesburg,JHB-CBD-003,JHB-CBD-003-A,RAN,LTE1800,98.27,99.33,0.74,98.05,44.32,14.81,45.8,-85.0,-11.7,18.1,41.99,30,0.019,normal,
2026-09-14T23:45,Telkom,Gauteng,Johannesburg,JHB-CBD-003,JHB-CBD-003-B,RAN,LTE1800,98.85,98.91,0.79,98.48,44.88,14.61,51.9,-87.6,-11.1,21.1,49.47,38,0.049,normal,
2026-09-14T23:45,Telkom,Gauteng,Johannesburg,JHB-CBD-003,JHB-CBD-003-C,RAN,LTE1800,99.08,98.46,0.39,98.3,43.46,12.87,52.2,-83.6,-12.0,15.4,42.03,31,0.03,normal,
2026-09-14T23:45,Telkom,Gauteng,Soweto,JHB-SOW-018,JHB-SOW-018-A,RAN,LTE2100,98.74,99.0,0.32,99.06,43.06,13.85,49.2,-88.3,-9.8,15.4,44.99,25,0.007,normal,
2026-09-14T23:45,Telkom,Gauteng,Soweto,JHB-SOW-018,JHB-SOW-018-B,RAN,LTE2100,98.47,99.53,0.73,98.49,44.11,14.3,55.3,-85.8,-10.1,15.6,47.75,32,0.037,normal,
2026-09-14T23:45,Telkom,Gauteng,Soweto,JHB-SOW-018,JHB-SOW-018-C,RAN,LTE2100,99.04,99.35,0.59,98.76,43.38,15.45,56.0,-86.8,-9.7,14.0,41.52,31,0.035,normal,
2026-09-14T23:45,Telkom,Gauteng,Pretoria,PTA-HAT-011,PTA-HAT-011-A,RAN,LTE2600,98.83,98.56,0.61,98.59,46.02,13.9,62.5,-85.0,-9.0,18.5,47.19,43,0.05,normal,
2026-09-14T23:45,Telkom,Gauteng,Pretoria,PTA-HAT-011,PTA-HAT-011-B,RAN,LTE2600,98.7,99.06,0.07,98.4,42.52,11.48,62.6,-84.7,-10.8,15.3,54.63,35,0.049,normal,
2026-09-14T23:45,Telkom,Gauteng,Pretoria,PTA-HAT-011,PTA-HAT-011-C,RAN,LTE2600,99.07,98.81,0.32,98.11,42.46,10.86,58.6,-83.7,-8.9,12.9,51.81,38,0.048,normal,
2026-09-14T23:45,Telkom,Western Cape,Cape Town,CPT-BEL-007,CPT-BEL-007-A,RAN,LTE1800,98.85,98.8,0.5,98.71,37.83,13.38,55.0,-81.6,-11.5,16.5,52.56,35,0.044,normal,
2026-09-14T23:45,Telkom,Western Cape,Cape Town,CPT-BEL-007,CPT-BEL-007-B,RAN,LTE1800,98.95,98.36,0.89,99.04,44.38,15.07,58.1,-84.2,-11.3,16.5,41.26,27,0.037,normal,
2026-09-14T23:45,Telkom,Western Cape,Cape Town,CPT-BEL-007,CPT-BEL-007-C,RAN,LTE1800,99.69,99.0,0.25,98.46,45.61,15.23,54.9,-88.2,-11.3,18.9,41.28,35,0.036,normal,
2026-09-15T00:00,Telkom,Gauteng,Johannesburg,JHB-CBD-003,JHB-CBD-003-A,RAN,LTE1800,99.71,98.45,0.62,98.93,38.61,17.01,43.5,-83.9,-11.2,16.9,46.31,35,0.034,normal,
2026-09-15T00:00,Telkom,Gauteng,Johannesburg,JHB-CBD-003,JHB-CBD-003-B,RAN,LTE1800,99.0,98.37,0.64,98.16,31.95,12.05,52.0,-84.2,-9.3,17.4,50.04,32,0.009,normal,
2026-09-15T00:00,Telkom,Gauteng,Johannesburg,JHB-CBD-003,JHB-CBD-003-C,RAN,LTE1800,98.68,98.71,0.48,99.2,35.13,13.36,50.7,-82.5,-9.9,15.4,52.24,27,0.026,normal,
2026-09-15T00:00,Telkom,Gauteng,Soweto,JHB-SOW-018,JHB-SOW-018-A,RAN,LTE2100,99.78,98.61,0.47,99.48,42.12,12.21,48.5,-86.2,-8.6,14.5,42.89,25,0.044,normal,
2026-09-15T00:00,Telkom,Gauteng,Soweto,JHB-SOW-018,JHB-SOW-018-B,RAN,LTE2100,98.99,98.72,0.29,98.75,42.01,12.8,53.4,-85.3,-9.8,18.1,43.41,30,0.008,normal,
2026-09-15T00:00,Telkom,Gauteng,Soweto,JHB-SOW-018,JHB-SOW-018-C,RAN,LTE2100,99.9,99.25,0.37,99.15,35.74,11.99,54.6,-86.1,-10.0,14.9,48.04,17,0.007,normal,
2026-09-15T00:00,Telkom,Gauteng,Pretoria,PTA-HAT-011,PTA-HAT-011-A,RAN,LTE2600,99.16,98.69,0.32,99.27,49.68,16.12,49.4,-88.2,-10.6,19.2,30.98,33,0.026,normal,
2026-09-15T00:00,Telkom,Gauteng,Pretoria,PTA-HAT-011,PTA-HAT-011-B,RAN,LTE2600,99.13,98.55,0.05,98.67,44.94,14.86,49.3,-87.3,-9.3,12.5,50.26,37,0.029,normal,
2026-09-15T00:00,Telkom,Gauteng,Pretoria,PTA-HAT-011,PTA-HAT-011-C,RAN,LTE2600,99.12,98.87,0.17,98.88,37.02,13.02,48.7,-84.8,-9.0,13.4,55.91,38,0.032,normal,
2026-09-15T00:00,Telkom,Western Cape,Cape Town,CPT-BEL-007,CPT-BEL-007-A,RAN,LTE1800,98.96,99.24,0.57,99.38,44.01,14.29,48.5,-85.1,-10.2,18.3,53.15,32,0.0,normal,
2026-09-15T00:00,Telkom,Western Cape,Cape Town,CPT-BEL-007,CPT-BEL-007-B,RAN,LTE1800,99.5,98.71,0.72,98.88,38.97,14.34,46.9,-86.6,-11.0,19.5,52.51,29,0.025,normal,
2026-09-15T00:00,Telkom,Western Cape,Cape Town,CPT-BEL-007,CPT-BEL-007-C,RAN,LTE1800,99.37,98.84,0.05,98.79,43.82,12.18,50.5,-85.0,-8.9,17.2,39.05,24,0.05,normal,
2026-09-15T00:15,Telkom,Gauteng,Johannesburg,JHB-CBD-003,JHB-CBD-003-A,RAN,LTE1800,98.66,99.1,0.05,98.09,40.84,11.37,55.8,-85.4,-8.0,17.1,47.16,31,0.024,normal,
2026-09-15T00:15,Telkom,Gauteng,Johannesburg,JHB-CBD-003,JHB-CBD-003-B,RAN,LTE1800,99.33,98.93,0.27,98.99,36.19,14.37,57.9,-85.9,-9.9,16.5,48.08,28,0.046,normal,
2026-09-15T00:15,Telkom,Gauteng,Johannesburg,JHB-CBD-003,JHB-CBD-003-C,RAN,LTE1800,98.98,99.15,0.39,99.63,45.27,11.75,62.2,-88.2,-9.8,17.5,47.01,29,0.003,normal,
2026-09-15T00:15,Telkom,Gauteng,Soweto,JHB-SOW-018,JHB-SOW-018-A,RAN,LTE2100,98.74,98.47,0.53,98.15,38.35,13.52,41.8,-84.1,-9.6,14.4,49.37,32,0.039,normal,
2026-09-15T00:15,Telkom,Gauteng,Soweto,JHB-SOW-018,JHB-SOW-018-B,RAN,LTE2100,98.58,98.85,0.56,98.23,48.2,12.05,48.1,-87.9,-8.9,14.9,42.86,29,0.02,normal,
2026-09-15T00:15,Telkom,Gauteng,Soweto,JHB-SOW-018,JHB-SOW-018-C,RAN,LTE2100,99.13,98.96,1.0,99.48,40.82,13.31,43.3,-83.5,-9.8,19.0,44.08,30,0.0,normal,
2026-09-15T00:15,Telkom,Gauteng,Pretoria,PTA-HAT-011,PTA-HAT-011-A,RAN,LTE2600,99.05,98.83,0.68,98.84,41.19,15.68,49.8,-83.9,-9.6,15.0,41.72,27,0.024,normal,
2026-09-15T00:15,Telkom,Gauteng,Pretoria,PTA-HAT-011,PTA-HAT-011-B,RAN,LTE2600,99.61,98.4,0.63,99.22,37.93,10.85,60.3,-85.5,-11.1,18.0,56.32,39,0.009,normal,
2026-09-15T00:15,Telkom,Gauteng,Pretoria,PTA-HAT-011,PTA-HAT-011-C,RAN,LTE2600,98.86,98.92,0.15,99.71,38.25,12.43,60.4,-88.0,-11.4,18.5,43.33,32,0.037,normal,
2026-09-15T00:15,Telkom,Western Cape,Cape Town,CPT-BEL-007,CPT-BEL-007-A,RAN,LTE1800,99.03,98.8,0.68,98.4,39.34,12.8,51.4,-88.0,-10.6,18.0,50.09,37,0.037,normal,
2026-09-15T00:15,Telkom,Western Cape,Cape Town,CPT-BEL-007,CPT-BEL-007-B,RAN,LTE1800,99.31,98.47,0.27,98.72,46.9,12.38,52.5,-90.1,-12.9,17.9,37.4,27,0.023,normal,
2026-09-15T00:15,Telkom,Western Cape,Cape Town,CPT-BEL-007,CPT-BEL-007-C,RAN,LTE1800,98.69,98.79,0.56,98.38,45.82,13.85,47.3,-85.1,-10.0,12.4,35.45,28,0.015,normal,
2026-09-15T00:30,Telkom,Gauteng,Johannesburg,JHB-CBD-003,JHB-CBD-003-A,RAN,LTE1800,99.13,98.63,0.91,98.4,38.46,11.97,52.9,-86.9,-11.1,18.8,54.06,44,0.023,normal,
2026-09-15T00:30,Telkom,Gauteng,Johannesburg,JHB-CBD-003,JHB-CBD-003-B,RAN,LTE1800,99.05,98.55,0.52,98.07,43.88,12.25,55.1,-84.7,-10.4,12.8,41.42,33,0.031,normal,
2026-09-15T00:30,Telkom,Gauteng,Johannesburg,JHB-CBD-003,JHB-CBD-003-C,RAN,LTE1800,98.93,99.05,0.21,98.81,41.35,13.55,41.2,-82.4,-10.0,17.7,49.65,42,0.0,normal,
2026-09-15T00:30,Telkom,Gauteng,Soweto,JHB-SOW-018,JHB-SOW-018-A,RAN,LTE2100,99.28,98.81,0.77,98.04,43.46,13.0,39.5,-89.2,-8.4,17.2,41.95,31,0.005,normal,
2026-09-15T00:30,Telkom,Gauteng,Soweto,JHB-SOW-018,JHB-SOW-018-B,RAN,LTE2100,99.11,98.9,0.23,98.75,57.68,15.4,49.6,-82.8,-10.0,15.1,35.16,19,0.022,normal,
2026-09-15T00:30,Telkom,Gauteng,Soweto,JHB-SOW-018,JHB-SOW-018-C,RAN,LTE2100,98.78,98.4,0.96,97.87,37.54,12.53,51.0,-88.9,-9.8,14.9,52.58,30,0.022,normal,
2026-09-15T00:30,Telkom,Gauteng,Pretoria,PTA-HAT-011,PTA-HAT-011-A,RAN,LTE2600,99.07,98.69,0.05,98.58,43.17,13.49,53.7,-85.9,-8.7,16.3,48.34,42,0.037,normal,
2026-09-15T00:30,Telkom,Gauteng,Pretoria,PTA-HAT-011,PTA-HAT-011-B,RAN,LTE2600,98.41,98.53,0.69,98.72,48.46,17.22,43.6,-83.6,-10.1,18.2,38.61,37,0.024,normal,
2026-09-15T00:30,Telkom,Gauteng,Pretoria,PTA-HAT-011,PTA-HAT-011-C,RAN,LTE2600,98.95,98.77,0.55,98.9,41.87,12.91,59.9,-86.1,-9.5,15.8,52.22,37,0.008,normal,
2026-09-15T00:30,Telkom,Western Cape,Cape Town,CPT-BEL-007,CPT-BEL-007-A,RAN,LTE1800,98.96,98.93,0.68,99.44,32.4,10.26,56.0,-86.1,-9.5,15.3,47.7,27,0.016,normal,
2026-09-15T00:30,Telkom,Western Cape,Cape Town,CPT-BEL-007,CPT-BEL-007-B,RAN,LTE1800,99.36,98.6,0.36,97.96,35.97,10.25,45.9,-86.9,-9.2,17.1,54.58,36,0.039,normal,
2026-09-15T00:30,Telkom,Western Cape,Cape Town,CPT-BEL-007,CPT-BEL-007-C,RAN,LTE1800,98.91,99.3,0.3,98.45,41.71,8.75,47.5,-84.0,-12.3,16.4,46.79,29,0.009,normal,
2026-09-15T00:45,Telkom,Gauteng,Johannesburg,JHB-CBD-003,JHB-CBD-003-A,RAN,LTE1800,99.36,98.68,0.05,98.8,51.05,10.33,55.3,-87.1,-12.4,14.5,42.27,35,0.022,normal,
2026-09-15T00:45,Telkom,Gauteng,Johannesburg,JHB-CBD-003,JHB-CBD-003-B,RAN,LTE1800,98.61,98.89,0.52,97.96,49.9,12.67,52.3,-87.2,-10.0,13.8,40.97,36,0.015,normal,
2026-09-15T00:45,Telkom,Gauteng,Johannesburg,JHB-CBD-003,JHB-CBD-003-C,RAN,LTE1800,99.0,98.54,0.84,98.17,39.41,13.71,46.4,-81.9,-10.6,17.7,53.31,24,0.001,normal,
2026-09-15T00:45,Telkom,Gauteng,Soweto,JHB-SOW-018,JHB-SOW-018-A,RAN,LTE2100,99.52,98.51,0.27,99.02,49.28,13.93,54.4,-88.7,-11.0,19.5,30.2,25,0.049,normal,
2026-09-15T00:45,Telkom,Gauteng,Soweto,JHB-SOW-018,JHB-SOW-018-B,RAN,LTE2100,99.9,99.0,0.56,98.68,44.34,12.01,54.4,-92.1,-11.7,15.7,51.96,35,0.021,normal,
2026-09-15T00:45,Telkom,Gauteng,Soweto,JHB-SOW-018,JHB-SOW-018-C,RAN,LTE2100,99.62,98.4,0.52,98.75,49.49,13.69,41.2,-83.2,-8.6,17.5,34.17,34,0.048,normal,
2026-09-15T00:45,Telkom,Gauteng,Pretoria,PTA-HAT-011,PTA-HAT-011-A,RAN,LTE2600,98.47,98.83,0.53,98.64,40.47,12.51,53.0,-88.5,-9.2,16.8,51.81,34,0.016,normal,
2026-09-15T00:45,Telkom,Gauteng,Pretoria,PTA-HAT-011,PTA-HAT-011-B,RAN,LTE2600,99.04,99.1,0.86,98.22,34.33,15.37,54.1,-84.8,-9.8,18.8,53.88,44,0.036,normal,
2026-09-15T00:45,Telkom,Gauteng,Pretoria,PTA-HAT-011,PTA-HAT-011-C,RAN,LTE2600,99.09,98.8,0.41,99.38,45.44,13.15,49.1,-84.9,-8.8,17.9,44.35,25,0.009,normal,
2026-09-15T00:45,Telkom,Western Cape,Cape Town,CPT-BEL-007,CPT-BEL-007-A,RAN,LTE1800,99.11,98.5,0.5,98.98,33.99,10.83,56.7,-89.5,-11.0,19.4,51.36,40,0.018,normal,
2026-09-15T00:45,Telkom,Western Cape,Cape Town,CPT-BEL-007,CPT-BEL-007-B,RAN,LTE1800,99.21,98.66,0.18,98.21,47.78,11.76,56.9,-86.7,-9.0,17.2,43.9,39,0.045,normal,
2026-09-15T00:45,Telkom,Western Cape,Cape Town,CPT-BEL-007,CPT-BEL-007-C,RAN,LTE1800,99.25,98.91,0.27,98.48,42.49,12.31,64.0,-86.6,-9.8,15.2,45.29,30,0.039,normal,
2026-09-15T01:00,Telkom,Gauteng,Johannesburg,JHB-CBD-003,JHB-CBD-003-A,RAN,LTE1800,98.49,98.79,0.35,98.0,43.31,14.8,51.2,-88.6,-9.2,18.5,41.65,36,0.023,normal,
2026-09-15T01:00,Telkom,Gauteng,Johannesburg,JHB-CBD-003,JHB-CBD-003-B,RAN,LTE1800,99.02,99.27,0.91,97.85,44.98,15.41,52.1,-84.8,-8.6,18.4,44.9,27,0.013,normal,
2026-09-15T01:00,Telkom,Gauteng,Johannesburg,JHB-CBD-003,JHB-CBD-003-C,RAN,LTE1800,99.16,99.17,0.66,98.46,39.02,14.05,59.9,-83.7,-11.6,18.2,43.63,30,0.031,normal,
2026-09-15T01:00,Telkom,Gauteng,Soweto,JHB-SOW-018,JHB-SOW-018-A,RAN,LTE2100,98.37,98.53,0.53,98.65,40.93,10.47,52.4,-90.2,-10.5,15.6,47.24,26,0.009,normal,
2026-09-15T01:00,Telkom,Gauteng,Soweto,JHB-SOW-018,JHB-SOW-018-B,RAN,LTE2100,99.12,99.6,0.36,99.68,45.0,11.8,45.2,-85.0,-9.3,15.1,43.97,34,0.024,normal,
2026-09-15T01:00,Telkom,Gauteng,Soweto,JHB-SOW-018,JHB-SOW-018-C,RAN,LTE2100,98.76,99.48,0.33,99.23,42.31,12.16,55.8,-85.1,-7.2,17.7,44.71,29,0.017,normal,
2026-09-15T01:00,Telkom,Gauteng,Pretoria,PTA-HAT-011,PTA-HAT-011-A,RAN,LTE2600,98.8,99.08,1.01,98.37,42.07,9.74,53.0,-87.8,-10.3,14.7,50.36,34,0.013,normal,
2026-09-15T01:00,Telkom,Gauteng,Pretoria,PTA-HAT-011,PTA-HAT-011-B,RAN,LTE2600,98.61,99.5,0.51,98.2,40.6,17.61,52.8,-90.3,-9.3,15.7,40.28,31,0.025,normal,
2026-09-15T01:00,Telkom,Gauteng,Pretoria,PTA-HAT-011,PTA-HAT-011-C,RAN,LTE2600,98.97,98.7,0.89,98.6,47.83,14.07,42.7,-85.6,-8.8,15.8,43.49,30,0.045,normal,
2026-09-15T01:00,Telkom,Western Cape,Cape Town,CPT-BEL-007,CPT-BEL-007-A,RAN,LTE1800,99.34,98.18,0.46,99.0,38.75,14.76,58.2,-83.7,-9.6,15.7,47.52,32,0.037,normal,
2026-09-15T01:00,Telkom,Western Cape,Cape Town,CPT-BEL-007,CPT-BEL-007-B,RAN,LTE1800,98.92,98.81,0.47,98.93,45.23,11.64,53.7,-88.5,-9.1,14.2,40.92,29,0.033,normal,
2026-09-15T01:00,Telkom,Western Cape,Cape Town,CPT-BEL-007,CPT-BEL-007-C,RAN,LTE1800,99.33,98.88,0.52,99.23,54.36,14.13,53.2,-86.4,-9.9,19.8,31.83,25,0.009,normal,
2026-09-15T01:15,Telkom,Gauteng,Johannesburg,JHB-CBD-003,JHB-CBD-003-A,RAN,LTE1800,99.02,99.1,0.3,98.31,39.02,12.46,39.9,-85.6,-9.7,15.7,45.91,31,0.038,normal,
2026-09-15T01:15,Telkom,Gauteng,Johannesburg,JHB-CBD-003,JHB-CBD-003-B,RAN,LTE1800,99.59,98.79,0.33,98.81,60.65,16.08,44.8,-88.5,-11.6,14.9,26.77,27,0.038,normal,
2026-09-15T01:15,Telkom,Gauteng,Johannesburg,JHB-CBD-003,JHB-CBD-003-C,RAN,LTE1800,99.18,99.42,0.62,98.4,42.21,12.34,45.3,-87.0,-10.5,19.7,52.08,31,0.05,normal,
2026-09-15T01:15,Telkom,Gauteng,Soweto,JHB-SOW-018,JHB-SOW-018-A,RAN,LTE2100,99.32,99.2,0.46,97.84,49.01,13.03,46.2,-91.0,-12.2,18.6,43.47,26,0.029,normal,
2026-09-15T01:15,Telkom,Gauteng,Soweto,JHB-SOW-018,JHB-SOW-018-B,RAN,LTE2100,98.71,99.54,0.24,98.55,40.44,13.57,48.4,-86.1,-10.6,19.4,41.72,37,0.029,normal,
2026-09-15T01:15,Telkom,Gauteng,Soweto,JHB-SOW-018,JHB-SOW-018-C,RAN,LTE2100,99.04,98.36,0.55,98.73,46.61,15.64,56.4,-84.9,-8.3,15.5,40.31,18,0.022,normal,
2026-09-15T01:15,Telkom,Gauteng,Pretoria,PTA-HAT-011,PTA-HAT-011-A,RAN,LTE2600,99.18,98.78,0.55,97.87,46.44,16.43,51.6,-87.4,-10.2,18.7,43.24,34,0.016,normal,
2026-09-15T01:15,Telkom,Gauteng,Pretoria,PTA-HAT-011,PTA-HAT-011-B,RAN,LTE2600,98.89,98.52,0.43,97.93,36.31,12.32,53.3,-90.0,-8.3,15.9,47.67,28,0.046,normal,
2026-09-15T01:15,Telkom,Gauteng,Pretoria,PTA-HAT-011,PTA-HAT-011-C,RAN,LTE2600,98.76,98.45,0.63,99.23,45.17,13.09,52.2,-85.6,-9.7,16.4,52.01,45,0.005,normal,
2026-09-15T01:15,Telkom,Western Cape,Cape Town,CPT-BEL-007,CPT-BEL-007-A,RAN,LTE1800,99.68,97.47,0.29,98.49,56.0,15.98,49.9,-89.1,-10.7,17.6,36.76,31,0.01,normal,
2026-09-15T01:15,Telkom,Western Cape,Cape Town,CPT-BEL-007,CPT-BEL-007-B,RAN,LTE1800,99.19,99.07,0.52,98.46,47.82,13.2,49.4,-86.4,-10.9,16.4,47.16,27,0.04,normal,
2026-09-15T01:15,Telkom,Western Cape,Cape Town,CPT-BEL-007,CPT-BEL-007-C,RAN,LTE1800,98.98,99.36,0.38,98.2,50.21,10.01,53.4,-84.0,-10.3,18.8,39.93,36,0.0,normal,
2026-09-15T01:30,Telkom,Gauteng,Johannesburg,JHB-CBD-003,JHB-CBD-003-A,RAN,LTE1800,98.8,99.27,0.37,98.9,43.74,17.24,55.6,-91.3,-11.5,16.7,53.27,37,0.024,normal,
2026-09-15T01:30,Telkom,Gauteng,Johannesburg,JHB-CBD-003,JHB-CBD-003-B,RAN,LTE1800,99.08,98.84,0.47,98.87,37.34,10.19,45.1,-86.3,-8.0,19.6,41.06,28,0.008,normal,
2026-09-15T01:30,Telkom,Gauteng,Johannesburg,JHB-CBD-003,JHB-CBD-003-C,RAN,LTE1800,98.48,98.84,0.13,98.89,49.01,14.31,62.7,-84.8,-10.3,15.4,42.2,25,0.044,normal,
2026-09-15T01:30,Telkom,Gauteng,Soweto,JHB-SOW-018,JHB-SOW-018-A,RAN,LTE2100,98.84,98.74,0.45,98.78,49.7,12.39,44.2,-88.5,-10.5,19.6,42.87,30,0.005,normal,
2026-09-15T01:30,Telkom,Gauteng,Soweto,JHB-SOW-018,JHB-SOW-018-B,RAN,LTE2100,99.21,99.34,0.81,98.88,44.93,14.76,34.4,-83.7,-10.6,17.1,41.66,26,0.023,normal,
2026-09-15T01:30,Telkom,Gauteng,Soweto,JHB-SOW-018,JHB-SOW-018-C,RAN,LTE2100,99.32,98.71,0.32,98.32,39.42,13.01,51.9,-86.3,-9.4,20.2,49.63,23,0.019,normal,
2026-09-15T01:30,Telkom,Gauteng,Pretoria,PTA-HAT-011,PTA-HAT-011-A,RAN,LTE2600,99.9,98.82,0.29,98.26,41.09,13.16,47.2,-90.3,-8.6,15.6,43.44,26,0.011,normal,
2026-09-15T01:30,Telkom,Gauteng,Pretoria,PTA-HAT-011,PTA-HAT-011-B,RAN,LTE2600,99.12,98.14,0.69,98.09,44.66,11.57,42.5,-90.7,-8.6,17.9,52.07,33,0.028,normal,
2026-09-15T01:30,Telkom,Gauteng,Pretoria,PTA-HAT-011,PTA-HAT-011-C,RAN,LTE2600,99.65,99.57,0.14,98.34,47.98,14.44,61.6,-85.1,-11.5,14.9,52.7,40,0.011,normal,
2026-09-15T01:30,Telkom,Western Cape,Cape Town,CPT-BEL-007,CPT-BEL-007-A,RAN,LTE1800,98.9,98.58,0.78,98.03,43.3,11.88,55.3,-84.8,-9.0,19.1,52.38,30,0.048,normal,
2026-09-15T01:30,Telkom,Western Cape,Cape Town,CPT-BEL-007,CPT-BEL-007-B,RAN,LTE1800,99.22,98.67,0.36,97.92,40.77,12.27,56.1,-84.9,-11.2,16.1,46.43,37,0.02,normal,
2026-09-15T01:30,Telkom,Western Cape,Cape Town,CPT-BEL-007,CPT-BEL-007-C,RAN,LTE1800,98.84,98.67,0.61,97.21,48.49,12.05,48.8,-83.0,-9.3,13.4,43.17,26,0.026,normal,
2026-09-15T01:45,Telkom,Gauteng,Johannesburg,JHB-CBD-003,JHB-CBD-003-A,RAN,LTE1800,99.1,98.41,0.54,98.96,40.03,12.41,54.2,-85.7,-10.6,16.6,48.08,38,0.0,normal,
2026-09-15T01:45,Telkom,Gauteng,Johannesburg,JHB-CBD-003,JHB-CBD-003-B,RAN,LTE1800,99.27,98.58,0.34,98.28,41.93,15.11,47.7,-88.8,-11.0,17.2,38.84,29,0.006,normal,
2026-09-15T01:45,Telkom,Gauteng,Johannesburg,JHB-CBD-003,JHB-CBD-003-C,RAN,LTE1800,98.57,98.81,0.56,97.9,54.29,14.15,43.6,-82.1,-10.2,18.8,37.22,21,0.03,normal,
2026-09-15T01:45,Telkom,Gauteng,Soweto,JHB-SOW-018,JHB-SOW-018-A,RAN,LTE2100,99.68,98.78,0.25,99.48,43.87,11.95,58.9,-85.3,-10.4,16.4,42.99,27,0.015,normal,
2026-09-15T01:45,Telkom,Gauteng,Soweto,JHB-SOW-018,JHB-SOW-018-B,RAN,LTE2100,98.72,99.24,0.17,98.82,36.91,12.78,47.0,-83.8,-12.6,14.8,44.99,21,0.016,normal,
2026-09-15T01:45,Telkom,Gauteng,Soweto,JHB-SOW-018,JHB-SOW-018-C,RAN,LTE2100,99.24,98.35,0.48,98.34,49.83,16.27,48.1,-85.6,-11.8,16.6,36.14,26,0.026,normal,
2026-09-15T01:45,Telkom,Gauteng,Pretoria,PTA-HAT-011,PTA-HAT-011-A,RAN,LTE2600,99.28,98.48,0.38,98.7,41.46,10.56,55.3,-86.0,-9.4,16.6,42.34,29,0.018,normal,
2026-09-15T01:45,Telkom,Gauteng,Pretoria,PTA-HAT-011,PTA-HAT-011-B,RAN,LTE2600,98.95,99.04,0.15,97.9,46.63,12.3,56.4,-83.9,-11.9,16.5,45.9,34,0.041,normal,
2026-09-15T01:45,Telkom,Gauteng,Pretoria,PTA-HAT-011,PTA-HAT-011-C,RAN,LTE2600,99.01,98.54,0.05,97.87,41.96,11.54,44.3,-88.9,-10.8,15.0,36.21,29,0.002,normal,
2026-09-15T01:45,Telkom,Western Cape,Cape Town,CPT-BEL-007,CPT-BEL-007-A,RAN,LTE1800,99.77,99.46,0.48,98.57,35.07,9.69,54.9,-88.8,-9.6,18.3,48.28,33,0.028,normal,
2026-09-15T01:45,Telkom,Western Cape,Cape Town,CPT-BEL-007,CPT-BEL-007-B,RAN,LTE1800,99.11,98.64,0.67,98.71,38.15,13.06,43.3,-89.2,-9.8,16.1,55.76,39,0.028,normal,
2026-09-15T01:45,Telkom,Western Cape,Cape Town,CPT-BEL-007,CPT-BEL-007-C,RAN,LTE1800,99.5,98.89,0.95,98.5,40.41,14.58,58.0,-85.7,-10.3,15.8,48.61,32,0.015,normal,
2026-09-15T02:00,Telkom,Gauteng,Johannesburg,JHB-CBD-003,JHB-CBD-003-A,RAN,LTE1800,99.66,98.86,0.43,99.21,36.53,14.13,58.9,-85.4,-9.8,17.1,57.79,38,0.04,normal,
2026-09-15T02:00,Telkom,Gauteng,Johannesburg,JHB-CBD-003,JHB-CBD-003-B,RAN,LTE1800,98.89,99.02,0.84,98.78,45.06,13.35,52.5,-88.8,-10.6,17.1,44.73,38,0.028,normal,
2026-09-15T02:00,Telkom,Gauteng,Johannesburg,JHB-CBD-003,JHB-CBD-003-C,RAN,LTE1800,99.51,98.71,0.46,98.99,43.52,14.24,50.8,-85.7,-10.6,13.4,45.11,37,0.045,normal,
2026-09-15T02:00,Telkom,Gauteng,Soweto,JHB-SOW-018,JHB-SOW-018-A,RAN,LTE2100,98.98,98.67,0.58,97.41,41.94,13.19,48.3,-82.1,-9.8,17.7,50.34,32,0.035,normal,
2026-09-15T02:00,Telkom,Gauteng,Soweto,JHB-SOW-018,JHB-SOW-018-B,RAN,LTE2100,98.88,98.72,0.47,98.58,34.23,12.33,45.6,-85.8,-9.3,14.0,55.04,40,0.01,normal,
2026-09-15T02:00,Telkom,Gauteng,Soweto,JHB-SOW-018,JHB-SOW-018-C,RAN,LTE2100,99.04,98.22,0.47,98.35,39.34,12.89,49.2,-86.5,-11.5,14.0,40.96,26,0.002,normal,
2026-09-15T02:00,Telkom,Gauteng,Pretoria,PTA-HAT-011,PTA-HAT-011-A,RAN,LTE2600,98.75,98.93,0.95,98.45,40.39,11.5,56.8,-82.6,-8.7,19.3,51.09,40,0.022,normal,
2026-09-15T02:00,Telkom,Gauteng,Pretoria,PTA-HAT-011,PTA-HAT-011-B,RAN,LTE2600,98.69,99.42,0.67,98.99,42.57,11.61,49.4,-89.6,-8.9,12.6,47.57,37,0.049,normal,
2026-09-15T02:00,Telkom,Gauteng,Pretoria,PTA-HAT-011,PTA-HAT-011-C,RAN,LTE2600,99.05,98.7,0.75,98.21,44.85,14.04,53.5,-84.1,-8.9,17.2,45.84,32,0.016,normal,
2026-09-15T02:00,Telkom,Western Cape,Cape Town,CPT-BEL-007,CPT-BEL-007-A,RAN,LTE1800,99.9,98.89,0.44,98.5,35.57,9.95,54.1,-83.8,-9.0,18.0,44.4,27,0.027,normal,
2026-09-15T02:00,Telkom,Western Cape,Cape Town,CPT-BEL-007,CPT-BEL-007-B,RAN,LTE1800,98.81,98.29,0.61,98.98,39.32,11.54,60.7,-86.2,-9.9,17.0,43.05,24,0.042,normal,
2026-09-15T02:00,Telkom,Western Cape,Cape Town,CPT-BEL-007,CPT-BEL-007-C,RAN,LTE1800,98.86,98.62,0.62,99.23,41.94,11.05,58.2,-86.4,-9.2,17.3,54.63,34,0.009,normal,
2026-09-15T02:15,Telkom,Gauteng,Johannesburg,JHB-CBD-003,JHB-CBD-003-A,RAN,LTE1800,99.23,98.54,0.97,98.47,37.78,11.95,51.4,-89.0,-8.9,17.6,52.58,41,0.03,normal,
2026-09-15T02:15,Telkom,Gauteng,Johannesburg,JHB-CBD-003,JHB-CBD-003-B,RAN,LTE1800,98.81,98.78,0.43,97.97,52.45,13.93,43.7,-86.7,-11.7,19.6,35.45,33,0.049,normal,
2026-09-15T02:15,Telkom,Gauteng,Johannesburg,JHB-CBD-003,JHB-CBD-003-C,RAN,LTE1800,99.14,98.91,0.49,98.82,46.21,13.74,60.5,-91.1,-11.0,20.3,42.95,29,0.029,normal,
2026-09-15T02:15,Telkom,Gauteng,Soweto,JHB-SOW-018,JHB-SOW-018-A,RAN,LTE2100,99.07,99.09,0.32,98.95,52.85,15.36,56.0,-86.4,-9.2,13.6,40.69,36,0.031,normal,
2026-09-15T02:15,Telkom,Gauteng,Soweto,JHB-SOW-018,JHB-SOW-018-B,RAN,LTE2100,99.43,98.93,0.51,98.72,41.88,12.2,58.7,-88.1,-10.5,20.5,47.41,35,0.014,normal,
2026-09-15T02:15,Telkom,Gauteng,Soweto,JHB-SOW-018,JHB-SOW-018-C,RAN,LTE2100,99.03,98.89,0.54,98.95,42.86,14.94,52.9,-85.0,-7.2,15.5,39.67,26,0.034,normal,
2026-09-15T02:15,Telkom,Gauteng,Pretoria,PTA-HAT-011,PTA-HAT-011-A,RAN,LTE2600,99.45,98.9,0.39,97.98,46.34,15.13,59.4,-87.8,-11.2,16.0,45.99,32,0.001,normal,
2026-09-15T02:15,Telkom,Gauteng,Pretoria,PTA-HAT-011,PTA-HAT-011-B,RAN,LTE2600,99.1,99.22,0.59,98.84,42.03,10.15,48.4,-85.6,-10.6,17.7,47.73,34,0.014,normal,
2026-09-15T02:15,Telkom,Gauteng,Pretoria,PTA-HAT-011,PTA-HAT-011-C,RAN,LTE2600,99.14,97.97,0.2,98.23,46.91,13.92,51.5,-82.8,-9.7,12.8,40.11,34,0.03,normal,
2026-09-15T02:15,Telkom,Western Cape,Cape Town,CPT-BEL-007,CPT-BEL-007-A,RAN,LTE1800,99.07,98.75,1.01,98.07,39.58,12.53,42.8,-85.2,-11.9,14.3,50.45,30,0.034,normal,
2026-09-15T02:15,Telkom,Western Cape,Cape Town,CPT-BEL-007,CPT-BEL-007-B,RAN,LTE1800,99.47,98.7,0.22,98.38,47.88,13.36,50.2,-85.7,-9.9,12.1,43.03,29,0.0,normal,
2026-09-15T02:15,Telkom,Western Cape,Cape Town,CPT-BEL-007,CPT-BEL-007-C,RAN,LTE1800,98.29,98.68,0.57,99.01,37.8,12.0,48.6,-85.2,-7.9,20.2,61.32,37,0.017,normal,
2026-09-15T02:30,Telkom,Gauteng,Johannesburg,JHB-CBD-003,JHB-CBD-003-A,RAN,LTE1800,99.7,98.78,0.81,98.24,52.27,12.49,38.2,-84.0,-11.0,14.6,38.41,25,0.039,normal,
2026-09-15T02:30,Telkom,Gauteng,Johannesburg,JHB-CBD-003,JHB-CBD-003-B,RAN,LTE1800,99.05,99.14,0.25,98.47,49.25,14.19,42.6,-87.2,-9.8,18.1,35.05,27,0.001,normal,
2026-09-15T02:30,Telkom,Gauteng,Johannesburg,JHB-CBD-003,JHB-CBD-003-C,RAN,LTE1800,99.12,98.65,0.07,98.48,37.07,15.15,62.8,-85.0,-7.3,13.7,44.51,35,0.029,normal,
2026-09-15T02:30,Telkom,Gauteng,Soweto,JHB-SOW-018,JHB-SOW-018-A,RAN,LTE2100,99.58,98.92,0.2,98.76,39.96,13.36,52.7,-86.9,-9.7,14.5,48.92,29,0.025,normal,
2026-09-15T02:30,Telkom,Gauteng,Soweto,JHB-SOW-018,JHB-SOW-018-B,RAN,LTE2100,99.41,99.19,0.28,98.23,41.81,12.29,38.8,-79.4,-10.3,17.3,43.32,31,0.043,normal,
2026-09-15T02:30,Telkom,Gauteng,Soweto,JHB-SOW-018,JHB-SOW-018-C,RAN,LTE2100,98.54,98.54,0.59,98.11,45.41,13.58,40.3,-82.0,-9.8,17.2,39.53,23,0.006,normal,
2026-09-15T02:30,Telkom,Gauteng,Pretoria,PTA-HAT-011,PTA-HAT-011-A,RAN,LTE2600,98.67,99.09,0.47,98.07,38.86,14.23,49.3,-80.5,-10.5,17.7,49.58,42,0.016,normal,
2026-09-15T02:30,Telkom,Gauteng,Pretoria,PTA-HAT-011,PTA-HAT-011-B,RAN,LTE2600,98.75,98.97,0.44,98.1,41.29,12.97,65.9,-87.2,-12.1,17.4,46.58,41,0.019,normal,
2026-09-15T02:30,Telkom,Gauteng,Pretoria,PTA-HAT-011,PTA-HAT-011-C,RAN,LTE2600,99.38,98.22,0.96,98.26,47.79,13.35,56.3,-86.5,-11.1,17.0,49.76,31,0.019,normal,
2026-09-15T02:30,Telkom,Western Cape,Cape Town,CPT-BEL-007,CPT-BEL-007-A,RAN,LTE1800,99.24,99.27,0.25,99.15,36.28,11.05,42.8,-85.1,-11.0,14.5,48.07,37,0.007,normal,
2026-09-15T02:30,Telkom,Western Cape,Cape Town,CPT-BEL-007,CPT-BEL-007-B,RAN,LTE1800,99.1,99.54,0.34,97.57,46.38,12.11,39.8,-83.8,-9.9,14.6,47.0,34,0.046,normal,
2026-09-15T02:30,Telkom,Western Cape,Cape Town,CPT-BEL-007,CPT-BEL-007-C,RAN,LTE1800,98.53,98.83,0.41,99.13,36.66,11.49,38.7,-87.8,-12.4,18.7,48.82,31,0.047,normal,
2026-09-15T02:45,Telkom,Gauteng,Johannesburg,JHB-CBD-003,JHB-CBD-003-A,RAN,LTE1800,98.89,99.21,0.26,97.88,41.15,12.69,49.0,-86.0,-10.5,22.0,48.92,29,0.04,normal,
2026-09-15T02:45,Telkom,Gauteng,Johannesburg,JHB-CBD-003,JHB-CBD-003-B,RAN,LTE1800,98.47,98.44,0.4,98.38,44.02,15.35,39.4,-81.3,-9.8,17.0,39.67,33,0.039,normal,
2026-09-15T02:45,Telkom,Gauteng,Johannesburg,JHB-CBD-003,JHB-CBD-003-C,RAN,LTE1800,99.15,98.96,0.76,98.67,42.06,12.26,56.6,-88.5,-10.7,21.1,50.1,31,0.008,normal,
2026-09-15T02:45,Telkom,Gauteng,Soweto,JHB-SOW-018,JHB-SOW-018-A,RAN,LTE2100,98.98,99.05,0.19,99.18,47.34,12.51,46.5,-85.5,-10.8,15.8,37.39,28,0.034,normal,
2026-09-15T02:45,Telkom,Gauteng,Soweto,JHB-SOW-018,JHB-SOW-018-B,RAN,LTE2100,99.21,98.06,0.82,98.34,48.34,10.55,54.9,-91.6,-12.5,14.1,41.47,25,0.049,normal,
2026-09-15T02:45,Telkom,Gauteng,Soweto,JHB-SOW-018,JHB-SOW-018-C,RAN,LTE2100,99.51,98.44,0.58,98.73,45.41,13.33,46.0,-87.9,-9.9,22.5,33.98,22,0.019,normal,
2026-09-15T02:45,Telkom,Gauteng,Pretoria,PTA-HAT-011,PTA-HAT-011-A,RAN,LTE2600,99.34,98.56,0.2,98.65,47.15,10.76,53.6,-84.0,-9.6,14.0,45.95,39,0.018,normal,
2026-09-15T02:45,Telkom,Gauteng,Pretoria,PTA-HAT-011,PTA-HAT-011-B,RAN,LTE2600,98.97,98.25,0.4,99.22,35.37,14.7,45.7,-88.5,-9.2,17.8,48.24,37,0.033,normal,
2026-09-15T02:45,Telkom,Gauteng,Pretoria,PTA-HAT-011,PTA-HAT-011-C,RAN,LTE2600,98.99,98.87,0.74,98.64,39.8,12.59,54.4,-83.8,-13.0,19.3,47.81,33,0.032,normal,
2026-09-15T02:45,Telkom,Western Cape,Cape Town,CPT-BEL-007,CPT-BEL-007-A,RAN,LTE1800,99.23,98.04,0.56,98.84,46.24,12.26,46.9,-85.1,-9.7,18.9,49.01,32,0.04,normal,
2026-09-15T02:45,Telkom,Western Cape,Cape Town,CPT-BEL-007,CPT-BEL-007-B,RAN,LTE1800,99.06,98.67,0.83,99.02,46.06,15.25,52.9,-91.1,-12.0,13.7,50.82,35,0.004,normal,
2026-09-15T02:45,Telkom,Western Cape,Cape Town,CPT-BEL-007,CPT-BEL-007-C,RAN,LTE1800,99.31,99.04,0.41,98.35,42.84,14.64,55.8,-84.7,-9.0,16.0,52.21,27,0.046,normal,
2026-09-15T03:00,Telkom,Gauteng,Johannesburg,JHB-CBD-003,JHB-CBD-003-A,RAN,LTE1800,99.54,98.38,0.93,99.17,55.04,14.66,63.6,-86.1,-9.7,20.2,43.52,40,0.03,normal,
2026-09-15T03:00,Telkom,Gauteng,Johannesburg,JHB-CBD-003,JHB-CBD-003-B,RAN,LTE1800,99.36,99.7,0.54,98.44,44.37,12.27,44.7,-88.2,-9.2,18.4,44.01,36,0.032,normal,
2026-09-15T03:00,Telkom,Gauteng,Johannesburg,JHB-CBD-003,JHB-CBD-003-C,RAN,LTE1800,99.26,98.79,0.22,98.83,45.0,12.54,45.6,-85.0,-9.6,15.6,46.09,38,0.041,normal,
2026-09-15T03:00,Telkom,Gauteng,Soweto,JHB-SOW-018,JHB-SOW-018-A,RAN,LTE2100,99.14,98.75,0.37,99.0,47.51,12.51,46.3,-91.3,-8.8,21.0,37.0,23,0.043,normal,
2026-09-15T03:00,Telkom,Gauteng,Soweto,JHB-SOW-018,JHB-SOW-018-B,RAN,LTE2100,99.04,99.2,0.34,98.26,38.1,13.48,48.0,-86.3,-9.5,18.3,47.43,34,0.042,normal,
2026-09-15T03:00,Telkom,Gauteng,Soweto,JHB-SOW-018,JHB-SOW-018-C,RAN,LTE2100,98.3,98.55,0.72,98.79,46.85,13.58,49.3,-86.7,-8.7,14.5,39.57,27,0.016,normal,
2026-09-15T03:00,Telkom,Gauteng,Pretoria,PTA-HAT-011,PTA-HAT-011-A,RAN,LTE2600,98.68,99.04,0.42,98.26,29.84,11.59,49.2,-85.2,-10.3,17.2,57.8,42,0.038,normal,
2026-09-15T03:00,Telkom,Gauteng,Pretoria,PTA-HAT-011,PTA-HAT-011-B,RAN,LTE2600,99.06,98.81,0.3,97.98,30.61,11.69,55.7,-86.8,-11.8,18.0,61.27,42,0.021,normal,
2026-09-15T03:00,Telkom,Gauteng,Pretoria,PTA-HAT-011,PTA-HAT-011-C,RAN,LTE2600,99.25,98.85,0.27,98.42,44.49,12.38,51.2,-89.2,-10.0,18.3,49.85,38,0.036,normal,
2026-09-15T03:00,Telkom,Western Cape,Cape Town,CPT-BEL-007,CPT-BEL-007-A,RAN,LTE1800,99.37,99.04,0.88,97.7,49.29,13.11,50.0,-86.2,-9.4,20.0,41.6,39,0.005,normal,
2026-09-15T03:00,Telkom,Western Cape,Cape Town,CPT-BEL-007,CPT-BEL-007-B,RAN,LTE1800,99.9,98.57,0.53,98.26,37.37,13.3,46.4,-84.4,-9.7,14.9,42.89,37,0.036,normal,
2026-09-15T03:00,Telkom,Western Cape,Cape Town,CPT-BEL-007,CPT-BEL-007-C,RAN,LTE1800,99.12,98.43,0.52,98.26,48.21,14.85,46.1,-90.6,-8.9,19.8,40.61,32,0.004,normal,
2026-09-15T03:15,Telkom,Gauteng,Johannesburg,JHB-CBD-003,JHB-CBD-003-A,RAN,LTE1800,99.88,98.66,0.28,98.03,41.75,12.78,63.7,-90.1,-9.4,12.6,45.67,32,0.012,normal,
2026-09-15T03:15,Telkom,Gauteng,Johannesburg,JHB-CBD-003,JHB-CBD-003-B,RAN,LTE1800,99.16,99.4,0.51,98.23,35.63,13.59,53.0,-85.4,-11.7,18.7,43.91,31,0.013,normal,
2026-09-15T03:15,Telkom,Gauteng,Johannesburg,JHB-CBD-003,JHB-CBD-003-C,RAN,LTE1800,98.99,99.04,0.39,98.86,44.01,15.05,53.7,-85.1,-11.2,19.9,45.62,33,0.045,normal,
2026-09-15T03:15,Telkom,Gauteng,Soweto,JHB-SOW-018,JHB-SOW-018-A,RAN,LTE2100,99.05,99.35,0.75,98.92,36.33,14.05,47.9,-83.7,-9.8,17.0,42.95,30,0.01,normal,
2026-09-15T03:15,Telkom,Gauteng,Soweto,JHB-SOW-018,JHB-SOW-018-B,RAN,LTE2100,99.05,98.63,0.86,98.2,49.26,9.67,54.8,-84.8,-8.3,18.7,42.19,37,0.004,normal,
2026-09-15T03:15,Telkom,Gauteng,Soweto,JHB-SOW-018,JHB-SOW-018-C,RAN,LTE2100,99.34,98.35,0.11,98.29,40.37,12.25,51.3,-86.3,-8.9,17.0,42.47,31,0.008,normal,
2026-09-15T03:15,Telkom,Gauteng,Pretoria,PTA-HAT-011,PTA-HAT-011-A,RAN,LTE2600,99.07,98.61,0.56,97.59,35.43,11.06,59.7,-88.5,-7.7,21.7,59.19,47,0.023,normal,
2026-09-15T03:15,Telkom,Gauteng,Pretoria,PTA-HAT-011,PTA-HAT-011-B,RAN,LTE2600,99.29,98.74,0.46,99.2,49.21,11.41,48.2,-82.9,-10.3,19.3,41.03,39,0.045,normal,
2026-09-15T03:15,Telkom,Gauteng,Pretoria,PTA-HAT-011,PTA-HAT-011-C,RAN,LTE2600,98.89,98.82,0.44,97.95,42.39,12.69,47.9,-84.2,-10.4,16.5,51.1,38,0.037,normal,
2026-09-15T03:15,Telkom,Western Cape,Cape Town,CPT-BEL-007,CPT-BEL-007-A,RAN,LTE1800,99.06,98.55,0.32,97.39,39.4,12.32,47.7,-87.4,-8.9,14.7,50.13,36,0.03,normal,
2026-09-15T03:15,Telkom,Western Cape,Cape Town,CPT-BEL-007,CPT-BEL-007-B,RAN,LTE1800,99.3,99.25,0.32,98.38,38.34,11.26,53.7,-83.8,-10.5,13.2,48.95,33,0.027,normal,
2026-09-15T03:15,Telkom,Western Cape,Cape Town,CPT-BEL-007,CPT-BEL-007-C,RAN,LTE1800,99.55,98.83,0.32,98.93,53.31,13.99,48.0,-91.0,-8.4,15.3,40.52,27,0.042,normal,
2026-09-15T03:30,Telkom,Gauteng,Johannesburg,JHB-CBD-003,JHB-CBD-003-A,RAN,LTE1800,99.35,99.1,0.61,98.08,39.16,11.36,55.3,-87.5,-8.7,16.1,46.28,37,0.0,normal,
2026-09-15T03:30,Telkom,Gauteng,Johannesburg,JHB-CBD-003,JHB-CBD-003-B,RAN,LTE1800,99.26,98.96,0.16,98.47,47.82,16.11,41.2,-86.6,-7.7,14.5,35.01,28,0.011,normal,
2026-09-15T03:30,Telkom,Gauteng,Johannesburg,JHB-CBD-003,JHB-CBD-003-C,RAN,LTE1800,99.46,99.17,0.1,98.58,38.81,15.52,50.0,-81.7,-10.2,18.3,48.69,37,0.01,normal,
2026-09-15T03:30,Telkom,Gauteng,Soweto,JHB-SOW-018,JHB-SOW-018-A,RAN,LTE2100,98.95,98.39,0.51,98.06,45.49,13.14,48.8,-87.0,-9.5,16.9,46.81,22,0.033,normal,
2026-09-15T03:30,Telkom,Gauteng,Soweto,JHB-SOW-018,JHB-SOW-018-B,RAN,LTE2100,99.21,99.12,0.05,98.78,45.44,14.09,37.5,-81.0,-9.2,16.5,46.52,30,0.018,normal,
2026-09-15T03:30,Telkom,Gauteng,Soweto,JHB-SOW-018,JHB-SOW-018-C,RAN,LTE2100,99.51,98.88,0.39,98.46,38.2,13.37,45.2,-85.9,-10.4,14.4,51.73,32,0.001,normal,
2026-09-15T03:30,Telkom,Gauteng,Pretoria,PTA-HAT-011,PTA-HAT-011-A,RAN,LTE2600,99.19,99.16,0.63,97.37,40.64,10.37,50.1,-82.3,-11.8,16.5,52.64,43,0.027,normal,
2026-09-15T03:30,Telkom,Gauteng,Pretoria,PTA-HAT-011,PTA-HAT-011-B,RAN,LTE2600,99.01,98.67,0.47,98.18,48.59,13.63,51.1,-86.3,-9.0,16.5,48.3,28,0.025,normal,
2026-09-15T03:30,Telkom,Gauteng,Pretoria,PTA-HAT-011,PTA-HAT-011-C,RAN,LTE2600,98.91,98.88,0.84,98.69,30.99,12.72,48.1,-90.2,-8.2,20.4,48.67,31,0.017,normal,
2026-09-15T03:30,Telkom,Western Cape,Cape Town,CPT-BEL-007,CPT-BEL-007-A,RAN,LTE1800,98.22,98.53,0.98,98.84,38.82,12.37,50.2,-85.6,-10.5,14.6,47.46,29,0.019,normal,
2026-09-15T03:30,Telkom,Western Cape,Cape Town,CPT-BEL-007,CPT-BEL-007-B,RAN,LTE1800,98.36,98.75,0.72,98.33,46.33,12.62,53.3,-88.0,-9.4,16.6,38.68,29,0.019,normal,
2026-09-15T03:30,Telkom,Western Cape,Cape Town,CPT-BEL-007,CPT-BEL-007-C,RAN,LTE1800,99.31,98.49,0.32,98.54,36.93,11.92,52.3,-89.8,-11.2,17.0,49.26,36,0.007,normal,
2026-09-15T03:45,Telkom,Gauteng,Johannesburg,JHB-CBD-003,JHB-CBD-003-A,RAN,LTE1800,99.32,98.61,0.71,98.73,40.01,13.56,35.3,-86.1,-9.7,16.7,49.0,36,0.023,normal,
2026-09-15T03:45,Telkom,Gauteng,Johannesburg,JHB-CBD-003,JHB-CBD-003-B,RAN,LTE1800,99.08,98.57,0.56,98.12,43.5,13.76,55.3,-84.5,-9.0,18.1,48.69,33,0.002,normal,
2026-09-15T03:45,Telkom,Gauteng,Johannesburg,JHB-CBD-003,JHB-CBD-003-C,RAN,LTE1800,99.03,99.24,0.66,98.72,41.45,14.28,48.8,-80.2,-9.1,13.7,46.45,34,0.009,normal,
2026-09-15T03:45,Telkom,Gauteng,Soweto,JHB-SOW-018,JHB-SOW-018-A,RAN,LTE2100,99.36,98.48,0.64,98.72,46.64,11.9,44.8,-88.0,-9.1,14.8,39.06,32,0.037,normal,
2026-09-15T03:45,Telkom,Gauteng,Soweto,JHB-SOW-018,JHB-SOW-018-B,RAN,LTE2100,98.85,99.05,0.53,98.55,38.3,14.19,47.3,-88.8,-10.5,12.6,48.77,32,0.022,normal,
2026-09-15T03:45,Telkom,Gauteng,Soweto,JHB-SOW-018,JHB-SOW-018-C,RAN,LTE2100,99.39,99.0,0.05,98.0,46.65,14.49,63.1,-87.2,-11.0,22.2,42.67,31,0.038,normal,
2026-09-15T03:45,Telkom,Gauteng,Pretoria,PTA-HAT-011,PTA-HAT-011-A,RAN,LTE2600,98.92,98.83,0.31,97.95,39.79,13.28,45.5,-84.9,-9.8,12.7,49.42,45,0.037,normal,
2026-09-15T03:45,Telkom,Gauteng,Pretoria,PTA-HAT-011,PTA-HAT-011-B,RAN,LTE2600,99.27,98.62,0.05,98.42,45.31,13.38,56.6,-88.8,-8.9,17.5,44.67,27,0.031,normal,
2026-09-15T03:45,Telkom,Gauteng,Pretoria,PTA-HAT-011,PTA-HAT-011-C,RAN,LTE2600,98.52,98.72,0.76,98.56,42.72,11.72,51.6,-86.6,-9.4,18.4,41.64,37,0.045,normal,
2026-09-15T03:45,Telkom,Western Cape,Cape Town,CPT-BEL-007,CPT-BEL-007-A,RAN,LTE1800,98.89,98.46,0.37,98.07,37.09,10.12,57.2,-82.7,-8.6,15.5,55.11,29,0.038,normal,
2026-09-15T03:45,Telkom,Western Cape,Cape Town,CPT-BEL-007,CPT-BEL-007-B,RAN,LTE1800,98.72,99.32,0.6,98.97,37.36,15.72,48.9,-82.4,-11.0,17.8,45.27,37,0.001,normal,
2026-09-15T03:45,Telkom,Western Cape,Cape Town,CPT-BEL-007,CPT-BEL-007-C,RAN,LTE1800,99.27,98.61,0.73,98.8,42.43,12.51,49.5,-84.1,-10.2,18.5,52.74,37,0.031,normal,
2026-09-15T04:00,Telkom,Gauteng,Johannesburg,JHB-CBD-003,JHB-CBD-003-A,RAN,LTE1800,99.27,99.12,0.62,97.87,39.81,14.2,60.7,-85.5,-10.9,18.7,41.3,30,0.042,normal,
2026-09-15T04:00,Telkom,Gauteng,Johannesburg,JHB-CBD-003,JHB-CBD-003-B,RAN,LTE1800,99.05,98.96,0.4,98.4,45.58,11.48,40.1,-91.1,-10.1,16.2,55.61,35,0.044,normal,
2026-09-15T04:00,Telkom,Gauteng,Johannesburg,JHB-CBD-003,JHB-CBD-003-C,RAN,LTE1800,99.72,99.49,0.58,98.42,41.51,12.06,56.6,-82.6,-9.8,18.0,46.49,36,0.002,normal,
2026-09-15T04:00,Telkom,Gauteng,Soweto,JHB-SOW-018,JHB-SOW-018-A,RAN,LTE2100,98.75,98.68,0.27,98.37,49.43,8.79,44.7,-87.2,-9.7,16.6,50.71,39,0.012,normal,
2026-09-15T04:00,Telkom,Gauteng,Soweto,JHB-SOW-018,JHB-SOW-018-B,RAN,LTE2100,99.18,98.5,0.27,97.87,41.5,12.22,46.0,-88.5,-9.8,15.4,40.96,31,0.023,normal,
2026-09-15T04:00,Telkom,Gauteng,Soweto,JHB-SOW-018,JHB-SOW-018-C,RAN,LTE2100,98.86,97.96,0.66,97.87,39.82,13.15,53.4,-90.8,-10.9,16.9,46.96,36,0.035,normal,
2026-09-15T04:00,Telkom,Gauteng,Pretoria,PTA-HAT-011,PTA-HAT-011-A,RAN,LTE2600,99.43,98.51,0.7,97.44,36.96,11.44,54.0,-82.8,-6.3,15.4,54.14,34,0.006,normal,
2026-09-15T04:00,Telkom,Gauteng,Pretoria,PTA-HAT-011,PTA-HAT-011-B,RAN,LTE2600,98.56,98.49,0.87,98.15,44.21,11.56,52.0,-88.4,-11.1,17.3,45.05,37,0.016,normal,
2026-09-15T04:00,Telkom,Gauteng,Pretoria,PTA-HAT-011,PTA-HAT-011-C,RAN,LTE2600,98.83,98.83,0.58,98.19,36.17,13.36,47.8,-86.1,-10.2,15.8,57.01,46,0.017,normal,
2026-09-15T04:00,Telkom,Western Cape,Cape Town,CPT-BEL-007,CPT-BEL-007-A,RAN,LTE1800,98.68,98.58,0.46,98.75,40.11,12.92,50.2,-82.2,-11.0,19.9,44.27,34,0.023,normal,
2026-09-15T04:00,Telkom,Western Cape,Cape Town,CPT-BEL-007,CPT-BEL-007-B,RAN,LTE1800,98.72,98.96,0.51,97.92,40.84,12.13,41.9,-87.3,-10.6,15.2,43.28,32,0.011,normal,
2026-09-15T04:00,Telkom,Western Cape,Cape Town,CPT-BEL-007,CPT-BEL-007-C,RAN,LTE1800,99.25,98.77,0.69,98.5,39.49,12.12,40.7,-84.2,-10.6,17.2,49.54,38,0.047,normal,
2026-09-15T04:15,Telkom,Gauteng,Johannesburg,JHB-CBD-003,JHB-CBD-003-A,RAN,LTE1800,98.99,98.35,0.29,98.86,40.17,14.99,56.9,-83.9,-8.9,19.2,46.34,43,0.006,normal,
2026-09-15T04:15,Telkom,Gauteng,Johannesburg,JHB-CBD-003,JHB-CBD-003-B,RAN,LTE1800,99.3,98.49,0.8,99.66,34.9,11.7,53.5,-83.9,-10.5,18.5,58.53,39,0.01,normal,
2026-09-15T04:15,Telkom,Gauteng,Johannesburg,JHB-CBD-003,JHB-CBD-003-C,RAN,LTE1800,98.9,98.87,0.52,98.29,41.6,10.59,61.1,-82.9,-11.6,13.9,49.08,33,0.015,normal,
2026-09-15T04:15,Telkom,Gauteng,Soweto,JHB-SOW-018,JHB-SOW-018-A,RAN,LTE2100,99.35,98.52,0.85,98.12,41.34,12.4,57.3,-82.7,-10.9,18.5,48.98,26,0.011,normal,
2026-09-15T04:15,Telkom,Gauteng,Soweto,JHB-SOW-018,JHB-SOW-018-B,RAN,LTE2100,99.22,98.6,0.71,98.78,42.59,12.0,45.8,-91.2,-8.4,17.3,38.73,28,0.023,normal,
2026-09-15T04:15,Telkom,Gauteng,Soweto,JHB-SOW-018,JHB-SOW-018-C,RAN,LTE2100,98.51,98.48,0.46,98.18,32.58,12.33,50.1,-85.7,-9.7,12.7,56.39,32,0.031,normal,
2026-09-15T04:15,Telkom,Gauteng,Pretoria,PTA-HAT-011,PTA-HAT-011-A,RAN,LTE2600,98.97,98.56,0.54,98.77,45.26,10.98,61.2,-89.6,-10.5,20.1,40.8,32,0.001,normal,
2026-09-15T04:15,Telkom,Gauteng,Pretoria,PTA-HAT-011,PTA-HAT-011-B,RAN,LTE2600,98.58,98.66,0.77,97.9,42.35,15.11,52.3,-87.8,-10.6,16.0,44.69,37,0.045,normal,
2026-09-15T04:15,Telkom,Gauteng,Pretoria,PTA-HAT-011,PTA-HAT-011-C,RAN,LTE2600,99.22,98.89,0.05,98.26,39.82,13.76,55.4,-90.5,-8.1,16.6,51.49,38,0.043,normal,
2026-09-15T04:15,Telkom,Western Cape,Cape Town,CPT-BEL-007,CPT-BEL-007-A,RAN,LTE1800,98.69,99.55,0.56,98.08,35.09,12.27,53.0,-86.8,-10.2,18.8,56.15,32,0.033,normal,
2026-09-15T04:15,Telkom,Western Cape,Cape Town,CPT-BEL-007,CPT-BEL-007-B,RAN,LTE1800,98.56,99.02,0.59,98.79,48.63,12.49,47.4,-83.6,-11.1,14.1,41.93,32,0.002,normal,
2026-09-15T04:15,Telkom,Western Cape,Cape Town,CPT-BEL-007,CPT-BEL-007-C,RAN,LTE1800,99.56,98.4,0.36,98.67,45.78,14.24,51.2,-85.5,-10.5,15.1,39.72,27,0.047,normal,
2026-09-15T04:30,Telkom,Gauteng,Johannesburg,JHB-CBD-003,JHB-CBD-003-A,RAN,LTE1800,99.18,98.86,0.52,98.46,39.72,11.87,49.0,-85.8,-7.1,16.9,49.84,49,0.036,normal,
2026-09-15T04:30,Telkom,Gauteng,Johannesburg,JHB-CBD-003,JHB-CBD-003-B,RAN,LTE1800,98.64,98.95,0.71,99.41,41.89,14.03,48.1,-85.5,-9.0,16.1,43.57,36,0.006,normal,
2026-09-15T04:30,Telkom,Gauteng,Johannesburg,JHB-CBD-003,JHB-CBD-003-C,RAN,LTE1800,98.71,98.81,0.41,98.38,31.44,12.12,47.1,-86.7,-8.5,16.4,45.28,33,0.01,normal,
2026-09-15T04:30,Telkom,Gauteng,Soweto,JHB-SOW-018,JHB-SOW-018-A,RAN,LTE2100,99.27,97.96,0.56,98.34,44.0,12.19,49.3,-87.7,-8.9,21.5,41.39,37,0.043,normal,
2026-09-15T04:30,Telkom,Gauteng,Soweto,JHB-SOW-018,JHB-SOW-018-B,RAN,LTE2100,99.47,98.26,0.82,99.44,45.59,10.64,47.4,-87.1,-10.6,18.0,53.08,38,0.004,normal,
2026-09-15T04:30,Telkom,Gauteng,Soweto,JHB-SOW-018,JHB-SOW-018-C,RAN,LTE2100,98.36,98.79,0.86,97.92,40.76,12.32,51.9,-84.6,-9.4,16.2,48.68,29,0.039,normal,
2026-09-15T04:30,Telkom,Gauteng,Pretoria,PTA-HAT-011,PTA-HAT-011-A,RAN,LTE2600,99.54,98.74,0.46,98.1,39.98,11.37,45.0,-82.1,-11.8,15.2,48.92,38,0.007,normal,
2026-09-15T04:30,Telkom,Gauteng,Pretoria,PTA-HAT-011,PTA-HAT-011-B,RAN,LTE2600,98.96,99.22,0.38,98.35,41.21,12.87,55.1,-89.0,-8.5,14.1,53.48,39,0.005,normal,
2026-09-15T04:30,Telkom,Gauteng,Pretoria,PTA-HAT-011,PTA-HAT-011-C,RAN,LTE2600,99.35,99.12,0.27,98.57,35.78,12.04,46.6,-89.5,-7.6,17.8,56.31,44,0.027,normal,
2026-09-15T04:30,Telkom,Western Cape,Cape Town,CPT-BEL-007,CPT-BEL-007-A,RAN,LTE1800,99.29,98.81,0.05,97.9,46.22,13.43,64.2,-85.6,-10.1,19.6,47.27,36,0.049,normal,
2026-09-15T04:30,Telkom,Western Cape,Cape Town,CPT-BEL-007,CPT-BEL-007-B,RAN,LTE1800,99.22,99.0,0.39,98.66,43.08,13.59,54.5,-81.5,-9.2,17.3,45.23,34,0.012,normal,
2026-09-15T04:30,Telkom,Western Cape,Cape Town,CPT-BEL-007,CPT-BEL-007-C,RAN,LTE1800,98.96,98.98,0.85,97.61,44.48,12.61,39.3,-87.1,-11.0,15.3,40.26,23,0.022,normal,
2026-09-15T04:45,Telkom,Gauteng,Johannesburg,JHB-CBD-003,JHB-CBD-003-A,RAN,LTE1800,99.25,98.56,0.32,98.2,48.31,13.51,43.3,-90.6,-10.9,13.7,47.14,36,0.012,normal,
2026-09-15T04:45,Telkom,Gauteng,Johannesburg,JHB-CBD-003,JHB-CBD-003-B,RAN,LTE1800,98.95,98.85,0.57,98.29,42.21,12.07,47.2,-84.3,-9.6,17.0,45.89,39,0.041,normal,
2026-09-15T04:45,Telkom,Gauteng,Johannesburg,JHB-CBD-003,JHB-CBD-003-C,RAN,LTE1800,99.79,98.84,0.14,97.8,40.3,11.56,48.4,-83.8,-9.8,13.9,53.51,41,0.005,normal,
2026-09-15T04:45,Telkom,Gauteng,Soweto,JHB-SOW-018,JHB-SOW-018-A,RAN,LTE2100,99.76,99.09,1.01,98.56,46.42,12.7,52.3,-89.6,-9.7,16.3,46.38,32,0.017,normal,
2026-09-15T04:45,Telkom,Gauteng,Soweto,JHB-SOW-018,JHB-SOW-018-B,RAN,LTE2100,99.01,98.45,0.05,98.49,43.35,15.25,53.4,-84.7,-9.3,16.2,44.92,30,0.029,normal,
2026-09-15T04:45,Telkom,Gauteng,Soweto,JHB-SOW-018,JHB-SOW-018-C,RAN,LTE2100,99.53,98.4,0.43,97.9,37.34,11.78,47.5,-82.8,-10.1,21.8,49.9,33,0.016,normal,
2026-09-15T04:45,Telkom,Gauteng,Pretoria,PTA-HAT-011,PTA-HAT-011-A,RAN,LTE2600,99.12,99.24,0.17,97.42,35.46,15.57,49.2,-83.8,-8.5,18.8,53.47,32,0.005,normal,
2026-09-15T04:45,Telkom,Gauteng,Pretoria,PTA-HAT-011,PTA-HAT-011-B,RAN,LTE2600,99.62,98.94,0.48,99.25,43.21,12.82,52.3,-86.7,-9.8,14.2,44.84,40,0.024,normal,
2026-09-15T04:45,Telkom,Gauteng,Pretoria,PTA-HAT-011,PTA-HAT-011-C,RAN,LTE2600,99.26,98.76,0.48,98.33,38.52,12.48,54.7,-86.0,-10.3,18.6,49.83,42,0.005,normal,
2026-09-15T04:45,Telkom,Western Cape,Cape Town,CPT-BEL-007,CPT-BEL-007-A,RAN,LTE1800,99.49,99.37,0.49,98.93,44.88,14.65,56.0,-85.3,-9.2,18.7,45.52,37,0.024,normal,
2026-09-15T04:45,Telkom,Western Cape,Cape Town,CPT-BEL-007,CPT-BEL-007-B,RAN,LTE1800,98.98,99.02,0.29,99.08,45.56,11.12,62.0,-87.9,-8.2,18.1,47.81,36,0.01,normal,
2026-09-15T04:45,Telkom,Western Cape,Cape Town,CPT-BEL-007,CPT-BEL-007-C,RAN,LTE1800,99.33,99.03,0.65,98.13,37.03,10.83,60.7,-86.8,-8.6,16.7,54.46,37,0.04,normal,
2026-09-15T05:00,Telkom,Gauteng,Johannesburg,JHB-CBD-003,JHB-CBD-003-A,RAN,LTE1800,99.05,98.94,0.91,99.26,38.03,14.22,49.8,-81.6,-9.8,16.6,53.63,33,0.048,normal,
2026-09-15T05:00,Telkom,Gauteng,Johannesburg,JHB-CBD-003,JHB-CBD-003-B,RAN,LTE1800,99.35,98.49,0.45,98.65,40.94,11.18,56.7,-81.9,-9.9,14.6,56.88,40,0.036,normal,
2026-09-15T05:00,Telkom,Gauteng,Johannesburg,JHB-CBD-003,JHB-CBD-003-C,RAN,LTE1800,99.3,98.35,0.48,98.48,46.74,13.28,44.6,-81.5,-9.4,18.6,42.75,34,0.012,normal,
2026-09-15T05:00,Telkom,Gauteng,Soweto,JHB-SOW-018,JHB-SOW-018-A,RAN,LTE2100,98.89,99.24,0.61,97.74,36.79,13.05,51.0,-85.2,-8.1,16.9,60.96,41,0.008,normal,
2026-09-15T05:00,Telkom,Gauteng,Soweto,JHB-SOW-018,JHB-SOW-018-B,RAN,LTE2100,99.07,98.65,0.67,98.32,35.54,13.91,54.9,-79.3,-11.1,18.3,46.02,31,0.005,normal,
2026-09-15T05:00,Telkom,Gauteng,Soweto,JHB-SOW-018,JHB-SOW-018-C,RAN,LTE2100,99.02,98.02,0.88,98.62,45.25,15.38,36.5,-84.3,-11.5,17.7,36.23,34,0.048,normal,
2026-09-15T05:00,Telkom,Gauteng,Pretoria,PTA-HAT-011,PTA-HAT-011-A,RAN,LTE2600,98.96,98.9,0.35,98.26,34.46,10.0,45.2,-82.9,-9.2,15.6,61.63,44,0.048,normal,
2026-09-15T05:00,Telkom,Gauteng,Pretoria,PTA-HAT-011,PTA-HAT-011-B,RAN,LTE2600,98.85,98.33,0.45,98.18,38.9,12.27,56.8,-89.4,-8.2,14.6,55.62,49,0.041,normal,
2026-09-15T05:00,Telkom,Gauteng,Pretoria,PTA-HAT-011,PTA-HAT-011-C,RAN,LTE2600,99.34,98.93,0.8,98.67,32.94,12.16,54.0,-82.4,-12.1,13.9,51.98,46,0.012,normal,
2026-09-15T05:00,Telkom,Western Cape,Cape Town,CPT-BEL-007,CPT-BEL-007-A,RAN,LTE1800,99.15,98.52,0.5,98.91,55.41,15.46,46.3,-84.2,-10.2,13.0,36.56,33,0.037,normal,
2026-09-15T05:00,Telkom,Western Cape,Cape Town,CPT-BEL-007,CPT-BEL-007-B,RAN,LTE1800,99.29,98.68,0.21,97.97,44.15,10.5,51.3,-84.5,-8.9,17.5,47.29,38,0.008,normal,
2026-09-15T05:00,Telkom,Western Cape,Cape Town,CPT-BEL-007,CPT-BEL-007-C,RAN,LTE1800,98.76,98.99,0.44,98.61,36.0,12.35,51.8,-88.4,-11.6,19.8,52.44,43,0.021,normal,
2026-09-15T05:15,Telkom,Gauteng,Johannesburg,JHB-CBD-003,JHB-CBD-003-A,RAN,LTE1800,98.62,98.25,0.54,98.31,46.96,11.7,62.7,-90.3,-10.3,14.8,45.48,26,0.04,normal,
2026-09-15T05:15,Telkom,Gauteng,Johannesburg,JHB-CBD-003,JHB-CBD-003-B,RAN,LTE1800,99.22,98.37,0.55,98.39,42.07,16.31,49.6,-85.9,-10.0,15.5,50.74,39,0.038,normal,
2026-09-15T05:15,Telkom,Gauteng,Johannesburg,JHB-CBD-003,JHB-CBD-003-C,RAN,LTE1800,99.09,98.87,0.49,97.92,43.67,15.66,50.0,-85.7,-8.6,19.6,39.02,34,0.011,normal,
2026-09-15T05:15,Telkom,Gauteng,Soweto,JHB-SOW-018,JHB-SOW-018-A,RAN,LTE2100,98.6,98.97,0.57,98.29,45.54,15.31,42.1,-91.5,-8.5,13.7,45.96,37,0.026,normal,
2026-09-15T05:15,Telkom,Gauteng,Soweto,JHB-SOW-018,JHB-SOW-018-B,RAN,LTE2100,98.7,98.98,0.66,98.33,39.68,13.11,56.2,-79.9,-7.0,16.4,47.17,39,0.001,normal,
2026-09-15T05:15,Telkom,Gauteng,Soweto,JHB-SOW-018,JHB-SOW-018-C,RAN,LTE2100,98.67,98.81,0.46,98.76,36.98,14.95,61.3,-88.1,-10.6,18.0,48.13,38,0.032,normal,
2026-09-15T05:15,Telkom,Gauteng,Pretoria,PTA-HAT-011,PTA-HAT-011-A,RAN,LTE2600,98.41,99.17,0.53,98.28,48.16,12.3,52.2,-81.3,-10.1,18.4,49.74,39,0.048,normal,
2026-09-15T05:15,Telkom,Gauteng,Pretoria,PTA-HAT-011,PTA-HAT-011-B,RAN,LTE2600,99.39,99.13,0.39,99.18,37.81,11.45,61.3,-85.2,-11.0,17.2,49.07,41,0.03,normal,
2026-09-15T05:15,Telkom,Gauteng,Pretoria,PTA-HAT-011,PTA-HAT-011-C,RAN,LTE2600,99.49,98.69,0.66,98.33,40.68,13.64,50.1,-83.6,-9.6,14.6,36.43,35,0.025,normal,
2026-09-15T05:15,Telkom,Western Cape,Cape Town,CPT-BEL-007,CPT-BEL-007-A,RAN,LTE1800,98.05,98.82,0.27,98.01,44.57,14.54,49.8,-84.7,-9.7,14.7,38.33,30,0.037,normal,
2026-09-15T05:15,Telkom,Western Cape,Cape Town,CPT-BEL-007,CPT-BEL-007-B,RAN,LTE1800,99.38,98.38,0.05,98.88,51.02,12.84,50.8,-81.9,-10.0,16.7,41.18,35,0.039,normal,
2026-09-15T05:15,Telkom,Western Cape,Cape Town,CPT-BEL-007,CPT-BEL-007-C,RAN,LTE1800,99.88,98.81,0.94,98.0,42.5,14.96,43.5,-85.7,-10.9,15.9,53.67,39,0.04,normal,
2026-09-15T05:30,Telkom,Gauteng,Johannesburg,JHB-CBD-003,JHB-CBD-003-A,RAN,LTE1800,98.67,98.87,0.05,98.8,52.31,11.65,41.2,-87.7,-9.9,19.2,44.98,39,0.008,normal,
2026-09-15T05:30,Telkom,Gauteng,Johannesburg,JHB-CBD-003,JHB-CBD-003-B,RAN,LTE1800,98.99,98.95,0.17,98.36,40.31,15.19,38.7,-85.3,-8.6,11.5,51.59,40,0.003,normal,
2026-09-15T05:30,Telkom,Gauteng,Johannesburg,JHB-CBD-003,JHB-CBD-003-C,RAN,LTE1800,98.7,98.59,0.53,98.88,32.24,10.71,54.0,-83.3,-10.5,16.2,57.06,44,0.041,normal,
2026-09-15T05:30,Telkom,Gauteng,Soweto,JHB-SOW-018,JHB-SOW-018-A,RAN,LTE2100,98.89,99.44,0.1,97.87,42.23,14.07,47.2,-83.9,-9.8,20.1,46.78,33,0.001,normal,
2026-09-15T05:30,Telkom,Gauteng,Soweto,JHB-SOW-018,JHB-SOW-018-B,RAN,LTE2100,98.65,98.81,0.45,98.31,36.28,11.4,56.2,-82.1,-11.4,13.8,49.08,27,0.013,normal,
2026-09-15T05:30,Telkom,Gauteng,Soweto,JHB-SOW-018,JHB-SOW-018-C,RAN,LTE2100,99.22,98.91,0.64,98.77,42.25,13.22,46.9,-87.5,-8.7,15.7,45.21,29,0.046,normal,
2026-09-15T05:30,Telkom,Gauteng,Pretoria,PTA-HAT-011,PTA-HAT-011-A,RAN,LTE2600,98.99,98.76,0.47,99.3,42.15,12.61,54.7,-88.1,-9.7,12.2,48.51,37,0.017,normal,
2026-09-15T05:30,Telkom,Gauteng,Pretoria,PTA-HAT-011,PTA-HAT-011-B,RAN,LTE2600,99.52,98.52,0.81,97.81,42.21,12.32,49.5,-89.4,-9.4,19.2,46.74,43,0.041,normal,
2026-09-15T05:30,Telkom,Gauteng,Pretoria,PTA-HAT-011,PTA-HAT-011-C,RAN,LTE2600,99.39,98.66,0.54,98.38,34.67,10.04,53.7,-84.5,-10.9,17.3,59.76,40,0.031,normal,
2026-09-15T05:30,Telkom,Western Cape,Cape Town,CPT-BEL-007,CPT-BEL-007-A,RAN,LTE1800,98.28,98.44,0.78,99.67,42.18,12.87,55.2,-85.8,-10.0,17.9,52.29,47,0.019,normal,
2026-09-15T05:30,Telkom,Western Cape,Cape Town,CPT-BEL-007,CPT-BEL-007-B,RAN,LTE1800,99.31,98.53,0.76,99.08,40.0,12.88,48.6,-90.2,-9.5,18.6,43.19,25,0.048,normal,
2026-09-15T05:30,Telkom,Western Cape,Cape Town,CPT-BEL-007,CPT-BEL-007-C,RAN,LTE1800,99.09,98.91,0.43,98.76,37.11,14.23,54.5,-90.5,-12.1,15.9,57.62,38,0.04,normal,
2026-09-15T05:45,Telkom,Gauteng,Johannesburg,JHB-CBD-003,JHB-CBD-003-A,RAN,LTE1800,98.99,98.55,0.67,98.48,41.32,10.67,42.9,-87.4,-10.9,14.5,48.81,40,0.006,normal,
2026-09-15T05:45,Telkom,Gauteng,Johannesburg,JHB-CBD-003,JHB-CBD-003-B,RAN,LTE1800,98.62,98.75,0.45,99.12,37.52,10.64,51.2,-85.3,-10.1,16.9,51.73,39,0.039,normal,
2026-09-15T05:45,Telkom,Gauteng,Johannesburg,JHB-CBD-003,JHB-CBD-003-C,RAN,LTE1800,99.14,98.84,0.39,98.51,41.01,11.84,63.0,-91.4,-9.8,18.3,48.42,36,0.028,normal,
2026-09-15T05:45,Telkom,Gauteng,Soweto,JHB-SOW-018,JHB-SOW-018-A,RAN,LTE2100,99.17,98.8,0.71,98.33,43.83,11.29,49.8,-84.2,-11.5,19.4,53.31,49,0.042,normal,
2026-09-15T05:45,Telkom,Gauteng,Soweto,JHB-SOW-018,JHB-SOW-018-B,RAN,LTE2100,99.85,98.61,0.1,98.21,37.41,12.49,46.1,-89.9,-11.5,17.0,53.66,37,0.028,normal,
2026-09-15T05:45,Telkom,Gauteng,Soweto,JHB-SOW-018,JHB-SOW-018-C,RAN,LTE2100,98.95,99.39,0.7,98.15,41.63,12.95,47.7,-82.9,-9.7,13.8,43.9,41,0.015,normal,
2026-09-15T05:45,Telkom,Gauteng,Pretoria,PTA-HAT-011,PTA-HAT-011-A,RAN,LTE2600,99.42,98.6,0.23,99.18,33.52,11.87,58.1,-83.4,-9.0,15.4,56.28,44,0.036,normal,
2026-09-15T05:45,Telkom,Gauteng,Pretoria,PTA-HAT-011,PTA-HAT-011-B,RAN,LTE2600,98.57,98.36,0.49,98.86,31.43,12.55,57.9,-89.9,-7.0,20.5,59.75,37,0.025,normal,
2026-09-15T05:45,Telkom,Gauteng,Pretoria,PTA-HAT-011,PTA-HAT-011-C,RAN,LTE2600,98.74,98.9,0.07,99.87,42.41,11.63,62.4,-85.8,-8.3,20.3,49.56,38,0.004,normal,
2026-09-15T05:45,Telkom,Western Cape,Cape Town,CPT-BEL-007,CPT-BEL-007-A,RAN,LTE1800,98.81,99.26,0.53,98.0,38.3,11.98,61.0,-85.9,-9.4,16.7,60.82,42,0.035,normal,
2026-09-15T05:45,Telkom,Western Cape,Cape Town,CPT-BEL-007,CPT-BEL-007-B,RAN,LTE1800,99.6,98.83,0.05,97.89,39.69,11.02,71.4,-87.8,-9.0,17.0,57.29,42,0.03,normal,
2026-09-15T05:45,Telkom,Western Cape,Cape Town,CPT-BEL-007,CPT-BEL-007-C,RAN,LTE1800,99.52,99.59,0.89,97.78,40.85,13.23,51.5,-84.4,-9.4,17.7,50.71,42,0.012,normal,
2026-09-15T06:00,Telkom,Gauteng,Johannesburg,JHB-CBD-003,JHB-CBD-003-A,RAN,LTE1800,99.21,98.56,0.05,98.27,42.19,11.88,54.1,-89.1,-10.0,14.1,42.31,33,0.041,normal,
2026-09-15T06:00,Telkom,Gauteng,Johannesburg,JHB-CBD-003,JHB-CBD-003-B,RAN,LTE1800,98.55,98.5,0.43,98.9,50.33,12.62,44.3,-90.5,-10.8,16.3,32.56,25,0.033,normal,
2026-09-15T06:00,Telkom,Gauteng,Johannesburg,JHB-CBD-003,JHB-CBD-003-C,RAN,LTE1800,98.67,98.66,0.36,98.22,48.61,13.69,62.1,-89.8,-9.6,16.1,44.02,36,0.016,normal,
2026-09-15T06:00,Telkom,Gauteng,Soweto,JHB-SOW-018,JHB-SOW-018-A,RAN,LTE2100,99.38,98.71,0.39,99.02,40.0,11.59,52.2,-87.2,-10.8,15.7,52.77,35,0.04,normal,
2026-09-15T06:00,Telkom,Gauteng,Soweto,JHB-SOW-018,JHB-SOW-018-B,RAN,LTE2100,99.14,98.96,0.12,98.06,41.19,12.28,54.5,-87.6,-10.5,16.1,44.91,44,0.014,normal,
2026-09-15T06:00,Telkom,Gauteng,Soweto,JHB-SOW-018,JHB-SOW-018-C,RAN,LTE2100,99.01,98.97,0.56,98.4,45.31,11.94,59.8,-83.8,-11.6,18.7,36.67,27,0.035,normal,
2026-09-15T06:00,Telkom,Gauteng,Pretoria,PTA-HAT-011,PTA-HAT-011-A,RAN,LTE2600,99.43,98.85,0.35,98.56,46.19,13.77,42.0,-87.5,-11.3,16.4,46.85,45,0.006,normal,
2026-09-15T06:00,Telkom,Gauteng,Pretoria,PTA-HAT-011,PTA-HAT-011-B,RAN,LTE2600,99.49,98.75,0.8,98.46,36.98,12.72,49.4,-84.5,-10.1,16.5,56.15,49,0.019,normal,
2026-09-15T06:00,Telkom,Gauteng,Pretoria,PTA-HAT-011,PTA-HAT-011-C,RAN,LTE2600,99.16,98.99,0.5,98.04,35.41,10.63,61.2,-83.1,-10.5,16.3,52.8,40,0.038,normal,
2026-09-15T06:00,Telkom,Western Cape,Cape Town,CPT-BEL-007,CPT-BEL-007-A,RAN,LTE1800,99.61,98.64,0.66,99.62,42.62,13.95,40.3,-86.9,-10.0,17.1,43.4,33,0.025,normal,
2026-09-15T06:00,Telkom,Western Cape,Cape Town,CPT-BEL-007,CPT-BEL-007-B,RAN,LTE1800,99.32,98.69,0.38,98.1,34.83,11.5,61.8,-83.1,-9.6,20.2,52.22,48,0.015,normal,
2026-09-15T06:00,Telkom,Western Cape,Cape Town,CPT-BEL-007,CPT-BEL-007-C,RAN,LTE1800,98.99,98.69,0.93,98.22,39.53,11.63,47.2,-84.3,-11.9,18.0,45.39,30,0.033,normal,
2026-09-15T06:15,Telkom,Gauteng,Johannesburg,JHB-CBD-003,JHB-CBD-003-A,RAN,LTE1800,99.41,98.93,0.89,99.13,34.51,15.83,54.2,-87.9,-9.3,16.9,51.91,47,0.008,normal,
2026-09-15T06:15,Telkom,Gauteng,Johannesburg,JHB-CBD-003,JHB-CBD-003-B,RAN,LTE1800,98.95,98.72,0.36,98.79,37.87,13.5,63.2,-91.1,-10.0,18.0,49.28,43,0.033,normal,
2026-09-15T06:15,Telkom,Gauteng,Johannesburg,JHB-CBD-003,JHB-CBD-003-C,RAN,LTE1800,98.68,98.92,0.65,98.59,45.94,14.61,46.0,-87.2,-9.1,20.5,52.77,34,0.021,normal,
2026-09-15T06:15,Telkom,Gauteng,Soweto,JHB-SOW-018,JHB-SOW-018-A,RAN,LTE2100,99.65,98.73,1.0,98.51,43.93,13.43,50.7,-85.7,-10.3,17.3,53.01,47,0.019,normal,
2026-09-15T06:15,Telkom,Gauteng,Soweto,JHB-SOW-018,JHB-SOW-018-B,RAN,LTE2100,99.77,98.91,0.49,98.88,38.48,13.98,50.9,-83.4,-10.4,18.5,49.81,43,0.02,normal,
2026-09-15T06:15,Telkom,Gauteng,Soweto,JHB-SOW-018,JHB-SOW-018-C,RAN,LTE2100,98.97,98.26,0.55,98.58,40.51,13.39,55.9,-82.1,-9.5,21.7,54.18,46,0.027,normal,
2026-09-15T06:15,Telkom,Gauteng,Pretoria,PTA-HAT-011,PTA-HAT-011-A,RAN,LTE2600,98.94,98.56,0.62,98.6,42.78,9.82,53.9,-84.7,-11.1,20.7,59.35,49,0.012,normal,
2026-09-15T06:15,Telkom,Gauteng,Pretoria,PTA-HAT-011,PTA-HAT-011-B,RAN,LTE2600,99.34,97.81,0.13,97.84,45.65,9.89,58.7,-83.3,-8.8,12.2,55.1,45,0.037,normal,
2026-09-15T06:15,Telkom,Gauteng,Pretoria,PTA-HAT-011,PTA-HAT-011-C,RAN,LTE2600,98.63,98.92,1.11,97.6,33.92,12.71,52.8,-86.9,-9.8,16.5,58.1,45,0.025,normal,
2026-09-15T06:15,Telkom,Western Cape,Cape Town,CPT-BEL-007,CPT-BEL-007-A,RAN,LTE1800,98.82,99.16,0.33,98.26,42.63,13.23,60.6,-84.0,-10.5,15.4,53.92,44,0.028,normal,
2026-09-15T06:15,Telkom,Western Cape,Cape Town,CPT-BEL-007,CPT-BEL-007-B,RAN,LTE1800,98.47,99.19,0.46,98.55,40.56,12.43,56.1,-79.0,-10.5,14.9,49.37,29,0.018,normal,
2026-09-15T06:15,Telkom,Western Cape,Cape Town,CPT-BEL-007,CPT-BEL-007-C,RAN,LTE1800,99.14,98.98,0.77,98.56,44.01,15.03,53.1,-90.4,-9.0,19.3,44.61,40,0.037,normal,
2026-09-15T06:30,Telkom,Gauteng,Johannesburg,JHB-CBD-003,JHB-CBD-003-A,RAN,LTE1800,98.97,98.47,0.99,98.44,40.51,12.81,47.7,-87.6,-10.0,16.6,45.34,39,0.044,normal,
2026-09-15T06:30,Telkom,Gauteng,Johannesburg,JHB-CBD-003,JHB-CBD-003-B,RAN,LTE1800,99.77,98.79,0.39,98.65,40.38,10.07,49.7,-84.6,-8.8,18.2,56.61,50,0.039,normal,
2026-09-15T06:30,Telkom,Gauteng,Johannesburg,JHB-CBD-003,JHB-CBD-003-C,RAN,LTE1800,99.8,98.87,0.1,98.48,46.48,11.72,56.3,-85.7,-11.3,17.2,44.59,42,0.008,normal,
2026-09-15T06:30,Telkom,Gauteng,Soweto,JHB-SOW-018,JHB-SOW-018-A,RAN,LTE2100,99.47,98.82,0.78,98.62,40.67,14.5,59.5,-88.2,-10.6,15.4,47.95,43,0.01,normal,
2026-09-15T06:30,Telkom,Gauteng,Soweto,JHB-SOW-018,JHB-SOW-018-B,RAN,LTE2100,99.34,98.68,0.56,98.88,46.82,12.03,51.5,-84.9,-10.6,17.1,51.32,32,0.008,normal,
2026-09-15T06:30,Telkom,Gauteng,Soweto,JHB-SOW-018,JHB-SOW-018-C,RAN,LTE2100,99.12,98.78,0.7,98.04,43.74,12.83,46.9,-86.2,-8.3,20.4,42.24,39,0.005,normal,
2026-09-15T06:30,Telkom,Gauteng,Pretoria,PTA-HAT-011,PTA-HAT-011-A,RAN,LTE2600,99.36,98.65,0.93,98.79,34.89,16.16,53.8,-85.9,-11.2,15.6,50.24,44,0.032,normal,
2026-09-15T06:30,Telkom,Gauteng,Pretoria,PTA-HAT-011,PTA-HAT-011-B,RAN,LTE2600,99.07,99.22,0.23,98.67,29.4,11.85,59.1,-90.5,-9.2,16.9,59.92,44,0.033,normal,
2026-09-15T06:30,Telkom,Gauteng,Pretoria,PTA-HAT-011,PTA-HAT-011-C,RAN,LTE2600,98.9,98.96,0.13,98.43,36.25,11.82,58.4,-87.1,-11.6,17.5,58.48,52,0.035,normal,
2026-09-15T06:30,Telkom,Western Cape,Cape Town,CPT-BEL-007,CPT-BEL-007-A,RAN,LTE1800,99.88,98.9,0.47,99.02,40.74,14.59,44.9,-84.4,-11.0,19.9,43.91,33,0.006,normal,
2026-09-15T06:30,Telkom,Western Cape,Cape Town,CPT-BEL-007,CPT-BEL-007-B,RAN,LTE1800,98.9,98.99,0.55,98.62,45.56,12.79,49.3,-87.4,-10.1,17.5,46.01,33,0.049,normal,
2026-09-15T06:30,Telkom,Western Cape,Cape Town,CPT-BEL-007,CPT-BEL-007-C,RAN,LTE1800,98.97,98.8,0.56,98.86,35.76,10.18,53.8,-85.8,-9.9,16.2,42.69,35,0.038,normal,
2026-09-15T06:45,Telkom,Gauteng,Johannesburg,JHB-CBD-003,JHB-CBD-003-A,RAN,LTE1800,99.61,98.77,0.05,98.45,35.29,12.53,54.4,-83.8,-9.2,18.4,45.04,41,0.006,normal,
2026-09-15T06:45,Telkom,Gauteng,Johannesburg,JHB-CBD-003,JHB-CBD-003-B,RAN,LTE1800,98.76,99.64,0.14,97.78,49.91,13.16,47.2,-89.0,-10.3,22.6,47.74,39,0.001,normal,
2026-09-15T06:45,Telkom,Gauteng,Johannesburg,JHB-CBD-003,JHB-CBD-003-C,RAN,LTE1800,99.03,98.78,0.35,98.24,31.28,11.49,54.2,-82.7,-8.7,16.8,65.25,46,0.025,normal,
2026-09-15T06:45,Telkom,Gauteng,Soweto,JHB-SOW-018,JHB-SOW-018-A,RAN,LTE2100,98.85,99.27,0.58,98.18,47.75,12.98,56.2,-87.2,-10.1,18.8,41.55,45,0.004,normal,
2026-09-15T06:45,Telkom,Gauteng,Soweto,JHB-SOW-018,JHB-SOW-018-B,RAN,LTE2100,99.59,98.47,0.55,99.0,43.7,13.71,38.3,-92.3,-10.8,15.4,45.24,40,0.012,normal,
2026-09-15T06:45,Telkom,Gauteng,Soweto,JHB-SOW-018,JHB-SOW-018-C,RAN,LTE2100,99.01,98.8,0.49,98.58,39.34,13.81,51.3,-88.7,-10.1,19.4,47.88,36,0.027,normal,
2026-09-15T06:45,Telkom,Gauteng,Pretoria,PTA-HAT-011,PTA-HAT-011-A,RAN,LTE2600,98.98,98.45,0.67,98.55,34.93,11.42,59.2,-86.9,-10.6,16.8,50.7,40,0.011,normal,
2026-09-15T06:45,Telkom,Gauteng,Pretoria,PTA-HAT-011,PTA-HAT-011-B,RAN,LTE2600,98.88,97.95,0.4,98.16,34.33,12.15,59.8,-93.7,-9.9,21.2,54.19,48,0.019,normal,
2026-09-15T06:45,Telkom,Gauteng,Pretoria,PTA-HAT-011,PTA-HAT-011-C,RAN,LTE2600,98.95,98.37,0.91,98.22,41.45,11.36,54.6,-90.7,-10.6,18.0,54.32,40,0.009,normal,
2026-09-15T06:45,Telkom,Western Cape,Cape Town,CPT-BEL-007,CPT-BEL-007-A,RAN,LTE1800,99.54,98.38,0.38,97.84,32.75,12.36,50.2,-84.9,-10.9,18.6,47.55,44,0.024,normal,
2026-09-15T06:45,Telkom,Western Cape,Cape Town,CPT-BEL-007,CPT-BEL-007-B,RAN,LTE1800,99.4,99.26,0.82,99.37,42.99,11.33,52.8,-83.4,-8.0,17.5,46.71,41,0.022,normal,
2026-09-15T06:45,Telkom,Western Cape,Cape Town,CPT-BEL-007,CPT-BEL-007-C,RAN,LTE1800,99.52,98.02,0.82,99.07,42.27,10.77,48.5,-90.5,-11.2,19.0,55.41,45,0.032,normal,
2026-09-15T07:00,Telkom,Gauteng,Johannesburg,JHB-CBD-003,JHB-CBD-003-A,RAN,LTE1800,98.77,99.31,0.29,98.49,38.11,10.69,53.5,-84.7,-9.1,18.4,43.38,45,0.023,normal,
2026-09-15T07:00,Telkom,Gauteng,Johannesburg,JHB-CBD-003,JHB-CBD-003-B,RAN,LTE1800,98.62,99.21,0.29,98.28,43.14,13.51,49.5,-84.2,-9.6,20.3,49.44,37,0.006,normal,
2026-09-15T07:00,Telkom,Gauteng,Johannesburg,JHB-CBD-003,JHB-CBD-003-C,RAN,LTE1800,99.4,98.4,0.6,98.42,42.64,12.88,58.3,-86.7,-10.1,18.7,53.53,45,0.019,normal,
2026-09-15T07:00,Telkom,Gauteng,Soweto,JHB-SOW-018,JHB-SOW-018-A,RAN,LTE2100,99.37,99.51,0.42,98.14,32.59,13.56,56.1,-81.4,-11.0,15.0,54.47,35,0.014,normal,
2026-09-15T07:00,Telkom,Gauteng,Soweto,JHB-SOW-018,JHB-SOW-018-B,RAN,LTE2100,99.12,98.38,0.96,98.12,45.99,12.64,56.8,-87.4,-9.5,15.9,40.05,35,0.049,normal,
2026-09-15T07:00,Telkom,Gauteng,Soweto,JHB-SOW-018,JHB-SOW-018-C,RAN,LTE2100,99.2,98.12,0.06,98.42,39.44,10.27,46.0,-84.1,-8.5,13.8,52.62,45,0.034,normal,
2026-09-15T07:00,Telkom,Gauteng,Pretoria,PTA-HAT-011,PTA-HAT-011-A,RAN,LTE2600,99.05,98.69,0.3,98.96,31.66,13.04,51.1,-86.8,-9.9,19.5,57.43,50,0.02,normal,
2026-09-15T07:00,Telkom,Gauteng,Pretoria,PTA-HAT-011,PTA-HAT-011-B,RAN,LTE2600,98.95,98.75,0.49,99.24,38.61,13.69,55.2,-82.5,-9.4,13.9,54.07,46,0.038,normal,
2026-09-15T07:00,Telkom,Gauteng,Pretoria,PTA-HAT-011,PTA-HAT-011-C,RAN,LTE2600,99.18,98.39,0.98,98.38,28.49,7.62,56.2,-84.7,-9.1,12.9,64.26,51,0.018,normal,
2026-09-15T07:00,Telkom,Western Cape,Cape Town,CPT-BEL-007,CPT-BEL-007-A,RAN,LTE1800,99.43,98.59,0.4,98.8,44.88,10.49,60.9,-88.7,-9.0,15.2,50.78,45,0.035,normal,
2026-09-15T07:00,Telkom,Western Cape,Cape Town,CPT-BEL-007,CPT-BEL-007-B,RAN,LTE1800,98.91,98.73,0.53,98.78,34.74,9.4,51.1,-89.7,-8.5,15.6,61.39,46,0.018,normal,
2026-09-15T07:00,Telkom,Western Cape,Cape Town,CPT-BEL-007,CPT-BEL-007-C,RAN,LTE1800,98.93,98.47,0.2,98.56,43.0,15.95,57.7,-86.7,-11.1,17.2,54.62,49,0.048,normal,
2026-09-15T07:15,Telkom,Gauteng,Johannesburg,JHB-CBD-003,JHB-CBD-003-A,RAN,LTE1800,99.45,99.06,0.39,98.15,31.93,9.77,61.4,-88.4,-8.4,19.2,61.52,55,0.018,normal,
2026-09-15T07:15,Telkom,Gauteng,Johannesburg,JHB-CBD-003,JHB-CBD-003-B,RAN,LTE1800,99.23,99.06,1.13,99.16,36.05,12.62,50.5,-90.1,-11.9,13.2,55.25,50,0.005,normal,
2026-09-15T07:15,Telkom,Gauteng,Johannesburg,JHB-CBD-003,JHB-CBD-003-C,RAN,LTE1800,99.02,98.33,0.49,98.47,35.56,10.38,53.7,-84.2,-9.0,17.8,55.03,49,0.044,normal,
2026-09-15T07:15,Telkom,Gauteng,Soweto,JHB-SOW-018,JHB-SOW-018-A,RAN,LTE2100,98.77,98.34,0.43,98.77,44.15,14.69,50.7,-93.3,-9.0,19.2,43.09,41,0.021,normal,
2026-09-15T07:15,Telkom,Gauteng,Soweto,JHB-SOW-018,JHB-SOW-018-B,RAN,LTE2100,99.42,98.96,0.39,98.29,47.37,13.07,54.9,-82.3,-9.5,16.1,38.21,41,0.047,normal,
2026-09-15T07:15,Telkom,Gauteng,Soweto,JHB-SOW-018,JHB-SOW-018-C,RAN,LTE2100,99.45,98.98,0.59,98.29,37.89,14.04,54.5,-85.7,-10.3,15.0,48.07,40,0.009,normal,
2026-09-15T07:15,Telkom,Gauteng,Pretoria,PTA-HAT-011,PTA-HAT-011-A,RAN,LTE2600,99.03,98.78,0.44,98.07,36.99,12.08,69.2,-87.8,-12.1,17.9,54.67,49,0.016,normal,
2026-09-15T07:15,Telkom,Gauteng,Pretoria,PTA-HAT-011,PTA-HAT-011-B,RAN,LTE2600,99.03,98.47,0.26,98.29,38.42,10.72,47.2,-85.6,-10.7,16.0,52.25,47,0.017,normal,
2026-09-15T07:15,Telkom,Gauteng,Pretoria,PTA-HAT-011,PTA-HAT-011-C,RAN,LTE2600,98.6,98.62,0.7,98.29,47.27,13.08,46.0,-85.3,-9.9,18.7,47.95,44,0.004,normal,
2026-09-15T07:15,Telkom,Western Cape,Cape Town,CPT-BEL-007,CPT-BEL-007-A,RAN,LTE1800,98.85,99.29,0.14,99.4,47.78,14.22,52.2,-82.0,-10.5,23.1,52.45,47,0.034,normal,
2026-09-15T07:15,Telkom,Western Cape,Cape Town,CPT-BEL-007,CPT-BEL-007-B,RAN,LTE1800,98.77,99.26,0.8,98.83,40.35,12.42,45.3,-86.0,-10.5,11.5,47.36,41,0.027,normal,
2026-09-15T07:15,Telkom,Western Cape,Cape Town,CPT-BEL-007,CPT-BEL-007-C,RAN,LTE1800,99.45,98.59,0.27,99.11,29.07,12.56,59.2,-80.9,-8.7,16.0,65.99,49,0.045,normal,
2026-09-15T07:30,Telkom,Gauteng,Johannesburg,JHB-CBD-003,JHB-CBD-003-A,RAN,LTE1800,98.72,98.75,0.46,98.63,37.63,15.14,47.5,-86.1,-12.1,16.5,50.93,50,0.03,normal,
2026-09-15T07:30,Telkom,Gauteng,Johannesburg,JHB-CBD-003,JHB-CBD-003-B,RAN,LTE1800,98.62,98.95,0.35,98.1,36.53,13.89,53.2,-83.1,-8.4,19.3,49.64,45,0.024,normal,
2026-09-15T07:30,Telkom,Gauteng,Johannesburg,JHB-CBD-003,JHB-CBD-003-C,RAN,LTE1800,99.51,99.52,0.53,98.54,39.91,13.6,43.3,-81.5,-10.0,15.5,59.67,55,0.047,normal,
2026-09-15T07:30,Telkom,Gauteng,Soweto,JHB-SOW-018,JHB-SOW-018-A,RAN,LTE2100,98.73,99.07,0.41,98.15,39.6,13.47,55.9,-88.9,-8.9,15.6,52.32,43,0.026,normal,
2026-09-15T07:30,Telkom,Gauteng,Soweto,JHB-SOW-018,JHB-SOW-018-B,RAN,LTE2100,99.01,98.28,0.71,98.69,37.85,10.19,58.7,-82.4,-9.8,18.2,50.06,55,0.02,normal,
2026-09-15T07:30,Telkom,Gauteng,Soweto,JHB-SOW-018,JHB-SOW-018-C,RAN,LTE2100,98.87,99.03,0.7,98.33,37.85,11.08,50.4,-86.3,-9.2,15.5,57.38,46,0.037,normal,
2026-09-15T07:30,Telkom,Gauteng,Pretoria,PTA-HAT-011,PTA-HAT-011-A,RAN,LTE2600,99.05,98.61,0.37,99.06,36.41,11.85,59.8,-85.5,-9.1,14.4,61.36,53,0.023,normal,
2026-09-15T07:30,Telkom,Gauteng,Pretoria,PTA-HAT-011,PTA-HAT-011-B,RAN,LTE2600,99.14,99.39,0.17,98.55,28.94,12.04,53.8,-84.5,-9.0,19.7,65.13,59,0.033,normal,
2026-09-15T07:30,Telkom,Gauteng,Pretoria,PTA-HAT-011,PTA-HAT-011-C,RAN,LTE2600,99.11,98.84,0.72,98.72,32.4,11.99,59.1,-81.9,-11.2,17.7,48.2,47,0.013,normal,
2026-09-15T07:30,Telkom,Western Cape,Cape Town,CPT-BEL-007,CPT-BEL-007-A,RAN,LTE1800,99.48,99.43,0.29,98.12,42.88,10.83,59.6,-85.6,-10.4,19.1,58.12,45,0.023,normal,
2026-09-15T07:30,Telkom,Western Cape,Cape Town,CPT-BEL-007,CPT-BEL-007-B,RAN,LTE1800,99.36,99.44,0.82,98.29,29.73,10.47,54.8,-83.2,-11.7,15.4,66.66,45,0.046,normal,
2026-09-15T07:30,Telkom,Western Cape,Cape Town,CPT-BEL-007,CPT-BEL-007-C,RAN,LTE1800,99.06,98.56,0.57,98.73,38.37,12.56,48.9,-87.0,-9.7,20.9,59.86,52,0.021,normal,
2026-09-15T07:45,Telkom,Gauteng,Johannesburg,JHB-CBD-003,JHB-CBD-003-A,RAN,LTE1800,99.09,98.87,1.01,98.83,38.42,12.6,50.4,-87.6,-7.3,14.7,58.64,55,0.023,normal,
2026-09-15T07:45,Telkom,Gauteng,Johannesburg,JHB-CBD-003,JHB-CBD-003-B,RAN,LTE1800,99.21,98.75,0.36,98.48,40.58,13.98,44.7,-88.0,-10.4,16.6,64.35,56,0.028,normal,
2026-09-15T07:45,Telkom,Gauteng,Johannesburg,JHB-CBD-003,JHB-CBD-003-C,RAN,LTE1800,98.62,99.46,0.45,98.26,38.25,10.9,51.3,-88.0,-9.6,16.5,47.63,51,0.041,normal,
2026-09-15T07:45,Telkom,Gauteng,Soweto,JHB-SOW-018,JHB-SOW-018-A,RAN,LTE2100,99.08,98.94,0.77,97.6,39.26,10.12,53.2,-89.2,-9.8,17.1,50.28,40,0.021,normal,
2026-09-15T07:45,Telkom,Gauteng,Soweto,JHB-SOW-018,JHB-SOW-018-B,RAN,LTE2100,98.75,99.0,0.32,98.77,34.3,11.39,49.2,-83.2,-12.0,16.6,52.13,49,0.031,normal,
2026-09-15T07:45,Telkom,Gauteng,Soweto,JHB-SOW-018,JHB-SOW-018-C,RAN,LTE2100,98.68,98.99,0.55,98.59,37.17,14.16,44.9,-89.0,-9.3,21.2,57.19,49,0.013,normal,
2026-09-15T07:45,Telkom,Gauteng,Pretoria,PTA-HAT-011,PTA-HAT-011-A,RAN,LTE2600,98.54,99.13,1.12,98.48,38.21,12.58,66.2,-86.6,-9.2,18.7,53.24,54,0.05,normal,
2026-09-15T07:45,Telkom,Gauteng,Pretoria,PTA-HAT-011,PTA-HAT-011-B,RAN,LTE2600,98.94,99.2,0.54,98.1,32.49,7.94,55.2,-88.1,-9.6,15.9,66.52,61,0.034,normal,
2026-09-15T07:45,Telkom,Gauteng,Pretoria,PTA-HAT-011,PTA-HAT-011-C,RAN,LTE2600,99.54,98.53,0.64,99.04,38.87,10.35,66.8,-88.6,-9.2,18.4,59.69,56,0.034,normal,
2026-09-15T07:45,Telkom,Western Cape,Cape Town,CPT-BEL-007,CPT-BEL-007-A,RAN,LTE1800,99.23,98.61,0.48,99.14,30.38,11.53,57.6,-85.7,-10.3,17.0,61.84,52,0.009,normal,
2026-09-15T07:45,Telkom,Western Cape,Cape Town,CPT-BEL-007,CPT-BEL-007-B,RAN,LTE1800,99.18,99.04,0.59,98.88,45.4,11.52,43.0,-83.5,-9.8,16.6,49.55,50,0.031,normal,
2026-09-15T07:45,Telkom,Western Cape,Cape Town,CPT-BEL-007,CPT-BEL-007-C,RAN,LTE1800,99.03,99.46,0.35,98.95,46.8,14.48,45.1,-85.9,-9.1,16.6,53.08,47,0.047,normal,
2026-09-15T08:00,Telkom,Gauteng,Johannesburg,JHB-CBD-003,JHB-CBD-003-A,RAN,LTE1800,98.42,98.32,0.71,98.09,42.4,13.41,51.3,-82.9,-9.8,12.9,54.91,48,0.013,normal,
2026-09-15T08:00,Telkom,Gauteng,Johannesburg,JHB-CBD-003,JHB-CBD-003-B,RAN,LTE1800,99.61,98.23,1.17,98.99,38.91,9.05,48.5,-87.6,-9.8,17.9,62.8,49,0.029,normal,
2026-09-15T08:00,Telkom,Gauteng,Johannesburg,JHB-CBD-003,JHB-CBD-003-C,RAN,LTE1800,99.04,98.47,0.8,98.53,43.98,12.12,47.6,-85.6,-10.3,12.7,58.55,54,0.019,normal,
2026-09-15T08:00,Telkom,Gauteng,Soweto,JHB-SOW-018,JHB-SOW-018-A,RAN,LTE2100,98.27,98.97,0.47,97.65,39.15,10.12,60.0,-87.1,-11.7,15.9,64.13,47,0.049,normal,
2026-09-15T08:00,Telkom,Gauteng,Soweto,JHB-SOW-018,JHB-SOW-018-B,RAN,LTE2100,98.93,98.84,0.7,98.81,32.94,10.52,57.3,-86.7,-9.8,17.4,60.15,53,0.002,normal,
2026-09-15T08:00,Telkom,Gauteng,Soweto,JHB-SOW-018,JHB-SOW-018-C,RAN,LTE2100,99.33,98.95,0.65,99.69,39.85,13.23,54.5,-83.5,-11.4,15.0,51.72,48,0.034,normal,
2026-09-15T08:00,Telkom,Gauteng,Pretoria,PTA-HAT-011,PTA-HAT-011-A,RAN,LTE2600,98.88,98.94,0.63,98.75,37.36,14.36,52.4,-89.5,-9.2,14.3,52.49,58,0.0,normal,
2026-09-15T08:00,Telkom,Gauteng,Pretoria,PTA-HAT-011,PTA-HAT-011-B,RAN,LTE2600,98.8,97.89,0.34,99.26,30.15,11.03,41.4,-86.2,-10.2,18.6,60.42,53,0.0,normal,
2026-09-15T08:00,Telkom,Gauteng,Pretoria,PTA-HAT-011,PTA-HAT-011-C,RAN,LTE2600,98.93,98.5,0.42,98.73,30.12,8.24,57.2,-82.8,-9.5,18.6,62.28,61,0.018,normal,
2026-09-15T08:00,Telkom,Western Cape,Cape Town,CPT-BEL-007,CPT-BEL-007-A,RAN,LTE1800,98.9,98.11,0.41,98.16,48.26,10.72,49.2,-86.7,-7.8,15.3,50.77,49,0.047,normal,
2026-09-15T08:00,Telkom,Western Cape,Cape Town,CPT-BEL-007,CPT-BEL-007-B,RAN,LTE1800,99.07,98.74,0.29,98.89,40.12,12.01,54.7,-85.1,-11.1,16.5,54.61,45,0.041,normal,
2026-09-15T08:00,Telkom,Western Cape,Cape Town,CPT-BEL-007,CPT-BEL-007-C,RAN,LTE1800,98.95,99.11,0.14,98.7,35.77,11.14,62.4,-86.0,-12.0,11.4,54.69,49,0.034,normal,
2026-09-15T08:15,Telkom,Gauteng,Johannesburg,JHB-CBD-003,JHB-CBD-003-A,RAN,LTE1800,98.9,98.69,1.15,98.43,29.04,12.54,56.8,-80.0,-10.4,17.0,57.03,55,0.003,normal,
2026-09-15T08:15,Telkom,Gauteng,Johannesburg,JHB-CBD-003,JHB-CBD-003-B,RAN,LTE1800,98.8,98.85,0.11,98.24,32.36,15.29,57.2,-87.8,-6.7,15.8,62.86,57,0.008,normal,
2026-09-15T08:15,Telkom,Gauteng,Johannesburg,JHB-CBD-003,JHB-CBD-003-C,RAN,LTE1800,98.74,98.84,0.65,99.24,35.56,10.35,50.0,-88.6,-11.4,17.8,65.55,59,0.029,normal,
2026-09-15T08:15,Telkom,Gauteng,Soweto,JHB-SOW-018,JHB-SOW-018-A,RAN,LTE2100,98.91,98.82,0.26,98.05,37.36,14.63,53.9,-85.3,-10.1,16.9,53.02,52,0.014,normal,
2026-09-15T08:15,Telkom,Gauteng,Soweto,JHB-SOW-018,JHB-SOW-018-B,RAN,LTE2100,99.36,98.25,0.57,99.17,39.05,15.23,50.1,-87.6,-10.0,18.9,52.92,48,0.046,normal,
2026-09-15T08:15,Telkom,Gauteng,Soweto,JHB-SOW-018,JHB-SOW-018-C,RAN,LTE2100,99.68,98.18,0.36,98.62,42.0,16.01,53.7,-84.3,-8.8,17.7,50.71,41,0.003,normal,
2026-09-15T08:15,Telkom,Gauteng,Pretoria,PTA-HAT-011,PTA-HAT-011-A,RAN,LTE2600,98.83,99.12,0.1,97.86,31.86,8.69,52.2,-89.0,-10.3,14.1,68.83,58,0.023,normal,
2026-09-15T08:15,Telkom,Gauteng,Pretoria,PTA-HAT-011,PTA-HAT-011-B,RAN,LTE2600,98.76,98.46,0.72,97.56,40.78,14.19,56.0,-79.8,-9.4,15.8,56.9,57,0.023,normal,
2026-09-15T08:15,Telkom,Gauteng,Pretoria,PTA-HAT-011,PTA-HAT-011-C,RAN,LTE2600,98.9,98.07,0.82,98.74,35.66,9.13,58.7,-84.4,-10.7,14.8,67.24,61,0.043,normal,
2026-09-15T08:15,Telkom,Western Cape,Cape Town,CPT-BEL-007,CPT-BEL-007-A,RAN,LTE1800,99.14,98.5,0.8,98.21,39.22,10.35,65.6,-83.2,-9.1,18.2,60.53,47,0.022,normal,
2026-09-15T08:15,Telkom,Western Cape,Cape Town,CPT-BEL-007,CPT-BEL-007-B,RAN,LTE1800,99.78,98.6,0.51,98.76,37.99,12.75,42.3,-89.9,-11.9,12.3,51.69,48,0.048,normal,
2026-09-15T08:15,Telkom,Western Cape,Cape Town,CPT-BEL-007,CPT-BEL-007-C,RAN,LTE1800,99.03,98.53,0.72,98.43,36.39,11.04,71.7,-85.9,-9.4,18.0,58.71,55,0.05,normal,
2026-09-15T08:30,Telkom,Gauteng,Johannesburg,JHB-CBD-003,JHB-CBD-003-A,RAN,LTE1800,99.06,98.57,0.62,98.95,46.21,10.13,60.6,-86.3,-10.5,15.6,53.7,57,0.011,normal,
2026-09-15T08:30,Telkom,Gauteng,Johannesburg,JHB-CBD-003,JHB-CBD-003-B,RAN,LTE1800,99.58,98.88,0.77,97.86,41.64,11.46,54.0,-85.6,-11.1,15.1,53.04,57,0.043,normal,
2026-09-15T08:30,Telkom,Gauteng,Johannesburg,JHB-CBD-003,JHB-CBD-003-C,RAN,LTE1800,99.15,98.67,0.94,97.71,37.03,14.56,65.0,-86.6,-8.4,20.4,51.76,49,0.016,normal,
2026-09-15T08:30,Telkom,Gauteng,Soweto,JHB-SOW-018,JHB-SOW-018-A,RAN,LTE2100,98.93,98.99,0.25,99.46,29.77,9.36,57.9,-87.1,-9.4,16.0,59.6,55,0.045,normal,
2026-09-15T08:30,Telkom,Gauteng,Soweto,JHB-SOW-018,JHB-SOW-018-B,RAN,LTE2100,98.42,99.57,0.81,98.28,38.91,12.26,61.5,-88.5,-9.4,19.7,57.54,44,0.044,normal,
2026-09-15T08:30,Telkom,Gauteng,Soweto,JHB-SOW-018,JHB-SOW-018-C,RAN,LTE2100,99.49,98.96,0.39,98.48,43.45,11.64,42.8,-87.8,-11.5,14.5,57.55,49,0.038,normal,
2026-09-15T08:30,Telkom,Gauteng,Pretoria,PTA-HAT-011,PTA-HAT-011-A,RAN,LTE2600,99.65,99.03,0.38,99.11,30.67,10.53,62.4,-87.4,-9.2,18.3,72.13,60,0.018,normal,
2026-09-15T08:30,Telkom,Gauteng,Pretoria,PTA-HAT-011,PTA-HAT-011-B,RAN,LTE2600,99.01,99.53,0.05,98.19,35.66,13.78,57.1,-83.8,-9.7,15.9,54.9,49,0.033,normal,
2026-09-15T08:30,Telkom,Gauteng,Pretoria,PTA-HAT-011,PTA-HAT-011-C,RAN,LTE2600,98.93,98.29,0.37,99.95,30.79,11.83,49.6,-88.9,-8.6,16.7,60.91,59,0.037,normal,
2026-09-15T08:30,Telkom,Western Cape,Cape Town,CPT-BEL-007,CPT-BEL-007-A,RAN,LTE1800,98.95,98.88,0.13,97.92,34.7,13.87,55.7,-84.9,-9.5,19.1,62.06,60,0.043,normal,
2026-09-15T08:30,Telkom,Western Cape,Cape Town,CPT-BEL-007,CPT-BEL-007-B,RAN,LTE1800,98.85,99.1,0.05,99.35,34.65,13.64,49.7,-78.9,-8.1,18.2,60.85,57,0.048,normal,
2026-09-15T08:30,Telkom,Western Cape,Cape Town,CPT-BEL-007,CPT-BEL-007-C,RAN,LTE1800,99.44,98.77,0.82,99.44,33.99,14.23,58.2,-87.0,-9.9,14.8,60.6,48,0.013,normal,
2026-09-15T08:45,Telkom,Gauteng,Johannesburg,JHB-CBD-003,JHB-CBD-003-A,RAN,LTE1800,95.77,97.89,1.8,98.43,39.23,11.98,74.2,-86.7,-10.5,19.6,55.06,51,0.174,normal,
2026-09-15T08:45,Telkom,Gauteng,Johannesburg,JHB-CBD-003,JHB-CBD-003-B,RAN,LTE1800,91.18,93.96,3.77,95.45,18.15,10.45,92.0,-85.0,-14.5,15.7,77.45,53,0.396,cell_degradation,INC-20260915-JHB-CBD-003-B
2026-09-15T08:45,Telkom,Gauteng,Johannesburg,JHB-CBD-003,JHB-CBD-003-C,RAN,LTE1800,96.64,97.9,1.54,97.12,29.65,10.44,68.8,-89.1,-10.6,13.1,65.22,51,0.135,normal,
2026-09-15T08:45,Telkom,Gauteng,Soweto,JHB-SOW-018,JHB-SOW-018-A,RAN,LTE2100,99.54,98.92,0.67,98.76,49.06,9.71,58.5,-84.7,-9.1,16.3,55.15,55,0.029,normal,
2026-09-15T08:45,Telkom,Gauteng,Soweto,JHB-SOW-018,JHB-SOW-018-B,RAN,LTE2100,99.12,99.14,0.31,98.71,45.35,10.99,53.4,-84.8,-10.5,18.6,50.61,54,0.036,normal,
2026-09-15T08:45,Telkom,Gauteng,Soweto,JHB-SOW-018,JHB-SOW-018-C,RAN,LTE2100,99.4,98.8,0.22,98.82,33.46,10.42,52.0,-84.3,-12.9,17.6,61.1,51,0.001,normal,
2026-09-15T08:45,Telkom,Gauteng,Pretoria,PTA-HAT-011,PTA-HAT-011-A,RAN,LTE2600,99.26,98.92,0.35,98.1,40.27,12.93,44.0,-90.9,-11.2,17.2,51.51,57,0.036,normal,
2026-09-15T08:45,Telkom,Gauteng,Pretoria,PTA-HAT-011,PTA-HAT-011-B,RAN,LTE2600,99.11,98.79,0.68,98.26,35.47,10.43,53.9,-81.4,-8.6,15.5,62.72,54,0.026,normal,
2026-09-15T08:45,Telkom,Gauteng,Pretoria,PTA-HAT-011,PTA-HAT-011-C,RAN,LTE2600,99.31,99.49,0.86,97.84,40.81,7.75,61.6,-88.6,-11.9,18.9,60.38,57,0.036,normal,
2026-09-15T08:45,Telkom,Western Cape,Cape Town,CPT-BEL-007,CPT-BEL-007-A,RAN,LTE1800,99.43,98.48,0.13,98.03,32.33,12.94,58.0,-84.2,-11.7,21.4,59.5,54,0.01,normal,
2026-09-15T08:45,Telkom,Western Cape,Cape Town,CPT-BEL-007,CPT-BEL-007-B,RAN,LTE1800,99.23,98.47,0.36,99.47,49.08,13.23,51.8,-84.0,-10.5,21.9,42.37,43,0.009,normal,
2026-09-15T08:45,Telkom,Western Cape,Cape Town,CPT-BEL-007,CPT-BEL-007-C,RAN,LTE1800,99.23,98.63,0.54,98.38,37.72,12.72,57.7,-85.6,-9.6,20.4,56.76,48,0.04,normal,
2026-09-15T09:00,Telkom,Gauteng,Johannesburg,JHB-CBD-003,JHB-CBD-003-A,RAN,LTE1800,96.41,97.48,1.29,96.67,30.18,10.85,74.6,-84.2,-11.9,14.0,77.4,61,0.173,normal,
2026-09-15T09:00,Telkom,Gauteng,Johannesburg,JHB-CBD-003,JHB-CBD-003-B,RAN,LTE1800,89.96,93.01,4.15,95.24,23.57,6.7,102.5,-91.7,-11.6,11.4,84.17,58,0.478,cell_degradation,INC-20260915-JHB-CBD-003-B
2026-09-15T09:00,Telkom,Gauteng,Johannesburg,JHB-CBD-003,JHB-CBD-003-C,RAN,LTE1800,96.17,97.26,1.64,97.72,30.33,10.34,58.7,-84.9,-8.7,17.0,56.07,44,0.179,normal,
2026-09-15T09:00,Telkom,Gauteng,Soweto,JHB-SOW-018,JHB-SOW-018-A,RAN,LTE2100,99.41,98.94,0.66,98.37,38.53,13.5,58.7,-94.3,-10.8,17.5,50.12,45,0.001,normal,
2026-09-15T09:00,Telkom,Gauteng,Soweto,JHB-SOW-018,JHB-SOW-018-B,RAN,LTE2100,99.14,98.87,0.66,98.99,30.11,10.13,67.0,-88.6,-10.1,17.3,64.88,56,0.021,normal,
2026-09-15T09:00,Telkom,Gauteng,Soweto,JHB-SOW-018,JHB-SOW-018-C,RAN,LTE2100,98.96,98.99,0.31,97.86,36.32,11.18,54.5,-85.2,-10.3,18.5,54.76,56,0.047,normal,
2026-09-15T09:00,Telkom,Gauteng,Pretoria,PTA-HAT-011,PTA-HAT-011-A,RAN,LTE2600,99.36,99.36,0.37,98.41,25.81,8.22,66.9,-84.2,-11.7,22.2,70.79,55,0.025,normal,
2026-09-15T09:00,Telkom,Gauteng,Pretoria,PTA-HAT-011,PTA-HAT-011-B,RAN,LTE2600,99.24,99.26,0.65,97.89,33.39,13.7,54.1,-85.4,-10.5,19.4,67.97,61,0.006,normal,
2026-09-15T09:00,Telkom,Gauteng,Pretoria,PTA-HAT-011,PTA-HAT-011-C,RAN,LTE2600,99.53,99.48,0.15,97.63,37.61,12.98,54.9,-85.2,-11.1,16.5,66.76,62,0.019,normal,
2026-09-15T09:00,Telkom,Western Cape,Cape Town,CPT-BEL-007,CPT-BEL-007-A,RAN,LTE1800,98.83,98.73,0.47,97.94,28.58,12.57,68.9,-85.2,-11.3,16.4,64.3,54,0.022,normal,
2026-09-15T09:00,Telkom,Western Cape,Cape Town,CPT-BEL-007,CPT-BEL-007-B,RAN,LTE1800,99.31,99.4,0.92,98.32,39.44,8.74,56.0,-88.5,-10.5,22.3,60.6,62,0.003,normal,
2026-09-15T09:00,Telkom,Western Cape,Cape Town,CPT-BEL-007,CPT-BEL-007-C,RAN,LTE1800,99.34,99.04,0.63,99.14,33.24,11.53,55.0,-83.5,-9.0,17.5,58.67,54,0.001,normal,
2026-09-15T09:15,Telkom,Gauteng,Johannesburg,JHB-CBD-003,JHB-CBD-003-A,RAN,LTE1800,96.36,97.03,0.94,97.81,30.76,7.8,70.2,-86.4,-12.9,16.8,67.91,58,0.176,normal,
2026-09-15T09:15,Telkom,Gauteng,Johannesburg,JHB-CBD-003,JHB-CBD-003-B,RAN,LTE1800,87.27,92.28,4.51,94.0,10.61,6.44,118.6,-85.4,-14.0,12.3,91.67,55,0.65,cell_degradation,INC-20260915-JHB-CBD-003-B
2026-09-15T09:15,Telkom,Gauteng,Johannesburg,JHB-CBD-003,JHB-CBD-003-C,RAN,LTE1800,97.29,97.69,1.77,97.53,24.66,10.61,74.5,-86.9,-8.6,10.7,71.43,59,0.152,normal,
2026-09-15T09:15,Telkom,Gauteng,Soweto,JHB-SOW-018,JHB-SOW-018-A,RAN,LTE2100,99.0,99.17,0.58,98.55,40.66,14.41,63.6,-87.0,-10.7,17.6,45.59,46,0.011,normal,
2026-09-15T09:15,Telkom,Gauteng,Soweto,JHB-SOW-018,JHB-SOW-018-B,RAN,LTE2100,99.27,99.4,0.54,97.9,45.35,10.53,58.1,-81.9,-10.3,18.0,63.99,53,0.023,normal,
2026-09-15T09:15,Telkom,Gauteng,Soweto,JHB-SOW-018,JHB-SOW-018-C,RAN,LTE2100,98.58,99.66,0.9,98.86,31.24,12.11,54.8,-86.6,-9.1,15.9,60.9,45,0.02,normal,
2026-09-15T09:15,Telkom,Gauteng,Pretoria,PTA-HAT-011,PTA-HAT-011-A,RAN,LTE2600,99.5,98.79,0.87,98.35,32.78,10.28,64.8,-82.4,-10.4,15.0,69.57,68,0.035,normal,
2026-09-15T09:15,Telkom,Gauteng,Pretoria,PTA-HAT-011,PTA-HAT-011-B,RAN,LTE2600,99.11,98.8,0.76,98.37,37.56,11.94,54.8,-89.6,-10.2,16.0,58.59,63,0.036,normal,
2026-09-15T09:15,Telkom,Gauteng,Pretoria,PTA-HAT-011,PTA-HAT-011-C,RAN,LTE2600,98.86,98.91,0.36,98.47,33.77,13.0,55.5,-87.1,-10.2,11.7,62.75,63,0.044,normal,
2026-09-15T09:15,Telkom,Western Cape,Cape Town,CPT-BEL-007,CPT-BEL-007-A,RAN,LTE1800,98.77,98.82,0.84,98.06,39.7,9.84,59.3,-84.8,-8.9,19.2,67.06,54,0.025,normal,
2026-09-15T09:15,Telkom,Western Cape,Cape Town,CPT-BEL-007,CPT-BEL-007-B,RAN,LTE1800,98.8,99.03,0.44,99.14,40.57,11.97,48.7,-87.4,-10.8,15.6,54.06,55,0.006,normal,
2026-09-15T09:15,Telkom,Western Cape,Cape Town,CPT-BEL-007,CPT-BEL-007-C,RAN,LTE1800,98.93,99.17,0.46,99.09,36.61,14.18,72.4,-87.7,-12.6,14.1,47.8,50,0.031,normal,
2026-09-15T09:30,Telkom,Gauteng,Johannesburg,JHB-CBD-003,JHB-CBD-003-A,RAN,LTE1800,96.3,96.96,1.49,97.77,37.45,12.39,69.0,-84.1,-10.9,15.8,57.96,58,0.178,normal,
2026-09-15T09:30,Telkom,Gauteng,Johannesburg,JHB-CBD-003,JHB-CBD-003-B,RAN,LTE1800,85.57,90.8,4.86,93.52,16.28,8.53,131.5,-87.7,-12.2,12.0,93.43,56,0.743,cell_degradation,INC-20260915-JHB-CBD-003-B
2026-09-15T09:30,Telkom,Gauteng,Johannesburg,JHB-CBD-003,JHB-CBD-003-C,RAN,LTE1800,95.91,97.13,1.79,97.87,23.48,10.04,72.7,-84.3,-10.8,14.6,69.46,53,0.15,normal,
2026-09-15T09:30,Telkom,Gauteng,Soweto,JHB-SOW-018,JHB-SOW-018-A,RAN,LTE2100,98.65,98.4,0.33,99.06,40.83,12.12,46.0,-88.0,-11.4,18.4,52.66,53,0.01,normal,
2026-09-15T09:30,Telkom,Gauteng,Soweto,JHB-SOW-018,JHB-SOW-018-B,RAN,LTE2100,99.3,98.9,0.8,98.9,37.82,13.44,57.6,-86.4,-9.9,17.8,56.36,55,0.027,normal,
2026-09-15T09:30,Telkom,Gauteng,Soweto,JHB-SOW-018,JHB-SOW-018-C,RAN,LTE2100,99.11,98.46,0.3,98.71,33.11,8.68,56.4,-89.9,-9.0,18.9,60.18,56,0.031,normal,
2026-09-15T09:30,Telkom,Gauteng,Pretoria,PTA-HAT-011,PTA-HAT-011-A,RAN,LTE2600,98.31,98.45,0.67,98.13,34.56,11.71,47.3,-89.7,-11.0,17.0,67.23,58,0.014,normal,
2026-09-15T09:30,Telkom,Gauteng,Pretoria,PTA-HAT-011,PTA-HAT-011-B,RAN,LTE2600,98.85,98.82,0.49,98.44,38.63,10.03,51.9,-88.4,-13.7,16.6,70.41,67,0.012,normal,
2026-09-15T09:30,Telkom,Gauteng,Pretoria,PTA-HAT-011,PTA-HAT-011-C,RAN,LTE2600,98.84,98.89,0.41,98.1,32.13,11.95,52.4,-86.8,-8.9,21.5,67.93,65,0.035,normal,
2026-09-15T09:30,Telkom,Western Cape,Cape Town,CPT-BEL-007,CPT-BEL-007-A,RAN,LTE1800,99.43,98.38,0.63,98.13,30.46,11.59,48.5,-89.6,-11.6,16.9,57.53,52,0.038,normal,
2026-09-15T09:30,Telkom,Western Cape,Cape Town,CPT-BEL-007,CPT-BEL-007-B,RAN,LTE1800,99.18,98.36,0.46,99.0,42.71,9.27,49.0,-87.4,-8.2,17.8,57.19,61,0.044,normal,
2026-09-15T09:30,Telkom,Western Cape,Cape Town,CPT-BEL-007,CPT-BEL-007-C,RAN,LTE1800,99.5,99.28,0.44,98.05,35.08,9.83,53.8,-85.7,-9.4,19.6,55.22,60,0.041,normal,
2026-09-15T09:45,Telkom,Gauteng,Johannesburg,JHB-CBD-003,JHB-CBD-003-A,RAN,LTE1800,96.29,97.21,1.8,97.17,26.73,9.59,64.3,-86.8,-12.0,13.6,68.54,57,0.144,normal,
2026-09-15T09:45,Telkom,Gauteng,Johannesburg,JHB-CBD-003,JHB-CBD-003-B,RAN,LTE1800,83.29,90.22,5.23,93.25,4.22,2.07,135.9,-89.8,-14.1,7.4,99.5,67,0.861,cell_degradation,INC-20260915-JHB-CBD-003-B
2026-09-15T09:45,Telkom,Gauteng,Johannesburg,JHB-CBD-003,JHB-CBD-003-C,RAN,LTE1800,96.53,97.11,1.41,96.98,17.2,7.98,69.2,-84.0,-11.4,15.4,79.99,67,0.153,normal,
2026-09-15T09:45,Telkom,Gauteng,Soweto,JHB-SOW-018,JHB-SOW-018-A,RAN,LTE2100,99.12,98.66,0.73,99.18,37.19,11.83,44.8,-82.4,-9.3,14.7,56.45,51,0.046,normal,
2026-09-15T09:45,Telkom,Gauteng,Soweto,JHB-SOW-018,JHB-SOW-018-B,RAN,LTE2100,99.35,99.31,0.61,98.71,33.59,9.38,54.3,-88.7,-9.4,18.9,52.86,47,0.021,normal,
2026-09-15T09:45,Telkom,Gauteng,Soweto,JHB-SOW-018,JHB-SOW-018-C,RAN,LTE2100,99.0,98.8,0.56,98.41,36.87,10.85,58.9,-86.5,-10.9,13.9,62.26,61,0.048,normal,
2026-09-15T09:45,Telkom,Gauteng,Pretoria,PTA-HAT-011,PTA-HAT-011-A,RAN,LTE2600,99.59,98.72,0.85,97.45,34.41,10.96,58.2,-84.4,-8.9,15.1,65.97,67,0.004,normal,
2026-09-15T09:45,Telkom,Gauteng,Pretoria,PTA-HAT-011,PTA-HAT-011-B,RAN,LTE2600,99.49,98.99,0.48,98.99,26.25,7.87,55.2,-82.8,-11.0,18.3,71.53,63,0.027,normal,
2026-09-15T09:45,Telkom,Gauteng,Pretoria,PTA-HAT-011,PTA-HAT-011-C,RAN,LTE2600,99.24,98.23,0.65,98.22,34.62,10.28,54.9,-89.3,-11.7,15.1,66.33,62,0.023,normal,
2026-09-15T09:45,Telkom,Western Cape,Cape Town,CPT-BEL-007,CPT-BEL-007-A,RAN,LTE1800,99.47,98.39,0.44,98.41,39.97,11.8,44.8,-85.4,-9.7,16.5,50.38,50,0.015,normal,
2026-09-15T09:45,Telkom,Western Cape,Cape Town,CPT-BEL-007,CPT-BEL-007-B,RAN,LTE1800,99.38,99.11,0.42,97.98,34.13,11.08,63.1,-86.9,-10.5,14.9,61.54,62,0.033,normal,
2026-09-15T09:45,Telkom,Western Cape,Cape Town,CPT-BEL-007,CPT-BEL-007-C,RAN,LTE1800,98.8,98.77,0.33,99.17,29.07,10.29,59.1,-91.5,-8.1,12.6,55.99,56,0.027,normal,
2026-09-15T10:00,Telkom,Gauteng,Johannesburg,JHB-CBD-003,JHB-CBD-003-A,RAN,LTE1800,96.29,97.36,1.56,97.8,22.53,9.85,67.2,-83.6,-10.5,17.2,68.78,61,0.138,normal,
2026-09-15T10:00,Telkom,Gauteng,Johannesburg,JHB-CBD-003,JHB-CBD-003-B,RAN,LTE1800,84.24,89.61,6.08,92.51,17.32,6.39,128.9,-87.4,-15.6,6.4,85.6,49,0.764,cell_degradation,INC-20260915-JHB-CBD-003-B
2026-09-15T10:00,Telkom,Gauteng,Johannesburg,JHB-CBD-003,JHB-CBD-003-C,RAN,LTE1800,96.51,97.12,1.59,96.95,28.75,9.36,72.2,-84.1,-10.6,15.0,72.44,63,0.152,normal,
2026-09-15T10:00,Telkom,Gauteng,Soweto,JHB-SOW-018,JHB-SOW-018-A,RAN,LTE2100,99.02,98.4,0.47,97.6,44.54,10.68,45.4,-85.2,-9.3,15.5,56.84,43,0.028,normal,
2026-09-15T10:00,Telkom,Gauteng,Soweto,JHB-SOW-018,JHB-SOW-018-B,RAN,LTE2100,98.8,97.66,1.24,97.58,36.82,12.64,47.9,-82.4,-11.0,17.0,62.78,59,0.031,normal,
2026-09-15T10:00,Telkom,Gauteng,Soweto,JHB-SOW-018,JHB-SOW-018-C,RAN,LTE2100,98.98,98.89,0.36,98.37,43.26,12.69,51.4,-84.4,-11.8,14.0,54.04,46,0.024,normal,
2026-09-15T10:00,Telkom,Gauteng,Pretoria,PTA-HAT-011,PTA-HAT-011-A,RAN,LTE2600,99.61,99.2,0.83,98.34,30.58,9.72,55.0,-85.7,-10.7,15.2,69.19,62,0.042,normal,
2026-09-15T10:00,Telkom,Gauteng,Pretoria,PTA-HAT-011,PTA-HAT-011-B,RAN,LTE2600,98.72,98.57,0.56,99.25,34.4,11.98,58.2,-82.0,-10.8,20.2,62.7,59,0.01,normal,
2026-09-15T10:00,Telkom,Gauteng,Pretoria,PTA-HAT-011,PTA-HAT-011-C,RAN,LTE2600,99.05,98.96,0.71,97.71,33.09,11.24,55.4,-86.3,-10.2,16.3,70.88,69,0.041,normal,
2026-09-15T10:00,Telkom,Western Cape,Cape Town,CPT-BEL-007,CPT-BEL-007-A,RAN,LTE1800,98.08,99.03,0.69,97.91,40.44,13.18,60.5,-84.1,-10.1,13.8,53.36,55,0.022,normal,
2026-09-15T10:00,Telkom,Western Cape,Cape Town,CPT-BEL-007,CPT-BEL-007-B,RAN,LTE1800,98.84,99.21,0.14,97.94,30.64,11.21,47.0,-83.8,-9.3,15.1,62.82,55,0.035,normal,
2026-09-15T10:00,Telkom,Western Cape,Cape Town,CPT-BEL-007,CPT-BEL-007-C,RAN,LTE1800,99.18,99.42,0.22,97.54,34.81,14.01,53.8,-86.1,-9.4,18.8,53.75,52,0.023,normal,
2026-09-15T10:15,Telkom,Gauteng,Johannesburg,JHB-CBD-003,JHB-CBD-003-A,RAN,LTE1800,96.06,97.48,1.04,97.93,35.37,8.41,75.8,-84.6,-12.3,17.7,65.37,56,0.169,normal,
2026-09-15T10:15,Telkom,Gauteng,Johannesburg,JHB-CBD-003,JHB-CBD-003-B,RAN,LTE1800,83.38,88.89,6.16,91.79,20.13,5.89,133.3,-89.4,-15.6,9.5,89.44,55,0.85,cell_degradation,INC-20260915-JHB-CBD-003-B
2026-09-15T10:15,Telkom,Gauteng,Johannesburg,JHB-CBD-003,JHB-CBD-003-C,RAN,LTE1800,96.34,97.71,1.57,96.67,30.96,11.1,71.7,-91.9,-11.3,12.7,62.73,62,0.161,normal,
2026-09-15T10:15,Telkom,Gauteng,Soweto,JHB-SOW-018,JHB-SOW-018-A,RAN,LTE2100,99.32,99.69,0.15,99.08,38.13,12.08,60.2,-87.0,-10.5,18.9,54.16,48,0.018,normal,
2026-09-15T10:15,Telkom,Gauteng,Soweto,JHB-SOW-018,JHB-SOW-018-B,RAN,LTE2100,98.94,98.52,0.6,98.62,31.51,10.77,51.2,-87.4,-9.6,16.7,65.07,65,0.03,normal,
2026-09-15T10:15,Telkom,Gauteng,Soweto,JHB-SOW-018,JHB-SOW-018-C,RAN,LTE2100,99.68,98.93,0.08,98.02,35.85,11.82,51.0,-85.9,-8.5,16.9,63.17,56,0.02,normal,
2026-09-15T10:15,Telkom,Gauteng,Pretoria,PTA-HAT-011,PTA-HAT-011-A,RAN,LTE2600,98.98,98.93,0.41,99.03,31.54,11.03,51.4,-87.1,-10.8,13.7,61.21,61,0.047,normal,
2026-09-15T10:15,Telkom,Gauteng,Pretoria,PTA-HAT-011,PTA-HAT-011-B,RAN,LTE2600,99.24,98.93,0.74,98.22,28.49,14.38,53.8,-89.1,-8.4,16.5,59.13,65,0.014,normal,
2026-09-15T10:15,Telkom,Gauteng,Pretoria,PTA-HAT-011,PTA-HAT-011-C,RAN,LTE2600,98.94,98.89,0.87,98.13,39.83,10.56,57.2,-89.9,-9.9,14.5,58.35,70,0.023,normal,
2026-09-15T10:15,Telkom,Western Cape,Cape Town,CPT-BEL-007,CPT-BEL-007-A,RAN,LTE1800,98.64,98.68,0.53,98.08,30.74,11.0,57.2,-84.4,-10.9,21.6,62.02,65,0.013,normal,
2026-09-15T10:15,Telkom,Western Cape,Cape Town,CPT-BEL-007,CPT-BEL-007-B,RAN,LTE1800,99.16,98.91,0.7,98.65,41.19,12.77,57.5,-86.6,-11.1,15.8,55.62,51,0.015,normal,
2026-09-15T10:15,Telkom,Western Cape,Cape Town,CPT-BEL-007,CPT-BEL-007-C,RAN,LTE1800,98.62,98.29,0.13,98.33,33.99,10.35,58.9,-87.1,-10.4,19.5,59.88,59,0.029,normal,
2026-09-15T10:30,Telkom,Gauteng,Johannesburg,JHB-CBD-003,JHB-CBD-003-A,RAN,LTE1800,97.02,96.27,1.91,97.17,30.48,9.72,74.4,-87.7,-10.7,16.3,68.63,61,0.137,normal,
2026-09-15T10:30,Telkom,Gauteng,Johannesburg,JHB-CBD-003,JHB-CBD-003-B,RAN,LTE1800,80.75,88.34,6.29,90.95,4.97,2.28,147.4,-89.9,-16.4,9.0,97.54,59,0.998,cell_degradation,INC-20260915-JHB-CBD-003-B
2026-09-15T10:30,Telkom,Gauteng,Johannesburg,JHB-CBD-003,JHB-CBD-003-C,RAN,LTE1800,95.82,97.26,1.52,98.1,37.11,10.24,69.8,-84.4,-11.2,13.6,59.74,55,0.145,normal,
2026-09-15T10:30,Telkom,Gauteng,Soweto,JHB-SOW-018,JHB-SOW-018-A,RAN,LTE2100,98.61,98.71,0.84,98.91,33.12,11.13,64.2,-90.3,-11.4,18.7,62.3,56,0.043,normal,
2026-09-15T10:30,Telkom,Gauteng,Soweto,JHB-SOW-018,JHB-SOW-018-B,RAN,LTE2100,98.36,98.49,0.62,98.43,33.95,13.27,50.0,-89.3,-11.0,16.9,61.42,57,0.004,normal,
2026-09-15T10:30,Telkom,Gauteng,Soweto,JHB-SOW-018,JHB-SOW-018-C,RAN,LTE2100,98.76,98.79,0.5,97.61,38.85,12.89,52.4,-86.4,-9.0,17.5,64.47,55,0.04,normal,
2026-09-15T10:30,Telkom,Gauteng,Pretoria,PTA-HAT-011,PTA-HAT-011-A,RAN,LTE2600,98.81,99.1,0.67,99.28,35.08,9.64,58.6,-90.2,-8.8,16.9,70.2,68,0.037,normal,
2026-09-15T10:30,Telkom,Gauteng,Pretoria,PTA-HAT-011,PTA-HAT-011-B,RAN,LTE2600,99.89,98.69,0.6,98.78,34.77,10.56,61.3,-82.6,-9.5,16.2,60.19,64,0.028,normal,
2026-09-15T10:30,Telkom,Gauteng,Pretoria,PTA-HAT-011,PTA-HAT-011-C,RAN,LTE2600,99.42,98.73,0.67,98.11,36.33,13.48,68.2,-89.3,-9.3,15.4,68.78,73,0.037,normal,
2026-09-15T10:30,Telkom,Western Cape,Cape Town,CPT-BEL-007,CPT-BEL-007-A,RAN,LTE1800,98.72,99.2,0.76,97.74,31.24,10.81,50.7,-82.2,-10.4,19.3,56.21,55,0.026,normal,
2026-09-15T10:30,Telkom,Western Cape,Cape Town,CPT-BEL-007,CPT-BEL-007-B,RAN,LTE1800,99.09,98.27,0.24,97.96,39.06,13.1,52.1,-82.8,-10.0,19.6,54.17,52,0.002,normal,
2026-09-15T10:30,Telkom,Western Cape,Cape Town,CPT-BEL-007,CPT-BEL-007-C,RAN,LTE1800,99.61,98.52,0.5,97.59,36.76,10.1,65.3,-89.4,-10.9,18.7,65.15,61,0.037,normal,
2026-09-15T10:45,Telkom,Gauteng,Johannesburg,JHB-CBD-003,JHB-CBD-003-A,RAN,LTE1800,96.7,96.99,1.17,97.36,27.32,10.06,60.8,-84.6,-10.7,18.1,69.14,54,0.163,normal,
2026-09-15T10:45,Telkom,Gauteng,Johannesburg,JHB-CBD-003,JHB-CBD-003-B,RAN,LTE1800,80.59,87.98,6.67,92.58,4.88,1.84,140.1,-86.7,-13.9,5.4,91.0,55,0.951,cell_degradation,INC-20260915-JHB-CBD-003-B
2026-09-15T10:45,Telkom,Gauteng,Johannesburg,JHB-CBD-003,JHB-CBD-003-C,RAN,LTE1800,95.88,96.75,1.35,98.03,30.14,14.54,75.3,-87.7,-9.3,16.6,62.41,58,0.136,normal,
2026-09-15T10:45,Telkom,Gauteng,Soweto,JHB-SOW-018,JHB-SOW-018-A,RAN,LTE2100,99.22,98.58,0.39,97.98,37.69,10.41,54.7,-88.5,-10.6,17.2,56.83,57,0.045,normal,
2026-09-15T10:45,Telkom,Gauteng,Soweto,JHB-SOW-018,JHB-SOW-018-B,RAN,LTE2100,99.22,98.89,0.86,98.35,35.53,12.83,53.6,-82.9,-8.3,15.9,61.63,55,0.019,normal,
2026-09-15T10:45,Telkom,Gauteng,Soweto,JHB-SOW-018,JHB-SOW-018-C,RAN,LTE2100,99.3,98.61,0.41,99.11,42.83,10.0,44.6,-87.5,-8.0,19.5,45.75,36,0.048,normal,
2026-09-15T10:45,Telkom,Gauteng,Pretoria,PTA-HAT-011,PTA-HAT-011-A,RAN,LTE2600,99.27,97.74,0.44,98.75,36.38,12.04,51.4,-86.0,-8.8,20.3,57.4,64,0.042,normal,
2026-09-15T10:45,Telkom,Gauteng,Pretoria,PTA-HAT-011,PTA-HAT-011-B,RAN,LTE2600,99.42,98.95,0.26,98.5,35.33,12.24,58.0,-83.9,-9.4,22.0,59.45,59,0.045,normal,
2026-09-15T10:45,Telkom,Gauteng,Pretoria,PTA-HAT-011,PTA-HAT-011-C,RAN,LTE2600,99.34,98.53,0.67,98.24,36.43,12.41,54.7,-84.6,-10.1,19.0,56.1,53,0.03,normal,
2026-09-15T10:45,Telkom,Western Cape,Cape Town,CPT-BEL-007,CPT-BEL-007-A,RAN,LTE1800,99.34,98.59,0.59,98.86,39.61,12.18,63.2,-87.7,-10.1,16.1,54.03,56,0.001,normal,
2026-09-15T10:45,Telkom,Western Cape,Cape Town,CPT-BEL-007,CPT-BEL-007-B,RAN,LTE1800,98.5,99.33,0.69,99.13,45.2,11.01,55.8,-85.6,-11.6,16.0,62.48,60,0.007,normal,
2026-09-15T10:45,Telkom,Western Cape,Cape Town,CPT-BEL-007,CPT-BEL-007-C,RAN,LTE1800,99.05,98.62,0.55,98.66,39.11,10.19,57.6,-90.5,-12.0,15.3,55.63,58,0.019,normal,
2026-09-15T11:00,Telkom,Gauteng,Johannesburg,JHB-CBD-003,JHB-CBD-003-A,RAN,LTE1800,96.78,96.53,1.76,96.31,28.14,4.84,68.6,-85.9,-9.9,17.2,74.95,63,0.133,normal,
2026-09-15T11:00,Telkom,Gauteng,Johannesburg,JHB-CBD-003,JHB-CBD-003-B,RAN,LTE1800,79.7,87.99,6.81,91.84,4.78,4.99,144.9,-91.3,-15.4,8.1,99.5,60,1,cell_degradation,INC-20260915-JHB-CBD-003-B
2026-09-15T11:00,Telkom,Gauteng,Johannesburg,JHB-CBD-003,JHB-CBD-003-C,RAN,LTE1800,96.29,97.48,1.13,98.1,36.73,12.09,62.6,-86.4,-11.2,15.8,61.4,57,0.15,normal,
2026-09-15T11:00,Telkom,Gauteng,Soweto,JHB-SOW-018,JHB-SOW-018-A,RAN,LTE2100,99.21,98.57,0.34,99.38,39.14,15.36,50.7,-82.2,-9.4,19.0,52.07,49,0.015,normal,
2026-09-15T11:00,Telkom,Gauteng,Soweto,JHB-SOW-018,JHB-SOW-018-B,RAN,LTE2100,98.44,98.94,0.25,99.32,36.19,11.65,61.9,-88.3,-10.5,15.6,55.91,53,0.002,normal,
2026-09-15T11:00,Telkom,Gauteng,Soweto,JHB-SOW-018,JHB-SOW-018-C,RAN,LTE2100,99.25,98.6,0.62,98.5,39.8,13.69,61.2,-85.0,-10.3,18.3,62.01,51,0.039,normal,
2026-09-15T11:00,Telkom,Gauteng,Pretoria,PTA-HAT-011,PTA-HAT-011-A,RAN,LTE2600,98.97,98.53,0.47,98.52,36.94,10.96,54.9,-78.8,-11.7,16.0,58.78,66,0.045,normal,
2026-09-15T11:00,Telkom,Gauteng,Pretoria,PTA-HAT-011,PTA-HAT-011-B,RAN,LTE2600,99.19,99.17,0.52,99.26,46.23,13.38,53.2,-89.3,-7.4,12.7,54.22,57,0.021,normal,
2026-09-15T11:00,Telkom,Gauteng,Pretoria,PTA-HAT-011,PTA-HAT-011-C,RAN,LTE2600,99.01,98.72,0.12,97.97,32.39,12.96,57.0,-83.8,-8.8,10.8,65.19,63,0.038,normal,
2026-09-15T11:00,Telkom,Western Cape,Cape Town,CPT-BEL-007,CPT-BEL-007-A,RAN,LTE1800,99.61,98.38,0.56,99.04,35.99,14.92,46.4,-84.8,-10.3,15.0,49.21,62,0.04,normal,
2026-09-15T11:00,Telkom,Western Cape,Cape Town,CPT-BEL-007,CPT-BEL-007-B,RAN,LTE1800,99.27,98.79,0.64,98.08,36.02,11.12,49.3,-85.8,-9.8,15.7,53.67,59,0.013,normal,
2026-09-15T11:00,Telkom,Western Cape,Cape Town,CPT-BEL-007,CPT-BEL-007-C,RAN,LTE1800,99.8,98.66,0.64,98.21,32.95,9.67,56.6,-88.4,-9.3,16.6,60.72,58,0.01,normal,
2026-09-15T11:15,Telkom,Gauteng,Johannesburg,JHB-CBD-003,JHB-CBD-003-A,RAN,LTE1800,96.54,96.91,1.69,97.49,37.11,11.0,62.2,-87.9,-10.7,16.7,60.43,61,0.141,normal,
2026-09-15T11:15,Telkom,Gauteng,Johannesburg,JHB-CBD-003,JHB-CBD-003-B,RAN,LTE1800,80.41,88.05,6.76,91.54,1.2,3.16,144.5,-88.9,-16.0,7.6,99.5,51,1,cell_degradation,INC-20260915-JHB-CBD-003-B
2026-09-15T11:15,Telkom,Gauteng,Johannesburg,JHB-CBD-003,JHB-CBD-003-C,RAN,LTE1800,95.71,97.21,1.29,96.85,29.03,9.95,65.8,-84.1,-10.8,12.4,69.27,65,0.146,normal,
2026-09-15T11:15,Telkom,Gauteng,Soweto,JHB-SOW-018,JHB-SOW-018-A,RAN,LTE2100,99.57,99.12,0.73,99.06,33.63,11.73,61.7,-85.7,-9.5,19.9,61.6,50,0.013,normal,
2026-09-15T11:15,Telkom,Gauteng,Soweto,JHB-SOW-018,JHB-SOW-018-B,RAN,LTE2100,99.55,98.51,0.53,98.41,32.81,7.39,55.2,-84.4,-11.3,14.4,70.87,59,0.04,normal,
2026-09-15T11:15,Telkom,Gauteng,Soweto,JHB-SOW-018,JHB-SOW-018-C,RAN,LTE2100,98.85,98.92,0.78,98.54,35.86,8.87,46.0,-84.0,-12.0,16.5,56.13,45,0.024,normal,
2026-09-15T11:15,Telkom,Gauteng,Pretoria,PTA-HAT-011,PTA-HAT-011-A,RAN,LTE2600,98.84,98.92,0.54,98.78,26.46,12.37,47.1,-87.9,-11.3,16.1,63.96,68,0.032,normal,
2026-09-15T11:15,Telkom,Gauteng,Pretoria,PTA-HAT-011,PTA-HAT-011-B,RAN,LTE2600,99.38,98.92,0.88,99.22,30.91,6.96,58.2,-86.4,-10.2,18.6,70.81,60,0.026,normal,
2026-09-15T11:15,Telkom,Gauteng,Pretoria,PTA-HAT-011,PTA-HAT-011-C,RAN,LTE2600,99.67,98.55,0.57,97.78,35.88,13.5,63.0,-89.3,-8.9,19.1,58.23,69,0.023,normal,
2026-09-15T11:15,Telkom,Western Cape,Cape Town,CPT-BEL-007,CPT-BEL-007-A,RAN,LTE1800,99.25,98.63,0.55,98.32,41.68,12.71,48.3,-90.9,-12.1,15.1,56.19,54,0.017,normal,
2026-09-15T11:15,Telkom,Western Cape,Cape Town,CPT-BEL-007,CPT-BEL-007-B,RAN,LTE1800,98.95,99.27,0.6,98.94,28.75,12.14,57.2,-88.4,-8.9,15.1,68.21,61,0.018,normal,
2026-09-15T11:15,Telkom,Western Cape,Cape Town,CPT-BEL-007,CPT-BEL-007-C,RAN,LTE1800,99.49,98.2,0.49,98.82,29.87,15.25,46.0,-86.4,-10.2,18.1,54.94,59,0.046,normal,
2026-09-15T11:30,Telkom,Gauteng,Johannesburg,JHB-CBD-003,JHB-CBD-003-A,RAN,LTE1800,96.41,97.38,1.22,96.0,35.0,11.41,67.8,-87.7,-10.7,9.5,61.42,52,0.181,normal,
2026-09-15T11:30,Telkom,Gauteng,Johannesburg,JHB-CBD-003,JHB-CBD-003-B,RAN,LTE1800,79.51,88.58,7.15,91.82,3.46,3.72,140.5,-90.1,-15.2,7.0,99.5,63,1,cell_degradation,INC-20260915-JHB-CBD-003-B
2026-09-15T11:30,Telkom,Gauteng,Johannesburg,JHB-CBD-003,JHB-CBD-003-C,RAN,LTE1800,95.94,97.89,1.76,97.39,25.31,12.06,78.1,-91.2,-11.9,16.8,71.18,59,0.166,normal,
2026-09-15T11:30,Telkom,Gauteng,Soweto,JHB-SOW-018,JHB-SOW-018-A,RAN,LTE2100,99.24,98.76,0.64,97.85,38.34,12.98,51.3,-81.6,-10.1,16.7,51.29,54,0.017,normal,
2026-09-15T11:30,Telkom,Gauteng,Soweto,JHB-SOW-018,JHB-SOW-018-B,RAN,LTE2100,98.92,98.56,0.23,99.34,35.26,11.44,58.7,-86.4,-10.4,14.8,59.34,49,0.038,normal,
2026-09-15T11:30,Telkom,Gauteng,Soweto,JHB-SOW-018,JHB-SOW-018-C,RAN,LTE2100,99.9,98.53,0.05,98.72,34.6,12.78,57.6,-88.8,-10.3,17.4,66.35,56,0.024,normal,
2026-09-15T11:30,Telkom,Gauteng,Pretoria,PTA-HAT-011,PTA-HAT-011-A,RAN,LTE2600,99.16,99.16,0.3,98.3,33.14,12.2,53.0,-85.6,-9.8,19.4,61.16,62,0.047,normal,
2026-09-15T11:30,Telkom,Gauteng,Pretoria,PTA-HAT-011,PTA-HAT-011-B,RAN,LTE2600,98.86,98.74,0.77,97.62,37.39,11.71,61.7,-86.5,-8.6,17.3,61.49,62,0.001,normal,
2026-09-15T11:30,Telkom,Gauteng,Pretoria,PTA-HAT-011,PTA-HAT-011-C,RAN,LTE2600,99.22,98.33,0.37,98.12,40.37,11.49,51.9,-85.2,-9.0,11.2,53.79,55,0.038,normal,
2026-09-15T11:30,Telkom,Western Cape,Cape Town,CPT-BEL-007,CPT-BEL-007-A,RAN,LTE1800,98.95,99.04,1.05,99.35,41.17,14.26,56.8,-85.9,-10.0,18.4,52.12,52,0.048,normal,
2026-09-15T11:30,Telkom,Western Cape,Cape Town,CPT-BEL-007,CPT-BEL-007-B,RAN,LTE1800,99.47,98.12,0.52,99.14,34.26,11.51,48.9,-84.2,-10.5,15.4,59.51,62,0.001,normal,
2026-09-15T11:30,Telkom,Western Cape,Cape Town,CPT-BEL-007,CPT-BEL-007-C,RAN,LTE1800,98.99,98.51,0.57,99.14,42.26,11.66,72.9,-87.1,-9.4,14.4,57.41,61,0.029,normal,
2026-09-15T11:45,Telkom,Gauteng,Johannesburg,JHB-CBD-003,JHB-CBD-003-A,RAN,LTE1800,95.65,97.22,1.5,96.2,29.35,11.51,67.6,-86.8,-11.1,15.0,71.27,56,0.172,normal,
2026-09-15T11:45,Telkom,Gauteng,Johannesburg,JHB-CBD-003,JHB-CBD-003-B,RAN,LTE1800,80.67,88.31,6.89,91.8,4.62,3.25,139.2,-93.6,-14.9,8.8,94.87,49,0.977,cell_degradation,INC-20260915-JHB-CBD-003-B
2026-09-15T11:45,Telkom,Gauteng,Johannesburg,JHB-CBD-003,JHB-CBD-003-C,RAN,LTE1800,96.73,97.25,1.77,97.71,26.55,10.91,59.8,-90.2,-10.9,15.3,63.99,52,0.149,normal,
2026-09-15T11:45,Telkom,Gauteng,Soweto,JHB-SOW-018,JHB-SOW-018-A,RAN,LTE2100,98.88,98.81,0.54,98.26,35.89,11.9,58.6,-83.5,-12.3,19.0,64.27,57,0.049,normal,
2026-09-15T11:45,Telkom,Gauteng,Soweto,JHB-SOW-018,JHB-SOW-018-B,RAN,LTE2100,99.01,99.04,0.26,97.03,38.99,14.6,42.8,-85.7,-10.7,17.7,57.77,56,0.008,normal,
2026-09-15T11:45,Telkom,Gauteng,Soweto,JHB-SOW-018,JHB-SOW-018-C,RAN,LTE2100,99.24,98.32,0.43,98.85,41.19,13.61,63.8,-88.3,-9.3,14.7,57.33,55,0.032,normal,
2026-09-15T11:45,Telkom,Gauteng,Pretoria,PTA-HAT-011,PTA-HAT-011-A,RAN,LTE2600,98.24,98.91,0.11,97.65,36.49,12.25,47.6,-89.0,-9.0,20.5,66.06,65,0.048,normal,
2026-09-15T11:45,Telkom,Gauteng,Pretoria,PTA-HAT-011,PTA-HAT-011-B,RAN,LTE2600,99.8,98.91,0.42,98.28,40.53,8.7,52.4,-81.6,-10.5,18.7,60.91,61,0.036,normal,
2026-09-15T11:45,Telkom,Gauteng,Pretoria,PTA-HAT-011,PTA-HAT-011-C,RAN,LTE2600,98.82,99.03,0.37,98.57,25.03,10.15,58.9,-84.7,-9.7,17.8,69.09,63,0.023,normal,
2026-09-15T11:45,Telkom,Western Cape,Cape Town,CPT-BEL-007,CPT-BEL-007-A,RAN,LTE1800,99.8,99.2,0.6,99.36,31.53,10.62,53.7,-84.4,-10.6,17.9,65.0,59,0.03,normal,
2026-09-15T11:45,Telkom,Western Cape,Cape Town,CPT-BEL-007,CPT-BEL-007-B,RAN,LTE1800,99.26,98.56,0.05,97.71,34.94,9.21,55.2,-86.1,-11.0,18.6,60.04,57,0.009,normal,
2026-09-15T11:45,Telkom,Western Cape,Cape Town,CPT-BEL-007,CPT-BEL-007-C,RAN,LTE1800,99.42,98.64,0.47,98.64,31.07,9.36,57.1,-89.4,-9.5,16.8,61.8,58,0.021,normal,
2026-09-15T12:00,Telkom,Gauteng,Johannesburg,JHB-CBD-003,JHB-CBD-003-A,RAN,LTE1800,96.46,97.24,1.24,97.31,34.78,9.62,66.0,-85.4,-9.1,16.5,57.17,49,0.138,normal,
2026-09-15T12:00,Telkom,Gauteng,Johannesburg,JHB-CBD-003,JHB-CBD-003-B,RAN,LTE1800,80.09,88.27,6.91,90.87,11.51,4.35,142.1,-91.7,-14.6,8.4,97.82,50,0.989,cell_degradation,INC-20260915-JHB-CBD-003-B
2026-09-15T12:00,Telkom,Gauteng,Johannesburg,JHB-CBD-003,JHB-CBD-003-C,RAN,LTE1800,96.16,97.1,1.11,98.15,32.85,12.83,73.5,-82.9,-9.6,15.9,65.41,55,0.147,normal,
2026-09-15T12:00,Telkom,Gauteng,Soweto,JHB-SOW-018,JHB-SOW-018-A,RAN,LTE2100,99.06,98.3,0.05,99.47,32.85,12.27,44.2,-89.9,-11.3,14.3,58.64,53,0.049,normal,
2026-09-15T12:00,Telkom,Gauteng,Soweto,JHB-SOW-018,JHB-SOW-018-B,RAN,LTE2100,98.93,98.15,0.62,98.63,41.42,12.87,49.0,-84.3,-10.4,24.2,49.15,44,0.003,normal,
2026-09-15T12:00,Telkom,Gauteng,Soweto,JHB-SOW-018,JHB-SOW-018-C,RAN,LTE2100,99.3,99.42,0.64,98.39,39.28,14.28,65.5,-82.7,-10.7,17.9,61.14,63,0.009,normal,
2026-09-15T12:00,Telkom,Gauteng,Pretoria,PTA-HAT-011,PTA-HAT-011-A,RAN,LTE2600,99.08,98.77,0.44,98.93,38.39,13.04,56.3,-89.7,-10.0,14.5,55.02,56,0.022,normal,
2026-09-15T12:00,Telkom,Gauteng,Pretoria,PTA-HAT-011,PTA-HAT-011-B,RAN,LTE2600,99.28,99.29,0.31,98.46,32.83,12.44,55.5,-87.9,-10.7,19.5,54.77,54,0.02,normal,
2026-09-15T12:00,Telkom,Gauteng,Pretoria,PTA-HAT-011,PTA-HAT-011-C,RAN,LTE2600,99.14,98.66,0.44,98.67,36.69,12.62,57.6,-87.9,-10.3,17.7,60.3,51,0.036,normal,
2026-09-15T12:00,Telkom,Western Cape,Cape Town,CPT-BEL-007,CPT-BEL-007-A,RAN,LTE1800,99.45,98.8,0.23,99.26,44.12,14.98,63.1,-85.4,-9.9,15.1,47.25,62,0.02,normal,
2026-09-15T12:00,Telkom,Western Cape,Cape Town,CPT-BEL-007,CPT-BEL-007-B,RAN,LTE1800,99.55,99.15,0.59,98.38,44.48,7.66,50.9,-87.4,-9.9,16.7,59.49,48,0.022,normal,
2026-09-15T12:00,Telkom,Western Cape,Cape Town,CPT-BEL-007,CPT-BEL-007-C,RAN,LTE1800,99.03,98.9,0.45,98.61,33.78,14.49,49.5,-87.6,-10.0,17.0,51.77,52,0.044,normal,
2026-09-15T12:15,Telkom,Gauteng,Johannesburg,JHB-CBD-003,JHB-CBD-003-A,RAN,LTE1800,96.06,97.75,1.58,97.81,26.11,12.31,72.2,-89.4,-11.2,17.0,64.14,62,0.164,normal,
2026-09-15T12:15,Telkom,Gauteng,Johannesburg,JHB-CBD-003,JHB-CBD-003-B,RAN,LTE1800,82.94,89.47,6.63,92.39,13.79,5.17,129.8,-92.2,-14.4,8.8,82.81,55,0.817,cell_degradation,INC-20260915-JHB-CBD-003-B
2026-09-15T12:15,Telkom,Gauteng,Johannesburg,JHB-CBD-003,JHB-CBD-003-C,RAN,LTE1800,97.1,97.42,2.0,96.95,25.66,10.74,73.2,-84.5,-10.4,17.9,67.06,62,0.158,normal,
2026-09-15T12:15,Telkom,Gauteng,Soweto,JHB-SOW-018,JHB-SOW-018-A,RAN,LTE2100,99.12,99.0,0.63,98.18,32.74,14.21,56.1,-87.0,-8.9,18.7,57.53,50,0.014,normal,
2026-09-15T12:15,Telkom,Gauteng,Soweto,JHB-SOW-018,JHB-SOW-018-B,RAN,LTE2100,98.87,98.62,0.77,98.57,37.46,14.44,48.6,-89.0,-9.9,16.3,50.6,42,0.04,normal,
2026-09-15T12:15,Telkom,Gauteng,Soweto,JHB-SOW-018,JHB-SOW-018-C,RAN,LTE2100,98.89,98.74,0.76,98.74,38.99,10.78,52.2,-91.6,-11.4,17.5,55.31,55,0.013,normal,
2026-09-15T12:15,Telkom,Gauteng,Pretoria,PTA-HAT-011,PTA-HAT-011-A,RAN,LTE2600,99.71,98.59,0.72,98.51,35.02,9.99,56.1,-86.7,-13.6,13.9,62.05,61,0.001,normal,
2026-09-15T12:15,Telkom,Gauteng,Pretoria,PTA-HAT-011,PTA-HAT-011-B,RAN,LTE2600,99.9,99.09,0.86,98.72,29.44,8.5,61.0,-82.1,-9.1,15.9,65.98,60,0.015,normal,
2026-09-15T12:15,Telkom,Gauteng,Pretoria,PTA-HAT-011,PTA-HAT-011-C,RAN,LTE2600,99.28,98.87,0.15,98.08,40.04,8.62,50.7,-86.6,-12.9,15.9,52.24,55,0.011,normal,
2026-09-15T12:15,Telkom,Western Cape,Cape Town,CPT-BEL-007,CPT-BEL-007-A,RAN,LTE1800,99.13,98.82,0.77,98.82,37.24,11.72,53.8,-85.9,-10.7,18.3,58.09,50,0.001,normal,
2026-09-15T12:15,Telkom,Western Cape,Cape Town,CPT-BEL-007,CPT-BEL-007-B,RAN,LTE1800,98.86,98.48,0.82,98.5,40.56,12.97,57.6,-81.7,-10.7,15.7,53.3,47,0.015,normal,
2026-09-15T12:15,Telkom,Western Cape,Cape Town,CPT-BEL-007,CPT-BEL-007-C,RAN,LTE1800,99.9,98.91,0.7,97.99,36.35,11.33,62.5,-91.1,-9.3,18.2,54.08,43,0.039,normal,
2026-09-15T12:30,Telkom,Gauteng,Johannesburg,JHB-CBD-003,JHB-CBD-003-A,RAN,LTE1800,96.6,96.82,1.65,97.41,29.21,7.73,61.5,-92.0,-10.2,15.6,65.46,58,0.172,normal,
2026-09-15T12:30,Telkom,Gauteng,Johannesburg,JHB-CBD-003,JHB-CBD-003-B,RAN,LTE1800,83.68,89.6,5.96,92.43,16.27,4.86,115.5,-89.3,-14.1,8.9,91.14,49,0.825,cell_degradation,INC-20260915-JHB-CBD-003-B
2026-09-15T12:30,Telkom,Gauteng,Johannesburg,JHB-CBD-003,JHB-CBD-003-C,RAN,LTE1800,96.85,97.18,1.05,97.18,27.23,9.59,68.1,-84.1,-9.0,15.5,64.7,57,0.147,normal,
2026-09-15T12:30,Telkom,Gauteng,Soweto,JHB-SOW-018,JHB-SOW-018-A,RAN,LTE2100,99.21,98.3,0.25,99.22,42.35,10.15,56.4,-88.0,-9.2,14.0,58.04,50,0.035,normal,
2026-09-15T12:30,Telkom,Gauteng,Soweto,JHB-SOW-018,JHB-SOW-018-B,RAN,LTE2100,98.98,98.56,0.14,99.1,40.11,11.24,51.1,-87.1,-11.1,16.6,50.1,43,0.042,normal,
2026-09-15T12:30,Telkom,Gauteng,Soweto,JHB-SOW-018,JHB-SOW-018-C,RAN,LTE2100,98.41,98.59,0.39,97.95,29.53,12.64,74.4,-82.8,-9.8,18.3,63.43,50,0.013,normal,
2026-09-15T12:30,Telkom,Gauteng,Pretoria,PTA-HAT-011,PTA-HAT-011-A,RAN,LTE2600,99.13,98.72,0.39,97.91,38.52,12.03,57.9,-81.5,-9.7,15.0,58.33,58,0.021,normal,
2026-09-15T12:30,Telkom,Gauteng,Pretoria,PTA-HAT-011,PTA-HAT-011-B,RAN,LTE2600,99.03,99.02,0.35,98.71,41.33,9.21,56.4,-84.8,-10.2,18.0,55.48,61,0.035,normal,
2026-09-15T12:30,Telkom,Gauteng,Pretoria,PTA-HAT-011,PTA-HAT-011-C,RAN,LTE2600,98.97,98.38,0.1,98.94,41.41,11.16,63.2,-87.7,-10.1,18.2,62.91,58,0.047,normal,
2026-09-15T12:30,Telkom,Western Cape,Cape Town,CPT-BEL-007,CPT-BEL-007-A,RAN,LTE1800,99.18,98.87,0.56,98.06,45.2,10.23,69.6,-89.7,-9.4,15.9,59.13,44,0.009,normal,
2026-09-15T12:30,Telkom,Western Cape,Cape Town,CPT-BEL-007,CPT-BEL-007-B,RAN,LTE1800,99.17,98.28,0.39,97.81,50.01,11.3,55.4,-82.1,-7.4,17.8,48.7,41,0.048,normal,
2026-09-15T12:30,Telkom,Western Cape,Cape Town,CPT-BEL-007,CPT-BEL-007-C,RAN,LTE1800,98.99,98.9,0.41,99.38,32.28,11.02,57.6,-87.5,-9.1,18.6,48.61,53,0.038,normal,
2026-09-15T12:45,Telkom,Gauteng,Johannesburg,JHB-CBD-003,JHB-CBD-003-A,RAN,LTE1800,96.55,97.3,1.34,97.51,41.13,10.75,68.7,-85.6,-11.6,19.6,61.16,61,0.145,normal,
2026-09-15T12:45,Telkom,Gauteng,Johannesburg,JHB-CBD-003,JHB-CBD-003-B,RAN,LTE1800,85.38,90.55,5.25,93.06,13.14,4.53,127.8,-87.9,-12.9,12.0,87.14,42,0.73,cell_degradation,INC-20260915-JHB-CBD-003-B
2026-09-15T12:45,Telkom,Gauteng,Johannesburg,JHB-CBD-003,JHB-CBD-003-C,RAN,LTE1800,96.25,96.88,1.65,97.63,31.35,9.1,70.0,-87.6,-13.7,14.8,65.98,52,0.136,normal,
2026-09-15T12:45,Telkom,Gauteng,Soweto,JHB-SOW-018,JHB-SOW-018-A,RAN,LTE2100,98.52,98.72,0.39,98.41,37.96,14.0,56.5,-84.5,-10.5,17.5,54.31,42,0.026,normal,
2026-09-15T12:45,Telkom,Gauteng,Soweto,JHB-SOW-018,JHB-SOW-018-B,RAN,LTE2100,98.85,98.76,0.73,98.18,34.92,10.52,66.3,-86.5,-8.7,20.2,61.7,49,0.025,normal,
2026-09-15T12:45,Telkom,Gauteng,Soweto,JHB-SOW-018,JHB-SOW-018-C,RAN,LTE2100,99.28,98.64,0.42,97.73,45.84,10.96,51.3,-89.2,-10.5,15.3,52.25,46,0.012,normal,
2026-09-15T12:45,Telkom,Gauteng,Pretoria,PTA-HAT-011,PTA-HAT-011-A,RAN,LTE2600,99.09,98.4,1.15,98.33,26.53,11.66,57.0,-83.1,-9.8,18.3,64.36,68,0.003,normal,
2026-09-15T12:45,Telkom,Gauteng,Pretoria,PTA-HAT-011,PTA-HAT-011-B,RAN,LTE2600,98.7,99.14,0.66,98.23,32.71,13.66,57.4,-84.0,-10.0,16.9,58.56,62,0.008,normal,
2026-09-15T12:45,Telkom,Gauteng,Pretoria,PTA-HAT-011,PTA-HAT-011-C,RAN,LTE2600,99.51,98.47,0.6,98.13,40.81,10.31,52.3,-86.0,-6.9,16.4,51.53,48,0.008,normal,
2026-09-15T12:45,Telkom,Western Cape,Cape Town,CPT-BEL-007,CPT-BEL-007-A,RAN,LTE1800,98.99,98.85,0.68,97.2,37.57,12.84,61.4,-85.5,-9.8,17.2,60.27,49,0.002,normal,
2026-09-15T12:45,Telkom,Western Cape,Cape Town,CPT-BEL-007,CPT-BEL-007-B,RAN,LTE1800,99.45,98.35,0.64,98.9,33.85,13.68,49.7,-86.1,-9.4,19.2,50.4,46,0.046,normal,
2026-09-15T12:45,Telkom,Western Cape,Cape Town,CPT-BEL-007,CPT-BEL-007-C,RAN,LTE1800,99.02,98.93,0.05,98.73,31.43,13.6,51.9,-87.3,-10.7,16.2,66.54,56,0.018,normal,
2026-09-15T13:00,Telkom,Gauteng,Johannesburg,JHB-CBD-003,JHB-CBD-003-A,RAN,LTE1800,96.48,96.91,1.37,97.39,36.16,11.61,66.4,-85.6,-12.3,19.4,54.99,48,0.155,normal,
2026-09-15T13:00,Telkom,Gauteng,Johannesburg,JHB-CBD-003,JHB-CBD-003-B,RAN,LTE1800,85.85,91.34,5.21,93.58,12.21,4.0,127.4,-92.3,-14.1,7.4,90.22,47,0.691,cell_degradation,INC-20260915-JHB-CBD-003-B
2026-09-15T13:00,Telkom,Gauteng,Johannesburg,JHB-CBD-003,JHB-CBD-003-C,RAN,LTE1800,96.35,96.9,1.72,97.51,36.7,10.26,64.1,-83.9,-10.7,14.9,59.72,54,0.145,normal,
2026-09-15T13:00,Telkom,Gauteng,Soweto,JHB-SOW-018,JHB-SOW-018-A,RAN,LTE2100,98.74,98.74,0.72,98.71,46.85,12.79,57.5,-89.7,-10.0,15.3,49.74,45,0.045,normal,
2026-09-15T13:00,Telkom,Gauteng,Soweto,JHB-SOW-018,JHB-SOW-018-B,RAN,LTE2100,98.71,98.99,0.38,98.25,33.03,9.79,48.5,-83.6,-10.3,17.7,57.21,49,0.04,normal,
2026-09-15T13:00,Telkom,Gauteng,Soweto,JHB-SOW-018,JHB-SOW-018-C,RAN,LTE2100,99.32,98.05,0.35,98.0,31.2,11.24,64.2,-89.5,-8.1,15.8,61.7,61,0.002,normal,
2026-09-15T13:00,Telkom,Gauteng,Pretoria,PTA-HAT-011,PTA-HAT-011-A,RAN,LTE2600,99.25,98.82,0.76,99.1,29.34,10.71,54.6,-82.6,-10.6,15.7,62.05,58,0.036,normal,
2026-09-15T13:00,Telkom,Gauteng,Pretoria,PTA-HAT-011,PTA-HAT-011-B,RAN,LTE2600,99.16,97.95,1.01,98.68,39.68,11.55,39.5,-89.6,-10.7,18.3,49.91,52,0.023,normal,
2026-09-15T13:00,Telkom,Gauteng,Pretoria,PTA-HAT-011,PTA-HAT-011-C,RAN,LTE2600,99.26,98.56,0.45,98.44,33.27,13.08,59.3,-90.6,-9.2,17.5,47.63,53,0.027,normal,
2026-09-15T13:00,Telkom,Western Cape,Cape Town,CPT-BEL-007,CPT-BEL-007-A,RAN,LTE1800,99.46,99.36,1.02,98.41,31.4,11.64,61.8,-86.0,-11.2,18.5,62.32,55,0.045,normal,
2026-09-15T13:00,Telkom,Western Cape,Cape Town,CPT-BEL-007,CPT-BEL-007-B,RAN,LTE1800,99.2,99.15,0.54,98.25,30.66,13.3,52.1,-89.5,-8.6,16.8,56.45,55,0.016,normal,
2026-09-15T13:00,Telkom,Western Cape,Cape Town,CPT-BEL-007,CPT-BEL-007-C,RAN,LTE1800,98.75,98.18,0.51,98.87,37.76,10.18,61.1,-82.1,-10.4,19.1,57.16,50,0.012,normal,
2026-09-15T13:15,Telkom,Gauteng,Johannesburg,JHB-CBD-003,JHB-CBD-003-A,RAN,LTE1800,96.17,97.48,1.32,97.0,37.27,9.63,67.0,-90.7,-12.4,15.0,56.7,50,0.179,normal,
2026-09-15T13:15,Telkom,Gauteng,Johannesburg,JHB-CBD-003,JHB-CBD-003-B,RAN,LTE1800,88.2,92.14,4.57,94.44,15.41,5.89,103.0,-84.2,-11.8,9.6,86.17,58,0.561,cell_degradation,INC-20260915-JHB-CBD-003-B
2026-09-15T13:15,Telkom,Gauteng,Johannesburg,JHB-CBD-003,JHB-CBD-003-C,RAN,LTE1800,96.6,96.87,1.9,97.35,37.11,13.21,64.0,-83.6,-11.0,16.0,55.5,55,0.179,normal,
2026-09-15T13:15,Telkom,Gauteng,Soweto,JHB-SOW-018,JHB-SOW-018-A,RAN,LTE2100,99.45,98.58,0.3,98.61,37.86,11.56,63.2,-86.8,-9.9,16.3,49.75,45,0.028,normal,
2026-09-15T13:15,Telkom,Gauteng,Soweto,JHB-SOW-018,JHB-SOW-018-B,RAN,LTE2100,99.24,99.01,0.65,98.76,36.63,13.88,54.7,-84.4,-8.1,14.5,52.43,54,0.035,normal,
2026-09-15T13:15,Telkom,Gauteng,Soweto,JHB-SOW-018,JHB-SOW-018-C,RAN,LTE2100,99.08,99.08,0.33,99.14,33.28,11.07,56.9,-86.0,-9.6,16.1,48.62,36,0.004,normal,
2026-09-15T13:15,Telkom,Gauteng,Pretoria,PTA-HAT-011,PTA-HAT-011-A,RAN,LTE2600,98.28,98.34,0.64,97.94,33.96,13.94,51.4,-87.1,-10.7,17.4,67.76,62,0.004,normal,
2026-09-15T13:15,Telkom,Gauteng,Pretoria,PTA-HAT-011,PTA-HAT-011-B,RAN,LTE2600,98.83,98.83,0.8,99.05,36.27,12.98,56.9,-86.9,-10.0,20.0,54.56,46,0.038,normal,
2026-09-15T13:15,Telkom,Gauteng,Pretoria,PTA-HAT-011,PTA-HAT-011-C,RAN,LTE2600,99.08,98.49,0.26,97.99,23.49,10.74,56.2,-87.6,-10.1,18.0,62.49,60,0.015,normal,
2026-09-15T13:15,Telkom,Western Cape,Cape Town,CPT-BEL-007,CPT-BEL-007-A,RAN,LTE1800,98.55,98.78,0.05,98.57,40.07,13.55,50.5,-85.1,-8.4,18.7,53.29,46,0.012,normal,
2026-09-15T13:15,Telkom,Western Cape,Cape Town,CPT-BEL-007,CPT-BEL-007-B,RAN,LTE1800,98.63,98.82,0.44,98.51,35.9,9.45,45.0,-83.1,-8.9,18.4,51.0,47,0.035,normal,
2026-09-15T13:15,Telkom,Western Cape,Cape Town,CPT-BEL-007,CPT-BEL-007-C,RAN,LTE1800,98.98,98.96,0.24,98.27,38.52,12.71,47.1,-86.7,-10.7,17.5,47.17,50,0.014,normal,
2026-09-15T13:30,Telkom,Gauteng,Johannesburg,JHB-CBD-003,JHB-CBD-003-A,RAN,LTE1800,96.3,97.19,1.72,97.31,36.28,10.97,71.0,-85.5,-9.4,10.0,61.33,47,0.154,normal,
2026-09-15T13:30,Telkom,Gauteng,Johannesburg,JHB-CBD-003,JHB-CBD-003-B,RAN,LTE1800,89.23,93.21,3.42,95.41,22.94,6.83,102.4,-89.6,-13.3,8.9,73.76,54,0.521,cell_degradation,INC-20260915-JHB-CBD-003-B
2026-09-15T13:30,Telkom,Gauteng,Johannesburg,JHB-CBD-003,JHB-CBD-003-C,RAN,LTE1800,96.1,97.14,1.53,98.14,33.05,10.56,69.3,-89.4,-10.7,14.4,56.25,45,0.159,normal,
2026-09-15T13:30,Telkom,Gauteng,Soweto,JHB-SOW-018,JHB-SOW-018-A,RAN,LTE2100,98.53,98.81,0.89,99.02,32.54,11.01,69.3,-85.5,-10.1,17.2,59.8,46,0.019,normal,
2026-09-15T13:30,Telkom,Gauteng,Soweto,JHB-SOW-018,JHB-SOW-018-B,RAN,LTE2100,99.1,99.27,0.57,98.41,37.51,14.02,56.1,-88.1,-12.4,16.1,57.05,40,0.042,normal,
2026-09-15T13:30,Telkom,Gauteng,Soweto,JHB-SOW-018,JHB-SOW-018-C,RAN,LTE2100,99.18,99.12,0.96,98.56,36.96,10.78,56.1,-87.4,-10.4,13.6,57.74,50,0.022,normal,
2026-09-15T13:30,Telkom,Gauteng,Pretoria,PTA-HAT-011,PTA-HAT-011-A,RAN,LTE2600,99.1,98.85,0.41,97.66,38.45,11.94,59.3,-86.4,-8.9,16.5,56.56,48,0.046,normal,
2026-09-15T13:30,Telkom,Gauteng,Pretoria,PTA-HAT-011,PTA-HAT-011-B,RAN,LTE2600,98.38,99.01,0.21,99.19,34.69,10.07,60.3,-86.6,-9.2,14.9,59.74,56,0.02,normal,
2026-09-15T13:30,Telkom,Gauteng,Pretoria,PTA-HAT-011,PTA-HAT-011-C,RAN,LTE2600,98.77,98.59,0.65,99.64,38.49,10.89,46.8,-86.9,-9.0,17.2,52.4,50,0.032,normal,
2026-09-15T13:30,Telkom,Western Cape,Cape Town,CPT-BEL-007,CPT-BEL-007-A,RAN,LTE1800,98.9,99.1,0.1,98.42,43.59,11.76,49.9,-89.2,-10.3,18.9,51.83,53,0.027,normal,
2026-09-15T13:30,Telkom,Western Cape,Cape Town,CPT-BEL-007,CPT-BEL-007-B,RAN,LTE1800,99.21,99.07,0.52,97.88,41.77,8.18,53.3,-85.9,-9.2,15.7,51.51,45,0.029,normal,
2026-09-15T13:30,Telkom,Western Cape,Cape Town,CPT-BEL-007,CPT-BEL-007-C,RAN,LTE1800,99.45,99.31,0.16,97.63,40.73,12.26,58.3,-85.5,-10.2,16.2,53.07,48,0.042,normal,
2026-09-15T13:45,Telkom,Gauteng,Johannesburg,JHB-CBD-003,JHB-CBD-003-A,RAN,LTE1800,96.42,97.58,1.49,97.13,36.69,10.08,64.5,-86.3,-11.7,13.9,62.38,51,0.146,normal,
2026-09-15T13:45,Telkom,Gauteng,Johannesburg,JHB-CBD-003,JHB-CBD-003-B,RAN,LTE1800,90.93,93.85,3.52,95.01,29.57,7.46,101.0,-88.9,-12.9,14.1,69.6,47,0.397,cell_degradation,INC-20260915-JHB-CBD-003-B
2026-09-15T13:45,Telkom,Gauteng,Johannesburg,JHB-CBD-003,JHB-CBD-003-C,RAN,LTE1800,95.88,97.34,2.27,97.07,30.45,8.91,62.5,-89.6,-12.5,15.4,64.72,45,0.156,normal,
2026-09-15T13:45,Telkom,Gauteng,Soweto,JHB-SOW-018,JHB-SOW-018-A,RAN,LTE2100,98.84,98.48,0.59,98.5,30.25,9.65,51.8,-83.7,-9.1,17.4,65.22,45,0.048,normal,
2026-09-15T13:45,Telkom,Gauteng,Soweto,JHB-SOW-018,JHB-SOW-018-B,RAN,LTE2100,99.43,99.33,0.44,97.39,40.27,11.79,48.1,-85.3,-9.4,18.9,51.64,41,0.019,normal,
2026-09-15T13:45,Telkom,Gauteng,Soweto,JHB-SOW-018,JHB-SOW-018-C,RAN,LTE2100,98.67,99.39,0.31,98.94,35.17,11.15,59.9,-83.3,-8.3,17.0,54.99,43,0.024,normal,
2026-09-15T13:45,Telkom,Gauteng,Pretoria,PTA-HAT-011,PTA-HAT-011-A,RAN,LTE2600,99.26,97.87,0.26,99.13,36.54,9.53,59.0,-88.9,-10.9,14.3,62.22,59,0.011,normal,
2026-09-15T13:45,Telkom,Gauteng,Pretoria,PTA-HAT-011,PTA-HAT-011-B,RAN,LTE2600,99.47,98.93,0.47,98.48,38.24,8.62,58.5,-86.1,-9.4,14.5,55.1,55,0.025,normal,
2026-09-15T13:45,Telkom,Gauteng,Pretoria,PTA-HAT-011,PTA-HAT-011-C,RAN,LTE2600,99.36,98.69,0.8,98.26,41.03,12.89,65.2,-84.4,-9.2,21.9,52.43,47,0.032,normal,
2026-09-15T13:45,Telkom,Western Cape,Cape Town,CPT-BEL-007,CPT-BEL-007-A,RAN,LTE1800,99.04,98.99,0.61,98.36,42.89,14.45,51.0,-85.8,-10.7,16.1,51.48,44,0.023,normal,
2026-09-15T13:45,Telkom,Western Cape,Cape Town,CPT-BEL-007,CPT-BEL-007-B,RAN,LTE1800,99.46,98.67,0.43,97.83,33.58,12.23,46.9,-87.4,-9.7,20.2,55.25,46,0.041,normal,
2026-09-15T13:45,Telkom,Western Cape,Cape Town,CPT-BEL-007,CPT-BEL-007-C,RAN,LTE1800,99.16,98.71,0.66,98.56,36.46,12.55,53.4,-87.5,-9.2,16.9,46.04,44,0.039,normal,
2026-09-15T14:00,Telkom,Gauteng,Johannesburg,JHB-CBD-003,JHB-CBD-003-A,RAN,LTE1800,99.17,98.71,0.68,97.93,39.36,9.88,48.9,-84.3,-11.2,16.8,58.64,50,0.016,normal,
2026-09-15T14:00,Telkom,Gauteng,Johannesburg,JHB-CBD-003,JHB-CBD-003-B,RAN,LTE1800,99.18,98.75,0.41,99.03,37.46,11.41,56.8,-84.4,-7.8,17.7,61.08,48,0.016,normal,
2026-09-15T14:00,Telkom,Gauteng,Johannesburg,JHB-CBD-003,JHB-CBD-003-C,RAN,LTE1800,99.34,98.92,1.0,98.48,43.45,12.88,56.8,-88.1,-9.7,19.6,48.66,50,0.015,normal,
2026-09-15T14:00,Telkom,Gauteng,Soweto,JHB-SOW-018,JHB-SOW-018-A,RAN,LTE2100,99.25,98.97,0.71,98.58,42.3,11.68,46.3,-83.9,-10.5,14.8,51.34,35,0.022,normal,
2026-09-15T14:00,Telkom,Gauteng,Soweto,JHB-SOW-018,JHB-SOW-018-B,RAN,LTE2100,99.45,98.72,0.64,99.06,42.78,11.55,56.0,-82.0,-9.7,21.2,45.68,44,0.025,normal,
2026-09-15T14:00,Telkom,Gauteng,Soweto,JHB-SOW-018,JHB-SOW-018-C,RAN,LTE2100,99.18,99.01,0.74,98.21,41.53,12.0,47.3,-82.2,-7.7,12.8,44.18,54,0.001,normal,
2026-09-15T14:00,Telkom,Gauteng,Pretoria,PTA-HAT-011,PTA-HAT-011-A,RAN,LTE2600,99.24,98.47,0.83,98.71,42.03,8.74,67.5,-87.8,-10.5,16.5,59.43,57,0.029,normal,
2026-09-15T14:00,Telkom,Gauteng,Pretoria,PTA-HAT-011,PTA-HAT-011-B,RAN,LTE2600,99.01,99.02,1.07,98.88,30.59,14.02,49.0,-86.4,-10.2,17.9,59.0,57,0.028,normal,
2026-09-15T14:00,Telkom,Gauteng,Pretoria,PTA-HAT-011,PTA-HAT-011-C,RAN,LTE2600,98.26,98.8,0.05,98.26,32.83,11.12,58.2,-84.6,-10.0,17.3,60.34,61,0.016,normal,
2026-09-15T14:00,Telkom,Western Cape,Cape Town,CPT-BEL-007,CPT-BEL-007-A,RAN,LTE1800,99.9,97.9,0.49,98.36,36.18,11.49,62.9,-87.5,-9.8,16.0,52.92,45,0.024,normal,
2026-09-15T14:00,Telkom,Western Cape,Cape Town,CPT-BEL-007,CPT-BEL-007-B,RAN,LTE1800,99.22,98.8,0.8,98.09,41.11,12.77,52.6,-87.4,-10.1,19.2,53.19,51,0.015,normal,
2026-09-15T14:00,Telkom,Western Cape,Cape Town,CPT-BEL-007,CPT-BEL-007-C,RAN,LTE1800,99.0,99.19,0.37,98.34,36.46,11.97,59.8,-88.4,-9.1,20.3,58.61,49,0.048,normal,
2026-09-15T14:15,Telkom,Gauteng,Johannesburg,JHB-CBD-003,JHB-CBD-003-A,RAN,LTE1800,99.27,98.7,0.13,98.31,40.36,13.34,59.8,-84.1,-9.7,18.5,47.84,40,0.015,normal,
2026-09-15T14:15,Telkom,Gauteng,Johannesburg,JHB-CBD-003,JHB-CBD-003-B,RAN,LTE1800,98.64,98.4,0.85,98.45,35.41,14.22,52.9,-82.5,-9.0,18.7,47.76,41,0.039,normal,
2026-09-15T14:15,Telkom,Gauteng,Johannesburg,JHB-CBD-003,JHB-CBD-003-C,RAN,LTE1800,98.87,98.53,0.32,97.76,42.58,15.46,55.3,-84.2,-11.1,17.7,51.84,45,0.016,normal,
2026-09-15T14:15,Telkom,Gauteng,Soweto,JHB-SOW-018,JHB-SOW-018-A,RAN,LTE2100,99.57,99.11,0.55,97.92,39.28,12.68,43.1,-84.6,-12.8,14.2,49.89,42,0.002,normal,
2026-09-15T14:15,Telkom,Gauteng,Soweto,JHB-SOW-018,JHB-SOW-018-B,RAN,LTE2100,99.62,99.13,0.59,98.77,41.11,13.02,53.5,-83.1,-10.6,19.7,54.21,45,0.0,normal,
2026-09-15T14:15,Telkom,Gauteng,Soweto,JHB-SOW-018,JHB-SOW-018-C,RAN,LTE2100,98.91,99.23,0.59,98.59,47.21,12.49,61.6,-87.3,-9.5,22.5,47.32,38,0.046,normal,
2026-09-15T14:15,Telkom,Gauteng,Pretoria,PTA-HAT-011,PTA-HAT-011-A,RAN,LTE2600,99.32,98.82,0.56,98.54,39.0,11.54,49.8,-87.3,-10.0,18.0,61.36,53,0.037,normal,
2026-09-15T14:15,Telkom,Gauteng,Pretoria,PTA-HAT-011,PTA-HAT-011-B,RAN,LTE2600,98.95,99.05,0.59,98.51,44.71,11.48,40.8,-88.6,-10.7,15.0,50.72,48,0.008,normal,
2026-09-15T14:15,Telkom,Gauteng,Pretoria,PTA-HAT-011,PTA-HAT-011-C,RAN,LTE2600,98.44,99.22,0.63,98.06,38.37,12.79,58.3,-83.0,-10.8,17.4,54.23,47,0.032,normal,
2026-09-15T14:15,Telkom,Western Cape,Cape Town,CPT-BEL-007,CPT-BEL-007-A,RAN,LTE1800,99.09,98.57,0.72,97.92,36.0,15.33,51.2,-88.6,-10.0,19.2,49.44,54,0.035,normal,
2026-09-15T14:15,Telkom,Western Cape,Cape Town,CPT-BEL-007,CPT-BEL-007-B,RAN,LTE1800,98.61,98.7,0.53,98.32,42.53,11.71,44.7,-82.8,-11.3,16.3,50.9,46,0.015,normal,
2026-09-15T14:15,Telkom,Western Cape,Cape Town,CPT-BEL-007,CPT-BEL-007-C,RAN,LTE1800,98.83,98.95,0.56,97.63,32.97,12.4,62.9,-85.9,-10.2,19.2,59.53,46,0.03,normal,
2026-09-15T14:30,Telkom,Gauteng,Johannesburg,JHB-CBD-003,JHB-CBD-003-A,RAN,LTE1800,99.1,98.75,0.31,99.09,41.64,11.34,47.6,-87.3,-10.2,17.6,52.61,47,0.031,normal,
2026-09-15T14:30,Telkom,Gauteng,Johannesburg,JHB-CBD-003,JHB-CBD-003-B,RAN,LTE1800,98.88,98.86,0.28,98.65,38.05,13.36,54.2,-86.8,-8.7,16.4,56.35,57,0.023,normal,
2026-09-15T14:30,Telkom,Gauteng,Johannesburg,JHB-CBD-003,JHB-CBD-003-C,RAN,LTE1800,98.91,98.47,0.51,97.89,39.71,14.96,63.8,-86.8,-11.8,19.8,50.48,42,0.012,normal,
2026-09-15T14:30,Telkom,Gauteng,Soweto,JHB-SOW-018,JHB-SOW-018-A,RAN,LTE2100,98.67,99.27,0.16,97.98,38.18,14.29,44.3,-84.4,-11.6,19.1,37.81,39,0.039,normal,
2026-09-15T14:30,Telkom,Gauteng,Soweto,JHB-SOW-018,JHB-SOW-018-B,RAN,LTE2100,99.14,98.56,0.44,98.2,40.11,13.44,59.5,-80.5,-10.6,17.1,51.9,45,0.023,normal,
2026-09-15T14:30,Telkom,Gauteng,Soweto,JHB-SOW-018,JHB-SOW-018-C,RAN,LTE2100,98.95,98.53,0.55,99.5,47.56,10.45,46.0,-81.0,-9.7,15.6,52.97,47,0.003,normal,
2026-09-15T14:30,Telkom,Gauteng,Pretoria,PTA-HAT-011,PTA-HAT-011-A,RAN,LTE2600,98.94,98.77,0.06,97.85,32.34,13.91,54.4,-80.2,-8.9,15.3,52.9,51,0.034,normal,
2026-09-15T14:30,Telkom,Gauteng,Pretoria,PTA-HAT-011,PTA-HAT-011-B,RAN,LTE2600,99.81,98.92,0.27,98.43,42.41,13.75,52.8,-90.6,-10.7,14.9,55.07,44,0.026,normal,
2026-09-15T14:30,Telkom,Gauteng,Pretoria,PTA-HAT-011,PTA-HAT-011-C,RAN,LTE2600,99.52,98.83,0.46,97.51,43.58,11.4,49.9,-85.5,-10.5,20.4,50.5,45,0.041,normal,
2026-09-15T14:30,Telkom,Western Cape,Cape Town,CPT-BEL-007,CPT-BEL-007-A,RAN,LTE1800,99.35,99.24,0.75,98.71,40.99,14.06,55.4,-82.0,-10.3,19.2,55.41,42,0.047,normal,
2026-09-15T14:30,Telkom,Western Cape,Cape Town,CPT-BEL-007,CPT-BEL-007-B,RAN,LTE1800,99.12,98.48,0.06,98.26,40.18,13.4,61.6,-87.1,-10.7,19.8,56.98,47,0.029,normal,
2026-09-15T14:30,Telkom,Western Cape,Cape Town,CPT-BEL-007,CPT-BEL-007-C,RAN,LTE1800,99.35,99.05,0.72,98.65,33.26,14.79,54.1,-88.3,-5.7,14.9,51.91,42,0.009,normal,
2026-09-15T14:45,Telkom,Gauteng,Johannesburg,JHB-CBD-003,JHB-CBD-003-A,RAN,LTE1800,99.18,99.07,0.3,98.54,26.91,9.01,44.2,-83.6,-11.2,17.2,59.72,45,0.011,normal,
2026-09-15T14:45,Telkom,Gauteng,Johannesburg,JHB-CBD-003,JHB-CBD-003-B,RAN,LTE1800,99.41,98.48,0.35,98.58,40.05,11.45,48.8,-89.1,-13.0,18.7,52.1,49,0.026,normal,
2026-09-15T14:45,Telkom,Gauteng,Johannesburg,JHB-CBD-003,JHB-CBD-003-C,RAN,LTE1800,99.33,98.35,0.54,98.91,33.05,13.06,43.8,-85.9,-7.5,15.6,61.38,44,0.001,normal,
2026-09-15T14:45,Telkom,Gauteng,Soweto,JHB-SOW-018,JHB-SOW-018-A,RAN,LTE2100,99.28,99.11,0.12,98.06,44.69,12.19,54.7,-86.8,-10.0,18.0,54.54,42,0.023,normal,
2026-09-15T14:45,Telkom,Gauteng,Soweto,JHB-SOW-018,JHB-SOW-018-B,RAN,LTE2100,98.96,99.04,0.79,98.61,37.96,13.74,52.9,-86.4,-8.7,17.9,49.31,53,0.026,normal,
2026-09-15T14:45,Telkom,Gauteng,Soweto,JHB-SOW-018,JHB-SOW-018-C,RAN,LTE2100,99.07,99.24,0.05,98.41,37.16,12.7,54.8,-83.7,-10.2,17.5,54.26,43,0.046,normal,
2026-09-15T14:45,Telkom,Gauteng,Pretoria,PTA-HAT-011,PTA-HAT-011-A,RAN,LTE2600,98.65,98.56,0.13,98.96,32.0,9.82,64.5,-86.1,-11.0,19.7,61.87,56,0.044,normal,
2026-09-15T14:45,Telkom,Gauteng,Pretoria,PTA-HAT-011,PTA-HAT-011-B,RAN,LTE2600,99.31,98.58,0.27,98.0,39.23,9.59,51.8,-86.8,-8.3,18.1,56.29,52,0.031,normal,
2026-09-15T14:45,Telkom,Gauteng,Pretoria,PTA-HAT-011,PTA-HAT-011-C,RAN,LTE2600,99.67,99.12,0.05,98.76,36.45,9.9,56.9,-88.0,-12.2,17.1,68.67,62,0.046,normal,
2026-09-15T14:45,Telkom,Western Cape,Cape Town,CPT-BEL-007,CPT-BEL-007-A,RAN,LTE1800,99.21,98.49,0.46,98.84,47.94,10.16,44.7,-87.8,-10.7,18.2,55.21,49,0.0,normal,
2026-09-15T14:45,Telkom,Western Cape,Cape Town,CPT-BEL-007,CPT-BEL-007-B,RAN,LTE1800,99.48,98.7,0.39,98.94,38.33,14.54,53.5,-83.8,-9.3,17.5,45.67,36,0.004,normal,
2026-09-15T14:45,Telkom,Western Cape,Cape Town,CPT-BEL-007,CPT-BEL-007-C,RAN,LTE1800,98.2,98.47,1.01,98.66,42.77,11.83,49.0,-87.5,-9.6,15.8,46.94,47,0.005,normal,
2026-09-15T15:00,Telkom,Gauteng,Johannesburg,JHB-CBD-003,JHB-CBD-003-A,RAN,LTE1800,98.73,98.35,0.5,98.23,35.13,12.1,50.9,-87.5,-11.6,17.1,58.13,40,0.034,normal,
2026-09-15T15:00,Telkom,Gauteng,Johannesburg,JHB-CBD-003,JHB-CBD-003-B,RAN,LTE1800,98.93,98.46,0.75,99.11,38.01,12.64,60.4,-90.1,-9.8,18.0,57.23,49,0.024,normal,
2026-09-15T15:00,Telkom,Gauteng,Johannesburg,JHB-CBD-003,JHB-CBD-003-C,RAN,LTE1800,98.89,98.61,0.83,98.45,41.95,13.38,64.6,-88.8,-9.3,14.8,56.96,50,0.036,normal,
2026-09-15T15:00,Telkom,Gauteng,Soweto,JHB-SOW-018,JHB-SOW-018-A,RAN,LTE2100,98.83,98.77,0.92,98.35,45.98,13.62,53.1,-85.8,-11.8,19.2,43.87,41,0.017,normal,
2026-09-15T15:00,Telkom,Gauteng,Soweto,JHB-SOW-018,JHB-SOW-018-B,RAN,LTE2100,98.75,99.35,0.68,98.68,37.19,12.01,57.0,-85.7,-10.3,15.4,57.24,42,0.039,normal,
2026-09-15T15:00,Telkom,Gauteng,Soweto,JHB-SOW-018,JHB-SOW-018-C,RAN,LTE2100,99.79,98.09,0.49,98.11,38.94,11.33,64.1,-82.6,-9.1,14.2,55.13,43,0.005,normal,
2026-09-15T15:00,Telkom,Gauteng,Pretoria,PTA-HAT-011,PTA-HAT-011-A,RAN,LTE2600,99.27,98.6,0.52,98.18,35.51,14.84,53.3,-89.1,-10.6,17.2,52.7,46,0.045,normal,
2026-09-15T15:00,Telkom,Gauteng,Pretoria,PTA-HAT-011,PTA-HAT-011-B,RAN,LTE2600,98.64,98.73,0.2,98.98,44.03,12.41,66.2,-86.7,-12.8,21.4,46.52,40,0.028,normal,
2026-09-15T15:00,Telkom,Gauteng,Pretoria,PTA-HAT-011,PTA-HAT-011-C,RAN,LTE2600,99.36,98.99,0.43,99.17,45.29,12.42,63.3,-82.9,-8.9,20.7,58.65,51,0.016,normal,
2026-09-15T15:00,Telkom,Western Cape,Cape Town,CPT-BEL-007,CPT-BEL-007-A,RAN,LTE1800,98.92,98.21,0.74,98.5,40.41,14.43,55.1,-82.6,-9.9,20.4,46.92,46,0.026,normal,
2026-09-15T15:00,Telkom,Western Cape,Cape Town,CPT-BEL-007,CPT-BEL-007-B,RAN,LTE1800,99.3,98.7,0.56,99.51,32.42,10.05,43.1,-83.3,-9.0,18.7,48.66,48,0.036,normal,
2026-09-15T15:00,Telkom,Western Cape,Cape Town,CPT-BEL-007,CPT-BEL-007-C,RAN,LTE1800,99.51,99.09,0.27,99.27,32.62,11.51,49.3,-83.3,-12.8,16.7,54.43,40,0.047,normal,
2026-09-15T15:15,Telkom,Gauteng,Johannesburg,JHB-CBD-003,JHB-CBD-003-A,RAN,LTE1800,98.84,99.32,0.5,98.31,44.79,14.78,43.4,-83.2,-10.2,18.2,38.49,38,0.05,normal,
2026-09-15T15:15,Telkom,Gauteng,Johannesburg,JHB-CBD-003,JHB-CBD-003-B,RAN,LTE1800,99.39,98.34,0.5,98.4,34.85,10.48,53.9,-88.6,-10.0,17.2,60.47,52,0.024,normal,
2026-09-15T15:15,Telkom,Gauteng,Johannesburg,JHB-CBD-003,JHB-CBD-003-C,RAN,LTE1800,99.35,98.91,0.7,98.52,43.22,13.62,53.1,-91.5,-8.9,19.3,53.13,54,0.036,normal,
2026-09-15T15:15,Telkom,Gauteng,Soweto,JHB-SOW-018,JHB-SOW-018-A,RAN,LTE2100,98.9,98.7,0.05,99.05,35.63,15.14,49.6,-84.6,-8.9,14.1,49.12,46,0.02,normal,
2026-09-15T15:15,Telkom,Gauteng,Soweto,JHB-SOW-018,JHB-SOW-018-B,RAN,LTE2100,99.38,99.06,0.05,98.11,36.01,10.22,56.7,-89.0,-10.6,18.6,60.66,46,0.022,normal,
2026-09-15T15:15,Telkom,Gauteng,Soweto,JHB-SOW-018,JHB-SOW-018-C,RAN,LTE2100,98.4,98.64,0.52,98.73,36.96,9.92,51.5,-84.7,-8.2,15.2,55.56,46,0.027,normal,
2026-09-15T15:15,Telkom,Gauteng,Pretoria,PTA-HAT-011,PTA-HAT-011-A,RAN,LTE2600,98.83,98.52,0.28,98.92,37.49,12.22,65.2,-87.2,-10.9,17.3,52.27,53,0.023,normal,
2026-09-15T15:15,Telkom,Gauteng,Pretoria,PTA-HAT-011,PTA-HAT-011-B,RAN,LTE2600,99.52,98.99,0.81,98.03,30.87,10.08,68.4,-83.2,-10.1,19.5,59.48,59,0.05,normal,
2026-09-15T15:15,Telkom,Gauteng,Pretoria,PTA-HAT-011,PTA-HAT-011-C,RAN,LTE2600,98.7,98.92,0.48,99.3,39.34,14.06,55.6,-83.9,-7.7,16.9,56.55,51,0.016,normal,
2026-09-15T15:15,Telkom,Western Cape,Cape Town,CPT-BEL-007,CPT-BEL-007-A,RAN,LTE1800,99.21,98.34,0.11,98.43,41.86,9.99,51.7,-86.1,-9.9,21.6,53.09,42,0.035,normal,
2026-09-15T15:15,Telkom,Western Cape,Cape Town,CPT-BEL-007,CPT-BEL-007-B,RAN,LTE1800,99.48,98.97,0.32,98.1,34.87,10.47,64.4,-85.5,-10.9,20.2,66.89,44,0.014,normal,
2026-09-15T15:15,Telkom,Western Cape,Cape Town,CPT-BEL-007,CPT-BEL-007-C,RAN,LTE1800,99.47,98.25,0.21,99.36,41.95,12.42,41.7,-86.2,-11.0,16.5,55.1,53,0.048,normal,
2026-09-15T15:30,Telkom,Gauteng,Johannesburg,JHB-CBD-003,JHB-CBD-003-A,RAN,LTE1800,99.35,99.03,0.32,99.15,29.83,11.1,57.9,-85.2,-12.0,19.7,53.57,47,0.033,normal,
2026-09-15T15:30,Telkom,Gauteng,Johannesburg,JHB-CBD-003,JHB-CBD-003-B,RAN,LTE1800,99.25,98.93,0.6,98.11,33.71,10.14,51.3,-84.7,-8.1,16.1,55.44,47,0.0,normal,
2026-09-15T15:30,Telkom,Gauteng,Johannesburg,JHB-CBD-003,JHB-CBD-003-C,RAN,LTE1800,98.9,99.0,0.05,98.29,46.5,13.97,36.5,-84.5,-8.9,15.5,48.4,40,0.032,normal,
2026-09-15T15:30,Telkom,Gauteng,Soweto,JHB-SOW-018,JHB-SOW-018-A,RAN,LTE2100,99.48,99.08,0.95,98.16,35.65,12.61,58.5,-84.5,-7.9,19.0,54.08,42,0.025,normal,
2026-09-15T15:30,Telkom,Gauteng,Soweto,JHB-SOW-018,JHB-SOW-018-B,RAN,LTE2100,99.33,98.94,0.99,98.4,39.95,11.09,57.5,-90.0,-11.6,14.8,56.09,42,0.043,normal,
2026-09-15T15:30,Telkom,Gauteng,Soweto,JHB-SOW-018,JHB-SOW-018-C,RAN,LTE2100,99.63,98.18,0.88,98.65,39.46,13.74,58.7,-84.1,-9.5,19.0,53.57,38,0.037,normal,
2026-09-15T15:30,Telkom,Gauteng,Pretoria,PTA-HAT-011,PTA-HAT-011-A,RAN,LTE2600,98.5,98.8,0.78,98.22,32.78,7.97,59.7,-87.5,-10.5,16.9,66.03,55,0.028,normal,
2026-09-15T15:30,Telkom,Gauteng,Pretoria,PTA-HAT-011,PTA-HAT-011-B,RAN,LTE2600,98.95,98.64,0.48,98.95,41.36,14.84,50.6,-84.5,-11.7,16.4,47.42,43,0.023,normal,
2026-09-15T15:30,Telkom,Gauteng,Pretoria,PTA-HAT-011,PTA-HAT-011-C,RAN,LTE2600,98.81,98.56,0.56,98.23,40.39,14.12,51.0,-93.2,-9.8,21.7,57.43,54,0.013,normal,
2026-09-15T15:30,Telkom,Western Cape,Cape Town,CPT-BEL-007,CPT-BEL-007-A,RAN,LTE1800,99.33,98.55,0.22,98.98,42.45,13.49,50.3,-80.5,-10.5,15.5,46.63,43,0.02,normal,
2026-09-15T15:30,Telkom,Western Cape,Cape Town,CPT-BEL-007,CPT-BEL-007-B,RAN,LTE1800,98.51,98.46,0.63,98.48,32.83,13.38,61.8,-89.6,-8.7,18.4,54.62,41,0.016,normal,
2026-09-15T15:30,Telkom,Western Cape,Cape Town,CPT-BEL-007,CPT-BEL-007-C,RAN,LTE1800,99.09,99.47,0.47,98.95,32.04,10.69,58.8,-82.4,-10.5,17.3,55.69,41,0.023,normal,
2026-09-15T15:45,Telkom,Gauteng,Johannesburg,JHB-CBD-003,JHB-CBD-003-A,RAN,LTE1800,99.17,99.03,0.71,98.42,43.7,14.89,54.5,-88.3,-10.2,14.6,46.67,39,0.044,normal,
2026-09-15T15:45,Telkom,Gauteng,Johannesburg,JHB-CBD-003,JHB-CBD-003-B,RAN,LTE1800,99.31,98.42,0.64,98.47,31.93,13.37,48.5,-84.8,-10.9,20.5,54.02,52,0.05,normal,
2026-09-15T15:45,Telkom,Gauteng,Johannesburg,JHB-CBD-003,JHB-CBD-003-C,RAN,LTE1800,99.38,98.93,0.45,98.66,39.85,10.0,51.9,-83.7,-10.7,13.1,63.53,47,0.037,normal,
2026-09-15T15:45,Telkom,Gauteng,Soweto,JHB-SOW-018,JHB-SOW-018-A,RAN,LTE2100,98.84,98.74,0.64,99.6,39.52,12.4,48.7,-85.3,-10.1,16.6,47.89,38,0.017,normal,
2026-09-15T15:45,Telkom,Gauteng,Soweto,JHB-SOW-018,JHB-SOW-018-B,RAN,LTE2100,98.67,99.02,0.52,98.32,34.64,11.58,49.8,-85.5,-10.2,15.0,53.14,46,0.047,normal,
2026-09-15T15:45,Telkom,Gauteng,Soweto,JHB-SOW-018,JHB-SOW-018-C,RAN,LTE2100,99.01,98.96,0.43,98.76,47.0,14.76,47.7,-87.6,-8.8,16.5,41.64,34,0.009,normal,
2026-09-15T15:45,Telkom,Gauteng,Pretoria,PTA-HAT-011,PTA-HAT-011-A,RAN,LTE2600,99.45,98.7,0.5,98.54,40.04,12.27,58.1,-87.3,-9.9,20.1,54.37,47,0.035,normal,
2026-09-15T15:45,Telkom,Gauteng,Pretoria,PTA-HAT-011,PTA-HAT-011-B,RAN,LTE2600,98.35,99.1,0.14,98.5,40.66,12.11,61.4,-84.3,-8.8,17.6,47.14,46,0.027,normal,
2026-09-15T15:45,Telkom,Gauteng,Pretoria,PTA-HAT-011,PTA-HAT-011-C,RAN,LTE2600,98.93,98.72,0.2,98.57,35.42,13.84,52.4,-87.1,-9.1,17.8,53.21,46,0.018,normal,
2026-09-15T15:45,Telkom,Western Cape,Cape Town,CPT-BEL-007,CPT-BEL-007-A,RAN,LTE1800,99.33,97.92,0.8,99.7,43.64,13.41,53.6,-83.2,-10.5,20.4,48.24,48,0.004,normal,
2026-09-15T15:45,Telkom,Western Cape,Cape Town,CPT-BEL-007,CPT-BEL-007-B,RAN,LTE1800,98.69,99.0,0.97,98.56,37.51,10.98,39.0,-90.1,-9.3,16.6,53.39,50,0.026,normal,
2026-09-15T15:45,Telkom,Western Cape,Cape Town,CPT-BEL-007,CPT-BEL-007-C,RAN,LTE1800,98.95,98.64,0.97,98.63,39.48,11.72,44.0,-83.2,-10.4,20.4,50.81,39,0.002,normal,
2026-09-15T16:00,Telkom,Gauteng,Johannesburg,JHB-CBD-003,JHB-CBD-003-A,RAN,LTE1800,98.89,99.11,0.31,97.58,31.86,10.73,57.5,-89.9,-10.1,19.9,60.78,55,0.045,normal,
2026-09-15T16:00,Telkom,Gauteng,Johannesburg,JHB-CBD-003,JHB-CBD-003-B,RAN,LTE1800,99.63,98.45,0.34,98.92,33.23,14.52,56.8,-84.7,-7.6,15.4,54.33,44,0.006,normal,
2026-09-15T16:00,Telkom,Gauteng,Johannesburg,JHB-CBD-003,JHB-CBD-003-C,RAN,LTE1800,98.84,98.86,0.6,98.62,38.12,13.75,56.0,-85.0,-10.4,18.8,61.48,50,0.04,normal,
2026-09-15T16:00,Telkom,Gauteng,Soweto,JHB-SOW-018,JHB-SOW-018-A,RAN,LTE2100,99.13,98.77,0.05,98.73,46.35,11.9,58.6,-89.7,-8.7,20.8,45.06,37,0.037,normal,
2026-09-15T16:00,Telkom,Gauteng,Soweto,JHB-SOW-018,JHB-SOW-018-B,RAN,LTE2100,98.76,98.82,0.47,98.1,38.99,11.47,51.1,-85.3,-9.2,15.0,42.9,38,0.026,normal,
2026-09-15T16:00,Telkom,Gauteng,Soweto,JHB-SOW-018,JHB-SOW-018-C,RAN,LTE2100,98.63,98.97,0.63,98.76,38.27,14.52,58.5,-85.4,-10.0,18.5,49.14,44,0.046,normal,
2026-09-15T16:00,Telkom,Gauteng,Pretoria,PTA-HAT-011,PTA-HAT-011-A,RAN,LTE2600,99.38,98.19,0.08,97.95,40.43,12.1,56.7,-78.3,-8.3,14.2,48.25,46,0.02,normal,
2026-09-15T16:00,Telkom,Gauteng,Pretoria,PTA-HAT-011,PTA-HAT-011-B,RAN,LTE2600,99.41,98.48,0.72,98.33,42.32,8.75,59.2,-82.8,-9.3,13.9,57.07,50,0.026,normal,
2026-09-15T16:00,Telkom,Gauteng,Pretoria,PTA-HAT-011,PTA-HAT-011-C,RAN,LTE2600,99.55,99.13,0.49,99.47,38.14,10.22,62.8,-88.9,-9.8,13.9,58.51,55,0.003,normal,
2026-09-15T16:00,Telkom,Western Cape,Cape Town,CPT-BEL-007,CPT-BEL-007-A,RAN,LTE1800,99.5,98.31,0.67,99.01,35.8,12.86,41.4,-86.5,-9.4,18.2,55.21,40,0.044,normal,
2026-09-15T16:00,Telkom,Western Cape,Cape Town,CPT-BEL-007,CPT-BEL-007-B,RAN,LTE1800,99.9,98.97,1.14,99.28,34.05,12.34,59.8,-83.6,-8.6,18.9,57.73,63,0.013,normal,
2026-09-15T16:00,Telkom,Western Cape,Cape Town,CPT-BEL-007,CPT-BEL-007-C,RAN,LTE1800,98.9,98.55,0.51,97.95,39.42,12.63,58.2,-85.5,-9.3,17.2,52.69,37,0.02,normal,
2026-09-15T16:15,Telkom,Gauteng,Johannesburg,JHB-CBD-003,JHB-CBD-003-A,RAN,LTE1800,98.88,98.82,1.35,99.02,36.62,13.48,55.9,-88.3,-9.5,16.7,48.89,41,0.02,normal,
2026-09-15T16:15,Telkom,Gauteng,Johannesburg,JHB-CBD-003,JHB-CBD-003-B,RAN,LTE1800,99.19,98.69,0.39,99.28,45.45,13.16,40.8,-84.8,-8.5,22.6,47.73,46,0.02,normal,
2026-09-15T16:15,Telkom,Gauteng,Johannesburg,JHB-CBD-003,JHB-CBD-003-C,RAN,LTE1800,98.8,99.16,0.24,98.77,38.01,12.29,52.5,-85.1,-10.3,16.3,49.47,40,0.023,normal,
2026-09-15T16:15,Telkom,Gauteng,Soweto,JHB-SOW-018,JHB-SOW-018-A,RAN,LTE2100,99.49,99.22,0.7,98.16,40.25,11.22,49.5,-85.8,-11.1,15.4,42.97,42,0.011,normal,
2026-09-15T16:15,Telkom,Gauteng,Soweto,JHB-SOW-018,JHB-SOW-018-B,RAN,LTE2100,99.18,98.96,0.58,98.69,30.22,12.74,64.7,-86.0,-11.2,15.2,59.22,49,0.034,normal,
2026-09-15T16:15,Telkom,Gauteng,Soweto,JHB-SOW-018,JHB-SOW-018-C,RAN,LTE2100,98.65,99.04,0.51,98.11,33.81,11.21,44.6,-84.7,-8.9,18.4,50.41,37,0.015,normal,
2026-09-15T16:15,Telkom,Gauteng,Pretoria,PTA-HAT-011,PTA-HAT-011-A,RAN,LTE2600,99.72,98.85,0.75,98.15,39.9,8.15,52.3,-85.2,-10.5,20.6,57.72,52,0.046,normal,
2026-09-15T16:15,Telkom,Gauteng,Pretoria,PTA-HAT-011,PTA-HAT-011-B,RAN,LTE2600,98.53,98.99,0.64,98.64,29.37,10.04,59.8,-86.2,-9.0,16.4,62.85,56,0.001,normal,
2026-09-15T16:15,Telkom,Gauteng,Pretoria,PTA-HAT-011,PTA-HAT-011-C,RAN,LTE2600,99.15,98.94,1.04,99.47,42.41,13.27,60.9,-86.8,-8.4,16.5,52.94,44,0.031,normal,
2026-09-15T16:15,Telkom,Western Cape,Cape Town,CPT-BEL-007,CPT-BEL-007-A,RAN,LTE1800,99.36,98.26,0.65,98.14,42.16,12.25,50.7,-82.3,-11.8,15.2,51.15,40,0.047,normal,
2026-09-15T16:15,Telkom,Western Cape,Cape Town,CPT-BEL-007,CPT-BEL-007-B,RAN,LTE1800,99.29,99.0,1.05,98.57,36.45,8.89,53.4,-86.5,-9.3,16.6,58.61,47,0.023,normal,
2026-09-15T16:15,Telkom,Western Cape,Cape Town,CPT-BEL-007,CPT-BEL-007-C,RAN,LTE1800,99.24,99.0,0.36,99.22,39.2,7.16,46.5,-81.7,-10.9,14.7,58.47,45,0.044,normal,
2026-09-15T16:30,Telkom,Gauteng,Johannesburg,JHB-CBD-003,JHB-CBD-003-A,RAN,LTE1800,99.29,98.26,0.25,98.96,44.93,13.71,53.6,-88.2,-9.0,16.1,51.13,46,0.017,normal,
2026-09-15T16:30,Telkom,Gauteng,Johannesburg,JHB-CBD-003,JHB-CBD-003-B,RAN,LTE1800,98.7,98.73,0.93,98.12,32.97,11.85,54.3,-83.7,-10.2,17.8,56.63,47,0.005,normal,
2026-09-15T16:30,Telkom,Gauteng,Johannesburg,JHB-CBD-003,JHB-CBD-003-C,RAN,LTE1800,98.62,98.72,0.49,98.32,37.99,12.84,52.4,-84.9,-9.2,15.6,61.23,51,0.042,normal,
2026-09-15T16:30,Telkom,Gauteng,Soweto,JHB-SOW-018,JHB-SOW-018-A,RAN,LTE2100,99.51,97.98,0.76,98.89,42.97,14.6,50.4,-84.0,-11.3,20.1,47.33,42,0.023,normal,
2026-09-15T16:30,Telkom,Gauteng,Soweto,JHB-SOW-018,JHB-SOW-018-B,RAN,LTE2100,98.84,98.61,0.52,97.75,41.5,11.58,56.0,-83.5,-10.4,18.0,47.99,43,0.032,normal,
2026-09-15T16:30,Telkom,Gauteng,Soweto,JHB-SOW-018,JHB-SOW-018-C,RAN,LTE2100,99.43,99.12,0.56,98.06,39.7,13.33,49.2,-84.0,-8.8,17.5,56.74,41,0.012,normal,
2026-09-15T16:30,Telkom,Gauteng,Pretoria,PTA-HAT-011,PTA-HAT-011-A,RAN,LTE2600,99.76,99.03,0.3,97.51,41.04,12.05,57.5,-87.0,-11.7,16.8,50.15,53,0.014,normal,
2026-09-15T16:30,Telkom,Gauteng,Pretoria,PTA-HAT-011,PTA-HAT-011-B,RAN,LTE2600,99.11,98.58,0.67,98.2,38.95,13.21,48.1,-83.4,-12.9,13.3,57.41,48,0.042,normal,
2026-09-15T16:30,Telkom,Gauteng,Pretoria,PTA-HAT-011,PTA-HAT-011-C,RAN,LTE2600,99.22,98.3,0.54,99.52,39.91,13.6,62.0,-87.6,-9.2,15.8,52.94,54,0.013,normal,
2026-09-15T16:30,Telkom,Western Cape,Cape Town,CPT-BEL-007,CPT-BEL-007-A,RAN,LTE1800,99.03,98.53,1.01,98.0,52.76,11.28,43.4,-83.9,-11.2,16.1,47.91,51,0.013,normal,
2026-09-15T16:30,Telkom,Western Cape,Cape Town,CPT-BEL-007,CPT-BEL-007-B,RAN,LTE1800,98.31,99.22,0.6,98.21,30.83,12.61,54.0,-84.1,-12.0,17.2,54.89,44,0.046,normal,
2026-09-15T16:30,Telkom,Western Cape,Cape Town,CPT-BEL-007,CPT-BEL-007-C,RAN,LTE1800,99.25,98.65,0.54,98.22,44.04,9.24,42.9,-82.8,-10.0,15.8,59.1,55,0.039,normal,
2026-09-15T16:45,Telkom,Gauteng,Johannesburg,JHB-CBD-003,JHB-CBD-003-A,RAN,LTE1800,99.44,98.67,0.67,99.6,36.24,12.35,48.5,-85.5,-8.7,16.3,61.8,50,0.023,normal,
2026-09-15T16:45,Telkom,Gauteng,Johannesburg,JHB-CBD-003,JHB-CBD-003-B,RAN,LTE1800,98.42,99.23,0.05,98.45,34.49,12.25,46.2,-87.4,-9.8,17.0,53.59,50,0.043,normal,
2026-09-15T16:45,Telkom,Gauteng,Johannesburg,JHB-CBD-003,JHB-CBD-003-C,RAN,LTE1800,98.83,98.7,0.31,97.44,36.54,13.09,38.6,-86.4,-10.4,14.1,48.19,36,0.036,normal,
2026-09-15T16:45,Telkom,Gauteng,Soweto,JHB-SOW-018,JHB-SOW-018-A,RAN,LTE2100,99.52,98.72,0.88,98.25,29.63,8.98,53.7,-88.1,-10.2,18.1,51.43,46,0.009,normal,
2026-09-15T16:45,Telkom,Gauteng,Soweto,JHB-SOW-018,JHB-SOW-018-B,RAN,LTE2100,99.26,98.89,0.38,99.04,39.99,13.03,54.8,-86.8,-11.0,17.7,54.82,41,0.024,normal,
2026-09-15T16:45,Telkom,Gauteng,Soweto,JHB-SOW-018,JHB-SOW-018-C,RAN,LTE2100,99.32,98.83,0.57,97.71,41.07,12.38,41.6,-89.3,-10.5,17.8,38.82,43,0.042,normal,
2026-09-15T16:45,Telkom,Gauteng,Pretoria,PTA-HAT-011,PTA-HAT-011-A,RAN,LTE2600,99.68,98.88,0.61,99.13,44.44,10.61,53.2,-90.0,-11.6,12.1,56.46,58,0.019,normal,
2026-09-15T16:45,Telkom,Gauteng,Pretoria,PTA-HAT-011,PTA-HAT-011-B,RAN,LTE2600,98.94,98.21,0.29,98.8,38.78,10.34,54.0,-85.0,-9.3,16.9,56.13,44,0.031,normal,
2026-09-15T16:45,Telkom,Gauteng,Pretoria,PTA-HAT-011,PTA-HAT-011-C,RAN,LTE2600,99.54,99.03,0.7,98.92,42.24,13.54,46.7,-88.2,-10.6,14.3,47.79,54,0.024,normal,
2026-09-15T16:45,Telkom,Western Cape,Cape Town,CPT-BEL-007,CPT-BEL-007-A,RAN,LTE1800,99.37,98.93,0.38,98.34,32.54,12.0,51.3,-83.8,-9.7,18.3,56.94,51,0.045,normal,
2026-09-15T16:45,Telkom,Western Cape,Cape Town,CPT-BEL-007,CPT-BEL-007-B,RAN,LTE1800,98.48,99.11,0.27,97.64,42.5,14.06,59.6,-83.2,-8.0,12.5,49.19,46,0.008,normal,
2026-09-15T16:45,Telkom,Western Cape,Cape Town,CPT-BEL-007,CPT-BEL-007-C,RAN,LTE1800,98.89,98.87,0.91,97.82,34.09,13.87,44.7,-89.1,-10.9,13.6,47.99,53,0.02,normal,
2026-09-15T17:00,Telkom,Gauteng,Johannesburg,JHB-CBD-003,JHB-CBD-003-A,RAN,LTE1800,98.77,98.95,0.42,97.84,29.69,12.33,55.2,-85.4,-9.0,12.6,62.6,52,0.031,normal,
2026-09-15T17:00,Telkom,Gauteng,Johannesburg,JHB-CBD-003,JHB-CBD-003-B,RAN,LTE1800,98.83,98.54,0.8,98.62,40.72,10.65,50.1,-89.1,-8.2,14.4,59.53,45,0.039,normal,
2026-09-15T17:00,Telkom,Gauteng,Johannesburg,JHB-CBD-003,JHB-CBD-003-C,RAN,LTE1800,99.05,98.46,0.68,99.3,43.19,11.11,63.4,-93.6,-10.5,18.3,53.57,55,0.032,normal,
2026-09-15T17:00,Telkom,Gauteng,Soweto,JHB-SOW-018,JHB-SOW-018-A,RAN,LTE2100,98.97,98.78,1.25,98.5,39.51,12.56,40.7,-86.6,-9.9,14.5,49.39,42,0.013,normal,
2026-09-15T17:00,Telkom,Gauteng,Soweto,JHB-SOW-018,JHB-SOW-018-B,RAN,LTE2100,99.45,98.42,0.16,98.99,38.97,13.62,45.3,-87.7,-10.5,16.7,45.73,50,0.033,normal,
2026-09-15T17:00,Telkom,Gauteng,Soweto,JHB-SOW-018,JHB-SOW-018-C,RAN,LTE2100,98.94,98.31,1.01,97.53,41.02,12.16,59.1,-82.3,-8.7,19.1,59.65,50,0.037,normal,
2026-09-15T17:00,Telkom,Gauteng,Pretoria,PTA-HAT-011,PTA-HAT-011-A,RAN,LTE2600,99.3,99.22,0.47,98.35,44.49,13.38,57.8,-83.5,-10.7,20.2,56.75,53,0.038,normal,
2026-09-15T17:00,Telkom,Gauteng,Pretoria,PTA-HAT-011,PTA-HAT-011-B,RAN,LTE2600,98.7,98.19,0.69,98.41,34.04,12.09,50.3,-87.4,-11.7,19.6,66.2,49,0.043,normal,
2026-09-15T17:00,Telkom,Gauteng,Pretoria,PTA-HAT-011,PTA-HAT-011-C,RAN,LTE2600,99.11,99.35,0.5,97.69,30.47,12.67,52.0,-84.8,-10.9,14.5,58.9,48,0.014,normal,
2026-09-15T17:00,Telkom,Western Cape,Cape Town,CPT-BEL-007,CPT-BEL-007-A,RAN,LTE1800,99.52,98.71,1.03,97.83,42.95,14.68,54.7,-86.4,-9.7,17.9,52.15,39,0.049,normal,
2026-09-15T17:00,Telkom,Western Cape,Cape Town,CPT-BEL-007,CPT-BEL-007-B,RAN,LTE1800,99.74,98.76,0.36,99.21,45.02,14.05,57.1,-85.4,-9.8,16.1,50.23,42,0.032,normal,
2026-09-15T17:00,Telkom,Western Cape,Cape Town,CPT-BEL-007,CPT-BEL-007-C,RAN,LTE1800,99.34,99.51,0.24,98.56,45.26,15.7,61.1,-85.4,-9.7,21.0,46.99,50,0.021,normal,
2026-09-15T17:15,Telkom,Gauteng,Johannesburg,JHB-CBD-003,JHB-CBD-003-A,RAN,LTE1800,99.01,98.77,0.15,98.58,34.79,12.55,57.1,-88.2,-11.9,15.9,52.46,44,0.005,normal,
2026-09-15T17:15,Telkom,Gauteng,Johannesburg,JHB-CBD-003,JHB-CBD-003-B,RAN,LTE1800,98.91,99.34,0.51,98.54,44.5,10.54,49.8,-86.5,-10.1,16.8,52.31,46,0.001,normal,
2026-09-15T17:15,Telkom,Gauteng,Johannesburg,JHB-CBD-003,JHB-CBD-003-C,RAN,LTE1800,99.38,98.51,0.24,97.99,33.59,12.88,63.9,-83.2,-10.6,19.8,57.45,58,0.014,normal,
2026-09-15T17:15,Telkom,Gauteng,Soweto,JHB-SOW-018,JHB-SOW-018-A,RAN,LTE2100,98.66,98.62,0.41,98.96,43.55,12.2,44.0,-84.8,-10.1,17.0,41.49,37,0.015,normal,
2026-09-15T17:15,Telkom,Gauteng,Soweto,JHB-SOW-018,JHB-SOW-018-B,RAN,LTE2100,99.1,98.27,0.38,98.46,42.03,12.25,52.9,-83.7,-10.4,17.1,47.09,43,0.013,normal,
2026-09-15T17:15,Telkom,Gauteng,Soweto,JHB-SOW-018,JHB-SOW-018-C,RAN,LTE2100,99.33,98.28,0.06,98.56,46.18,13.92,52.5,-88.1,-9.0,19.3,50.93,44,0.033,normal,
2026-09-15T17:15,Telkom,Gauteng,Pretoria,PTA-HAT-011,PTA-HAT-011-A,RAN,LTE2600,99.02,98.94,0.3,98.94,34.33,7.94,52.9,-83.4,-11.5,17.8,60.3,64,0.027,normal,
2026-09-15T17:15,Telkom,Gauteng,Pretoria,PTA-HAT-011,PTA-HAT-011-B,RAN,LTE2600,99.27,99.14,0.52,99.25,42.27,12.07,54.7,-85.3,-9.9,19.5,58.79,53,0.029,normal,
2026-09-15T17:15,Telkom,Gauteng,Pretoria,PTA-HAT-011,PTA-HAT-011-C,RAN,LTE2600,99.13,98.57,0.61,98.92,44.43,14.66,52.5,-84.1,-10.7,18.0,53.35,49,0.04,normal,
2026-09-15T17:15,Telkom,Western Cape,Cape Town,CPT-BEL-007,CPT-BEL-007-A,RAN,LTE1800,98.54,99.59,0.28,97.26,41.73,13.17,61.0,-87.7,-9.2,15.2,53.24,50,0.019,normal,
2026-09-15T17:15,Telkom,Western Cape,Cape Town,CPT-BEL-007,CPT-BEL-007-B,RAN,LTE1800,98.8,98.7,0.36,99.2,32.85,13.01,50.3,-84.8,-10.2,16.0,55.17,54,0.048,normal,
2026-09-15T17:15,Telkom,Western Cape,Cape Town,CPT-BEL-007,CPT-BEL-007-C,RAN,LTE1800,99.46,97.99,0.4,99.06,41.93,14.23,52.1,-88.9,-7.6,17.6,56.77,51,0.042,normal,
2026-09-15T17:30,Telkom,Gauteng,Johannesburg,JHB-CBD-003,JHB-CBD-003-A,RAN,LTE1800,99.21,99.25,0.05,98.51,25.77,12.64,66.7,-86.5,-11.0,17.9,61.94,56,0.014,normal,
2026-09-15T17:30,Telkom,Gauteng,Johannesburg,JHB-CBD-003,JHB-CBD-003-B,RAN,LTE1800,99.0,99.39,0.05,98.57,30.97,12.6,51.9,-84.9,-8.9,17.1,62.94,53,0.047,normal,
2026-09-15T17:30,Telkom,Gauteng,Johannesburg,JHB-CBD-003,JHB-CBD-003-C,RAN,LTE1800,98.47,99.18,0.8,98.56,44.21,12.0,55.0,-86.2,-10.5,16.8,51.97,51,0.031,normal,
2026-09-15T17:30,Telkom,Gauteng,Soweto,JHB-SOW-018,JHB-SOW-018-A,RAN,LTE2100,99.22,99.21,0.34,98.88,40.38,12.68,58.8,-84.3,-9.2,17.7,58.4,46,0.038,normal,
2026-09-15T17:30,Telkom,Gauteng,Soweto,JHB-SOW-018,JHB-SOW-018-B,RAN,LTE2100,98.99,98.52,1.03,98.95,39.19,12.49,52.6,-85.1,-9.0,16.3,40.83,42,0.025,normal,
2026-09-15T17:30,Telkom,Gauteng,Soweto,JHB-SOW-018,JHB-SOW-018-C,RAN,LTE2100,99.19,98.87,0.66,98.55,36.96,11.05,49.1,-90.5,-12.5,21.0,51.27,45,0.036,normal,
2026-09-15T17:30,Telkom,Gauteng,Pretoria,PTA-HAT-011,PTA-HAT-011-A,RAN,LTE2600,98.77,98.89,0.44,98.61,26.28,10.39,54.2,-84.1,-9.5,18.8,59.15,53,0.025,normal,
2026-09-15T17:30,Telkom,Gauteng,Pretoria,PTA-HAT-011,PTA-HAT-011-B,RAN,LTE2600,99.33,98.89,0.31,98.86,35.55,9.25,52.8,-84.6,-9.4,18.2,65.91,64,0.049,normal,
2026-09-15T17:30,Telkom,Gauteng,Pretoria,PTA-HAT-011,PTA-HAT-011-C,RAN,LTE2600,99.17,98.63,0.1,97.95,32.11,11.5,61.0,-90.6,-10.5,17.3,66.6,51,0.001,normal,
2026-09-15T17:30,Telkom,Western Cape,Cape Town,CPT-BEL-007,CPT-BEL-007-A,RAN,LTE1800,99.66,98.58,0.56,98.41,35.77,10.19,54.5,-88.8,-9.8,14.8,60.78,54,0.026,normal,
2026-09-15T17:30,Telkom,Western Cape,Cape Town,CPT-BEL-007,CPT-BEL-007-B,RAN,LTE1800,98.97,98.54,0.23,98.64,34.43,12.41,56.3,-87.8,-8.3,14.3,65.96,57,0.041,normal,
2026-09-15T17:30,Telkom,Western Cape,Cape Town,CPT-BEL-007,CPT-BEL-007-C,RAN,LTE1800,98.71,99.1,0.24,98.96,43.13,10.98,53.5,-86.5,-9.4,17.3,60.13,55,0.045,normal,
2026-09-15T17:45,Telkom,Gauteng,Johannesburg,JHB-CBD-003,JHB-CBD-003-A,RAN,LTE1800,99.45,98.78,0.82,98.53,42.16,13.22,60.3,-87.7,-11.7,14.3,58.5,51,0.003,normal,
2026-09-15T17:45,Telkom,Gauteng,Johannesburg,JHB-CBD-003,JHB-CBD-003-B,RAN,LTE1800,98.73,98.63,0.84,97.94,42.25,12.09,61.5,-84.4,-9.3,22.1,57.55,56,0.002,normal,
2026-09-15T17:45,Telkom,Gauteng,Johannesburg,JHB-CBD-003,JHB-CBD-003-C,RAN,LTE1800,98.81,98.93,0.54,98.35,29.83,12.25,61.1,-85.2,-10.0,14.2,59.11,61,0.046,normal,
2026-09-15T17:45,Telkom,Gauteng,Soweto,JHB-SOW-018,JHB-SOW-018-A,RAN,LTE2100,99.18,98.38,0.37,97.67,40.58,11.86,60.2,-88.2,-9.4,19.3,56.3,54,0.028,normal,
2026-09-15T17:45,Telkom,Gauteng,Soweto,JHB-SOW-018,JHB-SOW-018-B,RAN,LTE2100,99.13,99.13,0.66,98.32,43.15,12.86,44.4,-86.4,-10.9,15.8,53.75,47,0.033,normal,
2026-09-15T17:45,Telkom,Gauteng,Soweto,JHB-SOW-018,JHB-SOW-018-C,RAN,LTE2100,99.06,98.33,0.32,98.59,47.35,14.49,64.8,-88.4,-10.6,13.9,42.28,49,0.02,normal,
2026-09-15T17:45,Telkom,Gauteng,Pretoria,PTA-HAT-011,PTA-HAT-011-A,RAN,LTE2600,99.9,99.26,0.48,99.18,35.46,13.37,48.4,-83.1,-10.0,13.8,55.31,56,0.043,normal,
2026-09-15T17:45,Telkom,Gauteng,Pretoria,PTA-HAT-011,PTA-HAT-011-B,RAN,LTE2600,99.19,99.39,1.04,98.49,40.6,15.76,53.1,-85.3,-8.9,17.9,62.43,59,0.04,normal,
2026-09-15T17:45,Telkom,Gauteng,Pretoria,PTA-HAT-011,PTA-HAT-011-C,RAN,LTE2600,99.82,98.76,0.59,99.01,38.95,12.38,56.5,-89.8,-9.9,13.4,59.31,60,0.014,normal,
2026-09-15T17:45,Telkom,Western Cape,Cape Town,CPT-BEL-007,CPT-BEL-007-A,RAN,LTE1800,99.08,99.2,0.14,99.23,39.2,9.6,54.7,-85.6,-11.1,18.3,51.82,42,0.018,normal,
2026-09-15T17:45,Telkom,Western Cape,Cape Town,CPT-BEL-007,CPT-BEL-007-B,RAN,LTE1800,99.07,98.67,0.49,98.73,40.88,11.8,47.6,-89.8,-9.1,18.6,48.97,48,0.028,normal,
2026-09-15T17:45,Telkom,Western Cape,Cape Town,CPT-BEL-007,CPT-BEL-007-C,RAN,LTE1800,98.95,98.7,0.29,98.93,36.73,11.47,50.5,-85.6,-10.5,18.7,58.12,60,0.036,normal,
2026-09-15T18:00,Telkom,Gauteng,Johannesburg,JHB-CBD-003,JHB-CBD-003-A,RAN,LTE1800,98.95,98.56,0.42,98.48,38.05,13.17,48.8,-83.4,-10.2,21.1,49.54,55,0.018,normal,
2026-09-15T18:00,Telkom,Gauteng,Johannesburg,JHB-CBD-003,JHB-CBD-003-B,RAN,LTE1800,99.27,98.5,1.06,98.87,38.25,12.81,47.1,-80.6,-11.1,12.0,59.59,49,0.027,normal,
2026-09-15T18:00,Telkom,Gauteng,Johannesburg,JHB-CBD-003,JHB-CBD-003-C,RAN,LTE1800,99.38,99.15,0.27,99.36,31.44,10.01,57.1,-86.0,-9.0,15.4,61.88,49,0.045,normal,
2026-09-15T18:00,Telkom,Gauteng,Soweto,JHB-SOW-018,JHB-SOW-018-A,RAN,LTE2100,99.9,98.78,0.3,98.99,38.12,11.89,50.4,-89.0,-10.1,17.4,55.72,54,0.027,normal,
2026-09-15T18:00,Telkom,Gauteng,Soweto,JHB-SOW-018,JHB-SOW-018-B,RAN,LTE2100,98.92,98.93,0.62,98.67,32.34,8.59,60.1,-84.5,-11.5,13.7,61.47,52,0.016,normal,
2026-09-15T18:00,Telkom,Gauteng,Soweto,JHB-SOW-018,JHB-SOW-018-C,RAN,LTE2100,99.34,99.13,0.48,98.5,42.13,13.0,56.2,-89.4,-11.2,20.8,47.44,50,0.014,normal,
2026-09-15T18:00,Telkom,Gauteng,Pretoria,PTA-HAT-011,PTA-HAT-011-A,RAN,LTE2600,98.91,98.68,0.26,98.41,32.55,11.69,55.0,-87.1,-9.8,19.3,63.89,63,0.001,normal,
2026-09-15T18:00,Telkom,Gauteng,Pretoria,PTA-HAT-011,PTA-HAT-011-B,RAN,LTE2600,99.46,98.51,0.5,98.53,41.28,13.51,49.7,-81.4,-8.9,14.9,51.14,48,0.033,normal,
2026-09-15T18:00,Telkom,Gauteng,Pretoria,PTA-HAT-011,PTA-HAT-011-C,RAN,LTE2600,98.88,98.6,0.62,98.63,37.71,12.07,66.3,-80.5,-10.1,14.1,54.85,52,0.031,normal,
2026-09-15T18:00,Telkom,Western Cape,Cape Town,CPT-BEL-007,CPT-BEL-007-A,RAN,LTE1800,98.6,98.83,0.84,99.23,31.47,12.25,45.5,-83.9,-9.8,19.7,52.52,45,0.029,normal,
2026-09-15T18:00,Telkom,Western Cape,Cape Town,CPT-BEL-007,CPT-BEL-007-B,RAN,LTE1800,99.53,98.69,0.66,98.78,41.86,9.81,62.5,-88.4,-9.2,15.2,57.76,45,0.027,normal,
2026-09-15T18:00,Telkom,Western Cape,Cape Town,CPT-BEL-007,CPT-BEL-007-C,RAN,LTE1800,99.18,98.7,0.61,98.08,31.28,10.34,58.5,-86.4,-13.4,17.3,62.92,61,0.03,normal,
2026-09-15T18:15,Telkom,Gauteng,Johannesburg,JHB-CBD-003,JHB-CBD-003-A,RAN,LTE1800,99.54,98.56,0.88,98.53,35.2,10.39,57.0,-90.7,-11.2,15.8,63.86,52,0.044,normal,
2026-09-15T18:15,Telkom,Gauteng,Johannesburg,JHB-CBD-003,JHB-CBD-003-B,RAN,LTE1800,99.02,98.59,0.91,99.42,36.23,11.51,53.8,-83.9,-8.7,15.3,54.71,51,0.013,normal,
2026-09-15T18:15,Telkom,Gauteng,Johannesburg,JHB-CBD-003,JHB-CBD-003-C,RAN,LTE1800,98.28,98.73,0.69,98.37,37.06,10.71,59.1,-82.1,-7.4,14.8,62.27,57,0.05,normal,
2026-09-15T18:15,Telkom,Gauteng,Soweto,JHB-SOW-018,JHB-SOW-018-A,RAN,LTE2100,99.1,99.04,0.23,98.68,48.62,12.05,52.8,-86.4,-9.3,16.4,39.34,37,0.029,normal,
2026-09-15T18:15,Telkom,Gauteng,Soweto,JHB-SOW-018,JHB-SOW-018-B,RAN,LTE2100,99.29,98.65,0.68,98.65,35.03,13.49,63.1,-87.7,-9.5,15.2,63.18,50,0.003,normal,
2026-09-15T18:15,Telkom,Gauteng,Soweto,JHB-SOW-018,JHB-SOW-018-C,RAN,LTE2100,98.56,99.01,0.34,98.46,41.0,13.25,49.7,-86.6,-9.1,21.5,58.61,49,0.034,normal,
2026-09-15T18:15,Telkom,Gauteng,Pretoria,PTA-HAT-011,PTA-HAT-011-A,RAN,LTE2600,98.47,98.52,1.26,97.56,31.81,12.41,69.9,-86.4,-8.1,16.2,60.78,47,0.046,normal,
2026-09-15T18:15,Telkom,Gauteng,Pretoria,PTA-HAT-011,PTA-HAT-011-B,RAN,LTE2600,98.76,99.19,0.25,99.04,35.96,10.73,43.7,-84.5,-8.7,14.5,54.48,51,0.016,normal,
2026-09-15T18:15,Telkom,Gauteng,Pretoria,PTA-HAT-011,PTA-HAT-011-C,RAN,LTE2600,99.02,98.36,0.14,98.85,33.35,12.39,52.6,-87.9,-10.7,17.4,59.46,56,0.029,normal,
2026-09-15T18:15,Telkom,Western Cape,Cape Town,CPT-BEL-007,CPT-BEL-007-A,RAN,LTE1800,99.61,98.93,0.28,98.42,35.17,11.79,55.9,-87.7,-10.8,15.2,49.54,50,0.027,normal,
2026-09-15T18:15,Telkom,Western Cape,Cape Town,CPT-BEL-007,CPT-BEL-007-B,RAN,LTE1800,98.84,98.35,0.72,98.24,45.34,11.24,57.6,-85.3,-9.2,17.0,52.5,50,0.004,normal,
2026-09-15T18:15,Telkom,Western Cape,Cape Town,CPT-BEL-007,CPT-BEL-007-C,RAN,LTE1800,98.47,98.83,1.01,97.72,37.65,13.23,65.3,-85.4,-9.0,15.8,70.75,60,0.027,normal,
2026-09-15T18:30,Telkom,Gauteng,Johannesburg,JHB-CBD-003,JHB-CBD-003-A,RAN,LTE1800,99.84,99.06,0.51,98.0,32.78,12.81,63.4,-87.6,-11.0,16.5,58.78,50,0.02,normal,
2026-09-15T18:30,Telkom,Gauteng,Johannesburg,JHB-CBD-003,JHB-CBD-003-B,RAN,LTE1800,99.25,98.51,1.21,98.37,35.4,10.18,65.7,-86.6,-10.5,21.9,60.67,59,0.029,normal,
2026-09-15T18:30,Telkom,Gauteng,Johannesburg,JHB-CBD-003,JHB-CBD-003-C,RAN,LTE1800,98.83,98.86,0.42,98.85,34.84,13.62,57.2,-87.1,-11.5,19.1,53.2,61,0.042,normal,
2026-09-15T18:30,Telkom,Gauteng,Soweto,JHB-SOW-018,JHB-SOW-018-A,RAN,LTE2100,99.16,98.92,0.38,97.97,33.16,11.07,56.8,-86.5,-8.4,22.7,54.72,51,0.007,normal,
2026-09-15T18:30,Telkom,Gauteng,Soweto,JHB-SOW-018,JHB-SOW-018-B,RAN,LTE2100,98.54,99.75,0.05,99.38,40.96,13.63,48.0,-85.0,-10.0,14.9,52.47,43,0.021,normal,
2026-09-15T18:30,Telkom,Gauteng,Soweto,JHB-SOW-018,JHB-SOW-018-C,RAN,LTE2100,98.98,98.46,0.88,98.27,37.47,9.92,61.2,-82.7,-10.4,18.0,52.25,52,0.015,normal,
2026-09-15T18:30,Telkom,Gauteng,Pretoria,PTA-HAT-011,PTA-HAT-011-A,RAN,LTE2600,99.21,98.63,0.67,99.36,36.3,9.16,56.0,-83.2,-11.6,14.5,69.25,57,0.044,normal,
2026-09-15T18:30,Telkom,Gauteng,Pretoria,PTA-HAT-011,PTA-HAT-011-B,RAN,LTE2600,99.03,99.11,0.31,98.44,31.44,12.55,66.4,-88.2,-9.6,19.7,58.1,63,0.012,normal,
2026-09-15T18:30,Telkom,Gauteng,Pretoria,PTA-HAT-011,PTA-HAT-011-C,RAN,LTE2600,99.43,98.58,0.71,98.86,33.61,8.76,64.9,-85.0,-8.2,14.9,65.93,53,0.027,normal,
2026-09-15T18:30,Telkom,Western Cape,Cape Town,CPT-BEL-007,CPT-BEL-007-A,RAN,LTE1800,98.84,98.93,0.35,99.07,34.38,13.52,58.6,-84.2,-9.4,17.7,61.1,50,0.004,normal,
2026-09-15T18:30,Telkom,Western Cape,Cape Town,CPT-BEL-007,CPT-BEL-007-B,RAN,LTE1800,99.15,99.18,0.4,98.04,34.8,11.01,58.0,-86.1,-9.0,15.4,61.14,48,0.011,normal,
2026-09-15T18:30,Telkom,Western Cape,Cape Town,CPT-BEL-007,CPT-BEL-007-C,RAN,LTE1800,98.8,98.57,0.38,99.37,41.25,13.67,62.8,-83.8,-10.7,14.5,52.79,50,0.024,normal,
2026-09-15T18:45,Telkom,Gauteng,Johannesburg,JHB-CBD-003,JHB-CBD-003-A,RAN,LTE1800,99.65,99.01,0.46,98.49,34.35,12.32,54.1,-85.4,-8.6,17.5,59.0,60,0.009,normal,
2026-09-15T18:45,Telkom,Gauteng,Johannesburg,JHB-CBD-003,JHB-CBD-003-B,RAN,LTE1800,98.92,98.27,0.59,97.49,35.98,11.66,60.3,-87.9,-9.7,14.0,53.51,46,0.041,normal,
2026-09-15T18:45,Telkom,Gauteng,Johannesburg,JHB-CBD-003,JHB-CBD-003-C,RAN,LTE1800,98.68,98.46,0.14,97.89,35.56,8.15,63.5,-85.7,-11.5,14.5,59.6,61,0.018,normal,
2026-09-15T18:45,Telkom,Gauteng,Soweto,JHB-SOW-018,JHB-SOW-018-A,RAN,LTE2100,98.77,98.69,0.05,98.33,29.68,11.73,39.2,-86.4,-9.5,15.8,55.55,54,0.035,normal,
2026-09-15T18:45,Telkom,Gauteng,Soweto,JHB-SOW-018,JHB-SOW-018-B,RAN,LTE2100,99.66,98.75,0.87,98.58,42.35,12.21,53.4,-86.4,-9.2,16.2,56.43,43,0.003,normal,
2026-09-15T18:45,Telkom,Gauteng,Soweto,JHB-SOW-018,JHB-SOW-018-C,RAN,LTE2100,99.9,98.2,0.44,98.83,39.87,12.91,46.7,-81.6,-9.4,19.1,52.68,50,0.037,normal,
2026-09-15T18:45,Telkom,Gauteng,Pretoria,PTA-HAT-011,PTA-HAT-011-A,RAN,LTE2600,99.04,98.73,0.19,97.95,39.79,13.29,51.5,-80.6,-8.8,16.4,46.6,52,0.024,normal,
2026-09-15T18:45,Telkom,Gauteng,Pretoria,PTA-HAT-011,PTA-HAT-011-B,RAN,LTE2600,99.45,98.49,0.77,98.35,38.31,12.06,50.5,-88.3,-12.3,17.6,58.82,52,0.004,normal,
2026-09-15T18:45,Telkom,Gauteng,Pretoria,PTA-HAT-011,PTA-HAT-011-C,RAN,LTE2600,99.43,98.88,0.99,98.39,36.53,12.42,36.6,-85.8,-9.3,18.0,55.64,48,0.019,normal,
2026-09-15T18:45,Telkom,Western Cape,Cape Town,CPT-BEL-007,CPT-BEL-007-A,RAN,LTE1800,98.57,98.7,0.47,97.83,34.35,12.45,62.0,-91.6,-10.0,18.1,65.01,42,0.037,normal,
2026-09-15T18:45,Telkom,Western Cape,Cape Town,CPT-BEL-007,CPT-BEL-007-B,RAN,LTE1800,98.95,99.11,0.57,98.44,44.4,14.68,55.1,-89.1,-10.1,16.8,45.15,41,0.043,normal,
2026-09-15T18:45,Telkom,Western Cape,Cape Town,CPT-BEL-007,CPT-BEL-007-C,RAN,LTE1800,99.37,99.25,0.14,98.97,41.32,13.96,40.3,-86.5,-8.7,14.5,48.56,48,0.011,normal,
2026-09-15T19:00,Telkom,Gauteng,Johannesburg,JHB-CBD-003,JHB-CBD-003-A,RAN,LTE1800,99.35,98.76,0.58,98.23,34.15,10.93,56.4,-82.8,-9.5,17.1,58.62,59,0.03,normal,
2026-09-15T19:00,Telkom,Gauteng,Johannesburg,JHB-CBD-003,JHB-CBD-003-B,RAN,LTE1800,99.13,99.21,0.5,98.33,43.34,13.05,42.4,-83.8,-11.8,14.4,48.62,57,0.005,normal,
2026-09-15T19:00,Telkom,Gauteng,Johannesburg,JHB-CBD-003,JHB-CBD-003-C,RAN,LTE1800,98.71,99.36,0.5,98.61,36.62,13.6,52.7,-86.3,-7.9,17.4,51.81,53,0.032,normal,
2026-09-15T19:00,Telkom,Gauteng,Soweto,JHB-SOW-018,JHB-SOW-018-A,RAN,LTE2100,99.25,98.96,0.85,98.52,48.75,14.49,52.6,-86.0,-10.0,15.3,49.43,44,0.014,normal,
2026-09-15T19:00,Telkom,Gauteng,Soweto,JHB-SOW-018,JHB-SOW-018-B,RAN,LTE2100,98.94,99.01,0.25,97.25,44.21,13.78,68.9,-88.7,-10.9,13.7,57.43,40,0.046,normal,
2026-09-15T19:00,Telkom,Gauteng,Soweto,JHB-SOW-018,JHB-SOW-018-C,RAN,LTE2100,99.23,99.38,0.63,97.88,41.78,11.98,57.6,-87.5,-7.6,13.1,57.7,57,0.019,normal,
2026-09-15T19:00,Telkom,Gauteng,Pretoria,PTA-HAT-011,PTA-HAT-011-A,RAN,LTE2600,99.11,98.6,0.73,98.82,34.0,9.61,49.6,-77.8,-11.4,15.9,60.72,54,0.029,normal,
2026-09-15T19:00,Telkom,Gauteng,Pretoria,PTA-HAT-011,PTA-HAT-011-B,RAN,LTE2600,98.56,98.56,0.42,98.74,38.18,10.41,59.1,-89.1,-9.3,14.7,55.5,55,0.009,normal,
2026-09-15T19:00,Telkom,Gauteng,Pretoria,PTA-HAT-011,PTA-HAT-011-C,RAN,LTE2600,99.04,98.55,0.63,99.14,31.69,10.86,54.9,-86.6,-11.1,18.7,56.47,54,0.013,normal,
2026-09-15T19:00,Telkom,Western Cape,Cape Town,CPT-BEL-007,CPT-BEL-007-A,RAN,LTE1800,99.55,99.07,0.45,98.34,42.96,10.51,59.7,-86.1,-11.6,17.6,57.77,47,0.008,normal,
2026-09-15T19:00,Telkom,Western Cape,Cape Town,CPT-BEL-007,CPT-BEL-007-B,RAN,LTE1800,98.09,98.2,0.65,98.57,38.17,11.11,46.5,-82.7,-8.6,10.4,66.04,52,0.044,normal,
2026-09-15T19:00,Telkom,Western Cape,Cape Town,CPT-BEL-007,CPT-BEL-007-C,RAN,LTE1800,99.32,98.32,0.59,99.28,43.55,11.55,56.1,-85.1,-9.9,18.1,59.99,50,0.008,normal,
2026-09-15T19:15,Telkom,Gauteng,Johannesburg,JHB-CBD-003,JHB-CBD-003-A,RAN,LTE1800,99.41,99.28,0.49,96.95,38.34,8.11,48.3,-87.3,-8.0,16.7,58.58,49,0.012,normal,
2026-09-15T19:15,Telkom,Gauteng,Johannesburg,JHB-CBD-003,JHB-CBD-003-B,RAN,LTE1800,99.03,98.76,0.09,98.83,39.71,11.02,63.2,-86.8,-9.1,14.0,57.94,49,0.03,normal,
2026-09-15T19:15,Telkom,Gauteng,Johannesburg,JHB-CBD-003,JHB-CBD-003-C,RAN,LTE1800,99.55,98.5,1.07,98.68,42.88,11.27,53.2,-86.1,-10.1,20.6,55.59,54,0.032,normal,
2026-09-15T19:15,Telkom,Gauteng,Soweto,JHB-SOW-018,JHB-SOW-018-A,RAN,LTE2100,99.07,98.68,0.78,98.55,40.61,13.29,47.8,-84.5,-11.0,18.1,57.36,55,0.038,normal,
2026-09-15T19:15,Telkom,Gauteng,Soweto,JHB-SOW-018,JHB-SOW-018-B,RAN,LTE2100,99.11,98.77,0.59,97.82,43.1,12.08,48.8,-87.6,-11.8,20.6,42.98,36,0.031,normal,
2026-09-15T19:15,Telkom,Gauteng,Soweto,JHB-SOW-018,JHB-SOW-018-C,RAN,LTE2100,99.21,98.59,0.48,98.79,34.42,12.46,55.2,-87.6,-9.7,17.3,57.41,52,0.025,normal,
2026-09-15T19:15,Telkom,Gauteng,Pretoria,PTA-HAT-011,PTA-HAT-011-A,RAN,LTE2600,99.07,98.74,0.31,98.0,34.59,13.6,59.1,-83.6,-9.7,17.7,61.33,61,0.025,normal,
2026-09-15T19:15,Telkom,Gauteng,Pretoria,PTA-HAT-011,PTA-HAT-011-B,RAN,LTE2600,99.1,98.96,0.5,97.78,33.46,11.79,56.0,-78.7,-10.7,16.5,64.73,62,0.012,normal,
2026-09-15T19:15,Telkom,Gauteng,Pretoria,PTA-HAT-011,PTA-HAT-011-C,RAN,LTE2600,99.36,99.12,0.34,98.09,38.8,11.0,47.6,-86.7,-8.2,18.8,62.09,60,0.004,normal,
2026-09-15T19:15,Telkom,Western Cape,Cape Town,CPT-BEL-007,CPT-BEL-007-A,RAN,LTE1800,98.93,98.82,0.2,98.16,39.29,11.1,53.6,-85.9,-8.4,16.1,52.92,38,0.034,normal,
2026-09-15T19:15,Telkom,Western Cape,Cape Town,CPT-BEL-007,CPT-BEL-007-B,RAN,LTE1800,98.89,98.88,0.52,98.55,33.06,12.61,47.6,-86.2,-9.4,15.6,47.72,53,0.022,normal,
2026-09-15T19:15,Telkom,Western Cape,Cape Town,CPT-BEL-007,CPT-BEL-007-C,RAN,LTE1800,99.32,98.82,0.47,98.32,39.19,13.78,49.3,-80.9,-8.9,19.7,46.13,41,0.029,normal,
2026-09-15T19:30,Telkom,Gauteng,Johannesburg,JHB-CBD-003,JHB-CBD-003-A,RAN,LTE1800,99.38,99.16,0.38,98.35,42.43,12.57,58.5,-90.9,-9.8,14.8,47.93,41,0.027,normal,
2026-09-15T19:30,Telkom,Gauteng,Johannesburg,JHB-CBD-003,JHB-CBD-003-B,RAN,LTE1800,99.52,98.65,0.49,99.08,42.48,13.63,59.1,-81.4,-8.7,14.8,55.28,56,0.002,normal,
2026-09-15T19:30,Telkom,Gauteng,Johannesburg,JHB-CBD-003,JHB-CBD-003-C,RAN,LTE1800,99.9,98.58,0.55,98.65,33.04,10.31,58.6,-85.0,-10.1,15.8,62.02,52,0.025,normal,
2026-09-15T19:30,Telkom,Gauteng,Soweto,JHB-SOW-018,JHB-SOW-018-A,RAN,LTE2100,99.29,98.79,0.89,97.72,45.11,13.88,54.0,-91.4,-11.7,15.5,44.78,36,0.05,normal,
2026-09-15T19:30,Telkom,Gauteng,Soweto,JHB-SOW-018,JHB-SOW-018-B,RAN,LTE2100,99.02,99.05,0.59,99.12,34.81,12.16,61.4,-83.9,-11.9,14.5,52.72,41,0.002,normal,
2026-09-15T19:30,Telkom,Gauteng,Soweto,JHB-SOW-018,JHB-SOW-018-C,RAN,LTE2100,99.43,98.92,0.14,98.5,30.03,13.67,59.2,-86.8,-6.4,13.4,54.15,39,0.028,normal,
2026-09-15T19:30,Telkom,Gauteng,Pretoria,PTA-HAT-011,PTA-HAT-011-A,RAN,LTE2600,98.82,98.64,0.82,98.92,42.82,10.79,61.0,-81.2,-10.1,20.4,59.94,56,0.025,normal,
2026-09-15T19:30,Telkom,Gauteng,Pretoria,PTA-HAT-011,PTA-HAT-011-B,RAN,LTE2600,99.74,99.69,1.04,99.27,35.1,12.66,62.4,-88.2,-11.2,18.7,71.21,66,0.049,normal,
2026-09-15T19:30,Telkom,Gauteng,Pretoria,PTA-HAT-011,PTA-HAT-011-C,RAN,LTE2600,98.34,98.48,0.29,99.57,31.48,11.23,55.5,-83.6,-10.6,13.9,61.65,53,0.031,normal,
2026-09-15T19:30,Telkom,Western Cape,Cape Town,CPT-BEL-007,CPT-BEL-007-A,RAN,LTE1800,98.9,98.98,0.46,97.62,39.69,13.5,50.4,-84.5,-9.3,18.1,54.01,49,0.018,normal,
2026-09-15T19:30,Telkom,Western Cape,Cape Town,CPT-BEL-007,CPT-BEL-007-B,RAN,LTE1800,99.24,99.07,0.1,98.8,38.32,13.34,61.5,-86.0,-10.7,17.4,61.5,49,0.016,normal,
2026-09-15T19:30,Telkom,Western Cape,Cape Town,CPT-BEL-007,CPT-BEL-007-C,RAN,LTE1800,99.0,98.82,0.44,99.23,33.09,9.99,53.1,-84.0,-9.0,18.2,56.94,45,0.022,normal,
2026-09-15T19:45,Telkom,Gauteng,Johannesburg,JHB-CBD-003,JHB-CBD-003-A,RAN,LTE1800,98.48,98.98,0.38,98.34,48.24,10.6,59.1,-85.9,-9.4,14.0,46.92,46,0.02,normal,
2026-09-15T19:45,Telkom,Gauteng,Johannesburg,JHB-CBD-003,JHB-CBD-003-B,RAN,LTE1800,99.39,98.73,0.79,98.45,46.71,10.53,52.9,-84.0,-9.8,18.2,47.33,43,0.033,normal,
2026-09-15T19:45,Telkom,Gauteng,Johannesburg,JHB-CBD-003,JHB-CBD-003-C,RAN,LTE1800,99.34,98.99,0.54,98.88,46.9,10.85,58.8,-86.8,-6.9,18.3,56.11,52,0.001,normal,
2026-09-15T19:45,Telkom,Gauteng,Soweto,JHB-SOW-018,JHB-SOW-018-A,RAN,LTE2100,98.97,98.43,0.63,97.6,40.18,11.79,51.3,-88.8,-9.2,18.7,49.37,49,0.045,normal,
2026-09-15T19:45,Telkom,Gauteng,Soweto,JHB-SOW-018,JHB-SOW-018-B,RAN,LTE2100,98.62,98.2,0.72,98.14,49.6,15.57,46.6,-86.8,-8.9,16.3,47.34,40,0.021,normal,
2026-09-15T19:45,Telkom,Gauteng,Soweto,JHB-SOW-018,JHB-SOW-018-C,RAN,LTE2100,98.82,98.63,0.59,97.9,33.59,11.72,57.6,-86.0,-8.8,12.5,62.83,46,0.045,normal,
2026-09-15T19:45,Telkom,Gauteng,Pretoria,PTA-HAT-011,PTA-HAT-011-A,RAN,LTE2600,98.97,99.03,0.47,97.97,27.14,13.55,53.0,-86.9,-11.7,17.4,67.4,59,0.037,normal,
2026-09-15T19:45,Telkom,Gauteng,Pretoria,PTA-HAT-011,PTA-HAT-011-B,RAN,LTE2600,99.32,98.59,0.13,99.43,36.96,10.89,58.7,-87.0,-11.0,16.7,65.6,54,0.044,normal,
2026-09-15T19:45,Telkom,Gauteng,Pretoria,PTA-HAT-011,PTA-HAT-011-C,RAN,LTE2600,99.22,98.46,0.46,98.9,43.9,12.4,55.4,-86.2,-11.8,15.4,57.39,46,0.026,normal,
2026-09-15T19:45,Telkom,Western Cape,Cape Town,CPT-BEL-007,CPT-BEL-007-A,RAN,LTE1800,98.84,98.55,0.35,98.75,38.84,12.08,50.1,-88.5,-10.7,16.6,48.33,41,0.008,normal,
2026-09-15T19:45,Telkom,Western Cape,Cape Town,CPT-BEL-007,CPT-BEL-007-B,RAN,LTE1800,98.67,98.55,0.65,98.99,41.84,10.58,53.3,-86.2,-9.0,19.5,63.24,55,0.012,normal,
2026-09-15T19:45,Telkom,Western Cape,Cape Town,CPT-BEL-007,CPT-BEL-007-C,RAN,LTE1800,98.91,99.09,0.45,98.36,32.46,9.49,57.8,-87.4,-11.4,16.8,62.61,55,0.017,normal,
2026-09-15T20:00,Telkom,Gauteng,Johannesburg,JHB-CBD-003,JHB-CBD-003-A,RAN,LTE1800,99.6,98.95,0.1,98.54,33.42,11.28,48.9,-83.9,-9.8,17.9,51.64,42,0.033,normal,
2026-09-15T20:00,Telkom,Gauteng,Johannesburg,JHB-CBD-003,JHB-CBD-003-B,RAN,LTE1800,98.99,99.24,0.32,98.81,34.35,11.45,59.4,-83.1,-10.3,15.5,58.34,51,0.042,normal,
2026-09-15T20:00,Telkom,Gauteng,Johannesburg,JHB-CBD-003,JHB-CBD-003-C,RAN,LTE1800,99.18,98.65,0.05,98.05,36.53,11.75,48.2,-88.9,-8.8,13.4,54.05,42,0.002,normal,
2026-09-15T20:00,Telkom,Gauteng,Soweto,JHB-SOW-018,JHB-SOW-018-A,RAN,LTE2100,99.35,99.73,0.46,98.15,46.07,14.11,46.3,-87.3,-10.6,17.7,47.02,42,0.027,normal,
2026-09-15T20:00,Telkom,Gauteng,Soweto,JHB-SOW-018,JHB-SOW-018-B,RAN,LTE2100,98.98,98.63,0.85,98.58,44.22,10.43,55.2,-90.1,-11.9,14.4,43.45,35,0.0,normal,
2026-09-15T20:00,Telkom,Gauteng,Soweto,JHB-SOW-018,JHB-SOW-018-C,RAN,LTE2100,98.93,98.6,0.33,98.34,37.87,13.58,65.5,-85.6,-9.9,15.9,55.58,52,0.032,normal,
2026-09-15T20:00,Telkom,Gauteng,Pretoria,PTA-HAT-011,PTA-HAT-011-A,RAN,LTE2600,99.03,99.24,0.19,98.27,37.64,11.74,55.1,-87.2,-9.6,18.2,63.96,58,0.05,normal,
2026-09-15T20:00,Telkom,Gauteng,Pretoria,PTA-HAT-011,PTA-HAT-011-B,RAN,LTE2600,99.3,98.98,0.28,98.49,41.74,10.72,58.7,-89.5,-8.2,15.9,50.19,54,0.035,normal,
2026-09-15T20:00,Telkom,Gauteng,Pretoria,PTA-HAT-011,PTA-HAT-011-C,RAN,LTE2600,99.32,98.65,0.3,98.45,38.49,11.77,56.5,-84.9,-8.7,15.9,59.22,51,0.006,normal,
2026-09-15T20:00,Telkom,Western Cape,Cape Town,CPT-BEL-007,CPT-BEL-007-A,RAN,LTE1800,98.72,98.72,0.53,99.42,40.21,11.88,58.8,-85.1,-10.8,16.6,58.29,44,0.034,normal,
2026-09-15T20:00,Telkom,Western Cape,Cape Town,CPT-BEL-007,CPT-BEL-007-B,RAN,LTE1800,99.21,98.98,0.11,98.96,39.63,11.78,62.9,-87.5,-9.2,11.3,55.79,53,0.008,normal,
2026-09-15T20:00,Telkom,Western Cape,Cape Town,CPT-BEL-007,CPT-BEL-007-C,RAN,LTE1800,98.42,98.51,0.11,99.2,43.12,11.26,48.1,-86.9,-8.2,19.3,59.01,50,0.01,normal,
2026-09-15T20:15,Telkom,Gauteng,Johannesburg,JHB-CBD-003,JHB-CBD-003-A,RAN,LTE1800,99.37,98.6,0.86,98.75,37.34,9.39,63.6,-85.2,-10.2,15.3,61.86,53,0.009,normal,
2026-09-15T20:15,Telkom,Gauteng,Johannesburg,JHB-CBD-003,JHB-CBD-003-B,RAN,LTE1800,98.91,98.94,0.46,98.1,43.13,13.88,45.8,-85.4,-9.0,18.0,50.29,42,0.047,normal,
2026-09-15T20:15,Telkom,Gauteng,Johannesburg,JHB-CBD-003,JHB-CBD-003-C,RAN,LTE1800,99.31,98.48,0.4,98.62,32.62,12.13,49.3,-83.6,-10.3,18.8,53.29,43,0.049,normal,
2026-09-15T20:15,Telkom,Gauteng,Soweto,JHB-SOW-018,JHB-SOW-018-A,RAN,LTE2100,98.41,98.88,1.13,98.56,43.32,14.59,48.3,-83.0,-9.8,25.0,43.38,44,0.007,normal,
2026-09-15T20:15,Telkom,Gauteng,Soweto,JHB-SOW-018,JHB-SOW-018-B,RAN,LTE2100,99.17,98.9,0.29,97.95,38.4,12.66,50.8,-90.5,-10.6,19.2,51.91,43,0.011,normal,
2026-09-15T20:15,Telkom,Gauteng,Soweto,JHB-SOW-018,JHB-SOW-018-C,RAN,LTE2100,99.17,98.88,0.49,98.48,43.18,12.89,52.5,-85.3,-10.5,18.3,49.11,36,0.05,normal,
2026-09-15T20:15,Telkom,Gauteng,Pretoria,PTA-HAT-011,PTA-HAT-011-A,RAN,LTE2600,99.07,99.32,0.23,99.52,39.6,12.56,56.3,-89.8,-9.0,15.1,57.82,56,0.022,normal,
2026-09-15T20:15,Telkom,Gauteng,Pretoria,PTA-HAT-011,PTA-HAT-011-B,RAN,LTE2600,99.25,99.04,0.41,99.66,34.92,12.78,43.6,-88.1,-12.2,18.5,55.53,48,0.026,normal,
2026-09-15T20:15,Telkom,Gauteng,Pretoria,PTA-HAT-011,PTA-HAT-011-C,RAN,LTE2600,98.96,98.33,0.53,98.32,32.99,11.24,57.2,-88.8,-9.5,19.0,66.03,62,0.021,normal,
2026-09-15T20:15,Telkom,Western Cape,Cape Town,CPT-BEL-007,CPT-BEL-007-A,RAN,LTE1800,99.37,98.98,0.26,98.02,36.99,14.16,49.8,-86.2,-9.2,16.3,54.93,47,0.015,normal,
2026-09-15T20:15,Telkom,Western Cape,Cape Town,CPT-BEL-007,CPT-BEL-007-B,RAN,LTE1800,98.55,98.7,0.05,98.32,32.05,10.78,55.2,-89.1,-10.8,17.9,60.72,44,0.037,normal,
2026-09-15T20:15,Telkom,Western Cape,Cape Town,CPT-BEL-007,CPT-BEL-007-C,RAN,LTE1800,99.0,98.82,0.72,98.07,43.41,11.73,61.2,-86.5,-9.5,16.3,50.14,47,0.015,normal,
2026-09-15T20:30,Telkom,Gauteng,Johannesburg,JHB-CBD-003,JHB-CBD-003-A,RAN,LTE1800,98.8,98.58,0.91,98.05,29.87,9.79,54.9,-82.1,-10.5,19.4,63.7,54,0.006,normal,
2026-09-15T20:30,Telkom,Gauteng,Johannesburg,JHB-CBD-003,JHB-CBD-003-B,RAN,LTE1800,99.06,98.66,0.63,98.02,34.17,9.42,59.6,-87.9,-10.5,17.4,54.06,48,0.039,normal,
2026-09-15T20:30,Telkom,Gauteng,Johannesburg,JHB-CBD-003,JHB-CBD-003-C,RAN,LTE1800,99.04,98.55,0.52,97.82,40.37,9.98,60.5,-87.7,-11.2,18.4,57.61,43,0.019,normal,
2026-09-15T20:30,Telkom,Gauteng,Soweto,JHB-SOW-018,JHB-SOW-018-A,RAN,LTE2100,99.25,99.18,0.59,98.7,34.5,12.27,62.1,-83.7,-10.6,17.6,50.42,39,0.047,normal,
2026-09-15T20:30,Telkom,Gauteng,Soweto,JHB-SOW-018,JHB-SOW-018-B,RAN,LTE2100,99.09,98.79,0.95,99.18,39.72,8.96,58.7,-88.1,-10.2,15.7,56.57,43,0.007,normal,
2026-09-15T20:30,Telkom,Gauteng,Soweto,JHB-SOW-018,JHB-SOW-018-C,RAN,LTE2100,99.01,99.33,0.34,98.87,46.33,10.91,58.2,-87.1,-9.7,14.7,51.77,43,0.022,normal,
2026-09-15T20:30,Telkom,Gauteng,Pretoria,PTA-HAT-011,PTA-HAT-011-A,RAN,LTE2600,98.88,97.69,0.42,99.35,43.83,12.34,50.2,-87.8,-10.4,18.7,49.23,46,0.008,normal,
2026-09-15T20:30,Telkom,Gauteng,Pretoria,PTA-HAT-011,PTA-HAT-011-B,RAN,LTE2600,98.63,98.47,0.33,99.11,38.4,10.76,53.1,-87.3,-10.3,16.4,63.28,47,0.016,normal,
2026-09-15T20:30,Telkom,Gauteng,Pretoria,PTA-HAT-011,PTA-HAT-011-C,RAN,LTE2600,99.56,99.17,0.67,98.74,35.46,11.77,56.6,-86.4,-11.0,16.2,55.67,46,0.031,normal,
2026-09-15T20:30,Telkom,Western Cape,Cape Town,CPT-BEL-007,CPT-BEL-007-A,RAN,LTE1800,99.08,99.08,0.79,99.3,40.73,13.72,49.4,-83.7,-9.4,17.2,52.04,40,0.038,normal,
2026-09-15T20:30,Telkom,Western Cape,Cape Town,CPT-BEL-007,CPT-BEL-007-B,RAN,LTE1800,99.24,98.34,0.42,98.01,42.66,13.05,42.6,-85.1,-9.7,14.9,46.1,42,0.045,normal,
2026-09-15T20:30,Telkom,Western Cape,Cape Town,CPT-BEL-007,CPT-BEL-007-C,RAN,LTE1800,99.53,98.95,0.53,98.86,39.52,10.82,53.5,-86.9,-10.2,19.9,53.01,44,0.001,normal,
2026-09-15T20:45,Telkom,Gauteng,Johannesburg,JHB-CBD-003,JHB-CBD-003-A,RAN,LTE1800,99.47,98.74,0.59,98.17,41.49,12.26,50.3,-85.1,-8.8,18.3,53.11,48,0.018,normal,
2026-09-15T20:45,Telkom,Gauteng,Johannesburg,JHB-CBD-003,JHB-CBD-003-B,RAN,LTE1800,99.05,98.66,0.6,97.75,35.75,11.89,49.5,-83.3,-10.3,16.5,52.57,38,0.006,normal,
2026-09-15T20:45,Telkom,Gauteng,Johannesburg,JHB-CBD-003,JHB-CBD-003-C,RAN,LTE1800,98.97,98.88,0.56,97.86,44.06,12.07,47.5,-87.0,-10.8,18.9,45.36,46,0.029,normal,
2026-09-15T20:45,Telkom,Gauteng,Soweto,JHB-SOW-018,JHB-SOW-018-A,RAN,LTE2100,98.48,98.99,0.51,98.73,48.34,16.67,42.6,-84.7,-12.7,13.4,43.07,33,0.018,normal,
2026-09-15T20:45,Telkom,Gauteng,Soweto,JHB-SOW-018,JHB-SOW-018-B,RAN,LTE2100,99.08,98.74,0.5,98.7,43.24,11.58,49.5,-83.6,-10.1,19.7,47.45,35,0.033,normal,
2026-09-15T20:45,Telkom,Gauteng,Soweto,JHB-SOW-018,JHB-SOW-018-C,RAN,LTE2100,99.09,98.77,0.39,99.17,32.82,12.67,60.4,-88.4,-10.2,16.6,55.53,41,0.038,normal,
2026-09-15T20:45,Telkom,Gauteng,Pretoria,PTA-HAT-011,PTA-HAT-011-A,RAN,LTE2600,98.47,98.47,0.32,98.15,32.32,12.31,55.9,-88.5,-10.7,18.3,62.63,49,0.03,normal,
2026-09-15T20:45,Telkom,Gauteng,Pretoria,PTA-HAT-011,PTA-HAT-011-B,RAN,LTE2600,98.6,99.37,0.79,99.1,25.78,8.76,59.4,-89.3,-9.7,14.2,64.21,57,0.005,normal,
2026-09-15T20:45,Telkom,Gauteng,Pretoria,PTA-HAT-011,PTA-HAT-011-C,RAN,LTE2600,99.39,98.73,0.51,98.55,38.51,12.41,46.5,-85.5,-8.8,15.5,55.19,44,0.014,normal,
2026-09-15T20:45,Telkom,Western Cape,Cape Town,CPT-BEL-007,CPT-BEL-007-A,RAN,LTE1800,99.37,99.09,0.09,98.4,38.67,12.5,52.3,-90.1,-8.9,15.3,55.17,45,0.003,normal,
2026-09-15T20:45,Telkom,Western Cape,Cape Town,CPT-BEL-007,CPT-BEL-007-B,RAN,LTE1800,99.7,99.05,0.48,99.47,42.68,13.84,48.2,-89.5,-10.1,14.6,38.05,40,0.046,normal,
2026-09-15T20:45,Telkom,Western Cape,Cape Town,CPT-BEL-007,CPT-BEL-007-C,RAN,LTE1800,98.99,98.65,0.34,99.49,32.78,13.43,62.3,-86.6,-9.5,17.5,60.79,50,0.019,normal,
2026-09-15T21:00,Telkom,Gauteng,Johannesburg,JHB-CBD-003,JHB-CBD-003-A,RAN,LTE1800,99.33,99.47,0.45,97.95,37.96,10.93,54.3,-82.3,-9.4,13.5,49.46,49,0.006,normal,
2026-09-15T21:00,Telkom,Gauteng,Johannesburg,JHB-CBD-003,JHB-CBD-003-B,RAN,LTE1800,99.15,98.99,0.56,98.35,33.68,11.66,59.9,-85.5,-9.8,17.1,52.11,36,0.022,normal,
2026-09-15T21:00,Telkom,Gauteng,Johannesburg,JHB-CBD-003,JHB-CBD-003-C,RAN,LTE1800,99.05,98.82,0.56,98.26,39.23,12.32,50.5,-86.2,-10.7,17.9,54.39,41,0.044,normal,
2026-09-15T21:00,Telkom,Gauteng,Soweto,JHB-SOW-018,JHB-SOW-018-A,RAN,LTE2100,99.04,98.31,0.55,98.34,34.41,14.04,52.2,-85.4,-9.5,16.0,54.4,43,0.001,normal,
2026-09-15T21:00,Telkom,Gauteng,Soweto,JHB-SOW-018,JHB-SOW-018-B,RAN,LTE2100,98.85,99.13,0.39,98.58,35.22,12.06,44.9,-85.3,-11.3,16.8,53.61,39,0.039,normal,
2026-09-15T21:00,Telkom,Gauteng,Soweto,JHB-SOW-018,JHB-SOW-018-C,RAN,LTE2100,98.95,99.14,0.49,98.83,35.79,11.17,48.6,-84.8,-10.5,18.5,50.36,39,0.008,normal,
2026-09-15T21:00,Telkom,Gauteng,Pretoria,PTA-HAT-011,PTA-HAT-011-A,RAN,LTE2600,99.22,98.42,0.49,99.04,30.5,10.29,57.8,-85.5,-10.4,17.5,59.63,46,0.021,normal,
2026-09-15T21:00,Telkom,Gauteng,Pretoria,PTA-HAT-011,PTA-HAT-011-B,RAN,LTE2600,99.09,99.26,0.63,99.0,43.15,10.7,49.4,-88.9,-9.0,18.5,47.95,51,0.049,normal,
2026-09-15T21:00,Telkom,Gauteng,Pretoria,PTA-HAT-011,PTA-HAT-011-C,RAN,LTE2600,99.1,98.77,0.61,98.36,41.81,12.97,47.4,-84.9,-12.4,16.7,45.26,43,0.039,normal,
2026-09-15T21:00,Telkom,Western Cape,Cape Town,CPT-BEL-007,CPT-BEL-007-A,RAN,LTE1800,98.83,98.79,0.56,97.64,39.2,11.82,51.4,-88.3,-12.1,17.2,51.57,46,0.033,normal,
2026-09-15T21:00,Telkom,Western Cape,Cape Town,CPT-BEL-007,CPT-BEL-007-B,RAN,LTE1800,99.34,99.11,0.39,98.51,37.23,12.29,57.5,-83.8,-11.9,15.0,56.83,46,0.026,normal,
2026-09-15T21:00,Telkom,Western Cape,Cape Town,CPT-BEL-007,CPT-BEL-007-C,RAN,LTE1800,99.9,98.52,0.47,98.92,37.08,10.82,55.3,-86.2,-11.6,12.3,62.54,43,0.037,normal,
2026-09-15T21:15,Telkom,Gauteng,Johannesburg,JHB-CBD-003,JHB-CBD-003-A,RAN,LTE1800,99.23,98.81,0.72,98.71,34.2,10.63,54.4,-83.5,-11.2,15.8,58.08,47,0.039,normal,
2026-09-15T21:15,Telkom,Gauteng,Johannesburg,JHB-CBD-003,JHB-CBD-003-B,RAN,LTE1800,98.53,99.03,0.69,98.24,41.73,12.9,50.6,-86.0,-10.0,14.3,36.72,34,0.037,normal,
2026-09-15T21:15,Telkom,Gauteng,Johannesburg,JHB-CBD-003,JHB-CBD-003-C,RAN,LTE1800,98.66,99.41,0.54,98.07,33.68,13.47,54.4,-83.3,-10.4,17.7,58.37,43,0.029,normal,
2026-09-15T21:15,Telkom,Gauteng,Soweto,JHB-SOW-018,JHB-SOW-018-A,RAN,LTE2100,99.18,99.05,0.72,99.12,35.01,12.52,52.5,-86.1,-11.0,16.6,53.24,38,0.031,normal,
2026-09-15T21:15,Telkom,Gauteng,Soweto,JHB-SOW-018,JHB-SOW-018-B,RAN,LTE2100,99.37,98.99,0.65,97.74,41.93,12.11,50.2,-89.0,-9.4,17.1,46.49,46,0.025,normal,
2026-09-15T21:15,Telkom,Gauteng,Soweto,JHB-SOW-018,JHB-SOW-018-C,RAN,LTE2100,99.15,98.87,0.52,98.58,35.92,14.35,53.9,-85.8,-10.7,17.0,45.27,36,0.035,normal,
2026-09-15T21:15,Telkom,Gauteng,Pretoria,PTA-HAT-011,PTA-HAT-011-A,RAN,LTE2600,99.53,98.49,0.48,98.73,47.2,11.98,55.6,-83.2,-11.6,18.9,47.27,43,0.012,normal,
2026-09-15T21:15,Telkom,Gauteng,Pretoria,PTA-HAT-011,PTA-HAT-011-B,RAN,LTE2600,99.19,99.29,0.29,98.24,41.02,12.91,44.4,-87.4,-10.6,22.2,51.41,43,0.037,normal,
2026-09-15T21:15,Telkom,Gauteng,Pretoria,PTA-HAT-011,PTA-HAT-011-C,RAN,LTE2600,99.32,98.92,0.52,98.17,38.04,10.07,48.9,-91.3,-10.6,15.5,59.44,48,0.018,normal,
2026-09-15T21:15,Telkom,Western Cape,Cape Town,CPT-BEL-007,CPT-BEL-007-A,RAN,LTE1800,98.58,98.87,0.8,99.2,38.56,11.8,57.1,-83.0,-11.0,15.7,55.55,40,0.009,normal,
2026-09-15T21:15,Telkom,Western Cape,Cape Town,CPT-BEL-007,CPT-BEL-007-B,RAN,LTE1800,99.37,99.49,0.97,97.92,45.1,14.18,54.9,-85.1,-10.8,14.6,43.05,37,0.002,normal,
2026-09-15T21:15,Telkom,Western Cape,Cape Town,CPT-BEL-007,CPT-BEL-007-C,RAN,LTE1800,99.19,98.59,0.76,98.67,45.69,11.87,41.4,-81.8,-10.6,17.5,47.96,43,0.003,normal,
2026-09-15T21:30,Telkom,Gauteng,Johannesburg,JHB-CBD-003,JHB-CBD-003-A,RAN,LTE1800,99.16,99.46,0.57,98.31,34.59,11.92,57.8,-84.5,-9.2,15.6,66.18,49,0.043,normal,
2026-09-15T21:30,Telkom,Gauteng,Johannesburg,JHB-CBD-003,JHB-CBD-003-B,RAN,LTE1800,99.18,98.72,0.4,98.07,46.98,11.18,38.5,-84.1,-6.5,17.9,43.84,35,0.012,normal,
2026-09-15T21:30,Telkom,Gauteng,Johannesburg,JHB-CBD-003,JHB-CBD-003-C,RAN,LTE1800,99.46,98.98,0.51,98.48,46.36,11.74,48.0,-84.8,-10.4,17.7,49.84,48,0.033,normal,
2026-09-15T21:30,Telkom,Gauteng,Soweto,JHB-SOW-018,JHB-SOW-018-A,RAN,LTE2100,98.93,98.49,0.52,98.3,37.29,12.62,58.2,-87.9,-11.7,15.3,48.1,38,0.022,normal,
2026-09-15T21:30,Telkom,Gauteng,Soweto,JHB-SOW-018,JHB-SOW-018-B,RAN,LTE2100,99.37,99.15,0.62,98.06,38.39,12.92,44.0,-83.3,-10.2,16.4,50.92,42,0.032,normal,
2026-09-15T21:30,Telkom,Gauteng,Soweto,JHB-SOW-018,JHB-SOW-018-C,RAN,LTE2100,99.56,98.77,0.54,98.67,47.57,14.09,56.6,-83.2,-10.6,13.1,48.21,34,0.035,normal,
2026-09-15T21:30,Telkom,Gauteng,Pretoria,PTA-HAT-011,PTA-HAT-011-A,RAN,LTE2600,99.32,98.63,0.21,99.22,43.95,14.21,58.9,-87.3,-11.3,20.1,51.56,44,0.047,normal,
2026-09-15T21:30,Telkom,Gauteng,Pretoria,PTA-HAT-011,PTA-HAT-011-B,RAN,LTE2600,99.51,98.72,0.05,98.06,47.9,13.92,54.4,-86.8,-10.4,19.9,38.63,35,0.045,normal,
2026-09-15T21:30,Telkom,Gauteng,Pretoria,PTA-HAT-011,PTA-HAT-011-C,RAN,LTE2600,99.12,99.06,0.67,97.96,42.11,9.86,52.4,-85.9,-12.1,14.3,48.44,40,0.01,normal,
2026-09-15T21:30,Telkom,Western Cape,Cape Town,CPT-BEL-007,CPT-BEL-007-A,RAN,LTE1800,98.87,98.16,0.74,98.68,42.61,12.89,60.8,-83.1,-9.3,20.0,52.53,43,0.009,normal,
2026-09-15T21:30,Telkom,Western Cape,Cape Town,CPT-BEL-007,CPT-BEL-007-B,RAN,LTE1800,99.25,98.92,0.91,98.18,36.48,14.33,43.7,-90.0,-8.3,14.8,56.21,43,0.014,normal,
2026-09-15T21:30,Telkom,Western Cape,Cape Town,CPT-BEL-007,CPT-BEL-007-C,RAN,LTE1800,98.9,98.54,0.88,98.39,39.66,13.65,52.3,-87.4,-10.6,20.5,40.16,38,0.026,normal,
2026-09-15T21:45,Telkom,Gauteng,Johannesburg,JHB-CBD-003,JHB-CBD-003-A,RAN,LTE1800,99.72,98.93,0.83,99.34,38.8,8.93,53.1,-86.7,-9.0,16.6,53.96,42,0.032,normal,
2026-09-15T21:45,Telkom,Gauteng,Johannesburg,JHB-CBD-003,JHB-CBD-003-B,RAN,LTE1800,99.1,98.49,0.57,98.54,38.29,13.44,57.4,-85.1,-11.3,18.6,42.6,40,0.001,normal,
2026-09-15T21:45,Telkom,Gauteng,Johannesburg,JHB-CBD-003,JHB-CBD-003-C,RAN,LTE1800,99.49,98.57,0.38,98.25,45.08,14.69,45.9,-85.4,-9.8,15.1,49.62,49,0.031,normal,
2026-09-15T21:45,Telkom,Gauteng,Soweto,JHB-SOW-018,JHB-SOW-018-A,RAN,LTE2100,99.65,98.99,0.57,98.58,38.08,11.69,54.3,-86.7,-11.1,14.3,45.66,32,0.023,normal,
2026-09-15T21:45,Telkom,Gauteng,Soweto,JHB-SOW-018,JHB-SOW-018-B,RAN,LTE2100,99.62,99.31,0.45,99.34,43.36,13.51,46.1,-85.8,-10.8,16.5,52.8,42,0.025,normal,
2026-09-15T21:45,Telkom,Gauteng,Soweto,JHB-SOW-018,JHB-SOW-018-C,RAN,LTE2100,99.28,99.12,0.54,98.47,32.2,11.25,56.1,-84.0,-10.7,17.1,56.3,38,0.025,normal,
2026-09-15T21:45,Telkom,Gauteng,Pretoria,PTA-HAT-011,PTA-HAT-011-A,RAN,LTE2600,99.74,98.87,0.16,98.35,41.44,14.35,49.4,-85.0,-10.8,16.7,49.75,43,0.013,normal,
2026-09-15T21:45,Telkom,Gauteng,Pretoria,PTA-HAT-011,PTA-HAT-011-B,RAN,LTE2600,98.45,99.42,0.66,98.36,40.58,10.73,51.9,-82.7,-8.9,16.0,56.16,37,0.004,normal,
2026-09-15T21:45,Telkom,Gauteng,Pretoria,PTA-HAT-011,PTA-HAT-011-C,RAN,LTE2600,99.36,99.01,0.66,99.33,39.86,12.28,55.4,-86.0,-8.4,19.3,55.27,45,0.033,normal,
2026-09-15T21:45,Telkom,Western Cape,Cape Town,CPT-BEL-007,CPT-BEL-007-A,RAN,LTE1800,99.13,98.95,0.6,99.03,40.2,13.44,46.4,-82.3,-8.9,15.3,44.82,44,0.003,normal,
2026-09-15T21:45,Telkom,Western Cape,Cape Town,CPT-BEL-007,CPT-BEL-007-B,RAN,LTE1800,98.6,98.75,0.37,98.49,40.35,13.72,55.1,-84.6,-8.4,17.4,45.78,37,0.045,normal,
2026-09-15T21:45,Telkom,Western Cape,Cape Town,CPT-BEL-007,CPT-BEL-007-C,RAN,LTE1800,99.23,98.3,0.31,98.38,47.3,11.57,42.0,-89.3,-11.8,15.2,46.28,31,0.004,normal,
2026-09-15T22:00,Telkom,Gauteng,Johannesburg,JHB-CBD-003,JHB-CBD-003-A,RAN,LTE1800,99.6,98.31,0.63,98.84,41.3,11.05,53.0,-85.2,-9.9,18.4,43.03,31,0.01,normal,
2026-09-15T22:00,Telkom,Gauteng,Johannesburg,JHB-CBD-003,JHB-CBD-003-B,RAN,LTE1800,98.88,98.88,0.48,98.06,41.3,15.69,53.1,-85.5,-9.8,19.4,48.49,37,0.031,normal,
2026-09-15T22:00,Telkom,Gauteng,Johannesburg,JHB-CBD-003,JHB-CBD-003-C,RAN,LTE1800,99.15,98.39,0.63,98.33,35.44,14.35,54.9,-84.2,-10.3,17.3,49.87,34,0.027,normal,
2026-09-15T22:00,Telkom,Gauteng,Soweto,JHB-SOW-018,JHB-SOW-018-A,RAN,LTE2100,99.03,98.71,1.07,99.3,49.54,15.29,42.7,-88.8,-10.7,16.5,36.82,29,0.042,normal,
2026-09-15T22:00,Telkom,Gauteng,Soweto,JHB-SOW-018,JHB-SOW-018-B,RAN,LTE2100,98.97,99.27,0.24,98.26,34.37,15.15,52.7,-83.5,-10.7,14.4,48.81,32,0.019,normal,
2026-09-15T22:00,Telkom,Gauteng,Soweto,JHB-SOW-018,JHB-SOW-018-C,RAN,LTE2100,99.18,98.81,0.31,98.78,43.48,13.99,57.2,-85.2,-11.9,19.6,47.12,40,0.02,normal,
2026-09-15T22:00,Telkom,Gauteng,Pretoria,PTA-HAT-011,PTA-HAT-011-A,RAN,LTE2600,99.61,98.88,0.4,98.5,43.06,12.12,51.3,-86.3,-9.7,18.3,50.89,33,0.036,normal,
2026-09-15T22:00,Telkom,Gauteng,Pretoria,PTA-HAT-011,PTA-HAT-011-B,RAN,LTE2600,98.06,99.39,0.21,98.62,42.48,10.14,43.4,-81.9,-9.4,14.0,40.47,33,0.002,normal,
2026-09-15T22:00,Telkom,Gauteng,Pretoria,PTA-HAT-011,PTA-HAT-011-C,RAN,LTE2600,99.68,98.9,0.43,97.16,38.28,10.6,44.0,-89.4,-8.7,15.4,47.75,39,0.037,normal,
2026-09-15T22:00,Telkom,Western Cape,Cape Town,CPT-BEL-007,CPT-BEL-007-A,RAN,LTE1800,99.19,98.84,0.36,98.9,45.78,12.73,58.3,-87.5,-8.6,19.5,48.51,41,0.045,normal,
2026-09-15T22:00,Telkom,Western Cape,Cape Town,CPT-BEL-007,CPT-BEL-007-B,RAN,LTE1800,99.1,99.06,0.18,98.52,34.36,7.96,59.7,-88.7,-9.1,15.7,53.28,35,0.046,normal,
2026-09-15T22:00,Telkom,Western Cape,Cape Town,CPT-BEL-007,CPT-BEL-007-C,RAN,LTE1800,98.73,98.76,0.26,99.06,39.67,11.8,52.1,-90.8,-11.0,13.8,51.62,31,0.049,normal,
2026-09-15T22:15,Telkom,Gauteng,Johannesburg,JHB-CBD-003,JHB-CBD-003-A,RAN,LTE1800,99.56,98.82,0.27,97.82,46.48,12.54,55.2,-87.6,-11.8,17.7,48.76,32,0.026,normal,
2026-09-15T22:15,Telkom,Gauteng,Johannesburg,JHB-CBD-003,JHB-CBD-003-B,RAN,LTE1800,98.75,98.09,0.39,98.64,39.5,12.39,51.3,-86.2,-10.5,15.3,49.07,38,0.03,normal,
2026-09-15T22:15,Telkom,Gauteng,Johannesburg,JHB-CBD-003,JHB-CBD-003-C,RAN,LTE1800,99.23,98.62,0.49,99.09,38.75,13.9,36.9,-84.2,-10.9,21.8,45.94,31,0.04,normal,
2026-09-15T22:15,Telkom,Gauteng,Soweto,JHB-SOW-018,JHB-SOW-018-A,RAN,LTE2100,99.11,99.5,0.52,98.01,43.38,12.74,55.0,-88.3,-9.4,20.4,49.24,40,0.031,normal,
2026-09-15T22:15,Telkom,Gauteng,Soweto,JHB-SOW-018,JHB-SOW-018-B,RAN,LTE2100,98.46,98.77,0.3,98.87,44.58,13.73,56.0,-87.3,-10.4,18.6,41.6,37,0.009,normal,
2026-09-15T22:15,Telkom,Gauteng,Soweto,JHB-SOW-018,JHB-SOW-018-C,RAN,LTE2100,99.36,98.62,0.26,98.84,43.74,14.14,47.6,-84.9,-11.1,17.5,39.54,22,0.016,normal,
2026-09-15T22:15,Telkom,Gauteng,Pretoria,PTA-HAT-011,PTA-HAT-011-A,RAN,LTE2600,99.42,98.25,0.39,98.51,44.33,12.17,52.5,-86.9,-9.7,15.3,43.68,34,0.049,normal,
2026-09-15T22:15,Telkom,Gauteng,Pretoria,PTA-HAT-011,PTA-HAT-011-B,RAN,LTE2600,98.7,99.38,0.53,99.13,40.07,11.29,51.5,-83.4,-10.3,15.6,56.76,47,0.006,normal,
2026-09-15T22:15,Telkom,Gauteng,Pretoria,PTA-HAT-011,PTA-HAT-011-C,RAN,LTE2600,99.2,98.71,0.76,98.16,37.69,11.14,57.2,-90.3,-8.5,16.9,54.38,36,0.033,normal,
2026-09-15T22:15,Telkom,Western Cape,Cape Town,CPT-BEL-007,CPT-BEL-007-A,RAN,LTE1800,98.37,98.69,0.05,97.51,31.08,11.62,56.0,-90.9,-11.9,16.1,62.47,38,0.025,normal,
2026-09-15T22:15,Telkom,Western Cape,Cape Town,CPT-BEL-007,CPT-BEL-007-B,RAN,LTE1800,99.47,99.27,0.81,99.35,43.25,13.12,46.6,-85.8,-9.4,17.8,47.97,28,0.041,normal,
2026-09-15T22:15,Telkom,Western Cape,Cape Town,CPT-BEL-007,CPT-BEL-007-C,RAN,LTE1800,98.9,98.78,0.42,98.4,41.84,11.33,34.5,-84.9,-10.6,15.6,43.21,36,0.002,normal,
2026-09-15T22:30,Telkom,Gauteng,Johannesburg,JHB-CBD-003,JHB-CBD-003-A,RAN,LTE1800,99.05,99.09,0.05,98.53,46.83,14.42,50.2,-86.7,-11.8,13.9,42.13,35,0.024,normal,
2026-09-15T22:30,Telkom,Gauteng,Johannesburg,JHB-CBD-003,JHB-CBD-003-B,RAN,LTE1800,99.45,98.65,1.07,98.1,45.95,11.79,50.7,-83.7,-11.9,21.9,45.31,32,0.034,normal,
2026-09-15T22:30,Telkom,Gauteng,Johannesburg,JHB-CBD-003,JHB-CBD-003-C,RAN,LTE1800,98.87,98.62,0.58,98.86,43.08,12.75,58.5,-87.6,-10.7,16.3,46.75,31,0.042,normal,
2026-09-15T22:30,Telkom,Gauteng,Soweto,JHB-SOW-018,JHB-SOW-018-A,RAN,LTE2100,99.42,98.61,0.24,97.7,41.4,10.09,51.6,-87.2,-8.8,21.0,45.71,35,0.002,normal,
2026-09-15T22:30,Telkom,Gauteng,Soweto,JHB-SOW-018,JHB-SOW-018-B,RAN,LTE2100,98.91,98.62,0.05,98.26,44.05,12.09,41.9,-89.3,-9.7,16.6,51.0,37,0.034,normal,
2026-09-15T22:30,Telkom,Gauteng,Soweto,JHB-SOW-018,JHB-SOW-018-C,RAN,LTE2100,98.77,98.37,0.68,97.37,37.96,12.31,50.5,-84.1,-11.2,18.5,45.21,32,0.026,normal,
2026-09-15T22:30,Telkom,Gauteng,Pretoria,PTA-HAT-011,PTA-HAT-011-A,RAN,LTE2600,98.86,98.72,0.7,98.81,41.49,9.67,32.9,-81.3,-10.5,18.8,45.52,39,0.039,normal,
2026-09-15T22:30,Telkom,Gauteng,Pretoria,PTA-HAT-011,PTA-HAT-011-B,RAN,LTE2600,99.53,98.43,0.23,97.99,38.6,13.44,57.5,-79.8,-10.5,16.8,49.61,41,0.048,normal,
2026-09-15T22:30,Telkom,Gauteng,Pretoria,PTA-HAT-011,PTA-HAT-011-C,RAN,LTE2600,99.04,98.6,0.7,99.46,33.11,12.69,50.0,-87.1,-10.5,19.4,45.59,34,0.038,normal,
2026-09-15T22:30,Telkom,Western Cape,Cape Town,CPT-BEL-007,CPT-BEL-007-A,RAN,LTE1800,99.1,99.17,0.31,99.48,43.12,14.42,47.1,-87.6,-10.3,18.4,48.69,35,0.036,normal,
2026-09-15T22:30,Telkom,Western Cape,Cape Town,CPT-BEL-007,CPT-BEL-007-B,RAN,LTE1800,99.53,98.89,0.28,99.08,41.56,12.84,47.5,-86.5,-12.1,13.7,48.08,29,0.043,normal,
2026-09-15T22:30,Telkom,Western Cape,Cape Town,CPT-BEL-007,CPT-BEL-007-C,RAN,LTE1800,99.44,99.11,0.88,98.78,42.11,12.48,56.5,-92.4,-10.4,16.5,48.82,38,0.022,normal,
2026-09-15T22:45,Telkom,Gauteng,Johannesburg,JHB-CBD-003,JHB-CBD-003-A,RAN,LTE1800,99.43,98.8,0.91,99.02,47.95,12.92,54.4,-87.6,-9.5,21.0,47.76,36,0.004,normal,
2026-09-15T22:45,Telkom,Gauteng,Johannesburg,JHB-CBD-003,JHB-CBD-003-B,RAN,LTE1800,99.08,98.61,0.69,98.21,40.63,12.6,57.6,-85.0,-9.2,20.3,56.94,38,0.006,normal,
2026-09-15T22:45,Telkom,Gauteng,Johannesburg,JHB-CBD-003,JHB-CBD-003-C,RAN,LTE1800,98.89,98.74,0.45,98.71,47.14,14.31,41.5,-90.9,-11.1,16.0,45.37,33,0.008,normal,
2026-09-15T22:45,Telkom,Gauteng,Soweto,JHB-SOW-018,JHB-SOW-018-A,RAN,LTE2100,99.06,98.59,0.86,97.48,43.54,13.68,57.0,-87.8,-8.7,20.1,41.85,35,0.038,normal,
2026-09-15T22:45,Telkom,Gauteng,Soweto,JHB-SOW-018,JHB-SOW-018-B,RAN,LTE2100,99.0,98.17,0.8,98.53,46.95,14.39,51.6,-84.7,-10.8,19.5,39.94,37,0.009,normal,
2026-09-15T22:45,Telkom,Gauteng,Soweto,JHB-SOW-018,JHB-SOW-018-C,RAN,LTE2100,99.36,98.8,0.69,98.57,43.99,15.06,49.1,-88.2,-11.3,17.0,41.69,22,0.001,normal,
2026-09-15T22:45,Telkom,Gauteng,Pretoria,PTA-HAT-011,PTA-HAT-011-A,RAN,LTE2600,99.34,98.74,0.65,98.54,42.04,9.66,53.6,-86.4,-10.2,13.7,51.61,35,0.04,normal,
2026-09-15T22:45,Telkom,Gauteng,Pretoria,PTA-HAT-011,PTA-HAT-011-B,RAN,LTE2600,99.14,98.66,0.41,98.64,30.75,12.21,63.5,-82.1,-10.1,16.9,64.11,40,0.002,normal,
2026-09-15T22:45,Telkom,Gauteng,Pretoria,PTA-HAT-011,PTA-HAT-011-C,RAN,LTE2600,98.81,99.75,0.49,98.65,42.68,11.0,49.6,-86.1,-10.3,18.9,44.18,30,0.032,normal,
2026-09-15T22:45,Telkom,Western Cape,Cape Town,CPT-BEL-007,CPT-BEL-007-A,RAN,LTE1800,99.68,98.49,0.37,98.31,43.81,13.98,39.7,-82.6,-9.0,17.1,52.44,25,0.001,normal,
2026-09-15T22:45,Telkom,Western Cape,Cape Town,CPT-BEL-007,CPT-BEL-007-B,RAN,LTE1800,98.67,98.76,0.42,98.11,40.07,13.07,49.3,-82.5,-10.0,16.2,49.63,32,0.012,normal,
2026-09-15T22:45,Telkom,Western Cape,Cape Town,CPT-BEL-007,CPT-BEL-007-C,RAN,LTE1800,99.63,98.95,0.47,98.4,42.53,13.54,47.7,-79.7,-10.5,19.5,40.5,30,0.024,normal,
2026-09-15T23:00,Telkom,Gauteng,Johannesburg,JHB-CBD-003,JHB-CBD-003-A,RAN,LTE1800,98.88,98.6,1.05,97.95,44.83,17.56,43.6,-90.4,-9.1,13.9,42.33,28,0.004,normal,
2026-09-15T23:00,Telkom,Gauteng,Johannesburg,JHB-CBD-003,JHB-CBD-003-B,RAN,LTE1800,99.33,99.07,0.75,98.54,43.22,13.74,46.6,-86.2,-10.3,17.2,34.3,35,0.043,normal,
2026-09-15T23:00,Telkom,Gauteng,Johannesburg,JHB-CBD-003,JHB-CBD-003-C,RAN,LTE1800,99.44,99.62,0.39,98.22,42.05,12.48,42.0,-89.1,-8.6,16.0,42.81,30,0.034,normal,
2026-09-15T23:00,Telkom,Gauteng,Soweto,JHB-SOW-018,JHB-SOW-018-A,RAN,LTE2100,98.74,99.11,0.39,99.1,42.82,12.6,45.7,-84.3,-10.6,16.0,36.57,22,0.032,normal,
2026-09-15T23:00,Telkom,Gauteng,Soweto,JHB-SOW-018,JHB-SOW-018-B,RAN,LTE2100,98.9,99.51,0.28,98.09,34.53,13.73,61.0,-84.7,-11.0,18.6,45.19,32,0.006,normal,
2026-09-15T23:00,Telkom,Gauteng,Soweto,JHB-SOW-018,JHB-SOW-018-C,RAN,LTE2100,99.49,98.73,0.46,98.24,45.12,12.78,48.3,-83.7,-10.1,14.8,49.15,32,0.011,normal,
2026-09-15T23:00,Telkom,Gauteng,Pretoria,PTA-HAT-011,PTA-HAT-011-A,RAN,LTE2600,99.64,98.62,0.4,98.13,38.44,12.83,53.6,-92.5,-10.2,17.8,39.95,29,0.022,normal,
2026-09-15T23:00,Telkom,Gauteng,Pretoria,PTA-HAT-011,PTA-HAT-011-B,RAN,LTE2600,99.04,98.75,0.63,99.36,37.88,11.79,52.5,-82.7,-8.6,15.8,58.18,45,0.022,normal,
2026-09-15T23:00,Telkom,Gauteng,Pretoria,PTA-HAT-011,PTA-HAT-011-C,RAN,LTE2600,99.32,98.67,0.82,98.69,40.02,13.45,46.7,-92.3,-11.5,13.1,44.22,43,0.001,normal,
2026-09-15T23:00,Telkom,Western Cape,Cape Town,CPT-BEL-007,CPT-BEL-007-A,RAN,LTE1800,99.05,99.31,0.3,98.41,36.91,15.15,56.1,-84.8,-11.0,16.6,47.13,33,0.042,normal,
2026-09-15T23:00,Telkom,Western Cape,Cape Town,CPT-BEL-007,CPT-BEL-007-B,RAN,LTE1800,99.25,98.75,0.49,98.66,37.42,12.44,58.1,-85.1,-10.5,19.0,47.8,34,0.021,normal,
2026-09-15T23:00,Telkom,Western Cape,Cape Town,CPT-BEL-007,CPT-BEL-007-C,RAN,LTE1800,99.26,99.4,0.34,98.29,42.43,12.25,43.3,-86.5,-11.6,20.8,37.6,27,0.001,normal,
2026-09-15T23:15,Telkom,Gauteng,Johannesburg,JHB-CBD-003,JHB-CBD-003-A,RAN,LTE1800,99.19,98.4,0.5,98.69,44.14,11.84,52.1,-84.6,-9.5,15.2,46.75,40,0.015,normal,
2026-09-15T23:15,Telkom,Gauteng,Johannesburg,JHB-CBD-003,JHB-CBD-003-B,RAN,LTE1800,98.91,98.72,0.33,98.78,46.28,12.78,41.4,-87.6,-9.5,18.9,43.39,24,0.008,normal,
2026-09-15T23:15,Telkom,Gauteng,Johannesburg,JHB-CBD-003,JHB-CBD-003-C,RAN,LTE1800,99.67,99.46,0.36,98.16,45.08,12.39,50.6,-88.0,-7.8,16.5,44.66,33,0.005,normal,
2026-09-15T23:15,Telkom,Gauteng,Soweto,JHB-SOW-018,JHB-SOW-018-A,RAN,LTE2100,98.75,98.67,0.58,99.01,34.5,13.69,60.8,-86.9,-10.9,16.6,51.33,30,0.038,normal,
2026-09-15T23:15,Telkom,Gauteng,Soweto,JHB-SOW-018,JHB-SOW-018-B,RAN,LTE2100,99.81,99.14,0.66,98.82,38.74,11.73,58.2,-79.7,-8.8,15.3,55.13,27,0.01,normal,
2026-09-15T23:15,Telkom,Gauteng,Soweto,JHB-SOW-018,JHB-SOW-018-C,RAN,LTE2100,98.75,98.89,0.44,97.95,35.81,10.92,57.6,-84.3,-11.1,21.2,47.01,37,0.01,normal,
2026-09-15T23:15,Telkom,Gauteng,Pretoria,PTA-HAT-011,PTA-HAT-011-A,RAN,LTE2600,98.84,98.69,0.32,98.92,40.45,13.12,49.0,-86.6,-8.5,20.5,51.43,42,0.015,normal,
2026-09-15T23:15,Telkom,Gauteng,Pretoria,PTA-HAT-011,PTA-HAT-011-B,RAN,LTE2600,99.1,99.24,0.52,98.15,45.98,10.21,53.5,-84.2,-10.1,16.1,49.72,48,0.015,normal,
2026-09-15T23:15,Telkom,Gauteng,Pretoria,PTA-HAT-011,PTA-HAT-011-C,RAN,LTE2600,99.28,99.12,0.53,99.0,39.7,12.61,42.1,-86.5,-10.0,17.8,44.34,27,0.032,normal,
2026-09-15T23:15,Telkom,Western Cape,Cape Town,CPT-BEL-007,CPT-BEL-007-A,RAN,LTE1800,98.75,99.02,0.46,97.69,38.7,12.35,47.6,-83.4,-10.6,16.8,46.95,31,0.027,normal,
2026-09-15T23:15,Telkom,Western Cape,Cape Town,CPT-BEL-007,CPT-BEL-007-B,RAN,LTE1800,99.05,98.87,0.4,97.48,44.4,12.77,52.1,-93.5,-10.2,15.2,43.76,29,0.0,normal,
2026-09-15T23:15,Telkom,Western Cape,Cape Town,CPT-BEL-007,CPT-BEL-007-C,RAN,LTE1800,98.95,99.08,0.38,97.42,42.98,11.41,49.9,-85.4,-7.7,17.0,44.67,40,0.044,normal,
2026-09-15T23:30,Telkom,Gauteng,Johannesburg,JHB-CBD-003,JHB-CBD-003-A,RAN,LTE1800,99.9,99.04,0.61,98.3,40.35,12.93,44.0,-88.0,-9.0,17.3,43.67,37,0.009,normal,
2026-09-15T23:30,Telkom,Gauteng,Johannesburg,JHB-CBD-003,JHB-CBD-003-B,RAN,LTE1800,99.32,98.48,0.19,98.04,49.33,13.39,47.5,-87.7,-11.1,15.1,41.67,35,0.007,normal,
2026-09-15T23:30,Telkom,Gauteng,Johannesburg,JHB-CBD-003,JHB-CBD-003-C,RAN,LTE1800,99.24,98.5,0.35,98.41,43.46,10.97,39.1,-87.3,-10.3,16.8,44.98,27,0.025,normal,
2026-09-15T23:30,Telkom,Gauteng,Soweto,JHB-SOW-018,JHB-SOW-018-A,RAN,LTE2100,98.75,98.62,0.38,99.53,38.08,15.89,53.6,-84.2,-8.7,16.4,51.25,32,0.045,normal,
2026-09-15T23:30,Telkom,Gauteng,Soweto,JHB-SOW-018,JHB-SOW-018-B,RAN,LTE2100,98.74,98.81,0.65,98.45,32.15,10.94,56.9,-89.7,-11.2,17.7,49.55,31,0.04,normal,
2026-09-15T23:30,Telkom,Gauteng,Soweto,JHB-SOW-018,JHB-SOW-018-C,RAN,LTE2100,98.83,98.77,0.89,98.72,33.05,10.22,52.2,-83.6,-9.7,23.0,49.98,28,0.038,normal,
2026-09-15T23:30,Telkom,Gauteng,Pretoria,PTA-HAT-011,PTA-HAT-011-A,RAN,LTE2600,99.35,98.31,0.34,97.85,44.97,15.37,58.1,-86.2,-10.5,14.0,45.22,29,0.038,normal,
2026-09-15T23:30,Telkom,Gauteng,Pretoria,PTA-HAT-011,PTA-HAT-011-B,RAN,LTE2600,99.07,98.68,0.27,97.94,45.37,14.55,41.0,-83.1,-9.3,18.5,45.3,36,0.002,normal,
2026-09-15T23:30,Telkom,Gauteng,Pretoria,PTA-HAT-011,PTA-HAT-011-C,RAN,LTE2600,98.9,98.94,0.37,97.14,41.57,13.48,62.3,-85.3,-10.2,16.8,49.92,42,0.03,normal,
2026-09-15T23:30,Telkom,Western Cape,Cape Town,CPT-BEL-007,CPT-BEL-007-A,RAN,LTE1800,99.41,98.8,0.41,98.03,39.65,13.75,47.4,-86.4,-8.9,18.4,44.77,29,0.01,normal,
2026-09-15T23:30,Telkom,Western Cape,Cape Town,CPT-BEL-007,CPT-BEL-007-B,RAN,LTE1800,99.37,99.1,0.52,98.68,45.97,13.1,49.9,-84.2,-11.9,15.4,50.42,34,0.016,normal,
2026-09-15T23:30,Telkom,Western Cape,Cape Town,CPT-BEL-007,CPT-BEL-007-C,RAN,LTE1800,99.78,98.97,0.79,99.12,46.71,10.86,48.1,-86.3,-10.1,16.0,44.34,33,0.025,normal,
2026-09-15T23:45,Telkom,Gauteng,Johannesburg,JHB-CBD-003,JHB-CBD-003-A,RAN,LTE1800,98.41,99.15,0.32,97.84,32.88,9.62,49.0,-86.1,-11.1,11.9,62.57,48,0.041,normal,
2026-09-15T23:45,Telkom,Gauteng,Johannesburg,JHB-CBD-003,JHB-CBD-003-B,RAN,LTE1800,98.77,98.62,0.15,97.97,34.71,12.09,55.2,-87.1,-8.5,20.1,50.96,27,0.008,normal,
2026-09-15T23:45,Telkom,Gauteng,Johannesburg,JHB-CBD-003,JHB-CBD-003-C,RAN,LTE1800,98.94,99.47,0.88,98.63,45.65,11.86,40.9,-84.9,-8.6,18.7,53.42,39,0.042,normal,
2026-09-15T23:45,Telkom,Gauteng,Soweto,JHB-SOW-018,JHB-SOW-018-A,RAN,LTE2100,98.92,99.1,0.63,97.49,36.29,12.01,55.6,-83.5,-10.8,12.2,47.0,33,0.028,normal,
2026-09-15T23:45,Telkom,Gauteng,Soweto,JHB-SOW-018,JHB-SOW-018-B,RAN,LTE2100,98.83,98.96,0.59,98.46,45.13,10.7,59.5,-84.2,-8.4,17.0,52.4,35,0.029,normal,
2026-09-15T23:45,Telkom,Gauteng,Soweto,JHB-SOW-018,JHB-SOW-018-C,RAN,LTE2100,99.09,99.49,0.67,98.23,41.39,12.98,54.2,-83.8,-11.9,18.6,45.39,32,0.01,normal,
2026-09-15T23:45,Telkom,Gauteng,Pretoria,PTA-HAT-011,PTA-HAT-011-A,RAN,LTE2600,99.45,98.18,0.66,98.61,37.36,13.27,62.7,-82.8,-9.2,18.7,52.13,35,0.025,normal,
2026-09-15T23:45,Telkom,Gauteng,Pretoria,PTA-HAT-011,PTA-HAT-011-B,RAN,LTE2600,99.22,99.09,0.18,98.02,47.7,13.4,57.6,-90.8,-8.5,21.0,47.73,33,0.021,normal,
2026-09-15T23:45,Telkom,Gauteng,Pretoria,PTA-HAT-011,PTA-HAT-011-C,RAN,LTE2600,99.03,99.5,0.29,98.67,46.21,15.39,44.6,-85.5,-8.0,17.9,41.57,40,0.018,normal,
2026-09-15T23:45,Telkom,Western Cape,Cape Town,CPT-BEL-007,CPT-BEL-007-A,RAN,LTE1800,99.29,98.99,0.05,98.55,41.26,12.32,42.4,-85.6,-10.6,13.9,40.91,26,0.001,normal,
2026-09-15T23:45,Telkom,Western Cape,Cape Town,CPT-BEL-007,CPT-BEL-007-B,RAN,LTE1800,99.45,98.89,0.56,98.35,41.07,13.55,40.9,-84.8,-7.7,16.8,39.72,34,0.029,normal,
2026-09-15T23:45,Telkom,Western Cape,Cape Town,CPT-BEL-007,CPT-BEL-007-C,RAN,LTE1800,98.98,97.78,0.24,98.43,47.18,10.89,42.2,-84.8,-11.4,14.0,43.46,27,0.025,normal,
